SnapshotMonth,StoreID,ProductID,OnHandUnits,ReorderLevel,StockoutFlag
2023-01-01,ST101,P3011,42.0,20,0
2023-01-01,ST101,P3003,25.0,10,0
2023-01-01,ST101,P3185,35.0,10,0
2023-01-01,ST101,P3451,28.0,20,0
2023-01-01,ST101,P3416,33.0,15,0
2023-01-01,ST101,P3118,42.0,20,0
2023-01-01,ST101,P3473,35.0,15,0
2023-01-01,ST101,P3117,46.0,20,0
2023-01-01,ST101,P3056,32.0,10,0
2023-01-01,ST101,P3169,40.0,20,0
2023-01-01,ST101,P3336,39.0,15,0
2023-01-01,ST101,P3010,31.0,5,0
2023-01-01,ST101,P3520,29.0,15,0
2023-01-01,ST101,P3183,29.0,15,0
2023-01-01,ST101,P3245,47.0,10,0
2023-01-01,ST101,P3397,35.0,10,0
2023-01-01,ST101,P3241,32.0,15,0
2023-01-01,ST101,P3303,30.0,5,0
2023-01-01,ST101,P3364,33.0,15,0
2023-01-01,ST101,P3110,32.0,20,0
2023-01-01,ST101,P3160,23.0,20,0
2023-01-01,ST101,P3484,30.0,20,0
2023-01-01,ST101,P3370,25.0,15,0
2023-01-01,ST101,P3391,38.0,15,0
2023-01-01,ST101,P3048,37.0,10,0
2023-01-01,ST101,P3069,38.0,15,0
2023-01-01,ST101,P3219,,10,0
2023-01-01,ST101,P3501,35.0,20,0
2023-01-01,ST101,P3023,34.0,15,0
2023-01-01,ST101,P3098,38.0,10,0
2023-01-01,ST101,P3488,33.0,15,0
2023-01-01,ST101,P3365,38.0,20,0
2023-01-01,ST101,P3492,26.0,15,0
2023-01-01,ST101,P3152,35.0,20,0
2023-01-01,ST101,P3258,33.0,10,0
2023-01-01,ST101,P3309,37.0,20,0
2023-01-01,ST101,P3377,36.0,5,0
2023-01-01,ST101,P3410,34.0,15,0
2023-01-01,ST101,P3191,38.0,20,0
2023-01-01,ST101,P3221,37.0,10,0
2023-01-01,ST101,P3519,37.0,20,0
2023-01-01,ST101,P3265,33.0,5,0
2023-01-01,ST101,P3491,35.0,15,0
2023-01-01,ST101,P3206,43.0,15,0
2023-01-01,ST101,P3430,29.0,5,0
2023-01-01,ST101,P3302,44.0,10,0
2023-01-01,ST101,P3480,31.0,5,0
2023-01-01,ST101,P3348,28.0,5,0
2023-01-01,ST101,P3334,37.0,10,0
2023-01-01,ST101,P3186,31.0,15,0
2023-01-01,ST101,P3392,30.0,10,0
2023-01-01,ST101,P3125,22.0,5,0
2023-01-01,ST101,P3495,51.0,15,0
2023-01-01,ST101,P3431,38.0,5,0
2023-01-01,ST101,P3005,25.0,5,0
2023-01-01,ST101,P3034,40.0,15,0
2023-01-01,ST101,P3100,28.0,5,0
2023-01-01,ST101,P3269,33.0,20,0
2023-01-01,ST101,P3070,28.0,15,0
2023-01-01,ST101,P3208,31.0,10,0
2023-01-01,ST102,P3281,43.0,20,0
2023-01-01,ST102,P3390,43.0,10,0
2023-01-01,ST102,P3106,38.0,15,0
2023-01-01,ST102,P3016,29.0,15,0
2023-01-01,ST102,P3056,41.0,5,0
2023-01-01,ST102,P3443,32.0,20,0
2023-01-01,ST102,P3330,44.0,15,0
2023-01-01,ST102,P3272,34.0,15,0
2023-01-01,ST102,P3025,48.0,5,0
2023-01-01,ST102,P3498,29.0,15,0
2023-01-01,ST102,P3308,33.0,20,0
2023-01-01,ST102,P3046,38.0,10,0
2023-01-01,ST102,P3280,48.0,20,0
2023-01-01,ST102,P3357,32.0,5,0
2023-01-01,ST102,P3047,36.0,10,0
2023-01-01,ST102,P3012,21.0,10,0
2023-01-01,ST102,P3175,31.0,20,0
2023-01-01,ST102,P3082,,15,0
2023-01-01,ST102,P3514,30.0,5,0
2023-01-01,ST102,P3170,34.0,10,0
2023-01-01,ST102,P3150,37.0,10,0
2023-01-01,ST102,P3172,34.0,15,0
2023-01-01,ST102,P3333,48.0,15,0
2023-01-01,ST102,P3467,33.0,10,0
2023-01-01,ST102,P3465,33.0,10,0
2023-01-01,ST102,P3148,44.0,20,0
2023-01-01,ST102,P3169,44.0,20,0
2023-01-01,ST102,P3384,33.0,10,0
2023-01-01,ST102,P3055,38.0,15,0
2023-01-01,ST102,P3358,32.0,15,0
2023-01-01,ST102,P3232,52.0,20,0
2023-01-01,ST102,P3448,26.0,15,0
2023-01-01,ST102,P3476,33.0,5,0
2023-01-01,ST102,P3339,30.0,15,0
2023-01-01,ST102,P3114,38.0,20,0
2023-01-01,ST102,P3437,32.0,20,0
2023-01-01,ST102,P3225,35.0,20,0
2023-01-01,ST102,P3286,40.0,5,0
2023-01-01,ST102,P3296,33.0,20,0
2023-01-01,ST102,P3471,42.0,20,0
2023-01-01,ST102,P3089,35.0,5,0
2023-01-01,ST102,P3005,30.0,20,0
2023-01-01,ST102,P3462,26.0,15,0
2023-01-01,ST102,P3407,27.0,10,0
2023-01-01,ST102,P3220,35.0,15,0
2023-01-01,ST102,P3379,46.0,20,0
2023-01-01,ST102,P3359,31.0,10,0
2023-01-01,ST102,P3466,38.0,5,0
2023-01-01,ST102,P3136,42.0,15,0
2023-01-01,ST102,P3479,40.0,10,0
2023-01-01,ST102,P3219,41.0,5,0
2023-01-01,ST102,P3306,32.0,10,0
2023-01-01,ST102,P3060,45.0,15,0
2023-01-01,ST102,P3164,33.0,20,0
2023-01-01,ST102,P3030,32.0,15,0
2023-01-01,ST102,P3205,38.0,20,0
2023-01-01,ST102,P3006,41.0,10,0
2023-01-01,ST102,P3324,30.0,5,0
2023-01-01,ST102,P3077,29.0,20,0
2023-01-01,ST102,P3309,32.0,5,0
2023-01-01,ST103,P3242,29.0,15,0
2023-01-01,ST103,P3256,33.0,15,0
2023-01-01,ST103,P3466,25.0,10,0
2023-01-01,ST103,P3263,33.0,20,0
2023-01-01,ST103,P3261,40.0,15,0
2023-01-01,ST103,P3400,26.0,15,0
2023-01-01,ST103,P3091,37.0,15,0
2023-01-01,ST103,P3284,32.0,5,0
2023-01-01,ST103,P3076,37.0,10,0
2023-01-01,ST103,P3129,29.0,15,0
2023-01-01,ST103,P3041,39.0,10,0
2023-01-01,ST103,P3047,41.0,5,0
2023-01-01,ST103,P3113,36.0,20,0
2023-01-01,ST103,P3189,33.0,10,0
2023-01-01,ST103,P3124,39.0,5,0
2023-01-01,ST103,P3476,32.0,10,0
2023-01-01,ST103,P3355,19.0,15,0
2023-01-01,ST103,P3088,34.0,10,0
2023-01-01,ST103,P3503,38.0,10,0
2023-01-01,ST103,P3093,27.0,15,0
2023-01-01,ST103,P3486,33.0,20,0
2023-01-01,ST103,P3425,34.0,5,0
2023-01-01,ST103,P3429,46.0,15,0
2023-01-01,ST103,P3122,33.0,15,0
2023-01-01,ST103,P3275,38.0,15,0
2023-01-01,ST103,P3341,44.0,20,0
2023-01-01,ST103,P3176,37.0,5,0
2023-01-01,ST103,P3491,31.0,10,0
2023-01-01,ST103,P3193,29.0,20,0
2023-01-01,ST103,P3180,36.0,15,0
2023-01-01,ST103,P3165,37.0,15,0
2023-01-01,ST103,P3159,32.0,10,0
2023-01-01,ST103,P3021,33.0,5,0
2023-01-01,ST103,P3054,31.0,5,0
2023-01-01,ST103,P3408,36.0,20,0
2023-01-01,ST103,P3351,37.0,10,0
2023-01-01,ST103,P3431,40.0,10,0
2023-01-01,ST103,P3508,41.0,20,0
2023-01-01,ST103,P3056,43.0,10,0
2023-01-01,ST103,P3507,39.0,10,0
2023-01-01,ST103,P3233,39.0,5,0
2023-01-01,ST103,P3001,32.0,15,0
2023-01-01,ST103,P3211,35.0,15,0
2023-01-01,ST103,P3348,35.0,20,0
2023-01-01,ST103,P3344,33.0,20,0
2023-01-01,ST103,P3062,36.0,5,0
2023-01-01,ST103,P3219,40.0,15,0
2023-01-01,ST103,P3038,31.0,10,0
2023-01-01,ST103,P3494,32.0,20,0
2023-01-01,ST103,P3191,40.0,20,0
2023-01-01,ST103,P3152,35.0,20,0
2023-01-01,ST103,P3235,39.0,5,0
2023-01-01,ST103,P3272,34.0,5,0
2023-01-01,ST103,P3411,31.0,20,0
2023-01-01,ST103,P3084,29.0,20,0
2023-01-01,ST103,P3013,44.0,10,0
2023-01-01,ST103,P3488,35.0,5,0
2023-01-01,ST103,P3397,31.0,20,0
2023-01-01,ST103,P3305,38.0,5,0
2023-01-01,ST103,P3075,41.0,10,0
2023-01-01,ST104,P3325,42.0,20,0
2023-01-01,ST104,P3284,37.0,5,0
2023-01-01,ST104,P3338,38.0,10,0
2023-01-01,ST104,P3023,31.0,5,0
2023-01-01,ST104,P3055,49.0,5,0
2023-01-01,ST104,P3399,29.0,20,0
2023-01-01,ST104,P3356,42.0,5,0
2023-01-01,ST104,P3203,28.0,20,0
2023-01-01,ST104,P3313,28.0,10,0
2023-01-01,ST104,P3233,47.0,5,0
2023-01-01,ST104,P3015,24.0,5,0
2023-01-01,ST104,P3032,40.0,10,0
2023-01-01,ST104,P3481,35.0,15,0
2023-01-01,ST104,P3396,36.0,20,0
2023-01-01,ST104,P3262,34.0,5,0
2023-01-01,ST104,P3044,25.0,20,0
2023-01-01,ST104,P3464,29.0,20,0
2023-01-01,ST104,P3054,26.0,15,0
2023-01-01,ST104,P3498,28.0,20,0
2023-01-01,ST104,P3249,40.0,10,0
2023-01-01,ST104,P3019,35.0,20,0
2023-01-01,ST104,P3058,35.0,5,0
2023-01-01,ST104,P3109,35.0,5,0
2023-01-01,ST104,P3030,36.0,15,0
2023-01-01,ST104,P3448,35.0,15,0
2023-01-01,ST104,P3404,34.0,10,0
2023-01-01,ST104,P3204,36.0,10,0
2023-01-01,ST104,P3031,29.0,15,0
2023-01-01,ST104,P3336,36.0,20,0
2023-01-01,ST104,P3241,37.0,15,0
2023-01-01,ST104,P3130,24.0,10,0
2023-01-01,ST104,P3139,34.0,15,0
2023-01-01,ST104,P3479,31.0,10,0
2023-01-01,ST104,P3050,31.0,10,0
2023-01-01,ST104,P3160,37.0,20,0
2023-01-01,ST104,P3367,40.0,10,0
2023-01-01,ST104,P3289,51.0,5,0
2023-01-01,ST104,P3384,33.0,5,0
2023-01-01,ST104,P3252,33.0,20,0
2023-01-01,ST104,P3159,41.0,5,0
2023-01-01,ST104,P3273,33.0,20,0
2023-01-01,ST104,P3059,28.0,5,0
2023-01-01,ST104,P3010,37.0,10,0
2023-01-01,ST104,P3066,39.0,15,0
2023-01-01,ST104,P3280,29.0,15,0
2023-01-01,ST104,P3365,32.0,20,0
2023-01-01,ST104,P3319,42.0,15,0
2023-01-01,ST104,P3014,36.0,10,0
2023-01-01,ST104,P3505,36.0,5,0
2023-01-01,ST104,P3217,50.0,10,0
2023-01-01,ST104,P3093,37.0,15,0
2023-01-01,ST104,P3173,47.0,5,0
2023-01-01,ST104,P3235,46.0,20,0
2023-01-01,ST104,P3018,32.0,15,0
2023-01-01,ST104,P3167,36.0,20,0
2023-01-01,ST104,P3272,25.0,5,0
2023-01-01,ST104,P3026,33.0,20,0
2023-01-01,ST104,P3343,42.0,5,0
2023-01-01,ST104,P3216,27.0,10,0
2023-01-01,ST104,P3003,35.0,5,0
2023-01-01,ST105,P3279,36.0,20,0
2023-01-01,ST105,P3313,43.0,5,0
2023-01-01,ST105,P3274,41.0,20,0
2023-01-01,ST105,P3424,35.0,15,0
2023-01-01,ST105,P3100,28.0,15,0
2023-01-01,ST105,P3358,27.0,5,0
2023-01-01,ST105,P3428,21.0,10,0
2023-01-01,ST105,P3371,37.0,5,0
2023-01-01,ST105,P3004,41.0,10,0
2023-01-01,ST105,P3365,38.0,10,0
2023-01-01,ST105,P3148,47.0,15,0
2023-01-01,ST105,P3008,35.0,5,0
2023-01-01,ST105,P3379,28.0,5,0
2023-01-01,ST105,P3436,36.0,5,0
2023-01-01,ST105,P3147,40.0,10,0
2023-01-01,ST105,P3416,33.0,20,0
2023-01-01,ST105,P3359,35.0,5,0
2023-01-01,ST105,P3046,34.0,5,0
2023-01-01,ST105,P3342,43.0,10,0
2023-01-01,ST105,P3081,29.0,20,0
2023-01-01,ST105,P3230,27.0,10,0
2023-01-01,ST105,P3260,38.0,5,0
2023-01-01,ST105,P3509,32.0,10,0
2023-01-01,ST105,P3381,30.0,5,0
2023-01-01,ST105,P3361,27.0,15,0
2023-01-01,ST105,P3351,24.0,5,0
2023-01-01,ST105,P3032,42.0,15,0
2023-01-01,ST105,P3117,29.0,15,0
2023-01-01,ST105,P3125,37.0,5,0
2023-01-01,ST105,P3485,33.0,10,0
2023-01-01,ST105,P3373,37.0,10,0
2023-01-01,ST105,P3188,35.0,10,0
2023-01-01,ST105,P3183,27.0,5,0
2023-01-01,ST105,P3479,29.0,10,0
2023-01-01,ST105,P3095,38.0,20,0
2023-01-01,ST105,P3096,32.0,5,0
2023-01-01,ST105,P3015,35.0,5,0
2023-01-01,ST105,P3333,38.0,5,0
2023-01-01,ST105,P3203,38.0,20,0
2023-01-01,ST105,P3085,37.0,15,0
2023-01-01,ST105,P3180,23.0,15,0
2023-01-01,ST105,P3052,39.0,20,0
2023-01-01,ST105,P3387,27.0,20,0
2023-01-01,ST105,P3372,41.0,15,0
2023-01-01,ST105,P3331,37.0,20,0
2023-01-01,ST105,P3034,37.0,15,0
2023-01-01,ST105,P3483,36.0,15,0
2023-01-01,ST105,P3045,29.0,5,0
2023-01-01,ST105,P3317,42.0,15,0
2023-01-01,ST105,P3248,35.0,10,0
2023-01-01,ST105,P3263,38.0,15,0
2023-01-01,ST105,P3292,35.0,10,0
2023-01-01,ST105,P3297,33.0,15,0
2023-01-01,ST105,P3038,37.0,5,0
2023-01-01,ST105,P3088,43.0,5,0
2023-01-01,ST105,P3343,27.0,20,0
2023-01-01,ST105,P3320,38.0,15,0
2023-01-01,ST105,P3058,35.0,20,0
2023-01-01,ST105,P3304,28.0,10,0
2023-01-01,ST105,P3404,33.0,20,0
2023-01-01,ST106,P3469,28.0,5,0
2023-01-01,ST106,P3351,38.0,15,0
2023-01-01,ST106,P3220,33.0,10,0
2023-01-01,ST106,P3441,29.0,15,0
2023-01-01,ST106,P3281,44.0,20,0
2023-01-01,ST106,P3004,39.0,15,0
2023-01-01,ST106,P3393,35.0,20,0
2023-01-01,ST106,P3404,29.0,20,0
2023-01-01,ST106,P3051,32.0,10,0
2023-01-01,ST106,P3399,39.0,5,0
2023-01-01,ST106,P3016,29.0,10,0
2023-01-01,ST106,P3242,36.0,5,0
2023-01-01,ST106,P3028,44.0,20,0
2023-01-01,ST106,P3383,44.0,15,0
2023-01-01,ST106,P3111,40.0,15,0
2023-01-01,ST106,P3369,40.0,10,0
2023-01-01,ST106,P3452,51.0,5,0
2023-01-01,ST106,P3068,39.0,5,0
2023-01-01,ST106,P3084,34.0,5,0
2023-01-01,ST106,P3346,32.0,20,0
2023-01-01,ST106,P3519,32.0,10,0
2023-01-01,ST106,P3292,34.0,15,0
2023-01-01,ST106,P3268,33.0,15,0
2023-01-01,ST106,P3271,34.0,15,0
2023-01-01,ST106,P3322,37.0,15,0
2023-01-01,ST106,P3184,50.0,10,0
2023-01-01,ST106,P3197,27.0,15,0
2023-01-01,ST106,P3112,30.0,15,0
2023-01-01,ST106,P3207,36.0,5,0
2023-01-01,ST106,P3514,38.0,20,0
2023-01-01,ST106,P3306,32.0,15,0
2023-01-01,ST106,P3142,39.0,10,0
2023-01-01,ST106,P3202,32.0,5,0
2023-01-01,ST106,P3101,29.0,15,0
2023-01-01,ST106,P3223,40.0,15,0
2023-01-01,ST106,P3083,41.0,10,0
2023-01-01,ST106,P3155,48.0,15,0
2023-01-01,ST106,P3114,38.0,10,0
2023-01-01,ST106,P3471,46.0,10,0
2023-01-01,ST106,P3045,31.0,5,0
2023-01-01,ST106,P3330,43.0,10,0
2023-01-01,ST106,P3407,35.0,5,0
2023-01-01,ST106,P3296,41.0,20,0
2023-01-01,ST106,P3097,39.0,15,0
2023-01-01,ST106,P3388,35.0,20,0
2023-01-01,ST106,P3343,37.0,20,0
2023-01-01,ST106,P3009,39.0,5,0
2023-01-01,ST106,P3249,43.0,5,0
2023-01-01,ST106,P3367,36.0,15,0
2023-01-01,ST106,P3390,31.0,15,0
2023-01-01,ST106,P3193,40.0,5,0
2023-01-01,ST106,P3253,43.0,10,0
2023-01-01,ST106,P3017,41.0,20,0
2023-01-01,ST106,P3341,32.0,15,0
2023-01-01,ST106,P3487,43.0,15,0
2023-01-01,ST106,P3224,40.0,5,0
2023-01-01,ST106,P3143,36.0,15,0
2023-01-01,ST106,P3042,34.0,5,0
2023-01-01,ST106,P3384,36.0,5,0
2023-01-01,ST106,P3439,30.0,20,0
2023-01-01,ST107,P3333,34.0,5,0
2023-01-01,ST107,P3471,30.0,5,0
2023-01-01,ST107,P3344,30.0,10,0
2023-01-01,ST107,P3269,35.0,20,0
2023-01-01,ST107,P3368,35.0,15,0
2023-01-01,ST107,P3218,39.0,15,0
2023-01-01,ST107,P3255,35.0,5,0
2023-01-01,ST107,P3091,41.0,20,0
2023-01-01,ST107,P3379,40.0,10,0
2023-01-01,ST107,P3478,38.0,20,0
2023-01-01,ST107,P3127,29.0,5,0
2023-01-01,ST107,P3109,37.0,10,0
2023-01-01,ST107,P3460,37.0,20,0
2023-01-01,ST107,P3015,40.0,20,0
2023-01-01,ST107,P3191,28.0,20,0
2023-01-01,ST107,P3319,34.0,10,0
2023-01-01,ST107,P3050,57.0,10,0
2023-01-01,ST107,P3253,29.0,5,0
2023-01-01,ST107,P3031,42.0,20,0
2023-01-01,ST107,P3133,,10,0
2023-01-01,ST107,P3466,35.0,15,0
2023-01-01,ST107,P3449,43.0,10,0
2023-01-01,ST107,P3199,30.0,20,0
2023-01-01,ST107,P3363,37.0,5,0
2023-01-01,ST107,P3290,37.0,15,0
2023-01-01,ST107,P3176,29.0,10,0
2023-01-01,ST107,P3352,36.0,10,0
2023-01-01,ST107,P3427,26.0,10,0
2023-01-01,ST107,P3501,28.0,10,0
2023-01-01,ST107,P3336,38.0,10,0
2023-01-01,ST107,P3328,27.0,10,0
2023-01-01,ST107,P3180,31.0,10,0
2023-01-01,ST107,P3147,34.0,20,0
2023-01-01,ST107,P3504,33.0,20,0
2023-01-01,ST107,P3326,41.0,20,0
2023-01-01,ST107,P3149,39.0,15,0
2023-01-01,ST107,P3335,36.0,10,0
2023-01-01,ST107,P3448,46.0,20,0
2023-01-01,ST107,P3374,42.0,20,0
2023-01-01,ST107,P3338,34.0,5,0
2023-01-01,ST107,P3048,39.0,15,0
2023-01-01,ST107,P3113,36.0,10,0
2023-01-01,ST107,P3222,40.0,10,0
2023-01-01,ST107,P3103,39.0,20,0
2023-01-01,ST107,P3151,31.0,5,0
2023-01-01,ST107,P3112,31.0,15,0
2023-01-01,ST107,P3198,35.0,20,0
2023-01-01,ST107,P3469,34.0,20,0
2023-01-01,ST107,P3138,35.0,15,0
2023-01-01,ST107,P3491,34.0,20,0
2023-01-01,ST107,P3003,33.0,5,0
2023-01-01,ST107,P3421,31.0,5,0
2023-01-01,ST107,P3288,30.0,20,0
2023-01-01,ST107,P3426,35.0,15,0
2023-01-01,ST107,P3303,35.0,15,0
2023-01-01,ST107,P3156,26.0,10,0
2023-01-01,ST107,P3177,32.0,5,0
2023-01-01,ST107,P3145,42.0,5,0
2023-01-01,ST107,P3496,29.0,5,0
2023-01-01,ST107,P3367,42.0,20,0
2023-01-01,ST108,P3216,36.0,5,0
2023-01-01,ST108,P3333,46.0,20,0
2023-01-01,ST108,P3374,30.0,15,0
2023-01-01,ST108,P3122,44.0,10,0
2023-01-01,ST108,P3219,37.0,15,0
2023-01-01,ST108,P3300,32.0,5,0
2023-01-01,ST108,P3196,40.0,20,0
2023-01-01,ST108,P3475,39.0,10,0
2023-01-01,ST108,P3164,31.0,10,0
2023-01-01,ST108,P3387,25.0,5,0
2023-01-01,ST108,P3222,37.0,10,0
2023-01-01,ST108,P3079,36.0,15,0
2023-01-01,ST108,P3067,38.0,20,0
2023-01-01,ST108,P3455,25.0,20,0
2023-01-01,ST108,P3447,47.0,5,0
2023-01-01,ST108,P3086,36.0,20,0
2023-01-01,ST108,P3276,31.0,20,0
2023-01-01,ST108,P3109,41.0,15,0
2023-01-01,ST108,P3503,25.0,10,0
2023-01-01,ST108,P3417,36.0,5,0
2023-01-01,ST108,P3502,34.0,5,0
2023-01-01,ST108,P3318,42.0,10,0
2023-01-01,ST108,P3065,38.0,5,0
2023-01-01,ST108,P3007,39.0,5,0
2023-01-01,ST108,P3174,40.0,15,0
2023-01-01,ST108,P3245,42.0,15,0
2023-01-01,ST108,P3284,37.0,20,0
2023-01-01,ST108,P3145,43.0,10,0
2023-01-01,ST108,P3098,25.0,20,0
2023-01-01,ST108,P3423,38.0,15,0
2023-01-01,ST108,P3419,38.0,5,0
2023-01-01,ST108,P3258,34.0,5,0
2023-01-01,ST108,P3506,40.0,5,0
2023-01-01,ST108,P3233,34.0,10,0
2023-01-01,ST108,P3080,30.0,15,0
2023-01-01,ST108,P3507,30.0,20,0
2023-01-01,ST108,P3044,34.0,5,0
2023-01-01,ST108,P3197,34.0,15,0
2023-01-01,ST108,P3295,27.0,10,0
2023-01-01,ST108,P3309,34.0,20,0
2023-01-01,ST108,P3483,30.0,10,0
2023-01-01,ST108,P3372,35.0,15,0
2023-01-01,ST108,P3491,52.0,10,0
2023-01-01,ST108,P3278,43.0,10,0
2023-01-01,ST108,P3126,30.0,5,0
2023-01-01,ST108,P3298,20.0,15,0
2023-01-01,ST108,P3243,38.0,5,0
2023-01-01,ST108,P3351,37.0,10,0
2023-01-01,ST108,P3063,24.0,20,0
2023-01-01,ST108,P3048,33.0,10,0
2023-01-01,ST108,P3275,39.0,5,0
2023-01-01,ST108,P3227,31.0,20,0
2023-01-01,ST108,P3207,33.0,10,0
2023-01-01,ST108,P3055,36.0,15,0
2023-01-01,ST108,P3313,39.0,5,0
2023-01-01,ST108,P3045,40.0,5,0
2023-01-01,ST108,P3119,31.0,15,0
2023-01-01,ST108,P3421,43.0,20,0
2023-01-01,ST108,P3448,30.0,15,0
2023-01-01,ST108,P3172,34.0,10,0
2023-01-01,ST109,P3308,40.0,5,0
2023-01-01,ST109,P3235,31.0,10,0
2023-01-01,ST109,P3266,43.0,15,0
2023-01-01,ST109,P3357,32.0,20,0
2023-01-01,ST109,P3091,28.0,10,0
2023-01-01,ST109,P3390,25.0,5,0
2023-01-01,ST109,P3515,33.0,20,0
2023-01-01,ST109,P3318,31.0,15,0
2023-01-01,ST109,P3193,40.0,15,0
2023-01-01,ST109,P3356,47.0,15,0
2023-01-01,ST109,P3484,41.0,20,0
2023-01-01,ST109,P3355,34.0,20,0
2023-01-01,ST109,P3435,32.0,5,0
2023-01-01,ST109,P3140,33.0,20,0
2023-01-01,ST109,P3051,35.0,15,0
2023-01-01,ST109,P3224,36.0,20,0
2023-01-01,ST109,P3279,29.0,15,0
2023-01-01,ST109,P3089,41.0,20,0
2023-01-01,ST109,P3292,40.0,20,0
2023-01-01,ST109,P3249,31.0,10,0
2023-01-01,ST109,P3124,36.0,15,0
2023-01-01,ST109,P3439,34.0,20,0
2023-01-01,ST109,P3404,40.0,15,0
2023-01-01,ST109,P3409,,20,0
2023-01-01,ST109,P3046,38.0,15,0
2023-01-01,ST109,P3517,33.0,10,0
2023-01-01,ST109,P3281,38.0,20,0
2023-01-01,ST109,P3276,33.0,10,0
2023-01-01,ST109,P3456,44.0,5,0
2023-01-01,ST109,P3116,45.0,10,0
2023-01-01,ST109,P3424,31.0,15,0
2023-01-01,ST109,P3201,30.0,10,0
2023-01-01,ST109,P3293,35.0,10,0
2023-01-01,ST109,P3098,45.0,15,0
2023-01-01,ST109,P3063,31.0,5,0
2023-01-01,ST109,P3211,46.0,20,0
2023-01-01,ST109,P3057,31.0,20,0
2023-01-01,ST109,P3094,28.0,20,0
2023-01-01,ST109,P3418,23.0,15,0
2023-01-01,ST109,P3086,32.0,5,0
2023-01-01,ST109,P3403,40.0,15,0
2023-01-01,ST109,P3029,38.0,20,0
2023-01-01,ST109,P3160,37.0,5,0
2023-01-01,ST109,P3410,28.0,20,0
2023-01-01,ST109,P3253,39.0,5,0
2023-01-01,ST109,P3419,39.0,15,0
2023-01-01,ST109,P3205,34.0,5,0
2023-01-01,ST109,P3400,27.0,15,0
2023-01-01,ST109,P3045,40.0,5,0
2023-01-01,ST109,P3340,44.0,5,0
2023-01-01,ST109,P3240,34.0,15,0
2023-01-01,ST109,P3092,44.0,15,0
2023-01-01,ST109,P3263,36.0,10,0
2023-01-01,ST109,P3174,30.0,10,0
2023-01-01,ST109,P3234,38.0,15,0
2023-01-01,ST109,P3288,40.0,10,0
2023-01-01,ST109,P3120,36.0,20,0
2023-01-01,ST109,P3360,37.0,20,0
2023-01-01,ST109,P3259,34.0,15,0
2023-01-01,ST109,P3176,41.0,5,0
2023-01-01,ST110,P3408,38.0,15,0
2023-01-01,ST110,P3167,35.0,20,0
2023-01-01,ST110,P3495,24.0,15,0
2023-01-01,ST110,P3308,37.0,5,0
2023-01-01,ST110,P3079,43.0,5,0
2023-01-01,ST110,P3149,36.0,15,0
2023-01-01,ST110,P3015,39.0,20,0
2023-01-01,ST110,P3059,43.0,10,0
2023-01-01,ST110,P3369,33.0,10,0
2023-01-01,ST110,P3237,30.0,10,0
2023-01-01,ST110,P3267,31.0,15,0
2023-01-01,ST110,P3292,46.0,5,0
2023-01-01,ST110,P3435,29.0,5,0
2023-01-01,ST110,P3322,32.0,10,0
2023-01-01,ST110,P3516,38.0,20,0
2023-01-01,ST110,P3279,51.0,20,0
2023-01-01,ST110,P3115,27.0,5,0
2023-01-01,ST110,P3324,33.0,5,0
2023-01-01,ST110,P3476,47.0,10,0
2023-01-01,ST110,P3076,30.0,5,0
2023-01-01,ST110,P3078,33.0,5,0
2023-01-01,ST110,P3174,34.0,15,0
2023-01-01,ST110,P3042,33.0,20,0
2023-01-01,ST110,P3001,34.0,5,0
2023-01-01,ST110,P3126,40.0,5,0
2023-01-01,ST110,P3230,32.0,5,0
2023-01-01,ST110,P3341,43.0,5,0
2023-01-01,ST110,P3170,45.0,20,0
2023-01-01,ST110,P3009,30.0,5,0
2023-01-01,ST110,P3049,48.0,15,0
2023-01-01,ST110,P3406,35.0,10,0
2023-01-01,ST110,P3463,43.0,10,0
2023-01-01,ST110,P3080,40.0,20,0
2023-01-01,ST110,P3008,22.0,20,0
2023-01-01,ST110,P3052,45.0,20,0
2023-01-01,ST110,P3448,29.0,5,0
2023-01-01,ST110,P3003,19.0,20,0
2023-01-01,ST110,P3388,39.0,15,0
2023-01-01,ST110,P3041,38.0,20,0
2023-01-01,ST110,P3478,34.0,5,0
2023-01-01,ST110,P3134,37.0,10,0
2023-01-01,ST110,P3517,34.0,20,0
2023-01-01,ST110,P3396,33.0,20,0
2023-01-01,ST110,P3383,35.0,5,0
2023-01-01,ST110,P3189,28.0,15,0
2023-01-01,ST110,P3227,31.0,10,0
2023-01-01,ST110,P3510,33.0,5,0
2023-01-01,ST110,P3506,43.0,5,0
2023-01-01,ST110,P3183,39.0,10,0
2023-01-01,ST110,P3119,32.0,20,0
2023-01-01,ST110,P3358,47.0,15,0
2023-01-01,ST110,P3116,39.0,10,0
2023-01-01,ST110,P3304,35.0,5,0
2023-01-01,ST110,P3343,32.0,15,0
2023-01-01,ST110,P3486,33.0,10,0
2023-01-01,ST110,P3515,37.0,10,0
2023-01-01,ST110,P3351,36.0,20,0
2023-01-01,ST110,P3084,33.0,10,0
2023-01-01,ST110,P3094,30.0,5,0
2023-01-01,ST110,P3014,34.0,10,0
2023-01-01,ST111,P3413,43.0,5,0
2023-01-01,ST111,P3334,28.0,5,0
2023-01-01,ST111,P3111,28.0,10,0
2023-01-01,ST111,P3393,33.0,10,0
2023-01-01,ST111,P3223,31.0,15,0
2023-01-01,ST111,P3280,35.0,15,0
2023-01-01,ST111,P3112,48.0,20,0
2023-01-01,ST111,P3406,36.0,5,0
2023-01-01,ST111,P3287,29.0,20,0
2023-01-01,ST111,P3506,41.0,20,0
2023-01-01,ST111,P3089,38.0,10,0
2023-01-01,ST111,P3063,31.0,5,0
2023-01-01,ST111,P3213,34.0,15,0
2023-01-01,ST111,P3453,36.0,10,0
2023-01-01,ST111,P3258,32.0,5,0
2023-01-01,ST111,P3197,29.0,10,0
2023-01-01,ST111,P3207,22.0,15,0
2023-01-01,ST111,P3494,39.0,20,0
2023-01-01,ST111,P3440,38.0,20,0
2023-01-01,ST111,P3206,27.0,15,0
2023-01-01,ST111,P3170,36.0,5,0
2023-01-01,ST111,P3492,35.0,20,0
2023-01-01,ST111,P3184,24.0,10,0
2023-01-01,ST111,P3381,34.0,5,0
2023-01-01,ST111,P3354,23.0,20,0
2023-01-01,ST111,P3252,40.0,15,0
2023-01-01,ST111,P3046,44.0,20,0
2023-01-01,ST111,P3459,30.0,20,0
2023-01-01,ST111,P3463,42.0,15,0
2023-01-01,ST111,P3168,43.0,10,0
2023-01-01,ST111,P3302,28.0,5,0
2023-01-01,ST111,P3245,31.0,10,0
2023-01-01,ST111,P3274,27.0,5,0
2023-01-01,ST111,P3374,42.0,5,0
2023-01-01,ST111,P3466,29.0,10,0
2023-01-01,ST111,P3001,34.0,5,0
2023-01-01,ST111,P3346,29.0,10,0
2023-01-01,ST111,P3368,32.0,5,0
2023-01-01,ST111,P3517,35.0,20,0
2023-01-01,ST111,P3161,27.0,10,0
2023-01-01,ST111,P3235,38.0,10,0
2023-01-01,ST111,P3102,32.0,10,0
2023-01-01,ST111,P3314,33.0,10,0
2023-01-01,ST111,P3324,28.0,20,0
2023-01-01,ST111,P3232,37.0,20,0
2023-01-01,ST111,P3519,33.0,5,0
2023-01-01,ST111,P3358,43.0,5,0
2023-01-01,ST111,P3444,35.0,20,0
2023-01-01,ST111,P3308,32.0,5,0
2023-01-01,ST111,P3150,35.0,15,0
2023-01-01,ST111,P3053,39.0,5,0
2023-01-01,ST111,P3497,35.0,15,0
2023-01-01,ST111,P3253,30.0,10,0
2023-01-01,ST111,P3143,30.0,20,0
2023-01-01,ST111,P3114,44.0,15,0
2023-01-01,ST111,P3450,35.0,15,0
2023-01-01,ST111,P3496,41.0,15,0
2023-01-01,ST111,P3432,31.0,20,0
2023-01-01,ST111,P3025,38.0,20,0
2023-01-01,ST111,P3397,31.0,15,0
2023-01-01,ST112,P3356,45.0,10,0
2023-01-01,ST112,P3444,28.0,10,0
2023-01-01,ST112,P3049,28.0,20,0
2023-01-01,ST112,P3139,30.0,20,0
2023-01-01,ST112,P3153,44.0,20,0
2023-01-01,ST112,P3062,40.0,5,0
2023-01-01,ST112,P3058,37.0,15,0
2023-01-01,ST112,P3465,39.0,15,0
2023-01-01,ST112,P3151,28.0,5,0
2023-01-01,ST112,P3140,34.0,15,0
2023-01-01,ST112,P3145,34.0,15,0
2023-01-01,ST112,P3509,32.0,5,0
2023-01-01,ST112,P3255,35.0,20,0
2023-01-01,ST112,P3399,38.0,5,0
2023-01-01,ST112,P3413,35.0,15,0
2023-01-01,ST112,P3075,45.0,10,0
2023-01-01,ST112,P3134,36.0,5,0
2023-01-01,ST112,P3429,29.0,10,0
2023-01-01,ST112,P3110,37.0,5,0
2023-01-01,ST112,P3220,34.0,15,0
2023-01-01,ST112,P3415,26.0,20,0
2023-01-01,ST112,P3269,37.0,15,0
2023-01-01,ST112,P3293,32.0,15,0
2023-01-01,ST112,P3076,47.0,15,0
2023-01-01,ST112,P3357,21.0,15,0
2023-01-01,ST112,P3490,34.0,5,0
2023-01-01,ST112,P3059,41.0,5,0
2023-01-01,ST112,P3149,44.0,5,0
2023-01-01,ST112,P3039,42.0,15,0
2023-01-01,ST112,P3457,28.0,5,0
2023-01-01,ST112,P3441,43.0,10,0
2023-01-01,ST112,P3373,39.0,20,0
2023-01-01,ST112,P3409,34.0,20,0
2023-01-01,ST112,P3278,27.0,20,0
2023-01-01,ST112,P3289,41.0,20,0
2023-01-01,ST112,P3004,41.0,15,0
2023-01-01,ST112,P3019,37.0,5,0
2023-01-01,ST112,P3470,26.0,10,0
2023-01-01,ST112,P3188,42.0,15,0
2023-01-01,ST112,P3428,38.0,20,0
2023-01-01,ST112,P3012,38.0,10,0
2023-01-01,ST112,P3135,31.0,5,0
2023-01-01,ST112,P3447,30.0,5,0
2023-01-01,ST112,P3002,27.0,15,0
2023-01-01,ST112,P3419,36.0,10,0
2023-01-01,ST112,P3367,45.0,10,0
2023-01-01,ST112,P3169,36.0,20,0
2023-01-01,ST112,P3270,30.0,20,0
2023-01-01,ST112,P3341,33.0,5,0
2023-01-01,ST112,P3189,35.0,5,0
2023-01-01,ST112,P3298,39.0,15,0
2023-01-01,ST112,P3496,45.0,15,0
2023-01-01,ST112,P3074,40.0,15,0
2023-01-01,ST112,P3050,34.0,20,0
2023-01-01,ST112,P3218,31.0,5,0
2023-01-01,ST112,P3230,34.0,5,0
2023-01-01,ST112,P3089,43.0,20,0
2023-01-01,ST112,P3234,37.0,10,0
2023-01-01,ST112,P3275,29.0,10,0
2023-01-01,ST112,P3209,35.0,15,0
2023-01-01,ST113,P3280,31.0,5,0
2023-01-01,ST113,P3441,38.0,10,0
2023-01-01,ST113,P3425,37.0,20,0
2023-01-01,ST113,P3299,37.0,5,0
2023-01-01,ST113,P3309,36.0,10,0
2023-01-01,ST113,P3058,32.0,20,0
2023-01-01,ST113,P3343,40.0,10,0
2023-01-01,ST113,P3505,28.0,5,0
2023-01-01,ST113,P3199,32.0,15,0
2023-01-01,ST113,P3451,27.0,20,0
2023-01-01,ST113,P3423,34.0,20,0
2023-01-01,ST113,P3120,37.0,10,0
2023-01-01,ST113,P3436,21.0,20,0
2023-01-01,ST113,P3261,33.0,10,0
2023-01-01,ST113,P3323,38.0,20,0
2023-01-01,ST113,P3424,35.0,10,0
2023-01-01,ST113,P3317,41.0,20,0
2023-01-01,ST113,P3405,39.0,20,0
2023-01-01,ST113,P3335,36.0,15,0
2023-01-01,ST113,P3153,34.0,5,0
2023-01-01,ST113,P3408,43.0,20,0
2023-01-01,ST113,P3464,39.0,5,0
2023-01-01,ST113,P3468,35.0,10,0
2023-01-01,ST113,P3220,29.0,15,0
2023-01-01,ST113,P3168,47.0,20,0
2023-01-01,ST113,P3498,48.0,15,0
2023-01-01,ST113,P3340,33.0,5,0
2023-01-01,ST113,P3119,29.0,10,0
2023-01-01,ST113,P3244,28.0,20,0
2023-01-01,ST113,P3081,42.0,10,0
2023-01-01,ST113,P3206,43.0,5,0
2023-01-01,ST113,P3023,28.0,10,0
2023-01-01,ST113,P3195,23.0,5,0
2023-01-01,ST113,P3453,31.0,5,0
2023-01-01,ST113,P3466,36.0,20,0
2023-01-01,ST113,P3311,30.0,15,0
2023-01-01,ST113,P3234,38.0,5,0
2023-01-01,ST113,P3295,44.0,5,0
2023-01-01,ST113,P3445,36.0,10,0
2023-01-01,ST113,P3245,40.0,20,0
2023-01-01,ST113,P3169,33.0,15,0
2023-01-01,ST113,P3024,36.0,10,0
2023-01-01,ST113,P3485,31.0,20,0
2023-01-01,ST113,P3276,35.0,5,0
2023-01-01,ST113,P3290,44.0,5,0
2023-01-01,ST113,P3163,42.0,5,0
2023-01-01,ST113,P3027,39.0,15,0
2023-01-01,ST113,P3123,38.0,20,0
2023-01-01,ST113,P3264,38.0,10,0
2023-01-01,ST113,P3049,43.0,5,0
2023-01-01,ST113,P3085,29.0,10,0
2023-01-01,ST113,P3185,35.0,20,0
2023-01-01,ST113,P3010,31.0,15,0
2023-01-01,ST113,P3430,47.0,10,0
2023-01-01,ST113,P3025,35.0,20,0
2023-01-01,ST113,P3019,32.0,20,0
2023-01-01,ST113,P3236,31.0,20,0
2023-01-01,ST113,P3452,41.0,15,0
2023-01-01,ST113,P3089,35.0,5,0
2023-01-01,ST113,P3477,27.0,15,0
2023-01-01,ST114,P3284,33.0,5,0
2023-01-01,ST114,P3419,40.0,20,0
2023-01-01,ST114,P3225,33.0,5,0
2023-01-01,ST114,P3115,55.0,10,0
2023-01-01,ST114,P3345,37.0,10,0
2023-01-01,ST114,P3180,19.0,20,0
2023-01-01,ST114,P3169,44.0,5,0
2023-01-01,ST114,P3496,36.0,5,0
2023-01-01,ST114,P3472,41.0,15,0
2023-01-01,ST114,P3134,38.0,5,0
2023-01-01,ST114,P3337,33.0,20,0
2023-01-01,ST114,P3416,37.0,15,0
2023-01-01,ST114,P3149,30.0,15,0
2023-01-01,ST114,P3334,32.0,5,0
2023-01-01,ST114,P3087,33.0,20,0
2023-01-01,ST114,P3156,37.0,20,0
2023-01-01,ST114,P3182,39.0,5,0
2023-01-01,ST114,P3093,38.0,10,0
2023-01-01,ST114,P3157,34.0,20,0
2023-01-01,ST114,P3078,43.0,15,0
2023-01-01,ST114,P3321,34.0,10,0
2023-01-01,ST114,P3012,37.0,20,0
2023-01-01,ST114,P3216,44.0,20,0
2023-01-01,ST114,P3112,27.0,10,0
2023-01-01,ST114,P3253,25.0,20,0
2023-01-01,ST114,P3269,39.0,15,0
2023-01-01,ST114,P3359,41.0,5,0
2023-01-01,ST114,P3258,33.0,15,0
2023-01-01,ST114,P3513,33.0,15,0
2023-01-01,ST114,P3276,28.0,5,0
2023-01-01,ST114,P3377,22.0,10,0
2023-01-01,ST114,P3414,35.0,5,0
2023-01-01,ST114,P3037,34.0,5,0
2023-01-01,ST114,P3448,41.0,10,0
2023-01-01,ST114,P3519,37.0,15,0
2023-01-01,ST114,P3211,23.0,10,0
2023-01-01,ST114,P3298,46.0,10,0
2023-01-01,ST114,P3291,32.0,20,0
2023-01-01,ST114,P3103,36.0,15,0
2023-01-01,ST114,P3113,33.0,15,0
2023-01-01,ST114,P3165,41.0,20,0
2023-01-01,ST114,P3434,25.0,5,0
2023-01-01,ST114,P3158,30.0,5,0
2023-01-01,ST114,P3089,28.0,10,0
2023-01-01,ST114,P3061,35.0,5,0
2023-01-01,ST114,P3081,35.0,10,0
2023-01-01,ST114,P3002,40.0,10,0
2023-01-01,ST114,P3185,39.0,10,0
2023-01-01,ST114,P3264,32.0,10,0
2023-01-01,ST114,P3505,31.0,5,0
2023-01-01,ST114,P3234,30.0,20,0
2023-01-01,ST114,P3195,28.0,20,0
2023-01-01,ST114,P3395,34.0,5,0
2023-01-01,ST114,P3219,35.0,15,0
2023-01-01,ST114,P3104,38.0,5,0
2023-01-01,ST114,P3022,32.0,5,0
2023-01-01,ST114,P3184,28.0,15,0
2023-01-01,ST114,P3208,40.0,20,0
2023-01-01,ST114,P3058,35.0,20,0
2023-01-01,ST114,P3492,42.0,15,0
2023-01-01,ST115,P3223,31.0,15,0
2023-01-01,ST115,P3084,43.0,15,0
2023-01-01,ST115,P3085,30.0,10,0
2023-01-01,ST115,P3064,36.0,10,0
2023-01-01,ST115,P3183,30.0,10,0
2023-01-01,ST115,P3054,39.0,5,0
2023-01-01,ST115,P3326,31.0,15,0
2023-01-01,ST115,P3339,25.0,15,0
2023-01-01,ST115,P3149,25.0,10,0
2023-01-01,ST115,P3184,37.0,10,0
2023-01-01,ST115,P3379,42.0,20,0
2023-01-01,ST115,P3271,30.0,20,0
2023-01-01,ST115,P3366,35.0,5,0
2023-01-01,ST115,P3016,35.0,5,0
2023-01-01,ST115,P3520,46.0,5,0
2023-01-01,ST115,P3403,43.0,5,0
2023-01-01,ST115,P3101,28.0,15,0
2023-01-01,ST115,P3360,28.0,20,0
2023-01-01,ST115,P3390,32.0,15,0
2023-01-01,ST115,P3103,32.0,10,0
2023-01-01,ST115,P3002,30.0,15,0
2023-01-01,ST115,P3107,22.0,5,0
2023-01-01,ST115,P3384,37.0,20,0
2023-01-01,ST115,P3171,39.0,10,0
2023-01-01,ST115,P3425,33.0,15,0
2023-01-01,ST115,P3246,35.0,20,0
2023-01-01,ST115,P3334,31.0,15,0
2023-01-01,ST115,P3470,29.0,15,0
2023-01-01,ST115,P3230,30.0,15,0
2023-01-01,ST115,P3257,39.0,20,0
2023-01-01,ST115,P3269,31.0,15,0
2023-01-01,ST115,P3449,39.0,10,0
2023-01-01,ST115,P3436,22.0,5,0
2023-01-01,ST115,P3025,26.0,5,0
2023-01-01,ST115,P3111,31.0,20,0
2023-01-01,ST115,P3480,46.0,10,0
2023-01-01,ST115,P3394,39.0,20,0
2023-01-01,ST115,P3276,29.0,10,0
2023-01-01,ST115,P3450,42.0,15,0
2023-01-01,ST115,P3323,35.0,15,0
2023-01-01,ST115,P3288,29.0,15,0
2023-01-01,ST115,P3035,40.0,20,0
2023-01-01,ST115,P3515,26.0,10,0
2023-01-01,ST115,P3298,30.0,15,0
2023-01-01,ST115,P3274,41.0,15,0
2023-01-01,ST115,P3328,44.0,15,0
2023-01-01,ST115,P3129,29.0,15,0
2023-01-01,ST115,P3170,37.0,5,0
2023-01-01,ST115,P3190,38.0,10,0
2023-01-01,ST115,P3342,41.0,20,0
2023-01-01,ST115,P3266,39.0,20,0
2023-01-01,ST115,P3141,35.0,10,0
2023-01-01,ST115,P3258,43.0,5,0
2023-01-01,ST115,P3210,42.0,5,0
2023-01-01,ST115,P3263,42.0,20,0
2023-01-01,ST115,P3140,31.0,20,0
2023-01-01,ST115,P3169,30.0,15,0
2023-01-01,ST115,P3136,29.0,10,0
2023-01-01,ST115,P3408,42.0,5,0
2023-01-01,ST115,P3253,32.0,5,0
2023-01-01,ST116,P3308,26.0,10,0
2023-01-01,ST116,P3375,29.0,20,0
2023-01-01,ST116,P3356,33.0,20,0
2023-01-01,ST116,P3149,43.0,15,0
2023-01-01,ST116,P3147,38.0,5,0
2023-01-01,ST116,P3126,40.0,20,0
2023-01-01,ST116,P3274,28.0,15,0
2023-01-01,ST116,P3181,37.0,5,0
2023-01-01,ST116,P3297,33.0,10,0
2023-01-01,ST116,P3271,36.0,5,0
2023-01-01,ST116,P3199,35.0,20,0
2023-01-01,ST116,P3247,33.0,15,0
2023-01-01,ST116,P3301,30.0,5,0
2023-01-01,ST116,P3378,39.0,15,0
2023-01-01,ST116,P3243,43.0,15,0
2023-01-01,ST116,P3179,30.0,10,0
2023-01-01,ST116,P3424,33.0,5,0
2023-01-01,ST116,P3139,36.0,5,0
2023-01-01,ST116,P3034,39.0,10,0
2023-01-01,ST116,P3460,33.0,5,0
2023-01-01,ST116,P3350,39.0,15,0
2023-01-01,ST116,P3184,30.0,10,0
2023-01-01,ST116,P3327,43.0,5,0
2023-01-01,ST116,P3384,48.0,15,0
2023-01-01,ST116,P3358,31.0,5,0
2023-01-01,ST116,P3154,39.0,15,0
2023-01-01,ST116,P3242,38.0,20,0
2023-01-01,ST116,P3051,35.0,15,0
2023-01-01,ST116,P3441,30.0,5,0
2023-01-01,ST116,P3426,31.0,15,0
2023-01-01,ST116,P3387,29.0,20,0
2023-01-01,ST116,P3229,34.0,5,0
2023-01-01,ST116,P3506,34.0,5,0
2023-01-01,ST116,P3410,34.0,15,0
2023-01-01,ST116,P3518,26.0,15,0
2023-01-01,ST116,P3215,25.0,10,0
2023-01-01,ST116,P3003,37.0,10,0
2023-01-01,ST116,P3480,27.0,5,0
2023-01-01,ST116,P3145,33.0,15,0
2023-01-01,ST116,P3363,40.0,20,0
2023-01-01,ST116,P3143,33.0,20,0
2023-01-01,ST116,P3314,38.0,20,0
2023-01-01,ST116,P3411,41.0,5,0
2023-01-01,ST116,P3342,37.0,20,0
2023-01-01,ST116,P3018,33.0,15,0
2023-01-01,ST116,P3436,46.0,15,0
2023-01-01,ST116,P3399,25.0,5,0
2023-01-01,ST116,P3125,39.0,15,0
2023-01-01,ST116,P3272,37.0,15,0
2023-01-01,ST116,P3013,35.0,5,0
2023-01-01,ST116,P3203,39.0,20,0
2023-01-01,ST116,P3251,37.0,5,0
2023-01-01,ST116,P3177,43.0,10,0
2023-01-01,ST116,P3425,36.0,10,0
2023-01-01,ST116,P3110,37.0,10,0
2023-01-01,ST116,P3195,30.0,20,0
2023-01-01,ST116,P3492,44.0,15,0
2023-01-01,ST116,P3202,32.0,5,0
2023-01-01,ST116,P3026,27.0,10,0
2023-01-01,ST116,P3311,41.0,5,0
2023-01-01,ST117,P3507,35.0,15,0
2023-01-01,ST117,P3450,36.0,15,0
2023-01-01,ST117,P3374,29.0,10,0
2023-01-01,ST117,P3271,30.0,20,0
2023-01-01,ST117,P3310,40.0,5,0
2023-01-01,ST117,P3097,23.0,5,0
2023-01-01,ST117,P3071,31.0,20,0
2023-01-01,ST117,P3245,34.0,5,0
2023-01-01,ST117,P3053,40.0,5,0
2023-01-01,ST117,P3451,35.0,15,0
2023-01-01,ST117,P3265,38.0,15,0
2023-01-01,ST117,P3041,29.0,5,0
2023-01-01,ST117,P3517,30.0,10,0
2023-01-01,ST117,P3218,38.0,10,0
2023-01-01,ST117,P3409,45.0,15,0
2023-01-01,ST117,P3486,27.0,10,0
2023-01-01,ST117,P3452,28.0,10,0
2023-01-01,ST117,P3161,33.0,10,0
2023-01-01,ST117,P3325,38.0,20,0
2023-01-01,ST117,P3098,42.0,5,0
2023-01-01,ST117,P3082,39.0,20,0
2023-01-01,ST117,P3520,36.0,20,0
2023-01-01,ST117,P3434,31.0,10,0
2023-01-01,ST117,P3050,34.0,15,0
2023-01-01,ST117,P3270,31.0,5,0
2023-01-01,ST117,P3013,41.0,15,0
2023-01-01,ST117,P3439,36.0,5,0
2023-01-01,ST117,P3136,26.0,5,0
2023-01-01,ST117,P3242,31.0,10,0
2023-01-01,ST117,P3039,34.0,15,0
2023-01-01,ST117,P3387,37.0,10,0
2023-01-01,ST117,P3286,35.0,20,0
2023-01-01,ST117,P3089,40.0,15,0
2023-01-01,ST117,P3197,36.0,20,0
2023-01-01,ST117,P3030,31.0,20,0
2023-01-01,ST117,P3007,37.0,20,0
2023-01-01,ST117,P3160,27.0,5,0
2023-01-01,ST117,P3356,37.0,15,0
2023-01-01,ST117,P3243,45.0,15,0
2023-01-01,ST117,P3341,33.0,10,0
2023-01-01,ST117,P3205,26.0,5,0
2023-01-01,ST117,P3001,34.0,5,0
2023-01-01,ST117,P3249,37.0,15,0
2023-01-01,ST117,P3046,30.0,15,0
2023-01-01,ST117,P3228,46.0,20,0
2023-01-01,ST117,P3425,47.0,5,0
2023-01-01,ST117,P3036,26.0,20,0
2023-01-01,ST117,P3352,27.0,15,0
2023-01-01,ST117,P3394,43.0,5,0
2023-01-01,ST117,P3105,45.0,10,0
2023-01-01,ST117,P3313,39.0,10,0
2023-01-01,ST117,P3480,44.0,5,0
2023-01-01,ST117,P3345,44.0,10,0
2023-01-01,ST117,P3241,26.0,15,0
2023-01-01,ST117,P3159,38.0,20,0
2023-01-01,ST117,P3023,29.0,15,0
2023-01-01,ST117,P3416,41.0,10,0
2023-01-01,ST117,P3091,32.0,10,0
2023-01-01,ST117,P3359,29.0,10,0
2023-01-01,ST117,P3327,33.0,15,0
2023-01-01,ST118,P3014,36.0,5,0
2023-01-01,ST118,P3106,32.0,15,0
2023-01-01,ST118,P3084,34.0,5,0
2023-01-01,ST118,P3432,34.0,5,0
2023-01-01,ST118,P3230,39.0,15,0
2023-01-01,ST118,P3407,32.0,15,0
2023-01-01,ST118,P3233,38.0,10,0
2023-01-01,ST118,P3446,35.0,20,0
2023-01-01,ST118,P3041,36.0,20,0
2023-01-01,ST118,P3330,38.0,20,0
2023-01-01,ST118,P3122,36.0,15,0
2023-01-01,ST118,P3461,38.0,20,0
2023-01-01,ST118,P3102,29.0,5,0
2023-01-01,ST118,P3376,33.0,20,0
2023-01-01,ST118,P3081,34.0,5,0
2023-01-01,ST118,P3224,50.0,20,0
2023-01-01,ST118,P3491,43.0,5,0
2023-01-01,ST118,P3248,34.0,20,0
2023-01-01,ST118,P3066,40.0,15,0
2023-01-01,ST118,P3281,41.0,20,0
2023-01-01,ST118,P3020,32.0,10,0
2023-01-01,ST118,P3107,32.0,5,0
2023-01-01,ST118,P3473,32.0,5,0
2023-01-01,ST118,P3310,39.0,10,0
2023-01-01,ST118,P3327,32.0,5,0
2023-01-01,ST118,P3175,35.0,10,0
2023-01-01,ST118,P3274,38.0,20,0
2023-01-01,ST118,P3113,24.0,15,0
2023-01-01,ST118,P3079,44.0,20,0
2023-01-01,ST118,P3460,38.0,5,0
2023-01-01,ST118,P3503,27.0,15,0
2023-01-01,ST118,P3006,38.0,10,0
2023-01-01,ST118,P3445,32.0,5,0
2023-01-01,ST118,P3419,24.0,20,0
2023-01-01,ST118,P3208,40.0,15,0
2023-01-01,ST118,P3336,38.0,15,0
2023-01-01,ST118,P3075,36.0,10,0
2023-01-01,ST118,P3237,36.0,10,0
2023-01-01,ST118,P3241,37.0,5,0
2023-01-01,ST118,P3090,33.0,10,0
2023-01-01,ST118,P3177,36.0,20,0
2023-01-01,ST118,P3209,25.0,5,0
2023-01-01,ST118,P3205,31.0,5,0
2023-01-01,ST118,P3262,41.0,5,0
2023-01-01,ST118,P3030,32.0,15,0
2023-01-01,ST118,P3083,39.0,5,0
2023-01-01,ST118,P3201,31.0,20,0
2023-01-01,ST118,P3353,39.0,15,0
2023-01-01,ST118,P3199,40.0,20,0
2023-01-01,ST118,P3385,42.0,15,0
2023-01-01,ST118,P3502,32.0,10,0
2023-01-01,ST118,P3008,27.0,10,0
2023-01-01,ST118,P3054,39.0,5,0
2023-01-01,ST118,P3492,32.0,10,0
2023-01-01,ST118,P3063,42.0,15,0
2023-01-01,ST118,P3390,30.0,15,0
2023-01-01,ST118,P3474,30.0,5,0
2023-01-01,ST118,P3048,28.0,5,0
2023-01-01,ST118,P3342,47.0,15,0
2023-01-01,ST118,P3101,27.0,5,0
2023-02-01,ST101,P3149,41.0,10,0
2023-02-01,ST101,P3510,38.0,5,0
2023-02-01,ST101,P3090,39.0,10,0
2023-02-01,ST101,P3268,33.0,20,0
2023-02-01,ST101,P3161,39.0,10,0
2023-02-01,ST101,P3361,36.0,10,0
2023-02-01,ST101,P3007,34.0,15,0
2023-02-01,ST101,P3419,42.0,5,0
2023-02-01,ST101,P3252,36.0,20,0
2023-02-01,ST101,P3032,31.0,15,0
2023-02-01,ST101,P3331,25.0,15,0
2023-02-01,ST101,P3359,44.0,10,0
2023-02-01,ST101,P3411,28.0,5,0
2023-02-01,ST101,P3259,44.0,10,0
2023-02-01,ST101,P3044,30.0,15,0
2023-02-01,ST101,P3418,39.0,5,0
2023-02-01,ST101,P3106,44.0,15,0
2023-02-01,ST101,P3067,32.0,20,0
2023-02-01,ST101,P3351,36.0,20,0
2023-02-01,ST101,P3421,26.0,5,0
2023-02-01,ST101,P3204,27.0,15,0
2023-02-01,ST101,P3006,40.0,5,0
2023-02-01,ST101,P3138,37.0,5,0
2023-02-01,ST101,P3167,26.0,5,0
2023-02-01,ST101,P3492,29.0,5,0
2023-02-01,ST101,P3311,23.0,15,0
2023-02-01,ST101,P3219,33.0,10,0
2023-02-01,ST101,P3442,39.0,5,0
2023-02-01,ST101,P3310,36.0,20,0
2023-02-01,ST101,P3220,32.0,20,0
2023-02-01,ST101,P3497,28.0,5,0
2023-02-01,ST101,P3517,45.0,20,0
2023-02-01,ST101,P3134,28.0,5,0
2023-02-01,ST101,P3181,39.0,15,0
2023-02-01,ST101,P3326,36.0,5,0
2023-02-01,ST101,P3052,38.0,20,0
2023-02-01,ST101,P3277,48.0,10,0
2023-02-01,ST101,P3262,34.0,10,0
2023-02-01,ST101,P3177,38.0,10,0
2023-02-01,ST101,P3025,22.0,20,0
2023-02-01,ST101,P3375,30.0,20,0
2023-02-01,ST101,P3420,35.0,5,0
2023-02-01,ST101,P3048,34.0,5,0
2023-02-01,ST101,P3296,28.0,15,0
2023-02-01,ST101,P3370,38.0,20,0
2023-02-01,ST101,P3319,32.0,5,0
2023-02-01,ST101,P3111,33.0,20,0
2023-02-01,ST101,P3146,35.0,5,0
2023-02-01,ST101,P3050,37.0,10,0
2023-02-01,ST101,P3210,39.0,5,0
2023-02-01,ST101,P3258,40.0,10,0
2023-02-01,ST101,P3318,40.0,15,0
2023-02-01,ST101,P3434,38.0,20,0
2023-02-01,ST101,P3457,40.0,10,0
2023-02-01,ST101,P3507,31.0,10,0
2023-02-01,ST101,P3122,26.0,20,0
2023-02-01,ST101,P3403,36.0,20,0
2023-02-01,ST101,P3448,35.0,10,0
2023-02-01,ST101,P3019,41.0,10,0
2023-02-01,ST101,P3475,33.0,10,0
2023-02-01,ST102,P3028,31.0,5,0
2023-02-01,ST102,P3408,32.0,15,0
2023-02-01,ST102,P3379,36.0,20,0
2023-02-01,ST102,P3019,29.0,20,0
2023-02-01,ST102,P3133,27.0,20,0
2023-02-01,ST102,P3384,31.0,20,0
2023-02-01,ST102,P3136,40.0,5,0
2023-02-01,ST102,P3406,24.0,10,0
2023-02-01,ST102,P3490,26.0,20,0
2023-02-01,ST102,P3485,32.0,5,0
2023-02-01,ST102,P3393,32.0,10,0
2023-02-01,ST102,P3175,36.0,5,0
2023-02-01,ST102,P3135,37.0,5,0
2023-02-01,ST102,P3091,36.0,5,0
2023-02-01,ST102,P3196,31.0,10,0
2023-02-01,ST102,P3164,29.0,5,0
2023-02-01,ST102,P3106,33.0,10,0
2023-02-01,ST102,P3102,43.0,20,0
2023-02-01,ST102,P3322,31.0,20,0
2023-02-01,ST102,P3141,40.0,10,0
2023-02-01,ST102,P3057,42.0,5,0
2023-02-01,ST102,P3353,29.0,20,0
2023-02-01,ST102,P3044,32.0,10,0
2023-02-01,ST102,P3208,34.0,5,0
2023-02-01,ST102,P3369,32.0,20,0
2023-02-01,ST102,P3354,37.0,20,0
2023-02-01,ST102,P3403,30.0,20,0
2023-02-01,ST102,P3231,41.0,5,0
2023-02-01,ST102,P3301,41.0,15,0
2023-02-01,ST102,P3255,27.0,10,0
2023-02-01,ST102,P3263,25.0,20,0
2023-02-01,ST102,P3298,30.0,10,0
2023-02-01,ST102,P3497,28.0,15,0
2023-02-01,ST102,P3311,35.0,20,0
2023-02-01,ST102,P3443,29.0,5,0
2023-02-01,ST102,P3453,39.0,20,0
2023-02-01,ST102,P3501,30.0,15,0
2023-02-01,ST102,P3457,34.0,15,0
2023-02-01,ST102,P3236,36.0,15,0
2023-02-01,ST102,P3314,28.0,15,0
2023-02-01,ST102,P3469,34.0,20,0
2023-02-01,ST102,P3211,29.0,20,0
2023-02-01,ST102,P3225,33.0,5,0
2023-02-01,ST102,P3473,32.0,5,0
2023-02-01,ST102,P3297,39.0,15,0
2023-02-01,ST102,P3063,38.0,10,0
2023-02-01,ST102,P3068,39.0,10,0
2023-02-01,ST102,P3440,29.0,20,0
2023-02-01,ST102,P3077,36.0,5,0
2023-02-01,ST102,P3281,38.0,20,0
2023-02-01,ST102,P3144,39.0,5,0
2023-02-01,ST102,P3434,38.0,15,0
2023-02-01,ST102,P3400,17.0,15,0
2023-02-01,ST102,P3213,24.0,10,0
2023-02-01,ST102,P3383,31.0,10,0
2023-02-01,ST102,P3491,37.0,15,0
2023-02-01,ST102,P3407,42.0,5,0
2023-02-01,ST102,P3432,38.0,20,0
2023-02-01,ST102,P3357,32.0,20,0
2023-02-01,ST102,P3494,34.0,5,0
2023-02-01,ST103,P3414,41.0,10,0
2023-02-01,ST103,P3045,31.0,5,0
2023-02-01,ST103,P3200,31.0,10,0
2023-02-01,ST103,P3462,44.0,5,0
2023-02-01,ST103,P3444,35.0,10,0
2023-02-01,ST103,P3066,35.0,5,0
2023-02-01,ST103,P3445,39.0,15,0
2023-02-01,ST103,P3239,32.0,5,0
2023-02-01,ST103,P3300,35.0,20,0
2023-02-01,ST103,P3501,25.0,20,0
2023-02-01,ST103,P3506,41.0,15,0
2023-02-01,ST103,P3408,41.0,15,0
2023-02-01,ST103,P3142,36.0,5,0
2023-02-01,ST103,P3413,32.0,20,0
2023-02-01,ST103,P3449,29.0,20,0
2023-02-01,ST103,P3288,31.0,15,0
2023-02-01,ST103,P3385,37.0,10,0
2023-02-01,ST103,P3079,29.0,20,0
2023-02-01,ST103,P3194,28.0,5,0
2023-02-01,ST103,P3161,29.0,15,0
2023-02-01,ST103,P3401,40.0,5,0
2023-02-01,ST103,P3193,35.0,5,0
2023-02-01,ST103,P3221,35.0,15,0
2023-02-01,ST103,P3329,29.0,5,0
2023-02-01,ST103,P3190,28.0,20,0
2023-02-01,ST103,P3381,37.0,5,0
2023-02-01,ST103,P3026,23.0,20,0
2023-02-01,ST103,P3296,45.0,5,0
2023-02-01,ST103,P3520,35.0,15,0
2023-02-01,ST103,P3207,29.0,10,0
2023-02-01,ST103,P3370,34.0,20,0
2023-02-01,ST103,P3264,29.0,5,0
2023-02-01,ST103,P3489,30.0,15,0
2023-02-01,ST103,P3310,41.0,5,0
2023-02-01,ST103,P3488,42.0,15,0
2023-02-01,ST103,P3439,41.0,20,0
2023-02-01,ST103,P3108,39.0,15,0
2023-02-01,ST103,P3205,36.0,5,0
2023-02-01,ST103,P3105,39.0,5,0
2023-02-01,ST103,P3500,26.0,10,0
2023-02-01,ST103,P3493,27.0,10,0
2023-02-01,ST103,P3126,30.0,15,0
2023-02-01,ST103,P3175,51.0,20,0
2023-02-01,ST103,P3284,30.0,15,0
2023-02-01,ST103,P3139,35.0,10,0
2023-02-01,ST103,P3152,41.0,20,0
2023-02-01,ST103,P3510,32.0,15,0
2023-02-01,ST103,P3089,28.0,15,0
2023-02-01,ST103,P3114,39.0,15,0
2023-02-01,ST103,P3371,34.0,20,0
2023-02-01,ST103,P3176,32.0,5,0
2023-02-01,ST103,P3388,25.0,20,0
2023-02-01,ST103,P3184,35.0,20,0
2023-02-01,ST103,P3006,29.0,5,0
2023-02-01,ST103,P3220,34.0,5,0
2023-02-01,ST103,P3375,41.0,20,0
2023-02-01,ST103,P3347,26.0,5,0
2023-02-01,ST103,P3187,44.0,20,0
2023-02-01,ST103,P3373,39.0,15,0
2023-02-01,ST103,P3380,36.0,15,0
2023-02-01,ST104,P3290,39.0,5,0
2023-02-01,ST104,P3475,26.0,10,0
2023-02-01,ST104,P3252,34.0,20,0
2023-02-01,ST104,P3051,30.0,15,0
2023-02-01,ST104,P3006,33.0,20,0
2023-02-01,ST104,P3346,28.0,10,0
2023-02-01,ST104,P3157,29.0,10,0
2023-02-01,ST104,P3460,36.0,20,0
2023-02-01,ST104,P3362,39.0,20,0
2023-02-01,ST104,P3425,45.0,5,0
2023-02-01,ST104,P3095,33.0,10,0
2023-02-01,ST104,P3126,27.0,20,0
2023-02-01,ST104,P3364,42.0,5,0
2023-02-01,ST104,P3268,43.0,15,0
2023-02-01,ST104,P3415,36.0,10,0
2023-02-01,ST104,P3341,41.0,15,0
2023-02-01,ST104,P3336,36.0,15,0
2023-02-01,ST104,P3235,34.0,10,0
2023-02-01,ST104,P3117,32.0,20,0
2023-02-01,ST104,P3099,37.0,10,0
2023-02-01,ST104,P3441,33.0,5,0
2023-02-01,ST104,P3298,33.0,20,0
2023-02-01,ST104,P3073,36.0,5,0
2023-02-01,ST104,P3400,43.0,10,0
2023-02-01,ST104,P3329,42.0,20,0
2023-02-01,ST104,P3237,32.0,10,0
2023-02-01,ST104,P3211,50.0,15,0
2023-02-01,ST104,P3313,36.0,20,0
2023-02-01,ST104,P3066,35.0,10,0
2023-02-01,ST104,P3182,28.0,5,0
2023-02-01,ST104,P3463,37.0,10,0
2023-02-01,ST104,P3429,45.0,10,0
2023-02-01,ST104,P3452,37.0,10,0
2023-02-01,ST104,P3002,25.0,20,0
2023-02-01,ST104,P3426,43.0,10,0
2023-02-01,ST104,P3034,31.0,10,0
2023-02-01,ST104,P3068,37.0,15,0
2023-02-01,ST104,P3217,34.0,20,0
2023-02-01,ST104,P3246,38.0,10,0
2023-02-01,ST104,P3219,40.0,10,0
2023-02-01,ST104,P3048,31.0,20,0
2023-02-01,ST104,P3271,32.0,15,0
2023-02-01,ST104,P3059,33.0,15,0
2023-02-01,ST104,P3112,32.0,10,0
2023-02-01,ST104,P3450,29.0,20,0
2023-02-01,ST104,P3080,33.0,10,0
2023-02-01,ST104,P3113,29.0,15,0
2023-02-01,ST104,P3043,31.0,20,0
2023-02-01,ST104,P3491,26.0,10,0
2023-02-01,ST104,P3376,32.0,5,0
2023-02-01,ST104,P3509,39.0,20,0
2023-02-01,ST104,P3240,34.0,20,0
2023-02-01,ST104,P3427,37.0,5,0
2023-02-01,ST104,P3138,35.0,20,0
2023-02-01,ST104,P3388,48.0,10,0
2023-02-01,ST104,P3318,30.0,5,0
2023-02-01,ST104,P3337,38.0,5,0
2023-02-01,ST104,P3448,43.0,20,0
2023-02-01,ST104,P3122,46.0,10,0
2023-02-01,ST104,P3228,,15,0
2023-02-01,ST105,P3007,41.0,20,0
2023-02-01,ST105,P3431,35.0,15,0
2023-02-01,ST105,P3209,37.0,10,0
2023-02-01,ST105,P3184,40.0,20,0
2023-02-01,ST105,P3496,44.0,5,0
2023-02-01,ST105,P3358,43.0,5,0
2023-02-01,ST105,P3492,26.0,10,0
2023-02-01,ST105,P3095,25.0,20,0
2023-02-01,ST105,P3362,40.0,5,0
2023-02-01,ST105,P3145,45.0,20,0
2023-02-01,ST105,P3484,45.0,10,0
2023-02-01,ST105,P3016,38.0,5,0
2023-02-01,ST105,P3286,33.0,10,0
2023-02-01,ST105,P3083,25.0,5,0
2023-02-01,ST105,P3410,44.0,10,0
2023-02-01,ST105,P3511,29.0,15,0
2023-02-01,ST105,P3497,36.0,20,0
2023-02-01,ST105,P3330,46.0,20,0
2023-02-01,ST105,P3302,29.0,20,0
2023-02-01,ST105,P3087,28.0,10,0
2023-02-01,ST105,P3273,34.0,10,0
2023-02-01,ST105,P3050,34.0,10,0
2023-02-01,ST105,P3196,38.0,10,0
2023-02-01,ST105,P3159,23.0,15,0
2023-02-01,ST105,P3039,31.0,10,0
2023-02-01,ST105,P3389,28.0,15,0
2023-02-01,ST105,P3036,46.0,15,0
2023-02-01,ST105,P3102,44.0,10,0
2023-02-01,ST105,P3114,37.0,20,0
2023-02-01,ST105,P3367,43.0,5,0
2023-02-01,ST105,P3299,34.0,15,0
2023-02-01,ST105,P3307,30.0,20,0
2023-02-01,ST105,P3337,26.0,15,0
2023-02-01,ST105,P3475,41.0,20,0
2023-02-01,ST105,P3329,34.0,20,0
2023-02-01,ST105,P3122,32.0,15,0
2023-02-01,ST105,P3028,29.0,15,0
2023-02-01,ST105,P3377,40.0,5,0
2023-02-01,ST105,P3129,34.0,5,0
2023-02-01,ST105,P3047,31.0,20,0
2023-02-01,ST105,P3172,41.0,20,0
2023-02-01,ST105,P3127,31.0,5,0
2023-02-01,ST105,P3076,34.0,20,0
2023-02-01,ST105,P3332,40.0,15,0
2023-02-01,ST105,P3167,35.0,15,0
2023-02-01,ST105,P3148,32.0,20,0
2023-02-01,ST105,P3391,35.0,15,0
2023-02-01,ST105,P3495,33.0,15,0
2023-02-01,ST105,P3132,30.0,20,0
2023-02-01,ST105,P3293,26.0,20,0
2023-02-01,ST105,P3343,39.0,10,0
2023-02-01,ST105,P3323,28.0,10,0
2023-02-01,ST105,P3232,41.0,15,0
2023-02-01,ST105,P3134,35.0,5,0
2023-02-01,ST105,P3153,34.0,20,0
2023-02-01,ST105,P3369,30.0,15,0
2023-02-01,ST105,P3321,34.0,10,0
2023-02-01,ST105,P3117,41.0,15,0
2023-02-01,ST105,P3085,25.0,5,0
2023-02-01,ST105,P3226,39.0,10,0
2023-02-01,ST106,P3039,37.0,10,0
2023-02-01,ST106,P3079,39.0,5,0
2023-02-01,ST106,P3417,37.0,10,0
2023-02-01,ST106,P3406,40.0,20,0
2023-02-01,ST106,P3304,45.0,5,0
2023-02-01,ST106,P3162,38.0,5,0
2023-02-01,ST106,P3368,37.0,15,0
2023-02-01,ST106,P3029,32.0,5,0
2023-02-01,ST106,P3108,27.0,10,0
2023-02-01,ST106,P3077,31.0,5,0
2023-02-01,ST106,P3298,29.0,15,0
2023-02-01,ST106,P3463,31.0,15,0
2023-02-01,ST106,P3056,33.0,20,0
2023-02-01,ST106,P3151,31.0,20,0
2023-02-01,ST106,P3323,39.0,15,0
2023-02-01,ST106,P3454,48.0,15,0
2023-02-01,ST106,P3442,30.0,5,0
2023-02-01,ST106,P3105,31.0,20,0
2023-02-01,ST106,P3253,31.0,15,0
2023-02-01,ST106,P3339,29.0,20,0
2023-02-01,ST106,P3210,30.0,15,0
2023-02-01,ST106,P3414,37.0,15,0
2023-02-01,ST106,P3370,42.0,10,0
2023-02-01,ST106,P3224,35.0,20,0
2023-02-01,ST106,P3207,43.0,20,0
2023-02-01,ST106,P3289,33.0,5,0
2023-02-01,ST106,P3357,38.0,15,0
2023-02-01,ST106,P3122,30.0,10,0
2023-02-01,ST106,P3175,44.0,15,0
2023-02-01,ST106,P3124,31.0,5,0
2023-02-01,ST106,P3256,50.0,10,0
2023-02-01,ST106,P3115,37.0,5,0
2023-02-01,ST106,P3263,33.0,20,0
2023-02-01,ST106,P3273,40.0,10,0
2023-02-01,ST106,P3137,,15,0
2023-02-01,ST106,P3479,29.0,10,0
2023-02-01,ST106,P3340,38.0,10,0
2023-02-01,ST106,P3301,36.0,20,0
2023-02-01,ST106,P3047,39.0,5,0
2023-02-01,ST106,P3316,22.0,20,0
2023-02-01,ST106,P3353,28.0,15,0
2023-02-01,ST106,P3513,44.0,15,0
2023-02-01,ST106,P3259,29.0,10,0
2023-02-01,ST106,P3364,39.0,20,0
2023-02-01,ST106,P3515,31.0,10,0
2023-02-01,ST106,P3070,35.0,15,0
2023-02-01,ST106,P3020,38.0,15,0
2023-02-01,ST106,P3034,37.0,15,0
2023-02-01,ST106,P3061,38.0,5,0
2023-02-01,ST106,P3090,31.0,15,0
2023-02-01,ST106,P3208,36.0,15,0
2023-02-01,ST106,P3456,21.0,20,0
2023-02-01,ST106,P3016,31.0,20,0
2023-02-01,ST106,P3176,34.0,5,0
2023-02-01,ST106,P3312,24.0,15,0
2023-02-01,ST106,P3300,27.0,10,0
2023-02-01,ST106,P3337,30.0,5,0
2023-02-01,ST106,P3484,46.0,15,0
2023-02-01,ST106,P3374,43.0,15,0
2023-02-01,ST106,P3306,40.0,20,0
2023-02-01,ST107,P3065,24.0,15,0
2023-02-01,ST107,P3306,25.0,10,0
2023-02-01,ST107,P3203,37.0,10,0
2023-02-01,ST107,P3129,40.0,5,0
2023-02-01,ST107,P3120,29.0,20,0
2023-02-01,ST107,P3260,29.0,10,0
2023-02-01,ST107,P3257,39.0,20,0
2023-02-01,ST107,P3408,44.0,10,0
2023-02-01,ST107,P3057,34.0,15,0
2023-02-01,ST107,P3509,35.0,20,0
2023-02-01,ST107,P3283,24.0,15,0
2023-02-01,ST107,P3165,35.0,10,0
2023-02-01,ST107,P3239,41.0,15,0
2023-02-01,ST107,P3022,25.0,15,0
2023-02-01,ST107,P3444,31.0,15,0
2023-02-01,ST107,P3087,38.0,20,0
2023-02-01,ST107,P3322,42.0,20,0
2023-02-01,ST107,P3058,35.0,10,0
2023-02-01,ST107,P3470,42.0,15,0
2023-02-01,ST107,P3399,39.0,10,0
2023-02-01,ST107,P3148,49.0,15,0
2023-02-01,ST107,P3503,49.0,5,0
2023-02-01,ST107,P3061,43.0,15,0
2023-02-01,ST107,P3268,42.0,5,0
2023-02-01,ST107,P3308,23.0,20,0
2023-02-01,ST107,P3160,36.0,5,0
2023-02-01,ST107,P3379,32.0,15,0
2023-02-01,ST107,P3116,26.0,15,0
2023-02-01,ST107,P3325,48.0,5,0
2023-02-01,ST107,P3134,38.0,10,0
2023-02-01,ST107,P3397,35.0,20,0
2023-02-01,ST107,P3199,40.0,5,0
2023-02-01,ST107,P3077,31.0,5,0
2023-02-01,ST107,P3500,41.0,10,0
2023-02-01,ST107,P3089,31.0,20,0
2023-02-01,ST107,P3232,41.0,15,0
2023-02-01,ST107,P3356,32.0,20,0
2023-02-01,ST107,P3467,29.0,10,0
2023-02-01,ST107,P3105,35.0,5,0
2023-02-01,ST107,P3410,33.0,20,0
2023-02-01,ST107,P3195,33.0,10,0
2023-02-01,ST107,P3021,33.0,15,0
2023-02-01,ST107,P3136,27.0,5,0
2023-02-01,ST107,P3093,39.0,20,0
2023-02-01,ST107,P3167,23.0,20,0
2023-02-01,ST107,P3250,35.0,5,0
2023-02-01,ST107,P3436,27.0,5,0
2023-02-01,ST107,P3373,37.0,15,0
2023-02-01,ST107,P3246,39.0,15,0
2023-02-01,ST107,P3210,25.0,5,0
2023-02-01,ST107,P3094,31.0,15,0
2023-02-01,ST107,P3312,33.0,10,0
2023-02-01,ST107,P3124,38.0,10,0
2023-02-01,ST107,P3300,45.0,10,0
2023-02-01,ST107,P3059,33.0,5,0
2023-02-01,ST107,P3254,42.0,5,0
2023-02-01,ST107,P3028,40.0,10,0
2023-02-01,ST107,P3150,34.0,15,0
2023-02-01,ST107,P3340,32.0,20,0
2023-02-01,ST107,P3016,34.0,15,0
2023-02-01,ST108,P3506,34.0,20,0
2023-02-01,ST108,P3475,38.0,15,0
2023-02-01,ST108,P3115,36.0,15,0
2023-02-01,ST108,P3014,21.0,20,0
2023-02-01,ST108,P3259,31.0,5,0
2023-02-01,ST108,P3010,47.0,15,0
2023-02-01,ST108,P3312,,15,0
2023-02-01,ST108,P3369,33.0,5,0
2023-02-01,ST108,P3029,23.0,5,0
2023-02-01,ST108,P3129,43.0,5,0
2023-02-01,ST108,P3065,40.0,5,0
2023-02-01,ST108,P3109,44.0,15,0
2023-02-01,ST108,P3402,33.0,20,0
2023-02-01,ST108,P3263,44.0,10,0
2023-02-01,ST108,P3147,37.0,15,0
2023-02-01,ST108,P3257,38.0,15,0
2023-02-01,ST108,P3038,37.0,5,0
2023-02-01,ST108,P3165,35.0,15,0
2023-02-01,ST108,P3286,30.0,20,0
2023-02-01,ST108,P3201,36.0,15,0
2023-02-01,ST108,P3483,38.0,10,0
2023-02-01,ST108,P3098,36.0,20,0
2023-02-01,ST108,P3277,37.0,5,0
2023-02-01,ST108,P3348,30.0,10,0
2023-02-01,ST108,P3018,27.0,15,0
2023-02-01,ST108,P3326,35.0,20,0
2023-02-01,ST108,P3473,31.0,10,0
2023-02-01,ST108,P3204,34.0,20,0
2023-02-01,ST108,P3067,32.0,10,0
2023-02-01,ST108,P3370,29.0,10,0
2023-02-01,ST108,P3197,36.0,20,0
2023-02-01,ST108,P3183,19.0,20,0
2023-02-01,ST108,P3289,23.0,15,0
2023-02-01,ST108,P3288,31.0,5,0
2023-02-01,ST108,P3142,42.0,20,0
2023-02-01,ST108,P3011,33.0,10,0
2023-02-01,ST108,P3034,23.0,5,0
2023-02-01,ST108,P3226,36.0,15,0
2023-02-01,ST108,P3427,29.0,15,0
2023-02-01,ST108,P3220,24.0,20,0
2023-02-01,ST108,P3273,39.0,15,0
2023-02-01,ST108,P3405,38.0,5,0
2023-02-01,ST108,P3377,37.0,20,0
2023-02-01,ST108,P3500,41.0,5,0
2023-02-01,ST108,P3323,26.0,15,0
2023-02-01,ST108,P3349,26.0,10,0
2023-02-01,ST108,P3416,38.0,5,0
2023-02-01,ST108,P3335,45.0,15,0
2023-02-01,ST108,P3104,31.0,15,0
2023-02-01,ST108,P3371,33.0,15,0
2023-02-01,ST108,P3403,34.0,20,0
2023-02-01,ST108,P3225,39.0,15,0
2023-02-01,ST108,P3019,33.0,5,0
2023-02-01,ST108,P3455,32.0,10,0
2023-02-01,ST108,P3406,40.0,5,0
2023-02-01,ST108,P3255,46.0,5,0
2023-02-01,ST108,P3083,37.0,15,0
2023-02-01,ST108,P3178,30.0,20,0
2023-02-01,ST108,P3182,27.0,15,0
2023-02-01,ST108,P3496,41.0,20,0
2023-02-01,ST109,P3226,38.0,5,0
2023-02-01,ST109,P3277,25.0,20,0
2023-02-01,ST109,P3399,36.0,5,0
2023-02-01,ST109,P3019,28.0,5,0
2023-02-01,ST109,P3403,37.0,5,0
2023-02-01,ST109,P3107,33.0,15,0
2023-02-01,ST109,P3468,33.0,15,0
2023-02-01,ST109,P3177,37.0,10,0
2023-02-01,ST109,P3117,35.0,5,0
2023-02-01,ST109,P3464,46.0,5,0
2023-02-01,ST109,P3408,36.0,10,0
2023-02-01,ST109,P3448,31.0,15,0
2023-02-01,ST109,P3058,42.0,15,0
2023-02-01,ST109,P3232,37.0,15,0
2023-02-01,ST109,P3358,34.0,10,0
2023-02-01,ST109,P3014,42.0,15,0
2023-02-01,ST109,P3095,34.0,10,0
2023-02-01,ST109,P3361,20.0,20,0
2023-02-01,ST109,P3219,46.0,5,0
2023-02-01,ST109,P3003,34.0,20,0
2023-02-01,ST109,P3195,24.0,20,0
2023-02-01,ST109,P3097,24.0,5,0
2023-02-01,ST109,P3013,46.0,5,0
2023-02-01,ST109,P3442,32.0,10,0
2023-02-01,ST109,P3049,30.0,15,0
2023-02-01,ST109,P3436,28.0,15,0
2023-02-01,ST109,P3382,38.0,20,0
2023-02-01,ST109,P3444,35.0,15,0
2023-02-01,ST109,P3258,29.0,5,0
2023-02-01,ST109,P3026,28.0,20,0
2023-02-01,ST109,P3359,42.0,5,0
2023-02-01,ST109,P3315,39.0,15,0
2023-02-01,ST109,P3508,32.0,20,0
2023-02-01,ST109,P3353,32.0,15,0
2023-02-01,ST109,P3181,31.0,10,0
2023-02-01,ST109,P3469,29.0,20,0
2023-02-01,ST109,P3264,21.0,5,0
2023-02-01,ST109,P3453,26.0,15,0
2023-02-01,ST109,P3338,35.0,5,0
2023-02-01,ST109,P3254,35.0,20,0
2023-02-01,ST109,P3202,32.0,5,0
2023-02-01,ST109,P3174,34.0,20,0
2023-02-01,ST109,P3308,43.0,20,0
2023-02-01,ST109,P3379,35.0,5,0
2023-02-01,ST109,P3211,39.0,20,0
2023-02-01,ST109,P3342,36.0,10,0
2023-02-01,ST109,P3366,33.0,10,0
2023-02-01,ST109,P3133,38.0,15,0
2023-02-01,ST109,P3251,45.0,15,0
2023-02-01,ST109,P3409,28.0,15,0
2023-02-01,ST109,P3234,40.0,20,0
2023-02-01,ST109,P3418,39.0,20,0
2023-02-01,ST109,P3463,36.0,20,0
2023-02-01,ST109,P3334,28.0,5,0
2023-02-01,ST109,P3429,40.0,10,0
2023-02-01,ST109,P3102,46.0,5,0
2023-02-01,ST109,P3472,30.0,15,0
2023-02-01,ST109,P3090,30.0,15,0
2023-02-01,ST109,P3331,31.0,5,0
2023-02-01,ST109,P3414,40.0,10,0
2023-02-01,ST110,P3369,37.0,20,0
2023-02-01,ST110,P3159,34.0,10,0
2023-02-01,ST110,P3412,36.0,5,0
2023-02-01,ST110,P3194,43.0,15,0
2023-02-01,ST110,P3162,42.0,15,0
2023-02-01,ST110,P3012,31.0,10,0
2023-02-01,ST110,P3282,36.0,10,0
2023-02-01,ST110,P3449,33.0,15,0
2023-02-01,ST110,P3190,41.0,20,0
2023-02-01,ST110,P3394,34.0,5,0
2023-02-01,ST110,P3134,41.0,20,0
2023-02-01,ST110,P3370,39.0,10,0
2023-02-01,ST110,P3270,42.0,5,0
2023-02-01,ST110,P3154,46.0,20,0
2023-02-01,ST110,P3105,38.0,5,0
2023-02-01,ST110,P3018,35.0,5,0
2023-02-01,ST110,P3149,38.0,10,0
2023-02-01,ST110,P3425,33.0,5,0
2023-02-01,ST110,P3272,38.0,5,0
2023-02-01,ST110,P3330,39.0,20,0
2023-02-01,ST110,P3069,30.0,5,0
2023-02-01,ST110,P3289,33.0,10,0
2023-02-01,ST110,P3352,33.0,5,0
2023-02-01,ST110,P3391,37.0,15,0
2023-02-01,ST110,P3427,35.0,20,0
2023-02-01,ST110,P3328,,10,0
2023-02-01,ST110,P3176,39.0,20,0
2023-02-01,ST110,P3236,31.0,15,0
2023-02-01,ST110,P3477,39.0,10,0
2023-02-01,ST110,P3258,37.0,5,0
2023-02-01,ST110,P3145,27.0,10,0
2023-02-01,ST110,P3374,33.0,15,0
2023-02-01,ST110,P3110,32.0,20,0
2023-02-01,ST110,P3460,41.0,5,0
2023-02-01,ST110,P3318,45.0,5,0
2023-02-01,ST110,P3092,28.0,10,0
2023-02-01,ST110,P3263,38.0,5,0
2023-02-01,ST110,P3347,29.0,5,0
2023-02-01,ST110,P3113,28.0,15,0
2023-02-01,ST110,P3040,39.0,10,0
2023-02-01,ST110,P3278,39.0,5,0
2023-02-01,ST110,P3208,41.0,10,0
2023-02-01,ST110,P3411,39.0,15,0
2023-02-01,ST110,P3488,41.0,10,0
2023-02-01,ST110,P3019,41.0,15,0
2023-02-01,ST110,P3389,42.0,15,0
2023-02-01,ST110,P3106,35.0,10,0
2023-02-01,ST110,P3458,43.0,5,0
2023-02-01,ST110,P3268,46.0,10,0
2023-02-01,ST110,P3336,41.0,15,0
2023-02-01,ST110,P3077,27.0,10,0
2023-02-01,ST110,P3115,28.0,15,0
2023-02-01,ST110,P3204,35.0,15,0
2023-02-01,ST110,P3312,34.0,10,0
2023-02-01,ST110,P3430,46.0,15,0
2023-02-01,ST110,P3017,36.0,10,0
2023-02-01,ST110,P3073,30.0,15,0
2023-02-01,ST110,P3237,25.0,10,0
2023-02-01,ST110,P3042,28.0,20,0
2023-02-01,ST110,P3305,34.0,20,0
2023-02-01,ST111,P3024,27.0,15,0
2023-02-01,ST111,P3330,37.0,10,0
2023-02-01,ST111,P3144,49.0,5,0
2023-02-01,ST111,P3409,37.0,10,0
2023-02-01,ST111,P3105,34.0,10,0
2023-02-01,ST111,P3011,35.0,5,0
2023-02-01,ST111,P3258,32.0,15,0
2023-02-01,ST111,P3311,36.0,20,0
2023-02-01,ST111,P3217,23.0,15,0
2023-02-01,ST111,P3048,34.0,5,0
2023-02-01,ST111,P3506,43.0,20,0
2023-02-01,ST111,P3218,36.0,10,0
2023-02-01,ST111,P3464,42.0,20,0
2023-02-01,ST111,P3103,34.0,15,0
2023-02-01,ST111,P3374,35.0,10,0
2023-02-01,ST111,P3136,34.0,20,0
2023-02-01,ST111,P3022,37.0,10,0
2023-02-01,ST111,P3301,40.0,20,0
2023-02-01,ST111,P3474,33.0,20,0
2023-02-01,ST111,P3222,32.0,20,0
2023-02-01,ST111,P3353,,15,0
2023-02-01,ST111,P3185,21.0,20,0
2023-02-01,ST111,P3256,36.0,20,0
2023-02-01,ST111,P3242,32.0,10,0
2023-02-01,ST111,P3190,38.0,10,0
2023-02-01,ST111,P3226,40.0,5,0
2023-02-01,ST111,P3446,34.0,15,0
2023-02-01,ST111,P3021,29.0,15,0
2023-02-01,ST111,P3035,34.0,20,0
2023-02-01,ST111,P3054,32.0,5,0
2023-02-01,ST111,P3095,36.0,15,0
2023-02-01,ST111,P3244,31.0,5,0
2023-02-01,ST111,P3154,35.0,15,0
2023-02-01,ST111,P3496,35.0,15,0
2023-02-01,ST111,P3389,33.0,10,0
2023-02-01,ST111,P3143,39.0,15,0
2023-02-01,ST111,P3265,35.0,20,0
2023-02-01,ST111,P3412,35.0,5,0
2023-02-01,ST111,P3289,32.0,20,0
2023-02-01,ST111,P3316,32.0,15,0
2023-02-01,ST111,P3266,35.0,20,0
2023-02-01,ST111,P3216,33.0,15,0
2023-02-01,ST111,P3146,36.0,15,0
2023-02-01,ST111,P3199,40.0,5,0
2023-02-01,ST111,P3057,39.0,15,0
2023-02-01,ST111,P3149,31.0,5,0
2023-02-01,ST111,P3466,41.0,5,0
2023-02-01,ST111,P3025,42.0,5,0
2023-02-01,ST111,P3086,44.0,10,0
2023-02-01,ST111,P3083,33.0,10,0
2023-02-01,ST111,P3335,28.0,5,0
2023-02-01,ST111,P3403,36.0,20,0
2023-02-01,ST111,P3027,40.0,20,0
2023-02-01,ST111,P3507,36.0,5,0
2023-02-01,ST111,P3436,38.0,10,0
2023-02-01,ST111,P3044,27.0,5,0
2023-02-01,ST111,P3168,44.0,10,0
2023-02-01,ST111,P3239,32.0,10,0
2023-02-01,ST111,P3483,31.0,10,0
2023-02-01,ST111,P3243,29.0,20,0
2023-02-01,ST112,P3127,32.0,5,0
2023-02-01,ST112,P3417,40.0,15,0
2023-02-01,ST112,P3102,27.0,15,0
2023-02-01,ST112,P3455,40.0,20,0
2023-02-01,ST112,P3458,30.0,15,0
2023-02-01,ST112,P3446,33.0,10,0
2023-02-01,ST112,P3237,29.0,5,0
2023-02-01,ST112,P3435,35.0,20,0
2023-02-01,ST112,P3406,26.0,10,0
2023-02-01,ST112,P3207,33.0,10,0
2023-02-01,ST112,P3177,30.0,20,0
2023-02-01,ST112,P3391,41.0,20,0
2023-02-01,ST112,P3302,32.0,20,0
2023-02-01,ST112,P3077,33.0,15,0
2023-02-01,ST112,P3517,31.0,20,0
2023-02-01,ST112,P3058,31.0,15,0
2023-02-01,ST112,P3133,32.0,15,0
2023-02-01,ST112,P3447,29.0,5,0
2023-02-01,ST112,P3298,40.0,10,0
2023-02-01,ST112,P3156,39.0,10,0
2023-02-01,ST112,P3212,30.0,20,0
2023-02-01,ST112,P3472,42.0,15,0
2023-02-01,ST112,P3365,41.0,5,0
2023-02-01,ST112,P3518,37.0,10,0
2023-02-01,ST112,P3232,35.0,15,0
2023-02-01,ST112,P3480,34.0,15,0
2023-02-01,ST112,P3243,44.0,20,0
2023-02-01,ST112,P3219,28.0,10,0
2023-02-01,ST112,P3208,33.0,10,0
2023-02-01,ST112,P3493,36.0,5,0
2023-02-01,ST112,P3239,27.0,5,0
2023-02-01,ST112,P3418,33.0,15,0
2023-02-01,ST112,P3007,41.0,15,0
2023-02-01,ST112,P3235,37.0,10,0
2023-02-01,ST112,P3142,40.0,5,0
2023-02-01,ST112,P3519,37.0,5,0
2023-02-01,ST112,P3053,34.0,10,0
2023-02-01,ST112,P3415,42.0,20,0
2023-02-01,ST112,P3183,36.0,20,0
2023-02-01,ST112,P3103,36.0,5,0
2023-02-01,ST112,P3002,33.0,15,0
2023-02-01,ST112,P3515,48.0,5,0
2023-02-01,ST112,P3168,27.0,10,0
2023-02-01,ST112,P3448,43.0,5,0
2023-02-01,ST112,P3050,34.0,5,0
2023-02-01,ST112,P3179,42.0,20,0
2023-02-01,ST112,P3119,36.0,15,0
2023-02-01,ST112,P3424,37.0,15,0
2023-02-01,ST112,P3443,44.0,20,0
2023-02-01,ST112,P3407,38.0,5,0
2023-02-01,ST112,P3074,33.0,20,0
2023-02-01,ST112,P3149,34.0,5,0
2023-02-01,ST112,P3348,36.0,15,0
2023-02-01,ST112,P3253,34.0,10,0
2023-02-01,ST112,P3300,32.0,10,0
2023-02-01,ST112,P3395,38.0,5,0
2023-02-01,ST112,P3464,30.0,15,0
2023-02-01,ST112,P3220,41.0,10,0
2023-02-01,ST112,P3342,29.0,5,0
2023-02-01,ST112,P3440,31.0,10,0
2023-02-01,ST113,P3421,34.0,20,0
2023-02-01,ST113,P3434,38.0,15,0
2023-02-01,ST113,P3303,32.0,10,0
2023-02-01,ST113,P3383,28.0,15,0
2023-02-01,ST113,P3461,37.0,10,0
2023-02-01,ST113,P3400,41.0,5,0
2023-02-01,ST113,P3361,31.0,15,0
2023-02-01,ST113,P3036,22.0,10,0
2023-02-01,ST113,P3139,47.0,20,0
2023-02-01,ST113,P3076,38.0,15,0
2023-02-01,ST113,P3350,33.0,20,0
2023-02-01,ST113,P3415,31.0,20,0
2023-02-01,ST113,P3364,31.0,20,0
2023-02-01,ST113,P3439,43.0,15,0
2023-02-01,ST113,P3349,25.0,5,0
2023-02-01,ST113,P3193,33.0,20,0
2023-02-01,ST113,P3140,27.0,20,0
2023-02-01,ST113,P3133,33.0,5,0
2023-02-01,ST113,P3173,37.0,5,0
2023-02-01,ST113,P3163,41.0,15,0
2023-02-01,ST113,P3034,25.0,5,0
2023-02-01,ST113,P3256,33.0,20,0
2023-02-01,ST113,P3401,41.0,20,0
2023-02-01,ST113,P3472,36.0,15,0
2023-02-01,ST113,P3116,26.0,10,0
2023-02-01,ST113,P3388,28.0,10,0
2023-02-01,ST113,P3013,32.0,20,0
2023-02-01,ST113,P3251,30.0,10,0
2023-02-01,ST113,P3102,43.0,5,0
2023-02-01,ST113,P3520,36.0,20,0
2023-02-01,ST113,P3087,41.0,15,0
2023-02-01,ST113,P3126,40.0,20,0
2023-02-01,ST113,P3316,36.0,5,0
2023-02-01,ST113,P3124,37.0,10,0
2023-02-01,ST113,P3084,38.0,20,0
2023-02-01,ST113,P3033,41.0,20,0
2023-02-01,ST113,P3212,29.0,15,0
2023-02-01,ST113,P3047,35.0,15,0
2023-02-01,ST113,P3224,36.0,15,0
2023-02-01,ST113,P3056,40.0,5,0
2023-02-01,ST113,P3161,35.0,10,0
2023-02-01,ST113,P3008,30.0,15,0
2023-02-01,ST113,P3066,48.0,20,0
2023-02-01,ST113,P3027,46.0,10,0
2023-02-01,ST113,P3263,34.0,5,0
2023-02-01,ST113,P3211,31.0,10,0
2023-02-01,ST113,P3086,41.0,15,0
2023-02-01,ST113,P3339,33.0,10,0
2023-02-01,ST113,P3427,30.0,5,0
2023-02-01,ST113,P3516,37.0,10,0
2023-02-01,ST113,P3219,45.0,15,0
2023-02-01,ST113,P3245,29.0,20,0
2023-02-01,ST113,P3259,38.0,20,0
2023-02-01,ST113,P3071,36.0,5,0
2023-02-01,ST113,P3207,32.0,5,0
2023-02-01,ST113,P3328,34.0,10,0
2023-02-01,ST113,P3346,37.0,15,0
2023-02-01,ST113,P3403,34.0,5,0
2023-02-01,ST113,P3243,43.0,15,0
2023-02-01,ST113,P3131,25.0,15,0
2023-02-01,ST114,P3467,29.0,15,0
2023-02-01,ST114,P3013,35.0,20,0
2023-02-01,ST114,P3215,42.0,5,0
2023-02-01,ST114,P3081,33.0,5,0
2023-02-01,ST114,P3053,28.0,5,0
2023-02-01,ST114,P3031,34.0,10,0
2023-02-01,ST114,P3149,33.0,10,0
2023-02-01,ST114,P3465,34.0,20,0
2023-02-01,ST114,P3499,37.0,20,0
2023-02-01,ST114,P3375,39.0,10,0
2023-02-01,ST114,P3450,38.0,5,0
2023-02-01,ST114,P3361,44.0,20,0
2023-02-01,ST114,P3479,30.0,15,0
2023-02-01,ST114,P3322,36.0,5,0
2023-02-01,ST114,P3487,30.0,15,0
2023-02-01,ST114,P3298,37.0,5,0
2023-02-01,ST114,P3383,33.0,10,0
2023-02-01,ST114,P3336,35.0,15,0
2023-02-01,ST114,P3482,37.0,15,0
2023-02-01,ST114,P3098,28.0,20,0
2023-02-01,ST114,P3423,34.0,15,0
2023-02-01,ST114,P3153,29.0,5,0
2023-02-01,ST114,P3068,33.0,20,0
2023-02-01,ST114,P3443,45.0,15,0
2023-02-01,ST114,P3469,38.0,20,0
2023-02-01,ST114,P3277,35.0,10,0
2023-02-01,ST114,P3062,25.0,5,0
2023-02-01,ST114,P3451,35.0,15,0
2023-02-01,ST114,P3517,34.0,10,0
2023-02-01,ST114,P3296,41.0,20,0
2023-02-01,ST114,P3419,38.0,10,0
2023-02-01,ST114,P3516,39.0,10,0
2023-02-01,ST114,P3175,37.0,10,0
2023-02-01,ST114,P3260,42.0,15,0
2023-02-01,ST114,P3155,49.0,15,0
2023-02-01,ST114,P3199,32.0,10,0
2023-02-01,ST114,P3059,46.0,5,0
2023-02-01,ST114,P3491,27.0,15,0
2023-02-01,ST114,P3097,39.0,15,0
2023-02-01,ST114,P3040,33.0,10,0
2023-02-01,ST114,P3242,35.0,5,0
2023-02-01,ST114,P3301,36.0,20,0
2023-02-01,ST114,P3207,41.0,20,0
2023-02-01,ST114,P3397,32.0,15,0
2023-02-01,ST114,P3433,42.0,15,0
2023-02-01,ST114,P3330,38.0,5,0
2023-02-01,ST114,P3079,26.0,20,0
2023-02-01,ST114,P3388,35.0,15,0
2023-02-01,ST114,P3136,32.0,5,0
2023-02-01,ST114,P3080,29.0,20,0
2023-02-01,ST114,P3278,23.0,5,0
2023-02-01,ST114,P3286,42.0,20,0
2023-02-01,ST114,P3102,29.0,5,0
2023-02-01,ST114,P3020,29.0,15,0
2023-02-01,ST114,P3088,30.0,15,0
2023-02-01,ST114,P3148,35.0,5,0
2023-02-01,ST114,P3281,41.0,20,0
2023-02-01,ST114,P3471,26.0,20,0
2023-02-01,ST114,P3071,40.0,5,0
2023-02-01,ST114,P3255,28.0,20,0
2023-02-01,ST115,P3255,20.0,20,0
2023-02-01,ST115,P3055,40.0,5,0
2023-02-01,ST115,P3415,29.0,20,0
2023-02-01,ST115,P3332,25.0,5,0
2023-02-01,ST115,P3174,51.0,10,0
2023-02-01,ST115,P3288,36.0,15,0
2023-02-01,ST115,P3447,,20,0
2023-02-01,ST115,P3397,24.0,15,0
2023-02-01,ST115,P3237,37.0,20,0
2023-02-01,ST115,P3425,38.0,15,0
2023-02-01,ST115,P3308,44.0,15,0
2023-02-01,ST115,P3301,39.0,5,0
2023-02-01,ST115,P3511,40.0,15,0
2023-02-01,ST115,P3369,34.0,10,0
2023-02-01,ST115,P3223,36.0,15,0
2023-02-01,ST115,P3477,31.0,20,0
2023-02-01,ST115,P3330,33.0,20,0
2023-02-01,ST115,P3042,50.0,10,0
2023-02-01,ST115,P3504,36.0,5,0
2023-02-01,ST115,P3098,36.0,10,0
2023-02-01,ST115,P3375,31.0,15,0
2023-02-01,ST115,P3337,38.0,5,0
2023-02-01,ST115,P3475,35.0,20,0
2023-02-01,ST115,P3141,33.0,15,0
2023-02-01,ST115,P3303,32.0,5,0
2023-02-01,ST115,P3278,28.0,10,0
2023-02-01,ST115,P3080,29.0,10,0
2023-02-01,ST115,P3179,31.0,20,0
2023-02-01,ST115,P3195,32.0,5,0
2023-02-01,ST115,P3176,33.0,5,0
2023-02-01,ST115,P3282,30.0,10,0
2023-02-01,ST115,P3114,30.0,20,0
2023-02-01,ST115,P3046,30.0,5,0
2023-02-01,ST115,P3060,41.0,5,0
2023-02-01,ST115,P3071,29.0,5,0
2023-02-01,ST115,P3311,34.0,5,0
2023-02-01,ST115,P3372,38.0,20,0
2023-02-01,ST115,P3065,44.0,20,0
2023-02-01,ST115,P3434,32.0,10,0
2023-02-01,ST115,P3445,30.0,15,0
2023-02-01,ST115,P3370,33.0,5,0
2023-02-01,ST115,P3395,37.0,20,0
2023-02-01,ST115,P3153,40.0,20,0
2023-02-01,ST115,P3347,51.0,15,0
2023-02-01,ST115,P3021,34.0,15,0
2023-02-01,ST115,P3235,40.0,15,0
2023-02-01,ST115,P3161,43.0,10,0
2023-02-01,ST115,P3470,38.0,15,0
2023-02-01,ST115,P3297,39.0,5,0
2023-02-01,ST115,P3368,30.0,20,0
2023-02-01,ST115,P3194,38.0,10,0
2023-02-01,ST115,P3067,36.0,20,0
2023-02-01,ST115,P3439,41.0,10,0
2023-02-01,ST115,P3508,30.0,15,0
2023-02-01,ST115,P3045,41.0,15,0
2023-02-01,ST115,P3494,28.0,5,0
2023-02-01,ST115,P3506,35.0,15,0
2023-02-01,ST115,P3366,43.0,20,0
2023-02-01,ST115,P3138,26.0,5,0
2023-02-01,ST115,P3484,27.0,15,0
2023-02-01,ST116,P3155,45.0,15,0
2023-02-01,ST116,P3262,35.0,20,0
2023-02-01,ST116,P3474,40.0,20,0
2023-02-01,ST116,P3467,35.0,5,0
2023-02-01,ST116,P3130,34.0,10,0
2023-02-01,ST116,P3037,33.0,20,0
2023-02-01,ST116,P3453,43.0,15,0
2023-02-01,ST116,P3279,34.0,10,0
2023-02-01,ST116,P3254,38.0,5,0
2023-02-01,ST116,P3062,34.0,20,0
2023-02-01,ST116,P3493,28.0,20,0
2023-02-01,ST116,P3102,42.0,15,0
2023-02-01,ST116,P3220,36.0,15,0
2023-02-01,ST116,P3384,26.0,15,0
2023-02-01,ST116,P3482,29.0,15,0
2023-02-01,ST116,P3238,34.0,5,0
2023-02-01,ST116,P3321,26.0,15,0
2023-02-01,ST116,P3175,,5,0
2023-02-01,ST116,P3463,40.0,15,0
2023-02-01,ST116,P3267,32.0,15,0
2023-02-01,ST116,P3327,29.0,5,0
2023-02-01,ST116,P3428,36.0,20,0
2023-02-01,ST116,P3323,39.0,20,0
2023-02-01,ST116,P3446,35.0,5,0
2023-02-01,ST116,P3408,27.0,10,0
2023-02-01,ST116,P3314,33.0,15,0
2023-02-01,ST116,P3073,46.0,15,0
2023-02-01,ST116,P3345,19.0,15,0
2023-02-01,ST116,P3310,27.0,5,0
2023-02-01,ST116,P3325,33.0,10,0
2023-02-01,ST116,P3093,28.0,15,0
2023-02-01,ST116,P3195,29.0,5,0
2023-02-01,ST116,P3410,38.0,10,0
2023-02-01,ST116,P3150,27.0,5,0
2023-02-01,ST116,P3249,28.0,10,0
2023-02-01,ST116,P3023,32.0,20,0
2023-02-01,ST116,P3118,33.0,5,0
2023-02-01,ST116,P3021,37.0,15,0
2023-02-01,ST116,P3479,32.0,5,0
2023-02-01,ST116,P3179,42.0,10,0
2023-02-01,ST116,P3411,36.0,20,0
2023-02-01,ST116,P3504,34.0,15,0
2023-02-01,ST116,P3091,43.0,10,0
2023-02-01,ST116,P3211,41.0,20,0
2023-02-01,ST116,P3189,32.0,10,0
2023-02-01,ST116,P3298,27.0,15,0
2023-02-01,ST116,P3193,43.0,10,0
2023-02-01,ST116,P3064,30.0,15,0
2023-02-01,ST116,P3517,27.0,20,0
2023-02-01,ST116,P3378,44.0,20,0
2023-02-01,ST116,P3346,30.0,20,0
2023-02-01,ST116,P3258,35.0,10,0
2023-02-01,ST116,P3191,39.0,20,0
2023-02-01,ST116,P3125,28.0,10,0
2023-02-01,ST116,P3063,39.0,10,0
2023-02-01,ST116,P3296,27.0,5,0
2023-02-01,ST116,P3452,33.0,20,0
2023-02-01,ST116,P3273,33.0,10,0
2023-02-01,ST116,P3424,32.0,20,0
2023-02-01,ST116,P3319,37.0,10,0
2023-02-01,ST117,P3086,30.0,15,0
2023-02-01,ST117,P3318,44.0,15,0
2023-02-01,ST117,P3509,32.0,20,0
2023-02-01,ST117,P3306,29.0,10,0
2023-02-01,ST117,P3453,44.0,20,0
2023-02-01,ST117,P3167,23.0,10,0
2023-02-01,ST117,P3012,36.0,5,0
2023-02-01,ST117,P3146,36.0,15,0
2023-02-01,ST117,P3126,34.0,10,0
2023-02-01,ST117,P3418,32.0,10,0
2023-02-01,ST117,P3154,,10,0
2023-02-01,ST117,P3444,38.0,15,0
2023-02-01,ST117,P3366,27.0,20,0
2023-02-01,ST117,P3278,39.0,15,0
2023-02-01,ST117,P3315,28.0,5,0
2023-02-01,ST117,P3039,30.0,5,0
2023-02-01,ST117,P3010,27.0,15,0
2023-02-01,ST117,P3332,41.0,5,0
2023-02-01,ST117,P3302,34.0,10,0
2023-02-01,ST117,P3475,40.0,10,0
2023-02-01,ST117,P3285,33.0,10,0
2023-02-01,ST117,P3087,26.0,15,0
2023-02-01,ST117,P3059,32.0,20,0
2023-02-01,ST117,P3412,38.0,10,0
2023-02-01,ST117,P3448,42.0,10,0
2023-02-01,ST117,P3274,45.0,5,0
2023-02-01,ST117,P3004,30.0,10,0
2023-02-01,ST117,P3138,50.0,5,0
2023-02-01,ST117,P3456,35.0,20,0
2023-02-01,ST117,P3265,32.0,15,0
2023-02-01,ST117,P3117,35.0,20,0
2023-02-01,ST117,P3289,30.0,10,0
2023-02-01,ST117,P3168,41.0,10,0
2023-02-01,ST117,P3112,23.0,15,0
2023-02-01,ST117,P3425,42.0,15,0
2023-02-01,ST117,P3391,37.0,5,0
2023-02-01,ST117,P3394,39.0,10,0
2023-02-01,ST117,P3080,30.0,20,0
2023-02-01,ST117,P3491,39.0,5,0
2023-02-01,ST117,P3356,36.0,10,0
2023-02-01,ST117,P3110,33.0,10,0
2023-02-01,ST117,P3116,41.0,20,0
2023-02-01,ST117,P3144,35.0,10,0
2023-02-01,ST117,P3467,39.0,15,0
2023-02-01,ST117,P3223,39.0,5,0
2023-02-01,ST117,P3140,36.0,5,0
2023-02-01,ST117,P3297,39.0,10,0
2023-02-01,ST117,P3395,32.0,15,0
2023-02-01,ST117,P3170,38.0,15,0
2023-02-01,ST117,P3181,38.0,10,0
2023-02-01,ST117,P3472,,5,0
2023-02-01,ST117,P3460,27.0,20,0
2023-02-01,ST117,P3055,41.0,10,0
2023-02-01,ST117,P3286,33.0,5,0
2023-02-01,ST117,P3028,29.0,5,0
2023-02-01,ST117,P3310,39.0,20,0
2023-02-01,ST117,P3429,30.0,20,0
2023-02-01,ST117,P3047,28.0,20,0
2023-02-01,ST117,P3264,33.0,10,0
2023-02-01,ST117,P3369,36.0,10,0
2023-02-01,ST118,P3253,38.0,5,0
2023-02-01,ST118,P3491,32.0,5,0
2023-02-01,ST118,P3327,32.0,15,0
2023-02-01,ST118,P3229,34.0,5,0
2023-02-01,ST118,P3017,28.0,20,0
2023-02-01,ST118,P3447,31.0,15,0
2023-02-01,ST118,P3387,31.0,10,0
2023-02-01,ST118,P3254,31.0,15,0
2023-02-01,ST118,P3328,35.0,10,0
2023-02-01,ST118,P3105,39.0,10,0
2023-02-01,ST118,P3221,30.0,15,0
2023-02-01,ST118,P3308,36.0,5,0
2023-02-01,ST118,P3058,27.0,20,0
2023-02-01,ST118,P3249,35.0,20,0
2023-02-01,ST118,P3381,29.0,10,0
2023-02-01,ST118,P3248,36.0,5,0
2023-02-01,ST118,P3051,34.0,10,0
2023-02-01,ST118,P3270,39.0,5,0
2023-02-01,ST118,P3273,32.0,5,0
2023-02-01,ST118,P3453,28.0,5,0
2023-02-01,ST118,P3500,27.0,15,0
2023-02-01,ST118,P3146,35.0,10,0
2023-02-01,ST118,P3158,37.0,15,0
2023-02-01,ST118,P3416,33.0,10,0
2023-02-01,ST118,P3036,16.0,10,0
2023-02-01,ST118,P3024,36.0,5,0
2023-02-01,ST118,P3212,35.0,10,0
2023-02-01,ST118,P3005,40.0,5,0
2023-02-01,ST118,P3173,37.0,5,0
2023-02-01,ST118,P3073,35.0,15,0
2023-02-01,ST118,P3380,33.0,20,0
2023-02-01,ST118,P3010,25.0,15,0
2023-02-01,ST118,P3159,45.0,20,0
2023-02-01,ST118,P3066,43.0,5,0
2023-02-01,ST118,P3235,41.0,15,0
2023-02-01,ST118,P3016,32.0,20,0
2023-02-01,ST118,P3070,44.0,15,0
2023-02-01,ST118,P3409,34.0,20,0
2023-02-01,ST118,P3117,38.0,5,0
2023-02-01,ST118,P3360,32.0,20,0
2023-02-01,ST118,P3033,43.0,5,0
2023-02-01,ST118,P3172,43.0,10,0
2023-02-01,ST118,P3424,35.0,20,0
2023-02-01,ST118,P3286,33.0,15,0
2023-02-01,ST118,P3102,36.0,15,0
2023-02-01,ST118,P3484,22.0,10,0
2023-02-01,ST118,P3012,33.0,15,0
2023-02-01,ST118,P3255,30.0,5,0
2023-02-01,ST118,P3404,31.0,20,0
2023-02-01,ST118,P3047,28.0,5,0
2023-02-01,ST118,P3110,37.0,20,0
2023-02-01,ST118,P3108,39.0,5,0
2023-02-01,ST118,P3060,43.0,15,0
2023-02-01,ST118,P3505,40.0,15,0
2023-02-01,ST118,P3214,33.0,15,0
2023-02-01,ST118,P3161,34.0,10,0
2023-02-01,ST118,P3462,38.0,15,0
2023-02-01,ST118,P3348,36.0,10,0
2023-02-01,ST118,P3072,51.0,10,0
2023-02-01,ST118,P3359,40.0,10,0
2023-03-01,ST101,P3077,33.0,15,0
2023-03-01,ST101,P3287,37.0,15,0
2023-03-01,ST101,P3184,38.0,20,0
2023-03-01,ST101,P3419,33.0,10,0
2023-03-01,ST101,P3334,31.0,5,0
2023-03-01,ST101,P3041,39.0,10,0
2023-03-01,ST101,P3105,31.0,20,0
2023-03-01,ST101,P3471,31.0,10,0
2023-03-01,ST101,P3378,40.0,5,0
2023-03-01,ST101,P3145,26.0,20,0
2023-03-01,ST101,P3322,48.0,15,0
2023-03-01,ST101,P3187,36.0,10,0
2023-03-01,ST101,P3254,22.0,5,0
2023-03-01,ST101,P3274,28.0,20,0
2023-03-01,ST101,P3203,36.0,5,0
2023-03-01,ST101,P3104,35.0,5,0
2023-03-01,ST101,P3214,32.0,5,0
2023-03-01,ST101,P3520,36.0,5,0
2023-03-01,ST101,P3394,26.0,20,0
2023-03-01,ST101,P3305,26.0,15,0
2023-03-01,ST101,P3293,33.0,10,0
2023-03-01,ST101,P3009,42.0,10,0
2023-03-01,ST101,P3355,30.0,15,0
2023-03-01,ST101,P3474,35.0,20,0
2023-03-01,ST101,P3201,37.0,10,0
2023-03-01,ST101,P3482,26.0,15,0
2023-03-01,ST101,P3464,32.0,15,0
2023-03-01,ST101,P3223,50.0,10,0
2023-03-01,ST101,P3058,43.0,5,0
2023-03-01,ST101,P3328,28.0,10,0
2023-03-01,ST101,P3116,33.0,20,0
2023-03-01,ST101,P3091,36.0,10,0
2023-03-01,ST101,P3463,25.0,5,0
2023-03-01,ST101,P3476,26.0,15,0
2023-03-01,ST101,P3237,39.0,20,0
2023-03-01,ST101,P3086,37.0,20,0
2023-03-01,ST101,P3074,35.0,20,0
2023-03-01,ST101,P3011,37.0,15,0
2023-03-01,ST101,P3333,37.0,15,0
2023-03-01,ST101,P3331,33.0,5,0
2023-03-01,ST101,P3054,35.0,5,0
2023-03-01,ST101,P3312,30.0,5,0
2023-03-01,ST101,P3389,32.0,15,0
2023-03-01,ST101,P3304,38.0,10,0
2023-03-01,ST101,P3139,40.0,20,0
2023-03-01,ST101,P3493,31.0,10,0
2023-03-01,ST101,P3180,41.0,15,0
2023-03-01,ST101,P3244,36.0,5,0
2023-03-01,ST101,P3255,37.0,10,0
2023-03-01,ST101,P3478,44.0,10,0
2023-03-01,ST101,P3030,44.0,20,0
2023-03-01,ST101,P3386,39.0,5,0
2023-03-01,ST101,P3346,55.0,15,0
2023-03-01,ST101,P3497,42.0,15,0
2023-03-01,ST101,P3264,37.0,5,0
2023-03-01,ST101,P3120,35.0,20,0
2023-03-01,ST101,P3228,36.0,10,0
2023-03-01,ST101,P3189,42.0,5,0
2023-03-01,ST101,P3177,38.0,5,0
2023-03-01,ST101,P3324,37.0,20,0
2023-03-01,ST102,P3451,48.0,15,0
2023-03-01,ST102,P3117,28.0,5,0
2023-03-01,ST102,P3423,37.0,10,0
2023-03-01,ST102,P3366,32.0,5,0
2023-03-01,ST102,P3361,33.0,20,0
2023-03-01,ST102,P3142,33.0,15,0
2023-03-01,ST102,P3047,43.0,5,0
2023-03-01,ST102,P3446,40.0,10,0
2023-03-01,ST102,P3404,30.0,10,0
2023-03-01,ST102,P3447,30.0,15,0
2023-03-01,ST102,P3190,31.0,15,0
2023-03-01,ST102,P3210,27.0,15,0
2023-03-01,ST102,P3167,38.0,20,0
2023-03-01,ST102,P3198,39.0,10,0
2023-03-01,ST102,P3377,40.0,15,0
2023-03-01,ST102,P3332,31.0,15,0
2023-03-01,ST102,P3217,45.0,10,0
2023-03-01,ST102,P3209,32.0,10,0
2023-03-01,ST102,P3344,29.0,20,0
2023-03-01,ST102,P3009,36.0,15,0
2023-03-01,ST102,P3355,35.0,5,0
2023-03-01,ST102,P3233,52.0,5,0
2023-03-01,ST102,P3416,29.0,20,0
2023-03-01,ST102,P3251,49.0,10,0
2023-03-01,ST102,P3374,39.0,5,0
2023-03-01,ST102,P3284,37.0,15,0
2023-03-01,ST102,P3225,32.0,20,0
2023-03-01,ST102,P3331,31.0,10,0
2023-03-01,ST102,P3207,35.0,10,0
2023-03-01,ST102,P3100,30.0,15,0
2023-03-01,ST102,P3315,41.0,10,0
2023-03-01,ST102,P3043,26.0,15,0
2023-03-01,ST102,P3290,33.0,15,0
2023-03-01,ST102,P3143,43.0,5,0
2023-03-01,ST102,P3130,28.0,15,0
2023-03-01,ST102,P3316,33.0,10,0
2023-03-01,ST102,P3288,26.0,15,0
2023-03-01,ST102,P3302,39.0,5,0
2023-03-01,ST102,P3362,37.0,20,0
2023-03-01,ST102,P3091,30.0,20,0
2023-03-01,ST102,P3368,47.0,20,0
2023-03-01,ST102,P3124,33.0,15,0
2023-03-01,ST102,P3252,43.0,5,0
2023-03-01,ST102,P3014,29.0,20,0
2023-03-01,ST102,P3018,34.0,20,0
2023-03-01,ST102,P3391,33.0,20,0
2023-03-01,ST102,P3237,46.0,15,0
2023-03-01,ST102,P3415,38.0,20,0
2023-03-01,ST102,P3189,45.0,20,0
2023-03-01,ST102,P3401,28.0,20,0
2023-03-01,ST102,P3016,35.0,15,0
2023-03-01,ST102,P3204,41.0,10,0
2023-03-01,ST102,P3478,38.0,20,0
2023-03-01,ST102,P3333,37.0,20,0
2023-03-01,ST102,P3061,39.0,15,0
2023-03-01,ST102,P3385,36.0,5,0
2023-03-01,ST102,P3036,38.0,5,0
2023-03-01,ST102,P3429,37.0,20,0
2023-03-01,ST102,P3038,40.0,20,0
2023-03-01,ST102,P3434,40.0,15,0
2023-03-01,ST103,P3125,40.0,20,0
2023-03-01,ST103,P3404,33.0,15,0
2023-03-01,ST103,P3017,37.0,20,0
2023-03-01,ST103,P3508,26.0,20,0
2023-03-01,ST103,P3314,31.0,5,0
2023-03-01,ST103,P3099,31.0,10,0
2023-03-01,ST103,P3138,32.0,10,0
2023-03-01,ST103,P3047,38.0,15,0
2023-03-01,ST103,P3113,30.0,5,0
2023-03-01,ST103,P3202,48.0,5,0
2023-03-01,ST103,P3329,32.0,15,0
2023-03-01,ST103,P3414,33.0,15,0
2023-03-01,ST103,P3278,34.0,20,0
2023-03-01,ST103,P3100,33.0,10,0
2023-03-01,ST103,P3054,38.0,10,0
2023-03-01,ST103,P3381,29.0,10,0
2023-03-01,ST103,P3037,37.0,10,0
2023-03-01,ST103,P3437,38.0,15,0
2023-03-01,ST103,P3504,30.0,10,0
2023-03-01,ST103,P3312,25.0,20,0
2023-03-01,ST103,P3386,33.0,20,0
2023-03-01,ST103,P3498,35.0,15,0
2023-03-01,ST103,P3168,32.0,5,0
2023-03-01,ST103,P3215,32.0,15,0
2023-03-01,ST103,P3450,32.0,10,0
2023-03-01,ST103,P3133,32.0,15,0
2023-03-01,ST103,P3511,23.0,20,0
2023-03-01,ST103,P3044,35.0,20,0
2023-03-01,ST103,P3153,44.0,15,0
2023-03-01,ST103,P3282,41.0,15,0
2023-03-01,ST103,P3254,45.0,5,0
2023-03-01,ST103,P3246,30.0,10,0
2023-03-01,ST103,P3093,31.0,10,0
2023-03-01,ST103,P3334,34.0,20,0
2023-03-01,ST103,P3012,32.0,5,0
2023-03-01,ST103,P3387,19.0,20,0
2023-03-01,ST103,P3366,34.0,20,0
2023-03-01,ST103,P3324,35.0,15,0
2023-03-01,ST103,P3320,32.0,5,0
2023-03-01,ST103,P3102,35.0,10,0
2023-03-01,ST103,P3023,27.0,20,0
2023-03-01,ST103,P3326,33.0,15,0
2023-03-01,ST103,P3285,31.0,20,0
2023-03-01,ST103,P3014,26.0,5,0
2023-03-01,ST103,P3346,29.0,20,0
2023-03-01,ST103,P3090,29.0,5,0
2023-03-01,ST103,P3083,39.0,15,0
2023-03-01,ST103,P3144,27.0,20,0
2023-03-01,ST103,P3451,42.0,20,0
2023-03-01,ST103,P3136,34.0,15,0
2023-03-01,ST103,P3065,37.0,5,0
2023-03-01,ST103,P3416,33.0,20,0
2023-03-01,ST103,P3066,37.0,15,0
2023-03-01,ST103,P3063,40.0,10,0
2023-03-01,ST103,P3245,38.0,15,0
2023-03-01,ST103,P3084,32.0,15,0
2023-03-01,ST103,P3348,34.0,10,0
2023-03-01,ST103,P3439,27.0,5,0
2023-03-01,ST103,P3185,37.0,15,0
2023-03-01,ST103,P3011,38.0,20,0
2023-03-01,ST104,P3390,33.0,10,0
2023-03-01,ST104,P3171,27.0,10,0
2023-03-01,ST104,P3455,34.0,15,0
2023-03-01,ST104,P3265,35.0,20,0
2023-03-01,ST104,P3189,44.0,20,0
2023-03-01,ST104,P3314,38.0,15,0
2023-03-01,ST104,P3213,31.0,10,0
2023-03-01,ST104,P3343,28.0,15,0
2023-03-01,ST104,P3186,41.0,20,0
2023-03-01,ST104,P3369,41.0,10,0
2023-03-01,ST104,P3330,35.0,15,0
2023-03-01,ST104,P3065,28.0,5,0
2023-03-01,ST104,P3223,31.0,20,0
2023-03-01,ST104,P3169,37.0,15,0
2023-03-01,ST104,P3159,45.0,10,0
2023-03-01,ST104,P3238,29.0,15,0
2023-03-01,ST104,P3363,34.0,20,0
2023-03-01,ST104,P3133,31.0,10,0
2023-03-01,ST104,P3393,34.0,5,0
2023-03-01,ST104,P3507,34.0,15,0
2023-03-01,ST104,P3352,32.0,20,0
2023-03-01,ST104,P3073,36.0,10,0
2023-03-01,ST104,P3377,44.0,15,0
2023-03-01,ST104,P3346,38.0,10,0
2023-03-01,ST104,P3309,41.0,20,0
2023-03-01,ST104,P3160,27.0,15,0
2023-03-01,ST104,P3098,26.0,15,0
2023-03-01,ST104,P3083,32.0,10,0
2023-03-01,ST104,P3325,38.0,10,0
2023-03-01,ST104,P3231,35.0,10,0
2023-03-01,ST104,P3359,41.0,10,0
2023-03-01,ST104,P3194,27.0,15,0
2023-03-01,ST104,P3486,37.0,5,0
2023-03-01,ST104,P3400,46.0,20,0
2023-03-01,ST104,P3028,35.0,20,0
2023-03-01,ST104,P3126,35.0,10,0
2023-03-01,ST104,P3013,38.0,5,0
2023-03-01,ST104,P3482,42.0,5,0
2023-03-01,ST104,P3045,31.0,5,0
2023-03-01,ST104,P3060,34.0,5,0
2023-03-01,ST104,P3172,28.0,15,0
2023-03-01,ST104,P3122,43.0,20,0
2023-03-01,ST104,P3111,43.0,5,0
2023-03-01,ST104,P3075,34.0,20,0
2023-03-01,ST104,P3278,30.0,10,0
2023-03-01,ST104,P3442,29.0,10,0
2023-03-01,ST104,P3246,33.0,15,0
2023-03-01,ST104,P3429,26.0,5,0
2023-03-01,ST104,P3034,37.0,15,0
2023-03-01,ST104,P3288,36.0,20,0
2023-03-01,ST104,P3417,28.0,10,0
2023-03-01,ST104,P3106,26.0,15,0
2023-03-01,ST104,P3293,22.0,20,0
2023-03-01,ST104,P3520,39.0,10,0
2023-03-01,ST104,P3002,35.0,15,0
2023-03-01,ST104,P3336,33.0,15,0
2023-03-01,ST104,P3456,41.0,15,0
2023-03-01,ST104,P3413,37.0,5,0
2023-03-01,ST104,P3499,40.0,5,0
2023-03-01,ST104,P3370,28.0,15,0
2023-03-01,ST105,P3105,26.0,20,0
2023-03-01,ST105,P3217,34.0,5,0
2023-03-01,ST105,P3268,31.0,15,0
2023-03-01,ST105,P3042,34.0,5,0
2023-03-01,ST105,P3108,29.0,20,0
2023-03-01,ST105,P3320,35.0,15,0
2023-03-01,ST105,P3207,28.0,20,0
2023-03-01,ST105,P3144,35.0,5,0
2023-03-01,ST105,P3182,33.0,15,0
2023-03-01,ST105,P3131,25.0,20,0
2023-03-01,ST105,P3340,27.0,10,0
2023-03-01,ST105,P3156,31.0,10,0
2023-03-01,ST105,P3189,34.0,10,0
2023-03-01,ST105,P3029,50.0,20,0
2023-03-01,ST105,P3033,28.0,15,0
2023-03-01,ST105,P3381,43.0,5,0
2023-03-01,ST105,P3030,32.0,20,0
2023-03-01,ST105,P3329,30.0,20,0
2023-03-01,ST105,P3441,33.0,5,0
2023-03-01,ST105,P3038,34.0,20,0
2023-03-01,ST105,P3421,46.0,5,0
2023-03-01,ST105,P3482,35.0,15,0
2023-03-01,ST105,P3008,36.0,15,0
2023-03-01,ST105,P3318,30.0,5,0
2023-03-01,ST105,P3462,45.0,5,0
2023-03-01,ST105,P3186,32.0,5,0
2023-03-01,ST105,P3384,32.0,20,0
2023-03-01,ST105,P3369,40.0,5,0
2023-03-01,ST105,P3308,34.0,5,0
2023-03-01,ST105,P3050,41.0,10,0
2023-03-01,ST105,P3162,36.0,15,0
2023-03-01,ST105,P3087,37.0,5,0
2023-03-01,ST105,P3439,38.0,5,0
2023-03-01,ST105,P3193,29.0,15,0
2023-03-01,ST105,P3473,32.0,5,0
2023-03-01,ST105,P3350,35.0,15,0
2023-03-01,ST105,P3393,42.0,10,0
2023-03-01,ST105,P3184,44.0,10,0
2023-03-01,ST105,P3490,34.0,5,0
2023-03-01,ST105,P3195,38.0,15,0
2023-03-01,ST105,P3300,30.0,10,0
2023-03-01,ST105,P3071,29.0,15,0
2023-03-01,ST105,P3247,25.0,10,0
2023-03-01,ST105,P3256,31.0,10,0
2023-03-01,ST105,P3266,38.0,15,0
2023-03-01,ST105,P3413,39.0,20,0
2023-03-01,ST105,P3467,35.0,10,0
2023-03-01,ST105,P3135,40.0,5,0
2023-03-01,ST105,P3041,30.0,5,0
2023-03-01,ST105,P3096,44.0,5,0
2023-03-01,ST105,P3273,42.0,15,0
2023-03-01,ST105,P3053,24.0,15,0
2023-03-01,ST105,P3331,43.0,5,0
2023-03-01,ST105,P3243,33.0,5,0
2023-03-01,ST105,P3417,37.0,15,0
2023-03-01,ST105,P3378,35.0,15,0
2023-03-01,ST105,P3181,20.0,10,0
2023-03-01,ST105,P3442,38.0,10,0
2023-03-01,ST105,P3334,37.0,15,0
2023-03-01,ST105,P3169,27.0,15,0
2023-03-01,ST106,P3173,41.0,20,0
2023-03-01,ST106,P3459,29.0,15,0
2023-03-01,ST106,P3197,40.0,10,0
2023-03-01,ST106,P3304,41.0,15,0
2023-03-01,ST106,P3472,42.0,20,0
2023-03-01,ST106,P3265,24.0,10,0
2023-03-01,ST106,P3413,36.0,15,0
2023-03-01,ST106,P3428,36.0,20,0
2023-03-01,ST106,P3047,29.0,20,0
2023-03-01,ST106,P3322,33.0,5,0
2023-03-01,ST106,P3278,25.0,15,0
2023-03-01,ST106,P3190,28.0,5,0
2023-03-01,ST106,P3261,31.0,15,0
2023-03-01,ST106,P3235,33.0,5,0
2023-03-01,ST106,P3515,26.0,10,0
2023-03-01,ST106,P3391,36.0,10,0
2023-03-01,ST106,P3098,33.0,10,0
2023-03-01,ST106,P3449,38.0,20,0
2023-03-01,ST106,P3138,29.0,20,0
2023-03-01,ST106,P3035,27.0,10,0
2023-03-01,ST106,P3476,32.0,5,0
2023-03-01,ST106,P3469,43.0,15,0
2023-03-01,ST106,P3352,23.0,15,0
2023-03-01,ST106,P3258,43.0,15,0
2023-03-01,ST106,P3485,33.0,5,0
2023-03-01,ST106,P3194,24.0,20,0
2023-03-01,ST106,P3053,29.0,10,0
2023-03-01,ST106,P3440,28.0,15,0
2023-03-01,ST106,P3316,26.0,15,0
2023-03-01,ST106,P3048,44.0,20,0
2023-03-01,ST106,P3175,37.0,10,0
2023-03-01,ST106,P3004,30.0,10,0
2023-03-01,ST106,P3170,45.0,5,0
2023-03-01,ST106,P3377,33.0,10,0
2023-03-01,ST106,P3015,39.0,20,0
2023-03-01,ST106,P3227,38.0,15,0
2023-03-01,ST106,P3392,39.0,5,0
2023-03-01,ST106,P3253,34.0,5,0
2023-03-01,ST106,P3401,26.0,15,0
2023-03-01,ST106,P3219,36.0,20,0
2023-03-01,ST106,P3486,43.0,5,0
2023-03-01,ST106,P3477,28.0,15,0
2023-03-01,ST106,P3429,30.0,5,0
2023-03-01,ST106,P3125,33.0,15,0
2023-03-01,ST106,P3290,35.0,20,0
2023-03-01,ST106,P3333,33.0,15,0
2023-03-01,ST106,P3163,31.0,15,0
2023-03-01,ST106,P3114,36.0,5,0
2023-03-01,ST106,P3372,41.0,10,0
2023-03-01,ST106,P3517,34.0,20,0
2023-03-01,ST106,P3281,27.0,15,0
2023-03-01,ST106,P3421,33.0,10,0
2023-03-01,ST106,P3275,35.0,5,0
2023-03-01,ST106,P3493,31.0,5,0
2023-03-01,ST106,P3185,37.0,20,0
2023-03-01,ST106,P3160,42.0,20,0
2023-03-01,ST106,P3189,37.0,20,0
2023-03-01,ST106,P3252,28.0,15,0
2023-03-01,ST106,P3500,39.0,5,0
2023-03-01,ST106,P3094,32.0,20,0
2023-03-01,ST107,P3343,39.0,10,0
2023-03-01,ST107,P3007,45.0,10,0
2023-03-01,ST107,P3505,31.0,10,0
2023-03-01,ST107,P3249,32.0,5,0
2023-03-01,ST107,P3458,40.0,5,0
2023-03-01,ST107,P3344,50.0,15,0
2023-03-01,ST107,P3129,32.0,5,0
2023-03-01,ST107,P3315,37.0,10,0
2023-03-01,ST107,P3119,37.0,20,0
2023-03-01,ST107,P3045,32.0,5,0
2023-03-01,ST107,P3417,37.0,20,0
2023-03-01,ST107,P3171,39.0,20,0
2023-03-01,ST107,P3399,32.0,5,0
2023-03-01,ST107,P3137,36.0,15,0
2023-03-01,ST107,P3488,45.0,20,0
2023-03-01,ST107,P3266,33.0,20,0
2023-03-01,ST107,P3036,35.0,20,0
2023-03-01,ST107,P3499,41.0,5,0
2023-03-01,ST107,P3263,45.0,5,0
2023-03-01,ST107,P3387,34.0,10,0
2023-03-01,ST107,P3481,45.0,15,0
2023-03-01,ST107,P3141,35.0,10,0
2023-03-01,ST107,P3191,24.0,5,0
2023-03-01,ST107,P3303,26.0,15,0
2023-03-01,ST107,P3247,40.0,20,0
2023-03-01,ST107,P3397,44.0,10,0
2023-03-01,ST107,P3437,35.0,10,0
2023-03-01,ST107,P3360,34.0,15,0
2023-03-01,ST107,P3314,24.0,20,0
2023-03-01,ST107,P3079,42.0,15,0
2023-03-01,ST107,P3105,23.0,15,0
2023-03-01,ST107,P3107,32.0,20,0
2023-03-01,ST107,P3442,46.0,15,0
2023-03-01,ST107,P3313,41.0,15,0
2023-03-01,ST107,P3253,34.0,10,0
2023-03-01,ST107,P3449,30.0,20,0
2023-03-01,ST107,P3237,47.0,15,0
2023-03-01,ST107,P3363,40.0,10,0
2023-03-01,ST107,P3124,41.0,10,0
2023-03-01,ST107,P3084,40.0,15,0
2023-03-01,ST107,P3001,37.0,5,0
2023-03-01,ST107,P3250,29.0,5,0
2023-03-01,ST107,P3358,31.0,10,0
2023-03-01,ST107,P3183,28.0,5,0
2023-03-01,ST107,P3182,33.0,15,0
2023-03-01,ST107,P3401,30.0,10,0
2023-03-01,ST107,P3209,25.0,20,0
2023-03-01,ST107,P3094,31.0,10,0
2023-03-01,ST107,P3357,27.0,5,0
2023-03-01,ST107,P3294,39.0,10,0
2023-03-01,ST107,P3196,,10,0
2023-03-01,ST107,P3184,44.0,5,0
2023-03-01,ST107,P3083,37.0,10,0
2023-03-01,ST107,P3163,32.0,15,0
2023-03-01,ST107,P3136,37.0,20,0
2023-03-01,ST107,P3006,31.0,20,0
2023-03-01,ST107,P3392,40.0,15,0
2023-03-01,ST107,P3223,30.0,5,0
2023-03-01,ST107,P3390,35.0,15,0
2023-03-01,ST107,P3272,45.0,20,0
2023-03-01,ST108,P3486,34.0,15,0
2023-03-01,ST108,P3036,30.0,15,0
2023-03-01,ST108,P3485,47.0,15,0
2023-03-01,ST108,P3167,35.0,5,0
2023-03-01,ST108,P3068,32.0,5,0
2023-03-01,ST108,P3469,34.0,10,0
2023-03-01,ST108,P3458,28.0,10,0
2023-03-01,ST108,P3064,42.0,20,0
2023-03-01,ST108,P3319,42.0,15,0
2023-03-01,ST108,P3038,41.0,5,0
2023-03-01,ST108,P3520,36.0,10,0
2023-03-01,ST108,P3281,25.0,20,0
2023-03-01,ST108,P3253,28.0,10,0
2023-03-01,ST108,P3449,24.0,20,0
2023-03-01,ST108,P3312,17.0,10,0
2023-03-01,ST108,P3092,27.0,15,0
2023-03-01,ST108,P3345,31.0,20,0
2023-03-01,ST108,P3497,33.0,10,0
2023-03-01,ST108,P3305,31.0,10,0
2023-03-01,ST108,P3263,27.0,5,0
2023-03-01,ST108,P3297,37.0,5,0
2023-03-01,ST108,P3010,33.0,15,0
2023-03-01,ST108,P3376,39.0,10,0
2023-03-01,ST108,P3272,45.0,10,0
2023-03-01,ST108,P3151,23.0,20,0
2023-03-01,ST108,P3506,37.0,10,0
2023-03-01,ST108,P3142,26.0,5,0
2023-03-01,ST108,P3298,34.0,5,0
2023-03-01,ST108,P3013,32.0,10,0
2023-03-01,ST108,P3489,30.0,15,0
2023-03-01,ST108,P3153,31.0,10,0
2023-03-01,ST108,P3105,41.0,15,0
2023-03-01,ST108,P3334,29.0,10,0
2023-03-01,ST108,P3116,43.0,20,0
2023-03-01,ST108,P3240,41.0,20,0
2023-03-01,ST108,P3450,31.0,15,0
2023-03-01,ST108,P3096,33.0,20,0
2023-03-01,ST108,P3072,37.0,15,0
2023-03-01,ST108,P3315,40.0,5,0
2023-03-01,ST108,P3291,31.0,10,0
2023-03-01,ST108,P3181,33.0,10,0
2023-03-01,ST108,P3208,36.0,5,0
2023-03-01,ST108,P3198,36.0,5,0
2023-03-01,ST108,P3093,30.0,10,0
2023-03-01,ST108,P3289,26.0,5,0
2023-03-01,ST108,P3004,43.0,10,0
2023-03-01,ST108,P3224,36.0,20,0
2023-03-01,ST108,P3452,30.0,10,0
2023-03-01,ST108,P3056,46.0,5,0
2023-03-01,ST108,P3195,38.0,10,0
2023-03-01,ST108,P3499,42.0,10,0
2023-03-01,ST108,P3199,32.0,10,0
2023-03-01,ST108,P3001,28.0,5,0
2023-03-01,ST108,P3378,34.0,20,0
2023-03-01,ST108,P3373,35.0,10,0
2023-03-01,ST108,P3230,40.0,10,0
2023-03-01,ST108,P3514,30.0,15,0
2023-03-01,ST108,P3243,47.0,5,0
2023-03-01,ST108,P3118,36.0,20,0
2023-03-01,ST108,P3325,35.0,10,0
2023-03-01,ST109,P3190,49.0,10,0
2023-03-01,ST109,P3005,32.0,15,0
2023-03-01,ST109,P3467,43.0,20,0
2023-03-01,ST109,P3481,35.0,20,0
2023-03-01,ST109,P3384,39.0,15,0
2023-03-01,ST109,P3179,30.0,15,0
2023-03-01,ST109,P3021,32.0,15,0
2023-03-01,ST109,P3076,37.0,10,0
2023-03-01,ST109,P3430,39.0,20,0
2023-03-01,ST109,P3412,33.0,15,0
2023-03-01,ST109,P3472,31.0,10,0
2023-03-01,ST109,P3049,43.0,10,0
2023-03-01,ST109,P3086,32.0,10,0
2023-03-01,ST109,P3308,38.0,5,0
2023-03-01,ST109,P3401,34.0,20,0
2023-03-01,ST109,P3296,42.0,20,0
2023-03-01,ST109,P3322,43.0,20,0
2023-03-01,ST109,P3117,32.0,20,0
2023-03-01,ST109,P3449,32.0,10,0
2023-03-01,ST109,P3431,37.0,5,0
2023-03-01,ST109,P3041,20.0,5,0
2023-03-01,ST109,P3206,35.0,20,0
2023-03-01,ST109,P3334,40.0,5,0
2023-03-01,ST109,P3403,33.0,15,0
2023-03-01,ST109,P3211,34.0,20,0
2023-03-01,ST109,P3230,40.0,10,0
2023-03-01,ST109,P3497,39.0,5,0
2023-03-01,ST109,P3276,33.0,15,0
2023-03-01,ST109,P3070,34.0,15,0
2023-03-01,ST109,P3273,33.0,5,0
2023-03-01,ST109,P3372,35.0,5,0
2023-03-01,ST109,P3434,35.0,15,0
2023-03-01,ST109,P3281,31.0,15,0
2023-03-01,ST109,P3022,35.0,5,0
2023-03-01,ST109,P3064,29.0,5,0
2023-03-01,ST109,P3468,32.0,15,0
2023-03-01,ST109,P3229,38.0,15,0
2023-03-01,ST109,P3279,32.0,20,0
2023-03-01,ST109,P3369,34.0,10,0
2023-03-01,ST109,P3153,34.0,15,0
2023-03-01,ST109,P3113,33.0,20,0
2023-03-01,ST109,P3249,39.0,5,0
2023-03-01,ST109,P3306,28.0,5,0
2023-03-01,ST109,P3267,38.0,15,0
2023-03-01,ST109,P3155,42.0,20,0
2023-03-01,ST109,P3122,34.0,20,0
2023-03-01,ST109,P3066,40.0,10,0
2023-03-01,ST109,P3057,39.0,10,0
2023-03-01,ST109,P3251,32.0,5,0
2023-03-01,ST109,P3478,29.0,5,0
2023-03-01,ST109,P3327,38.0,15,0
2023-03-01,ST109,P3487,31.0,5,0
2023-03-01,ST109,P3519,28.0,20,0
2023-03-01,ST109,P3516,32.0,5,0
2023-03-01,ST109,P3237,34.0,10,0
2023-03-01,ST109,P3219,26.0,10,0
2023-03-01,ST109,P3203,29.0,20,0
2023-03-01,ST109,P3048,33.0,15,0
2023-03-01,ST109,P3438,29.0,5,0
2023-03-01,ST109,P3105,43.0,10,0
2023-03-01,ST110,P3066,36.0,5,0
2023-03-01,ST110,P3332,40.0,10,0
2023-03-01,ST110,P3014,23.0,10,0
2023-03-01,ST110,P3058,33.0,20,0
2023-03-01,ST110,P3210,31.0,10,0
2023-03-01,ST110,P3156,41.0,15,0
2023-03-01,ST110,P3478,40.0,10,0
2023-03-01,ST110,P3140,33.0,10,0
2023-03-01,ST110,P3404,31.0,15,0
2023-03-01,ST110,P3431,30.0,10,0
2023-03-01,ST110,P3117,43.0,10,0
2023-03-01,ST110,P3161,40.0,10,0
2023-03-01,ST110,P3118,30.0,20,0
2023-03-01,ST110,P3225,29.0,20,0
2023-03-01,ST110,P3474,26.0,5,0
2023-03-01,ST110,P3111,32.0,20,0
2023-03-01,ST110,P3157,28.0,10,0
2023-03-01,ST110,P3173,42.0,5,0
2023-03-01,ST110,P3046,33.0,20,0
2023-03-01,ST110,P3302,35.0,20,0
2023-03-01,ST110,P3167,40.0,5,0
2023-03-01,ST110,P3511,26.0,20,0
2023-03-01,ST110,P3502,34.0,10,0
2023-03-01,ST110,P3349,41.0,15,0
2023-03-01,ST110,P3174,47.0,5,0
2023-03-01,ST110,P3081,36.0,15,0
2023-03-01,ST110,P3285,42.0,5,0
2023-03-01,ST110,P3045,34.0,5,0
2023-03-01,ST110,P3131,38.0,5,0
2023-03-01,ST110,P3075,29.0,15,0
2023-03-01,ST110,P3321,29.0,10,0
2023-03-01,ST110,P3278,25.0,10,0
2023-03-01,ST110,P3274,38.0,15,0
2023-03-01,ST110,P3360,38.0,10,0
2023-03-01,ST110,P3392,26.0,15,0
2023-03-01,ST110,P3177,38.0,5,0
2023-03-01,ST110,P3004,34.0,5,0
2023-03-01,ST110,P3380,37.0,20,0
2023-03-01,ST110,P3396,31.0,10,0
2023-03-01,ST110,P3136,44.0,20,0
2023-03-01,ST110,P3438,31.0,15,0
2023-03-01,ST110,P3119,34.0,10,0
2023-03-01,ST110,P3023,41.0,15,0
2023-03-01,ST110,P3259,32.0,20,0
2023-03-01,ST110,P3260,44.0,20,0
2023-03-01,ST110,P3466,37.0,10,0
2023-03-01,ST110,P3476,29.0,5,0
2023-03-01,ST110,P3114,37.0,15,0
2023-03-01,ST110,P3102,32.0,15,0
2023-03-01,ST110,P3039,44.0,20,0
2023-03-01,ST110,P3108,35.0,5,0
2023-03-01,ST110,P3255,38.0,10,0
2023-03-01,ST110,P3363,33.0,10,0
2023-03-01,ST110,P3205,34.0,5,0
2023-03-01,ST110,P3115,35.0,5,0
2023-03-01,ST110,P3303,19.0,5,0
2023-03-01,ST110,P3050,38.0,5,0
2023-03-01,ST110,P3201,30.0,5,0
2023-03-01,ST110,P3306,34.0,15,0
2023-03-01,ST110,P3067,38.0,5,0
2023-03-01,ST111,P3356,26.0,20,0
2023-03-01,ST111,P3198,32.0,10,0
2023-03-01,ST111,P3133,38.0,10,0
2023-03-01,ST111,P3238,32.0,5,0
2023-03-01,ST111,P3332,44.0,5,0
2023-03-01,ST111,P3384,42.0,5,0
2023-03-01,ST111,P3328,27.0,10,0
2023-03-01,ST111,P3255,29.0,10,0
2023-03-01,ST111,P3095,40.0,10,0
2023-03-01,ST111,P3391,37.0,15,0
2023-03-01,ST111,P3173,32.0,20,0
2023-03-01,ST111,P3213,34.0,20,0
2023-03-01,ST111,P3429,38.0,10,0
2023-03-01,ST111,P3253,40.0,20,0
2023-03-01,ST111,P3012,32.0,20,0
2023-03-01,ST111,P3519,37.0,10,0
2023-03-01,ST111,P3274,31.0,5,0
2023-03-01,ST111,P3433,47.0,5,0
2023-03-01,ST111,P3113,31.0,15,0
2023-03-01,ST111,P3227,41.0,5,0
2023-03-01,ST111,P3085,45.0,5,0
2023-03-01,ST111,P3081,46.0,20,0
2023-03-01,ST111,P3481,36.0,20,0
2023-03-01,ST111,P3443,38.0,20,0
2023-03-01,ST111,P3163,36.0,20,0
2023-03-01,ST111,P3087,46.0,15,0
2023-03-01,ST111,P3281,37.0,5,0
2023-03-01,ST111,P3489,30.0,20,0
2023-03-01,ST111,P3016,38.0,15,0
2023-03-01,ST111,P3343,32.0,15,0
2023-03-01,ST111,P3380,34.0,5,0
2023-03-01,ST111,P3287,35.0,20,0
2023-03-01,ST111,P3006,37.0,10,0
2023-03-01,ST111,P3507,37.0,5,0
2023-03-01,ST111,P3228,41.0,5,0
2023-03-01,ST111,P3036,47.0,10,0
2023-03-01,ST111,P3497,49.0,5,0
2023-03-01,ST111,P3100,38.0,5,0
2023-03-01,ST111,P3276,40.0,5,0
2023-03-01,ST111,P3317,26.0,20,0
2023-03-01,ST111,P3486,36.0,20,0
2023-03-01,ST111,P3119,31.0,20,0
2023-03-01,ST111,P3187,20.0,5,0
2023-03-01,ST111,P3148,38.0,20,0
2023-03-01,ST111,P3064,41.0,15,0
2023-03-01,ST111,P3283,36.0,15,0
2023-03-01,ST111,P3304,27.0,20,0
2023-03-01,ST111,P3320,30.0,5,0
2023-03-01,ST111,P3183,34.0,5,0
2023-03-01,ST111,P3242,37.0,10,0
2023-03-01,ST111,P3461,35.0,15,0
2023-03-01,ST111,P3485,39.0,10,0
2023-03-01,ST111,P3171,37.0,15,0
2023-03-01,ST111,P3025,40.0,10,0
2023-03-01,ST111,P3504,36.0,5,0
2023-03-01,ST111,P3062,35.0,15,0
2023-03-01,ST111,P3307,27.0,20,0
2023-03-01,ST111,P3194,29.0,5,0
2023-03-01,ST111,P3372,31.0,15,0
2023-03-01,ST111,P3217,40.0,5,0
2023-03-01,ST112,P3472,18.0,5,0
2023-03-01,ST112,P3282,31.0,15,0
2023-03-01,ST112,P3109,31.0,10,0
2023-03-01,ST112,P3349,37.0,20,0
2023-03-01,ST112,P3351,34.0,5,0
2023-03-01,ST112,P3051,37.0,5,0
2023-03-01,ST112,P3219,34.0,10,0
2023-03-01,ST112,P3366,40.0,5,0
2023-03-01,ST112,P3464,29.0,5,0
2023-03-01,ST112,P3125,35.0,20,0
2023-03-01,ST112,P3260,39.0,20,0
2023-03-01,ST112,P3020,52.0,15,0
2023-03-01,ST112,P3507,41.0,15,0
2023-03-01,ST112,P3080,30.0,10,0
2023-03-01,ST112,P3086,25.0,10,0
2023-03-01,ST112,P3137,32.0,10,0
2023-03-01,ST112,P3516,46.0,20,0
2023-03-01,ST112,P3102,33.0,20,0
2023-03-01,ST112,P3091,44.0,5,0
2023-03-01,ST112,P3144,35.0,5,0
2023-03-01,ST112,P3500,29.0,20,0
2023-03-01,ST112,P3154,37.0,5,0
2023-03-01,ST112,P3061,46.0,20,0
2023-03-01,ST112,P3320,38.0,5,0
2023-03-01,ST112,P3264,37.0,5,0
2023-03-01,ST112,P3350,36.0,15,0
2023-03-01,ST112,P3385,34.0,20,0
2023-03-01,ST112,P3483,35.0,15,0
2023-03-01,ST112,P3450,29.0,10,0
2023-03-01,ST112,P3277,42.0,5,0
2023-03-01,ST112,P3040,36.0,15,0
2023-03-01,ST112,P3414,31.0,15,0
2023-03-01,ST112,P3235,27.0,5,0
2023-03-01,ST112,P3466,38.0,5,0
2023-03-01,ST112,P3383,44.0,20,0
2023-03-01,ST112,P3452,42.0,10,0
2023-03-01,ST112,P3418,42.0,5,0
2023-03-01,ST112,P3199,45.0,10,0
2023-03-01,ST112,P3298,35.0,15,0
2023-03-01,ST112,P3064,41.0,20,0
2023-03-01,ST112,P3322,45.0,10,0
2023-03-01,ST112,P3313,36.0,20,0
2023-03-01,ST112,P3445,33.0,15,0
2023-03-01,ST112,P3029,37.0,20,0
2023-03-01,ST112,P3420,32.0,10,0
2023-03-01,ST112,P3469,33.0,20,0
2023-03-01,ST112,P3247,38.0,5,0
2023-03-01,ST112,P3028,,15,0
2023-03-01,ST112,P3108,36.0,15,0
2023-03-01,ST112,P3499,40.0,5,0
2023-03-01,ST112,P3304,30.0,5,0
2023-03-01,ST112,P3177,30.0,10,0
2023-03-01,ST112,P3419,33.0,5,0
2023-03-01,ST112,P3222,52.0,5,0
2023-03-01,ST112,P3226,34.0,5,0
2023-03-01,ST112,P3024,30.0,5,0
2023-03-01,ST112,P3377,36.0,5,0
2023-03-01,ST112,P3191,33.0,15,0
2023-03-01,ST112,P3386,33.0,20,0
2023-03-01,ST112,P3190,31.0,15,0
2023-03-01,ST113,P3217,31.0,20,0
2023-03-01,ST113,P3347,33.0,20,0
2023-03-01,ST113,P3086,35.0,5,0
2023-03-01,ST113,P3265,27.0,15,0
2023-03-01,ST113,P3079,44.0,15,0
2023-03-01,ST113,P3052,30.0,10,0
2023-03-01,ST113,P3191,44.0,15,0
2023-03-01,ST113,P3189,31.0,20,0
2023-03-01,ST113,P3358,39.0,10,0
2023-03-01,ST113,P3204,34.0,5,0
2023-03-01,ST113,P3449,39.0,10,0
2023-03-01,ST113,P3458,27.0,10,0
2023-03-01,ST113,P3019,37.0,15,0
2023-03-01,ST113,P3352,45.0,15,0
2023-03-01,ST113,P3260,46.0,15,0
2023-03-01,ST113,P3110,43.0,15,0
2023-03-01,ST113,P3511,26.0,20,0
2023-03-01,ST113,P3173,32.0,5,0
2023-03-01,ST113,P3194,31.0,5,0
2023-03-01,ST113,P3486,38.0,20,0
2023-03-01,ST113,P3473,35.0,10,0
2023-03-01,ST113,P3475,26.0,20,0
2023-03-01,ST113,P3172,31.0,10,0
2023-03-01,ST113,P3457,45.0,5,0
2023-03-01,ST113,P3351,42.0,5,0
2023-03-01,ST113,P3425,24.0,15,0
2023-03-01,ST113,P3399,40.0,10,0
2023-03-01,ST113,P3369,36.0,5,0
2023-03-01,ST113,P3359,39.0,10,0
2023-03-01,ST113,P3107,33.0,10,0
2023-03-01,ST113,P3390,38.0,5,0
2023-03-01,ST113,P3318,30.0,15,0
2023-03-01,ST113,P3438,40.0,20,0
2023-03-01,ST113,P3405,31.0,20,0
2023-03-01,ST113,P3304,40.0,5,0
2023-03-01,ST113,P3264,36.0,20,0
2023-03-01,ST113,P3259,34.0,5,0
2023-03-01,ST113,P3235,32.0,5,0
2023-03-01,ST113,P3229,34.0,20,0
2023-03-01,ST113,P3187,29.0,5,0
2023-03-01,ST113,P3154,37.0,10,0
2023-03-01,ST113,P3200,26.0,5,0
2023-03-01,ST113,P3422,42.0,10,0
2023-03-01,ST113,P3392,34.0,20,0
2023-03-01,ST113,P3070,33.0,10,0
2023-03-01,ST113,P3242,42.0,10,0
2023-03-01,ST113,P3333,39.0,5,0
2023-03-01,ST113,P3084,44.0,5,0
2023-03-01,ST113,P3400,29.0,20,0
2023-03-01,ST113,P3011,39.0,20,0
2023-03-01,ST113,P3445,28.0,20,0
2023-03-01,ST113,P3012,36.0,5,0
2023-03-01,ST113,P3494,35.0,20,0
2023-03-01,ST113,P3153,45.0,15,0
2023-03-01,ST113,P3467,36.0,20,0
2023-03-01,ST113,P3454,24.0,10,0
2023-03-01,ST113,P3103,28.0,10,0
2023-03-01,ST113,P3396,47.0,15,0
2023-03-01,ST113,P3319,38.0,10,0
2023-03-01,ST113,P3270,23.0,10,0
2023-03-01,ST114,P3212,31.0,20,0
2023-03-01,ST114,P3348,31.0,10,0
2023-03-01,ST114,P3180,30.0,10,0
2023-03-01,ST114,P3254,,15,0
2023-03-01,ST114,P3061,28.0,5,0
2023-03-01,ST114,P3289,37.0,10,0
2023-03-01,ST114,P3368,35.0,20,0
2023-03-01,ST114,P3264,29.0,15,0
2023-03-01,ST114,P3090,32.0,15,0
2023-03-01,ST114,P3455,29.0,20,0
2023-03-01,ST114,P3303,34.0,5,0
2023-03-01,ST114,P3491,28.0,5,0
2023-03-01,ST114,P3278,32.0,10,0
2023-03-01,ST114,P3257,43.0,10,0
2023-03-01,ST114,P3408,35.0,15,0
2023-03-01,ST114,P3047,48.0,5,0
2023-03-01,ST114,P3164,31.0,5,0
2023-03-01,ST114,P3134,38.0,15,0
2023-03-01,ST114,P3046,30.0,10,0
2023-03-01,ST114,P3166,33.0,5,0
2023-03-01,ST114,P3431,36.0,5,0
2023-03-01,ST114,P3357,38.0,20,0
2023-03-01,ST114,P3470,35.0,15,0
2023-03-01,ST114,P3058,34.0,15,0
2023-03-01,ST114,P3463,29.0,20,0
2023-03-01,ST114,P3021,26.0,20,0
2023-03-01,ST114,P3424,37.0,15,0
2023-03-01,ST114,P3263,45.0,20,0
2023-03-01,ST114,P3508,28.0,5,0
2023-03-01,ST114,P3473,38.0,5,0
2023-03-01,ST114,P3330,31.0,20,0
2023-03-01,ST114,P3399,34.0,10,0
2023-03-01,ST114,P3262,37.0,20,0
2023-03-01,ST114,P3135,34.0,20,0
2023-03-01,ST114,P3230,34.0,5,0
2023-03-01,ST114,P3186,40.0,5,0
2023-03-01,ST114,P3096,30.0,10,0
2023-03-01,ST114,P3042,28.0,10,0
2023-03-01,ST114,P3098,37.0,15,0
2023-03-01,ST114,P3048,36.0,15,0
2023-03-01,ST114,P3144,31.0,5,0
2023-03-01,ST114,P3123,29.0,20,0
2023-03-01,ST114,P3489,35.0,5,0
2023-03-01,ST114,P3352,39.0,5,0
2023-03-01,ST114,P3371,44.0,20,0
2023-03-01,ST114,P3065,31.0,10,0
2023-03-01,ST114,P3509,41.0,5,0
2023-03-01,ST114,P3313,44.0,5,0
2023-03-01,ST114,P3471,43.0,10,0
2023-03-01,ST114,P3433,31.0,5,0
2023-03-01,ST114,P3341,28.0,15,0
2023-03-01,ST114,P3328,31.0,20,0
2023-03-01,ST114,P3319,42.0,5,0
2023-03-01,ST114,P3306,26.0,15,0
2023-03-01,ST114,P3388,30.0,15,0
2023-03-01,ST114,P3402,25.0,15,0
2023-03-01,ST114,P3031,49.0,10,0
2023-03-01,ST114,P3465,37.0,20,0
2023-03-01,ST114,P3451,31.0,5,0
2023-03-01,ST114,P3307,39.0,5,0
2023-03-01,ST115,P3132,39.0,5,0
2023-03-01,ST115,P3333,30.0,5,0
2023-03-01,ST115,P3237,26.0,20,0
2023-03-01,ST115,P3476,41.0,5,0
2023-03-01,ST115,P3092,44.0,5,0
2023-03-01,ST115,P3344,24.0,5,0
2023-03-01,ST115,P3060,30.0,5,0
2023-03-01,ST115,P3163,26.0,5,0
2023-03-01,ST115,P3055,34.0,15,0
2023-03-01,ST115,P3056,30.0,20,0
2023-03-01,ST115,P3320,38.0,20,0
2023-03-01,ST115,P3217,33.0,10,0
2023-03-01,ST115,P3085,29.0,5,0
2023-03-01,ST115,P3511,31.0,15,0
2023-03-01,ST115,P3512,28.0,5,0
2023-03-01,ST115,P3093,46.0,20,0
2023-03-01,ST115,P3299,27.0,20,0
2023-03-01,ST115,P3334,43.0,10,0
2023-03-01,ST115,P3279,43.0,15,0
2023-03-01,ST115,P3216,42.0,15,0
2023-03-01,ST115,P3357,22.0,15,0
2023-03-01,ST115,P3016,32.0,15,0
2023-03-01,ST115,P3167,35.0,20,0
2023-03-01,ST115,P3005,44.0,20,0
2023-03-01,ST115,P3003,38.0,10,0
2023-03-01,ST115,P3017,42.0,10,0
2023-03-01,ST115,P3068,35.0,20,0
2023-03-01,ST115,P3088,37.0,20,0
2023-03-01,ST115,P3363,40.0,20,0
2023-03-01,ST115,P3020,32.0,20,0
2023-03-01,ST115,P3516,41.0,15,0
2023-03-01,ST115,P3465,38.0,5,0
2023-03-01,ST115,P3261,44.0,20,0
2023-03-01,ST115,P3252,33.0,5,0
2023-03-01,ST115,P3404,34.0,5,0
2023-03-01,ST115,P3202,38.0,20,0
2023-03-01,ST115,P3486,33.0,5,0
2023-03-01,ST115,P3089,30.0,5,0
2023-03-01,ST115,P3300,49.0,10,0
2023-03-01,ST115,P3098,30.0,10,0
2023-03-01,ST115,P3500,41.0,10,0
2023-03-01,ST115,P3432,38.0,20,0
2023-03-01,ST115,P3230,26.0,5,0
2023-03-01,ST115,P3275,43.0,15,0
2023-03-01,ST115,P3321,31.0,15,0
2023-03-01,ST115,P3101,32.0,20,0
2023-03-01,ST115,P3478,31.0,10,0
2023-03-01,ST115,P3074,43.0,20,0
2023-03-01,ST115,P3382,32.0,20,0
2023-03-01,ST115,P3463,30.0,10,0
2023-03-01,ST115,P3045,30.0,10,0
2023-03-01,ST115,P3296,50.0,20,0
2023-03-01,ST115,P3397,35.0,20,0
2023-03-01,ST115,P3105,28.0,10,0
2023-03-01,ST115,P3438,28.0,10,0
2023-03-01,ST115,P3474,27.0,20,0
2023-03-01,ST115,P3497,31.0,5,0
2023-03-01,ST115,P3212,41.0,5,0
2023-03-01,ST115,P3460,37.0,5,0
2023-03-01,ST115,P3118,33.0,5,0
2023-03-01,ST116,P3435,29.0,15,0
2023-03-01,ST116,P3376,37.0,10,0
2023-03-01,ST116,P3175,26.0,5,0
2023-03-01,ST116,P3503,33.0,5,0
2023-03-01,ST116,P3141,41.0,20,0
2023-03-01,ST116,P3317,43.0,15,0
2023-03-01,ST116,P3500,32.0,20,0
2023-03-01,ST116,P3024,29.0,10,0
2023-03-01,ST116,P3366,36.0,5,0
2023-03-01,ST116,P3374,35.0,20,0
2023-03-01,ST116,P3202,31.0,10,0
2023-03-01,ST116,P3303,37.0,15,0
2023-03-01,ST116,P3253,42.0,10,0
2023-03-01,ST116,P3199,35.0,20,0
2023-03-01,ST116,P3027,37.0,20,0
2023-03-01,ST116,P3149,42.0,20,0
2023-03-01,ST116,P3063,28.0,15,0
2023-03-01,ST116,P3023,34.0,20,0
2023-03-01,ST116,P3075,28.0,5,0
2023-03-01,ST116,P3449,33.0,15,0
2023-03-01,ST116,P3068,46.0,20,0
2023-03-01,ST116,P3323,41.0,20,0
2023-03-01,ST116,P3033,46.0,10,0
2023-03-01,ST116,P3383,30.0,20,0
2023-03-01,ST116,P3122,19.0,15,0
2023-03-01,ST116,P3412,35.0,10,0
2023-03-01,ST116,P3291,30.0,15,0
2023-03-01,ST116,P3332,37.0,20,0
2023-03-01,ST116,P3472,50.0,15,0
2023-03-01,ST116,P3474,30.0,10,0
2023-03-01,ST116,P3101,40.0,15,0
2023-03-01,ST116,P3241,43.0,15,0
2023-03-01,ST116,P3347,39.0,10,0
2023-03-01,ST116,P3179,18.0,15,0
2023-03-01,ST116,P3154,29.0,10,0
2023-03-01,ST116,P3316,35.0,20,0
2023-03-01,ST116,P3495,44.0,20,0
2023-03-01,ST116,P3270,25.0,20,0
2023-03-01,ST116,P3277,26.0,10,0
2023-03-01,ST116,P3108,27.0,15,0
2023-03-01,ST116,P3100,32.0,5,0
2023-03-01,ST116,P3422,35.0,15,0
2023-03-01,ST116,P3511,29.0,5,0
2023-03-01,ST116,P3415,26.0,10,0
2023-03-01,ST116,P3074,28.0,20,0
2023-03-01,ST116,P3133,27.0,10,0
2023-03-01,ST116,P3313,26.0,5,0
2023-03-01,ST116,P3262,35.0,15,0
2023-03-01,ST116,P3442,41.0,15,0
2023-03-01,ST116,P3324,30.0,5,0
2023-03-01,ST116,P3247,37.0,10,0
2023-03-01,ST116,P3238,35.0,15,0
2023-03-01,ST116,P3452,42.0,5,0
2023-03-01,ST116,P3461,43.0,5,0
2023-03-01,ST116,P3428,,10,0
2023-03-01,ST116,P3293,35.0,10,0
2023-03-01,ST116,P3010,51.0,10,0
2023-03-01,ST116,P3097,39.0,5,0
2023-03-01,ST116,P3136,23.0,10,0
2023-03-01,ST116,P3118,31.0,5,0
2023-03-01,ST117,P3512,35.0,15,0
2023-03-01,ST117,P3314,40.0,20,0
2023-03-01,ST117,P3428,36.0,20,0
2023-03-01,ST117,P3168,40.0,20,0
2023-03-01,ST117,P3323,31.0,10,0
2023-03-01,ST117,P3096,36.0,20,0
2023-03-01,ST117,P3039,34.0,15,0
2023-03-01,ST117,P3008,28.0,20,0
2023-03-01,ST117,P3493,36.0,5,0
2023-03-01,ST117,P3076,35.0,5,0
2023-03-01,ST117,P3333,26.0,10,0
2023-03-01,ST117,P3160,36.0,15,0
2023-03-01,ST117,P3048,27.0,10,0
2023-03-01,ST117,P3454,31.0,20,0
2023-03-01,ST117,P3016,27.0,15,0
2023-03-01,ST117,P3144,43.0,20,0
2023-03-01,ST117,P3452,32.0,10,0
2023-03-01,ST117,P3123,42.0,5,0
2023-03-01,ST117,P3022,53.0,15,0
2023-03-01,ST117,P3379,23.0,5,0
2023-03-01,ST117,P3190,22.0,10,0
2023-03-01,ST117,P3019,47.0,10,0
2023-03-01,ST117,P3262,40.0,10,0
2023-03-01,ST117,P3413,32.0,5,0
2023-03-01,ST117,P3279,43.0,20,0
2023-03-01,ST117,P3307,50.0,15,0
2023-03-01,ST117,P3503,39.0,10,0
2023-03-01,ST117,P3005,28.0,20,0
2023-03-01,ST117,P3486,30.0,10,0
2023-03-01,ST117,P3402,31.0,10,0
2023-03-01,ST117,P3151,32.0,5,0
2023-03-01,ST117,P3225,52.0,15,0
2023-03-01,ST117,P3218,33.0,20,0
2023-03-01,ST117,P3424,30.0,15,0
2023-03-01,ST117,P3488,42.0,5,0
2023-03-01,ST117,P3508,30.0,15,0
2023-03-01,ST117,P3288,30.0,5,0
2023-03-01,ST117,P3362,30.0,15,0
2023-03-01,ST117,P3386,42.0,15,0
2023-03-01,ST117,P3483,22.0,20,0
2023-03-01,ST117,P3115,29.0,5,0
2023-03-01,ST117,P3198,35.0,15,0
2023-03-01,ST117,P3215,28.0,15,0
2023-03-01,ST117,P3271,25.0,5,0
2023-03-01,ST117,P3049,31.0,5,0
2023-03-01,ST117,P3446,36.0,15,0
2023-03-01,ST117,P3095,29.0,20,0
2023-03-01,ST117,P3089,26.0,10,0
2023-03-01,ST117,P3087,35.0,20,0
2023-03-01,ST117,P3421,32.0,5,0
2023-03-01,ST117,P3469,30.0,20,0
2023-03-01,ST117,P3221,36.0,15,0
2023-03-01,ST117,P3111,40.0,5,0
2023-03-01,ST117,P3367,42.0,5,0
2023-03-01,ST117,P3047,30.0,5,0
2023-03-01,ST117,P3079,32.0,15,0
2023-03-01,ST117,P3411,36.0,5,0
2023-03-01,ST117,P3210,33.0,20,0
2023-03-01,ST117,P3365,37.0,5,0
2023-03-01,ST117,P3171,31.0,5,0
2023-03-01,ST118,P3203,36.0,10,0
2023-03-01,ST118,P3131,33.0,15,0
2023-03-01,ST118,P3089,33.0,20,0
2023-03-01,ST118,P3374,30.0,5,0
2023-03-01,ST118,P3068,34.0,10,0
2023-03-01,ST118,P3436,32.0,15,0
2023-03-01,ST118,P3490,36.0,10,0
2023-03-01,ST118,P3232,27.0,5,0
2023-03-01,ST118,P3224,35.0,10,0
2023-03-01,ST118,P3016,36.0,5,0
2023-03-01,ST118,P3035,26.0,5,0
2023-03-01,ST118,P3273,30.0,15,0
2023-03-01,ST118,P3520,34.0,20,0
2023-03-01,ST118,P3081,33.0,15,0
2023-03-01,ST118,P3510,37.0,5,0
2023-03-01,ST118,P3357,36.0,5,0
2023-03-01,ST118,P3356,47.0,15,0
2023-03-01,ST118,P3458,38.0,15,0
2023-03-01,ST118,P3285,34.0,5,0
2023-03-01,ST118,P3116,25.0,15,0
2023-03-01,ST118,P3170,28.0,20,0
2023-03-01,ST118,P3496,34.0,5,0
2023-03-01,ST118,P3368,38.0,5,0
2023-03-01,ST118,P3054,39.0,10,0
2023-03-01,ST118,P3087,24.0,10,0
2023-03-01,ST118,P3029,31.0,20,0
2023-03-01,ST118,P3244,33.0,15,0
2023-03-01,ST118,P3317,29.0,5,0
2023-03-01,ST118,P3047,34.0,10,0
2023-03-01,ST118,P3014,44.0,15,0
2023-03-01,ST118,P3484,26.0,15,0
2023-03-01,ST118,P3335,36.0,5,0
2023-03-01,ST118,P3159,40.0,10,0
2023-03-01,ST118,P3215,34.0,15,0
2023-03-01,ST118,P3242,42.0,10,0
2023-03-01,ST118,P3057,47.0,20,0
2023-03-01,ST118,P3002,30.0,10,0
2023-03-01,ST118,P3245,36.0,20,0
2023-03-01,ST118,P3230,37.0,10,0
2023-03-01,ST118,P3509,29.0,10,0
2023-03-01,ST118,P3210,30.0,20,0
2023-03-01,ST118,P3355,29.0,5,0
2023-03-01,ST118,P3266,29.0,5,0
2023-03-01,ST118,P3492,44.0,5,0
2023-03-01,ST118,P3001,34.0,20,0
2023-03-01,ST118,P3138,30.0,10,0
2023-03-01,ST118,P3397,34.0,5,0
2023-03-01,ST118,P3360,34.0,20,0
2023-03-01,ST118,P3284,38.0,20,0
2023-03-01,ST118,P3395,41.0,15,0
2023-03-01,ST118,P3090,45.0,15,0
2023-03-01,ST118,P3008,32.0,20,0
2023-03-01,ST118,P3428,28.0,5,0
2023-03-01,ST118,P3199,35.0,5,0
2023-03-01,ST118,P3419,39.0,10,0
2023-03-01,ST118,P3405,36.0,20,0
2023-03-01,ST118,P3352,36.0,10,0
2023-03-01,ST118,P3503,29.0,5,0
2023-03-01,ST118,P3084,41.0,10,0
2023-03-01,ST118,P3145,41.0,5,0
2023-04-01,ST101,P3503,39.0,20,0
2023-04-01,ST101,P3129,41.0,10,0
2023-04-01,ST101,P3432,27.0,15,0
2023-04-01,ST101,P3349,36.0,20,0
2023-04-01,ST101,P3226,32.0,15,0
2023-04-01,ST101,P3462,31.0,15,0
2023-04-01,ST101,P3372,37.0,10,0
2023-04-01,ST101,P3288,39.0,20,0
2023-04-01,ST101,P3043,33.0,5,0
2023-04-01,ST101,P3046,27.0,20,0
2023-04-01,ST101,P3120,38.0,20,0
2023-04-01,ST101,P3195,41.0,20,0
2023-04-01,ST101,P3086,46.0,15,0
2023-04-01,ST101,P3512,38.0,15,0
2023-04-01,ST101,P3032,30.0,10,0
2023-04-01,ST101,P3072,40.0,20,0
2023-04-01,ST101,P3165,29.0,5,0
2023-04-01,ST101,P3495,40.0,20,0
2023-04-01,ST101,P3036,43.0,5,0
2023-04-01,ST101,P3459,33.0,15,0
2023-04-01,ST101,P3463,33.0,15,0
2023-04-01,ST101,P3051,39.0,15,0
2023-04-01,ST101,P3408,39.0,5,0
2023-04-01,ST101,P3249,43.0,5,0
2023-04-01,ST101,P3012,32.0,20,0
2023-04-01,ST101,P3225,27.0,15,0
2023-04-01,ST101,P3454,31.0,5,0
2023-04-01,ST101,P3066,43.0,10,0
2023-04-01,ST101,P3266,35.0,5,0
2023-04-01,ST101,P3140,33.0,20,0
2023-04-01,ST101,P3044,46.0,5,0
2023-04-01,ST101,P3480,47.0,15,0
2023-04-01,ST101,P3365,25.0,20,0
2023-04-01,ST101,P3018,44.0,20,0
2023-04-01,ST101,P3198,34.0,15,0
2023-04-01,ST101,P3017,47.0,5,0
2023-04-01,ST101,P3273,40.0,10,0
2023-04-01,ST101,P3122,26.0,5,0
2023-04-01,ST101,P3104,28.0,20,0
2023-04-01,ST101,P3100,43.0,10,0
2023-04-01,ST101,P3173,43.0,5,0
2023-04-01,ST101,P3203,31.0,5,0
2023-04-01,ST101,P3475,35.0,5,0
2023-04-01,ST101,P3498,42.0,20,0
2023-04-01,ST101,P3084,28.0,10,0
2023-04-01,ST101,P3190,27.0,10,0
2023-04-01,ST101,P3124,39.0,10,0
2023-04-01,ST101,P3358,37.0,10,0
2023-04-01,ST101,P3286,48.0,15,0
2023-04-01,ST101,P3393,31.0,15,0
2023-04-01,ST101,P3492,36.0,10,0
2023-04-01,ST101,P3409,32.0,10,0
2023-04-01,ST101,P3160,34.0,15,0
2023-04-01,ST101,P3313,37.0,20,0
2023-04-01,ST101,P3208,26.0,10,0
2023-04-01,ST101,P3331,24.0,15,0
2023-04-01,ST101,P3152,37.0,10,0
2023-04-01,ST101,P3187,19.0,5,0
2023-04-01,ST101,P3519,44.0,5,0
2023-04-01,ST101,P3019,22.0,15,0
2023-04-01,ST102,P3343,34.0,15,0
2023-04-01,ST102,P3437,30.0,15,0
2023-04-01,ST102,P3432,44.0,5,0
2023-04-01,ST102,P3027,33.0,10,0
2023-04-01,ST102,P3060,43.0,20,0
2023-04-01,ST102,P3237,39.0,5,0
2023-04-01,ST102,P3472,39.0,15,0
2023-04-01,ST102,P3354,28.0,20,0
2023-04-01,ST102,P3210,30.0,15,0
2023-04-01,ST102,P3200,30.0,20,0
2023-04-01,ST102,P3170,32.0,10,0
2023-04-01,ST102,P3197,22.0,20,0
2023-04-01,ST102,P3188,29.0,5,0
2023-04-01,ST102,P3115,40.0,5,0
2023-04-01,ST102,P3171,29.0,10,0
2023-04-01,ST102,P3307,41.0,10,0
2023-04-01,ST102,P3174,43.0,20,0
2023-04-01,ST102,P3445,42.0,20,0
2023-04-01,ST102,P3320,41.0,15,0
2023-04-01,ST102,P3385,34.0,10,0
2023-04-01,ST102,P3109,32.0,10,0
2023-04-01,ST102,P3183,30.0,5,0
2023-04-01,ST102,P3433,41.0,5,0
2023-04-01,ST102,P3255,26.0,20,0
2023-04-01,ST102,P3162,21.0,5,0
2023-04-01,ST102,P3140,28.0,20,0
2023-04-01,ST102,P3163,32.0,15,0
2023-04-01,ST102,P3034,37.0,20,0
2023-04-01,ST102,P3442,40.0,20,0
2023-04-01,ST102,P3423,37.0,20,0
2023-04-01,ST102,P3475,32.0,15,0
2023-04-01,ST102,P3242,27.0,15,0
2023-04-01,ST102,P3434,35.0,15,0
2023-04-01,ST102,P3261,29.0,15,0
2023-04-01,ST102,P3473,37.0,15,0
2023-04-01,ST102,P3299,32.0,5,0
2023-04-01,ST102,P3023,44.0,20,0
2023-04-01,ST102,P3091,44.0,10,0
2023-04-01,ST102,P3002,36.0,15,0
2023-04-01,ST102,P3287,44.0,10,0
2023-04-01,ST102,P3087,24.0,15,0
2023-04-01,ST102,P3201,38.0,5,0
2023-04-01,ST102,P3331,45.0,15,0
2023-04-01,ST102,P3222,33.0,15,0
2023-04-01,ST102,P3121,36.0,5,0
2023-04-01,ST102,P3428,34.0,5,0
2023-04-01,ST102,P3110,28.0,10,0
2023-04-01,ST102,P3247,29.0,15,0
2023-04-01,ST102,P3455,35.0,10,0
2023-04-01,ST102,P3347,28.0,15,0
2023-04-01,ST102,P3122,40.0,10,0
2023-04-01,ST102,P3431,40.0,5,0
2023-04-01,ST102,P3120,27.0,15,0
2023-04-01,ST102,P3317,39.0,10,0
2023-04-01,ST102,P3288,46.0,5,0
2023-04-01,ST102,P3081,31.0,5,0
2023-04-01,ST102,P3177,32.0,15,0
2023-04-01,ST102,P3408,39.0,15,0
2023-04-01,ST102,P3193,40.0,5,0
2023-04-01,ST102,P3098,38.0,10,0
2023-04-01,ST103,P3136,36.0,10,0
2023-04-01,ST103,P3511,32.0,5,0
2023-04-01,ST103,P3456,32.0,20,0
2023-04-01,ST103,P3123,41.0,15,0
2023-04-01,ST103,P3124,27.0,10,0
2023-04-01,ST103,P3161,31.0,10,0
2023-04-01,ST103,P3409,33.0,5,0
2023-04-01,ST103,P3329,38.0,15,0
2023-04-01,ST103,P3489,37.0,15,0
2023-04-01,ST103,P3337,29.0,5,0
2023-04-01,ST103,P3266,24.0,10,0
2023-04-01,ST103,P3061,36.0,5,0
2023-04-01,ST103,P3332,31.0,20,0
2023-04-01,ST103,P3304,38.0,5,0
2023-04-01,ST103,P3025,25.0,5,0
2023-04-01,ST103,P3374,29.0,5,0
2023-04-01,ST103,P3216,40.0,5,0
2023-04-01,ST103,P3303,54.0,10,0
2023-04-01,ST103,P3375,32.0,5,0
2023-04-01,ST103,P3318,42.0,10,0
2023-04-01,ST103,P3103,35.0,5,0
2023-04-01,ST103,P3205,29.0,20,0
2023-04-01,ST103,P3514,33.0,10,0
2023-04-01,ST103,P3241,41.0,20,0
2023-04-01,ST103,P3363,30.0,5,0
2023-04-01,ST103,P3352,34.0,10,0
2023-04-01,ST103,P3102,22.0,10,0
2023-04-01,ST103,P3047,41.0,5,0
2023-04-01,ST103,P3120,44.0,5,0
2023-04-01,ST103,P3202,48.0,10,0
2023-04-01,ST103,P3015,36.0,20,0
2023-04-01,ST103,P3479,31.0,5,0
2023-04-01,ST103,P3212,30.0,20,0
2023-04-01,ST103,P3194,44.0,10,0
2023-04-01,ST103,P3465,39.0,15,0
2023-04-01,ST103,P3065,41.0,15,0
2023-04-01,ST103,P3190,21.0,10,0
2023-04-01,ST103,P3327,34.0,5,0
2023-04-01,ST103,P3029,35.0,15,0
2023-04-01,ST103,P3516,32.0,20,0
2023-04-01,ST103,P3143,38.0,15,0
2023-04-01,ST103,P3341,36.0,10,0
2023-04-01,ST103,P3372,33.0,15,0
2023-04-01,ST103,P3031,31.0,5,0
2023-04-01,ST103,P3180,25.0,10,0
2023-04-01,ST103,P3285,45.0,5,0
2023-04-01,ST103,P3322,37.0,20,0
2023-04-01,ST103,P3213,30.0,10,0
2023-04-01,ST103,P3411,33.0,15,0
2023-04-01,ST103,P3098,40.0,5,0
2023-04-01,ST103,P3016,31.0,20,0
2023-04-01,ST103,P3401,45.0,5,0
2023-04-01,ST103,P3410,,15,0
2023-04-01,ST103,P3242,32.0,10,0
2023-04-01,ST103,P3443,36.0,20,0
2023-04-01,ST103,P3364,42.0,10,0
2023-04-01,ST103,P3071,39.0,15,0
2023-04-01,ST103,P3274,33.0,5,0
2023-04-01,ST103,P3084,41.0,10,0
2023-04-01,ST103,P3001,47.0,20,0
2023-04-01,ST104,P3004,45.0,15,0
2023-04-01,ST104,P3147,30.0,20,0
2023-04-01,ST104,P3200,39.0,20,0
2023-04-01,ST104,P3520,34.0,5,0
2023-04-01,ST104,P3353,42.0,15,0
2023-04-01,ST104,P3223,36.0,10,0
2023-04-01,ST104,P3441,35.0,5,0
2023-04-01,ST104,P3181,31.0,20,0
2023-04-01,ST104,P3472,40.0,5,0
2023-04-01,ST104,P3482,34.0,10,0
2023-04-01,ST104,P3076,37.0,5,0
2023-04-01,ST104,P3115,38.0,10,0
2023-04-01,ST104,P3254,37.0,5,0
2023-04-01,ST104,P3248,25.0,10,0
2023-04-01,ST104,P3150,33.0,15,0
2023-04-01,ST104,P3493,26.0,10,0
2023-04-01,ST104,P3377,38.0,5,0
2023-04-01,ST104,P3010,40.0,5,0
2023-04-01,ST104,P3185,32.0,15,0
2023-04-01,ST104,P3090,45.0,5,0
2023-04-01,ST104,P3180,40.0,15,0
2023-04-01,ST104,P3327,23.0,5,0
2023-04-01,ST104,P3080,51.0,15,0
2023-04-01,ST104,P3401,34.0,5,0
2023-04-01,ST104,P3363,30.0,20,0
2023-04-01,ST104,P3432,24.0,5,0
2023-04-01,ST104,P3354,32.0,5,0
2023-04-01,ST104,P3199,33.0,20,0
2023-04-01,ST104,P3459,38.0,10,0
2023-04-01,ST104,P3035,35.0,5,0
2023-04-01,ST104,P3338,30.0,20,0
2023-04-01,ST104,P3509,35.0,15,0
2023-04-01,ST104,P3208,32.0,20,0
2023-04-01,ST104,P3368,39.0,20,0
2023-04-01,ST104,P3022,36.0,5,0
2023-04-01,ST104,P3069,32.0,15,0
2023-04-01,ST104,P3317,27.0,20,0
2023-04-01,ST104,P3462,25.0,20,0
2023-04-01,ST104,P3202,39.0,5,0
2023-04-01,ST104,P3413,42.0,10,0
2023-04-01,ST104,P3326,29.0,15,0
2023-04-01,ST104,P3380,32.0,20,0
2023-04-01,ST104,P3474,27.0,20,0
2023-04-01,ST104,P3008,31.0,20,0
2023-04-01,ST104,P3310,36.0,15,0
2023-04-01,ST104,P3329,26.0,15,0
2023-04-01,ST104,P3175,39.0,5,0
2023-04-01,ST104,P3186,25.0,20,0
2023-04-01,ST104,P3375,24.0,20,0
2023-04-01,ST104,P3502,43.0,10,0
2023-04-01,ST104,P3443,35.0,10,0
2023-04-01,ST104,P3093,36.0,5,0
2023-04-01,ST104,P3473,41.0,15,0
2023-04-01,ST104,P3396,30.0,5,0
2023-04-01,ST104,P3207,33.0,15,0
2023-04-01,ST104,P3381,31.0,10,0
2023-04-01,ST104,P3437,26.0,20,0
2023-04-01,ST104,P3330,31.0,15,0
2023-04-01,ST104,P3047,29.0,10,0
2023-04-01,ST104,P3083,25.0,20,0
2023-04-01,ST105,P3475,41.0,10,0
2023-04-01,ST105,P3066,31.0,5,0
2023-04-01,ST105,P3201,41.0,20,0
2023-04-01,ST105,P3395,32.0,20,0
2023-04-01,ST105,P3459,35.0,10,0
2023-04-01,ST105,P3431,38.0,5,0
2023-04-01,ST105,P3199,32.0,10,0
2023-04-01,ST105,P3127,39.0,10,0
2023-04-01,ST105,P3345,27.0,5,0
2023-04-01,ST105,P3197,36.0,10,0
2023-04-01,ST105,P3015,35.0,10,0
2023-04-01,ST105,P3018,33.0,10,0
2023-04-01,ST105,P3169,41.0,10,0
2023-04-01,ST105,P3447,34.0,10,0
2023-04-01,ST105,P3044,33.0,5,0
2023-04-01,ST105,P3491,42.0,15,0
2023-04-01,ST105,P3425,31.0,15,0
2023-04-01,ST105,P3157,29.0,20,0
2023-04-01,ST105,P3354,43.0,15,0
2023-04-01,ST105,P3462,39.0,20,0
2023-04-01,ST105,P3196,33.0,20,0
2023-04-01,ST105,P3247,32.0,15,0
2023-04-01,ST105,P3124,38.0,15,0
2023-04-01,ST105,P3065,36.0,15,0
2023-04-01,ST105,P3266,40.0,10,0
2023-04-01,ST105,P3259,36.0,10,0
2023-04-01,ST105,P3050,38.0,10,0
2023-04-01,ST105,P3406,35.0,5,0
2023-04-01,ST105,P3471,28.0,15,0
2023-04-01,ST105,P3322,33.0,15,0
2023-04-01,ST105,P3251,30.0,10,0
2023-04-01,ST105,P3328,38.0,10,0
2023-04-01,ST105,P3128,24.0,20,0
2023-04-01,ST105,P3255,32.0,20,0
2023-04-01,ST105,P3347,31.0,5,0
2023-04-01,ST105,P3339,27.0,15,0
2023-04-01,ST105,P3069,30.0,20,0
2023-04-01,ST105,P3019,36.0,5,0
2023-04-01,ST105,P3490,38.0,20,0
2023-04-01,ST105,P3091,41.0,5,0
2023-04-01,ST105,P3469,33.0,20,0
2023-04-01,ST105,P3188,40.0,15,0
2023-04-01,ST105,P3394,43.0,10,0
2023-04-01,ST105,P3035,27.0,15,0
2023-04-01,ST105,P3092,30.0,15,0
2023-04-01,ST105,P3210,43.0,10,0
2023-04-01,ST105,P3080,35.0,5,0
2023-04-01,ST105,P3182,30.0,15,0
2023-04-01,ST105,P3428,34.0,20,0
2023-04-01,ST105,P3086,24.0,15,0
2023-04-01,ST105,P3073,32.0,20,0
2023-04-01,ST105,P3505,33.0,20,0
2023-04-01,ST105,P3477,32.0,20,0
2023-04-01,ST105,P3282,32.0,5,0
2023-04-01,ST105,P3062,34.0,20,0
2023-04-01,ST105,P3299,40.0,15,0
2023-04-01,ST105,P3004,34.0,20,0
2023-04-01,ST105,P3240,40.0,20,0
2023-04-01,ST105,P3072,40.0,15,0
2023-04-01,ST105,P3498,33.0,20,0
2023-04-01,ST106,P3418,36.0,10,0
2023-04-01,ST106,P3444,48.0,15,0
2023-04-01,ST106,P3297,45.0,15,0
2023-04-01,ST106,P3171,42.0,20,0
2023-04-01,ST106,P3044,46.0,5,0
2023-04-01,ST106,P3207,32.0,10,0
2023-04-01,ST106,P3143,37.0,5,0
2023-04-01,ST106,P3154,30.0,10,0
2023-04-01,ST106,P3474,42.0,5,0
2023-04-01,ST106,P3510,40.0,10,0
2023-04-01,ST106,P3445,27.0,20,0
2023-04-01,ST106,P3489,37.0,5,0
2023-04-01,ST106,P3181,40.0,15,0
2023-04-01,ST106,P3332,29.0,5,0
2023-04-01,ST106,P3312,38.0,20,0
2023-04-01,ST106,P3199,36.0,20,0
2023-04-01,ST106,P3241,39.0,20,0
2023-04-01,ST106,P3229,34.0,10,0
2023-04-01,ST106,P3431,30.0,20,0
2023-04-01,ST106,P3420,41.0,10,0
2023-04-01,ST106,P3074,37.0,5,0
2023-04-01,ST106,P3182,31.0,15,0
2023-04-01,ST106,P3025,38.0,10,0
2023-04-01,ST106,P3426,41.0,15,0
2023-04-01,ST106,P3284,33.0,10,0
2023-04-01,ST106,P3194,37.0,15,0
2023-04-01,ST106,P3103,39.0,10,0
2023-04-01,ST106,P3220,29.0,5,0
2023-04-01,ST106,P3424,33.0,10,0
2023-04-01,ST106,P3397,44.0,5,0
2023-04-01,ST106,P3156,38.0,10,0
2023-04-01,ST106,P3014,26.0,5,0
2023-04-01,ST106,P3163,31.0,15,0
2023-04-01,ST106,P3094,53.0,15,0
2023-04-01,ST106,P3288,30.0,5,0
2023-04-01,ST106,P3004,33.0,5,0
2023-04-01,ST106,P3400,31.0,20,0
2023-04-01,ST106,P3011,39.0,15,0
2023-04-01,ST106,P3399,36.0,20,0
2023-04-01,ST106,P3137,27.0,5,0
2023-04-01,ST106,P3102,35.0,15,0
2023-04-01,ST106,P3048,39.0,20,0
2023-04-01,ST106,P3513,35.0,20,0
2023-04-01,ST106,P3449,42.0,20,0
2023-04-01,ST106,P3410,26.0,10,0
2023-04-01,ST106,P3069,32.0,20,0
2023-04-01,ST106,P3070,21.0,5,0
2023-04-01,ST106,P3308,31.0,20,0
2023-04-01,ST106,P3015,42.0,15,0
2023-04-01,ST106,P3223,37.0,10,0
2023-04-01,ST106,P3016,34.0,5,0
2023-04-01,ST106,P3152,34.0,10,0
2023-04-01,ST106,P3213,36.0,10,0
2023-04-01,ST106,P3118,36.0,20,0
2023-04-01,ST106,P3047,38.0,15,0
2023-04-01,ST106,P3290,41.0,10,0
2023-04-01,ST106,P3373,24.0,15,0
2023-04-01,ST106,P3279,31.0,15,0
2023-04-01,ST106,P3465,38.0,20,0
2023-04-01,ST106,P3355,33.0,15,0
2023-04-01,ST107,P3008,39.0,15,0
2023-04-01,ST107,P3494,32.0,20,0
2023-04-01,ST107,P3033,30.0,15,0
2023-04-01,ST107,P3321,25.0,5,0
2023-04-01,ST107,P3078,33.0,15,0
2023-04-01,ST107,P3207,30.0,5,0
2023-04-01,ST107,P3129,48.0,10,0
2023-04-01,ST107,P3226,40.0,5,0
2023-04-01,ST107,P3125,34.0,20,0
2023-04-01,ST107,P3519,28.0,15,0
2023-04-01,ST107,P3121,34.0,10,0
2023-04-01,ST107,P3149,15.0,15,0
2023-04-01,ST107,P3436,36.0,5,0
2023-04-01,ST107,P3152,27.0,20,0
2023-04-01,ST107,P3167,41.0,20,0
2023-04-01,ST107,P3339,35.0,10,0
2023-04-01,ST107,P3117,33.0,20,0
2023-04-01,ST107,P3028,34.0,20,0
2023-04-01,ST107,P3238,32.0,15,0
2023-04-01,ST107,P3439,37.0,15,0
2023-04-01,ST107,P3470,39.0,20,0
2023-04-01,ST107,P3481,43.0,5,0
2023-04-01,ST107,P3076,27.0,20,0
2023-04-01,ST107,P3397,28.0,20,0
2023-04-01,ST107,P3133,45.0,20,0
2023-04-01,ST107,P3281,32.0,20,0
2023-04-01,ST107,P3102,48.0,10,0
2023-04-01,ST107,P3088,36.0,20,0
2023-04-01,ST107,P3197,34.0,15,0
2023-04-01,ST107,P3105,41.0,15,0
2023-04-01,ST107,P3024,33.0,15,0
2023-04-01,ST107,P3309,33.0,5,0
2023-04-01,ST107,P3202,30.0,20,0
2023-04-01,ST107,P3178,39.0,10,0
2023-04-01,ST107,P3455,27.0,20,0
2023-04-01,ST107,P3221,41.0,20,0
2023-04-01,ST107,P3027,31.0,10,0
2023-04-01,ST107,P3358,35.0,5,0
2023-04-01,ST107,P3367,36.0,5,0
2023-04-01,ST107,P3333,40.0,10,0
2023-04-01,ST107,P3177,30.0,5,0
2023-04-01,ST107,P3126,50.0,15,0
2023-04-01,ST107,P3391,,5,0
2023-04-01,ST107,P3502,36.0,15,0
2023-04-01,ST107,P3307,35.0,5,0
2023-04-01,ST107,P3051,36.0,15,0
2023-04-01,ST107,P3314,34.0,20,0
2023-04-01,ST107,P3360,26.0,10,0
2023-04-01,ST107,P3328,43.0,5,0
2023-04-01,ST107,P3303,36.0,15,0
2023-04-01,ST107,P3195,38.0,10,0
2023-04-01,ST107,P3499,35.0,15,0
2023-04-01,ST107,P3172,34.0,20,0
2023-04-01,ST107,P3463,26.0,5,0
2023-04-01,ST107,P3097,33.0,10,0
2023-04-01,ST107,P3466,41.0,10,0
2023-04-01,ST107,P3058,38.0,10,0
2023-04-01,ST107,P3416,30.0,10,0
2023-04-01,ST107,P3072,44.0,5,0
2023-04-01,ST107,P3262,35.0,5,0
2023-04-01,ST108,P3084,27.0,20,0
2023-04-01,ST108,P3131,39.0,10,0
2023-04-01,ST108,P3346,45.0,10,0
2023-04-01,ST108,P3492,27.0,15,0
2023-04-01,ST108,P3461,43.0,5,0
2023-04-01,ST108,P3164,29.0,10,0
2023-04-01,ST108,P3064,35.0,10,0
2023-04-01,ST108,P3456,38.0,5,0
2023-04-01,ST108,P3493,39.0,5,0
2023-04-01,ST108,P3352,30.0,15,0
2023-04-01,ST108,P3197,21.0,10,0
2023-04-01,ST108,P3362,34.0,10,0
2023-04-01,ST108,P3052,34.0,20,0
2023-04-01,ST108,P3160,38.0,15,0
2023-04-01,ST108,P3222,41.0,5,0
2023-04-01,ST108,P3027,41.0,10,0
2023-04-01,ST108,P3485,40.0,10,0
2023-04-01,ST108,P3165,35.0,15,0
2023-04-01,ST108,P3073,30.0,10,0
2023-04-01,ST108,P3257,40.0,15,0
2023-04-01,ST108,P3266,39.0,10,0
2023-04-01,ST108,P3243,25.0,5,0
2023-04-01,ST108,P3397,32.0,15,0
2023-04-01,ST108,P3515,46.0,20,0
2023-04-01,ST108,P3436,37.0,20,0
2023-04-01,ST108,P3268,41.0,10,0
2023-04-01,ST108,P3386,26.0,10,0
2023-04-01,ST108,P3403,40.0,20,0
2023-04-01,ST108,P3330,29.0,15,0
2023-04-01,ST108,P3373,28.0,5,0
2023-04-01,ST108,P3467,36.0,10,0
2023-04-01,ST108,P3449,36.0,10,0
2023-04-01,ST108,P3344,39.0,10,0
2023-04-01,ST108,P3321,33.0,20,0
2023-04-01,ST108,P3185,41.0,5,0
2023-04-01,ST108,P3077,33.0,10,0
2023-04-01,ST108,P3465,28.0,20,0
2023-04-01,ST108,P3217,46.0,10,0
2023-04-01,ST108,P3442,46.0,20,0
2023-04-01,ST108,P3071,37.0,15,0
2023-04-01,ST108,P3489,26.0,15,0
2023-04-01,ST108,P3026,42.0,20,0
2023-04-01,ST108,P3355,29.0,5,0
2023-04-01,ST108,P3466,36.0,10,0
2023-04-01,ST108,P3434,37.0,5,0
2023-04-01,ST108,P3342,37.0,10,0
2023-04-01,ST108,P3410,40.0,15,0
2023-04-01,ST108,P3237,34.0,5,0
2023-04-01,ST108,P3273,42.0,5,0
2023-04-01,ST108,P3481,45.0,5,0
2023-04-01,ST108,P3148,26.0,20,0
2023-04-01,ST108,P3209,28.0,15,0
2023-04-01,ST108,P3350,42.0,20,0
2023-04-01,ST108,P3241,30.0,10,0
2023-04-01,ST108,P3319,46.0,15,0
2023-04-01,ST108,P3095,38.0,20,0
2023-04-01,ST108,P3023,28.0,15,0
2023-04-01,ST108,P3154,42.0,15,0
2023-04-01,ST108,P3039,28.0,20,0
2023-04-01,ST108,P3060,39.0,10,0
2023-04-01,ST109,P3238,36.0,15,0
2023-04-01,ST109,P3055,43.0,10,0
2023-04-01,ST109,P3242,45.0,20,0
2023-04-01,ST109,P3405,42.0,20,0
2023-04-01,ST109,P3421,32.0,5,0
2023-04-01,ST109,P3317,41.0,20,0
2023-04-01,ST109,P3195,41.0,5,0
2023-04-01,ST109,P3460,35.0,20,0
2023-04-01,ST109,P3145,35.0,20,0
2023-04-01,ST109,P3341,39.0,5,0
2023-04-01,ST109,P3036,42.0,15,0
2023-04-01,ST109,P3092,22.0,5,0
2023-04-01,ST109,P3486,39.0,15,0
2023-04-01,ST109,P3412,33.0,15,0
2023-04-01,ST109,P3388,25.0,15,0
2023-04-01,ST109,P3419,43.0,5,0
2023-04-01,ST109,P3505,36.0,10,0
2023-04-01,ST109,P3358,40.0,10,0
2023-04-01,ST109,P3225,29.0,10,0
2023-04-01,ST109,P3042,29.0,15,0
2023-04-01,ST109,P3361,39.0,5,0
2023-04-01,ST109,P3097,43.0,10,0
2023-04-01,ST109,P3459,34.0,15,0
2023-04-01,ST109,P3086,36.0,20,0
2023-04-01,ST109,P3362,42.0,15,0
2023-04-01,ST109,P3247,34.0,5,0
2023-04-01,ST109,P3469,38.0,15,0
2023-04-01,ST109,P3245,43.0,15,0
2023-04-01,ST109,P3061,35.0,10,0
2023-04-01,ST109,P3458,41.0,15,0
2023-04-01,ST109,P3394,32.0,15,0
2023-04-01,ST109,P3045,42.0,15,0
2023-04-01,ST109,P3177,35.0,10,0
2023-04-01,ST109,P3123,38.0,20,0
2023-04-01,ST109,P3100,32.0,15,0
2023-04-01,ST109,P3067,31.0,20,0
2023-04-01,ST109,P3441,41.0,20,0
2023-04-01,ST109,P3284,35.0,15,0
2023-04-01,ST109,P3192,33.0,20,0
2023-04-01,ST109,P3517,41.0,10,0
2023-04-01,ST109,P3220,28.0,15,0
2023-04-01,ST109,P3151,26.0,15,0
2023-04-01,ST109,P3480,39.0,10,0
2023-04-01,ST109,P3287,36.0,10,0
2023-04-01,ST109,P3291,28.0,15,0
2023-04-01,ST109,P3211,32.0,20,0
2023-04-01,ST109,P3027,45.0,20,0
2023-04-01,ST109,P3502,39.0,15,0
2023-04-01,ST109,P3082,29.0,20,0
2023-04-01,ST109,P3305,37.0,20,0
2023-04-01,ST109,P3423,36.0,20,0
2023-04-01,ST109,P3233,34.0,10,0
2023-04-01,ST109,P3102,32.0,15,0
2023-04-01,ST109,P3103,29.0,15,0
2023-04-01,ST109,P3030,28.0,5,0
2023-04-01,ST109,P3418,36.0,5,0
2023-04-01,ST109,P3462,31.0,15,0
2023-04-01,ST109,P3409,40.0,5,0
2023-04-01,ST109,P3137,40.0,5,0
2023-04-01,ST109,P3239,23.0,20,0
2023-04-01,ST110,P3186,29.0,20,0
2023-04-01,ST110,P3288,35.0,5,0
2023-04-01,ST110,P3037,32.0,5,0
2023-04-01,ST110,P3472,31.0,20,0
2023-04-01,ST110,P3289,36.0,20,0
2023-04-01,ST110,P3161,42.0,15,0
2023-04-01,ST110,P3111,32.0,20,0
2023-04-01,ST110,P3108,31.0,5,0
2023-04-01,ST110,P3113,33.0,20,0
2023-04-01,ST110,P3242,44.0,10,0
2023-04-01,ST110,P3078,46.0,5,0
2023-04-01,ST110,P3361,45.0,10,0
2023-04-01,ST110,P3458,28.0,15,0
2023-04-01,ST110,P3364,43.0,20,0
2023-04-01,ST110,P3492,41.0,5,0
2023-04-01,ST110,P3406,37.0,20,0
2023-04-01,ST110,P3261,35.0,5,0
2023-04-01,ST110,P3034,34.0,10,0
2023-04-01,ST110,P3018,39.0,10,0
2023-04-01,ST110,P3265,34.0,20,0
2023-04-01,ST110,P3060,26.0,10,0
2023-04-01,ST110,P3195,27.0,5,0
2023-04-01,ST110,P3463,37.0,20,0
2023-04-01,ST110,P3427,34.0,10,0
2023-04-01,ST110,P3159,34.0,10,0
2023-04-01,ST110,P3249,29.0,15,0
2023-04-01,ST110,P3063,33.0,15,0
2023-04-01,ST110,P3323,42.0,15,0
2023-04-01,ST110,P3422,31.0,20,0
2023-04-01,ST110,P3104,29.0,15,0
2023-04-01,ST110,P3014,23.0,15,0
2023-04-01,ST110,P3082,34.0,20,0
2023-04-01,ST110,P3399,35.0,5,0
2023-04-01,ST110,P3070,36.0,5,0
2023-04-01,ST110,P3455,47.0,10,0
2023-04-01,ST110,P3316,43.0,20,0
2023-04-01,ST110,P3238,47.0,15,0
2023-04-01,ST110,P3005,28.0,15,0
2023-04-01,ST110,P3068,24.0,15,0
2023-04-01,ST110,P3505,42.0,15,0
2023-04-01,ST110,P3402,33.0,10,0
2023-04-01,ST110,P3414,31.0,15,0
2023-04-01,ST110,P3095,32.0,15,0
2023-04-01,ST110,P3146,48.0,5,0
2023-04-01,ST110,P3444,40.0,5,0
2023-04-01,ST110,P3202,25.0,5,0
2023-04-01,ST110,P3054,44.0,10,0
2023-04-01,ST110,P3149,27.0,20,0
2023-04-01,ST110,P3057,41.0,10,0
2023-04-01,ST110,P3262,32.0,20,0
2023-04-01,ST110,P3205,31.0,20,0
2023-04-01,ST110,P3092,26.0,5,0
2023-04-01,ST110,P3157,25.0,20,0
2023-04-01,ST110,P3433,39.0,5,0
2023-04-01,ST110,P3201,41.0,20,0
2023-04-01,ST110,P3254,41.0,20,0
2023-04-01,ST110,P3154,44.0,20,0
2023-04-01,ST110,P3475,24.0,15,0
2023-04-01,ST110,P3209,25.0,20,0
2023-04-01,ST110,P3075,38.0,15,0
2023-04-01,ST111,P3338,33.0,15,0
2023-04-01,ST111,P3129,37.0,20,0
2023-04-01,ST111,P3038,28.0,20,0
2023-04-01,ST111,P3149,25.0,20,0
2023-04-01,ST111,P3410,34.0,10,0
2023-04-01,ST111,P3286,39.0,20,0
2023-04-01,ST111,P3475,36.0,10,0
2023-04-01,ST111,P3254,37.0,10,0
2023-04-01,ST111,P3476,35.0,5,0
2023-04-01,ST111,P3318,38.0,20,0
2023-04-01,ST111,P3391,30.0,20,0
2023-04-01,ST111,P3444,44.0,10,0
2023-04-01,ST111,P3408,33.0,5,0
2023-04-01,ST111,P3186,26.0,15,0
2023-04-01,ST111,P3097,30.0,10,0
2023-04-01,ST111,P3442,32.0,15,0
2023-04-01,ST111,P3393,30.0,5,0
2023-04-01,ST111,P3132,37.0,20,0
2023-04-01,ST111,P3517,42.0,10,0
2023-04-01,ST111,P3362,37.0,20,0
2023-04-01,ST111,P3336,36.0,5,0
2023-04-01,ST111,P3507,34.0,5,0
2023-04-01,ST111,P3372,34.0,5,0
2023-04-01,ST111,P3307,38.0,15,0
2023-04-01,ST111,P3299,42.0,20,0
2023-04-01,ST111,P3342,37.0,5,0
2023-04-01,ST111,P3227,37.0,20,0
2023-04-01,ST111,P3246,27.0,15,0
2023-04-01,ST111,P3163,30.0,15,0
2023-04-01,ST111,P3118,42.0,15,0
2023-04-01,ST111,P3207,33.0,20,0
2023-04-01,ST111,P3160,23.0,20,0
2023-04-01,ST111,P3142,43.0,5,0
2023-04-01,ST111,P3392,38.0,15,0
2023-04-01,ST111,P3505,34.0,5,0
2023-04-01,ST111,P3008,43.0,5,0
2023-04-01,ST111,P3262,32.0,5,0
2023-04-01,ST111,P3134,27.0,10,0
2023-04-01,ST111,P3458,30.0,10,0
2023-04-01,ST111,P3441,31.0,20,0
2023-04-01,ST111,P3500,34.0,10,0
2023-04-01,ST111,P3138,44.0,10,0
2023-04-01,ST111,P3304,28.0,5,0
2023-04-01,ST111,P3477,32.0,10,0
2023-04-01,ST111,P3215,33.0,10,0
2023-04-01,ST111,P3180,26.0,15,0
2023-04-01,ST111,P3428,21.0,15,0
2023-04-01,ST111,P3497,36.0,15,0
2023-04-01,ST111,P3019,36.0,10,0
2023-04-01,ST111,P3072,36.0,20,0
2023-04-01,ST111,P3328,31.0,20,0
2023-04-01,ST111,P3003,38.0,15,0
2023-04-01,ST111,P3478,32.0,20,0
2023-04-01,ST111,P3264,40.0,5,0
2023-04-01,ST111,P3057,29.0,20,0
2023-04-01,ST111,P3039,33.0,10,0
2023-04-01,ST111,P3369,33.0,15,0
2023-04-01,ST111,P3417,33.0,10,0
2023-04-01,ST111,P3081,24.0,20,0
2023-04-01,ST111,P3001,36.0,15,0
2023-04-01,ST112,P3426,28.0,20,0
2023-04-01,ST112,P3377,37.0,20,0
2023-04-01,ST112,P3365,37.0,20,0
2023-04-01,ST112,P3226,33.0,10,0
2023-04-01,ST112,P3051,28.0,15,0
2023-04-01,ST112,P3107,28.0,10,0
2023-04-01,ST112,P3131,43.0,10,0
2023-04-01,ST112,P3316,42.0,15,0
2023-04-01,ST112,P3263,35.0,20,0
2023-04-01,ST112,P3220,32.0,10,0
2023-04-01,ST112,P3375,35.0,10,0
2023-04-01,ST112,P3153,32.0,10,0
2023-04-01,ST112,P3129,27.0,20,0
2023-04-01,ST112,P3196,37.0,10,0
2023-04-01,ST112,P3468,39.0,10,0
2023-04-01,ST112,P3167,37.0,10,0
2023-04-01,ST112,P3102,29.0,10,0
2023-04-01,ST112,P3417,30.0,5,0
2023-04-01,ST112,P3177,33.0,10,0
2023-04-01,ST112,P3259,38.0,10,0
2023-04-01,ST112,P3305,40.0,10,0
2023-04-01,ST112,P3388,33.0,15,0
2023-04-01,ST112,P3344,43.0,5,0
2023-04-01,ST112,P3398,28.0,10,0
2023-04-01,ST112,P3519,34.0,15,0
2023-04-01,ST112,P3504,34.0,10,0
2023-04-01,ST112,P3430,37.0,20,0
2023-04-01,ST112,P3150,39.0,10,0
2023-04-01,ST112,P3439,38.0,20,0
2023-04-01,ST112,P3126,42.0,10,0
2023-04-01,ST112,P3411,43.0,5,0
2023-04-01,ST112,P3304,44.0,10,0
2023-04-01,ST112,P3499,25.0,10,0
2023-04-01,ST112,P3272,35.0,5,0
2023-04-01,ST112,P3323,37.0,5,0
2023-04-01,ST112,P3146,34.0,10,0
2023-04-01,ST112,P3506,43.0,15,0
2023-04-01,ST112,P3403,26.0,20,0
2023-04-01,ST112,P3028,34.0,5,0
2023-04-01,ST112,P3075,38.0,5,0
2023-04-01,ST112,P3194,25.0,20,0
2023-04-01,ST112,P3340,28.0,15,0
2023-04-01,ST112,P3053,46.0,15,0
2023-04-01,ST112,P3092,34.0,5,0
2023-04-01,ST112,P3195,33.0,10,0
2023-04-01,ST112,P3074,39.0,20,0
2023-04-01,ST112,P3025,36.0,15,0
2023-04-01,ST112,P3007,30.0,20,0
2023-04-01,ST112,P3421,29.0,5,0
2023-04-01,ST112,P3236,37.0,15,0
2023-04-01,ST112,P3203,43.0,15,0
2023-04-01,ST112,P3298,34.0,5,0
2023-04-01,ST112,P3269,34.0,10,0
2023-04-01,ST112,P3113,41.0,15,0
2023-04-01,ST112,P3179,29.0,15,0
2023-04-01,ST112,P3270,35.0,10,0
2023-04-01,ST112,P3396,25.0,15,0
2023-04-01,ST112,P3402,45.0,20,0
2023-04-01,ST112,P3083,38.0,15,0
2023-04-01,ST112,P3170,37.0,10,0
2023-04-01,ST113,P3298,36.0,20,0
2023-04-01,ST113,P3345,45.0,5,0
2023-04-01,ST113,P3253,32.0,15,0
2023-04-01,ST113,P3462,37.0,5,0
2023-04-01,ST113,P3085,32.0,20,0
2023-04-01,ST113,P3134,37.0,5,0
2023-04-01,ST113,P3218,36.0,10,0
2023-04-01,ST113,P3223,34.0,5,0
2023-04-01,ST113,P3306,21.0,20,0
2023-04-01,ST113,P3020,36.0,20,0
2023-04-01,ST113,P3229,37.0,10,0
2023-04-01,ST113,P3099,27.0,20,0
2023-04-01,ST113,P3418,31.0,10,0
2023-04-01,ST113,P3043,44.0,5,0
2023-04-01,ST113,P3042,41.0,5,0
2023-04-01,ST113,P3337,38.0,15,0
2023-04-01,ST113,P3148,37.0,15,0
2023-04-01,ST113,P3343,36.0,20,0
2023-04-01,ST113,P3214,38.0,10,0
2023-04-01,ST113,P3448,30.0,20,0
2023-04-01,ST113,P3108,34.0,10,0
2023-04-01,ST113,P3074,39.0,20,0
2023-04-01,ST113,P3438,39.0,10,0
2023-04-01,ST113,P3294,29.0,10,0
2023-04-01,ST113,P3079,42.0,15,0
2023-04-01,ST113,P3434,28.0,10,0
2023-04-01,ST113,P3281,39.0,15,0
2023-04-01,ST113,P3432,40.0,15,0
2023-04-01,ST113,P3206,25.0,10,0
2023-04-01,ST113,P3369,46.0,5,0
2023-04-01,ST113,P3105,34.0,5,0
2023-04-01,ST113,P3388,29.0,20,0
2023-04-01,ST113,P3067,27.0,20,0
2023-04-01,ST113,P3142,34.0,10,0
2023-04-01,ST113,P3160,40.0,10,0
2023-04-01,ST113,P3485,34.0,15,0
2023-04-01,ST113,P3138,36.0,15,0
2023-04-01,ST113,P3091,46.0,20,0
2023-04-01,ST113,P3439,21.0,20,0
2023-04-01,ST113,P3225,24.0,10,0
2023-04-01,ST113,P3114,33.0,10,0
2023-04-01,ST113,P3468,33.0,5,0
2023-04-01,ST113,P3161,22.0,10,0
2023-04-01,ST113,P3151,33.0,20,0
2023-04-01,ST113,P3443,31.0,10,0
2023-04-01,ST113,P3231,37.0,5,0
2023-04-01,ST113,P3154,38.0,20,0
2023-04-01,ST113,P3164,36.0,20,0
2023-04-01,ST113,P3065,35.0,20,0
2023-04-01,ST113,P3118,35.0,20,0
2023-04-01,ST113,P3090,36.0,5,0
2023-04-01,ST113,P3510,29.0,10,0
2023-04-01,ST113,P3475,39.0,5,0
2023-04-01,ST113,P3145,32.0,20,0
2023-04-01,ST113,P3518,29.0,5,0
2023-04-01,ST113,P3279,35.0,5,0
2023-04-01,ST113,P3001,31.0,5,0
2023-04-01,ST113,P3380,37.0,5,0
2023-04-01,ST113,P3185,28.0,20,0
2023-04-01,ST113,P3430,40.0,20,0
2023-04-01,ST114,P3146,32.0,10,0
2023-04-01,ST114,P3305,34.0,15,0
2023-04-01,ST114,P3414,31.0,10,0
2023-04-01,ST114,P3226,28.0,10,0
2023-04-01,ST114,P3110,26.0,15,0
2023-04-01,ST114,P3144,27.0,20,0
2023-04-01,ST114,P3029,38.0,10,0
2023-04-01,ST114,P3237,35.0,15,0
2023-04-01,ST114,P3111,33.0,5,0
2023-04-01,ST114,P3458,45.0,20,0
2023-04-01,ST114,P3118,36.0,5,0
2023-04-01,ST114,P3038,27.0,15,0
2023-04-01,ST114,P3340,30.0,15,0
2023-04-01,ST114,P3404,33.0,10,0
2023-04-01,ST114,P3445,30.0,5,0
2023-04-01,ST114,P3345,29.0,10,0
2023-04-01,ST114,P3192,42.0,20,0
2023-04-01,ST114,P3319,31.0,5,0
2023-04-01,ST114,P3507,24.0,15,0
2023-04-01,ST114,P3164,27.0,15,0
2023-04-01,ST114,P3211,40.0,20,0
2023-04-01,ST114,P3070,38.0,15,0
2023-04-01,ST114,P3001,28.0,20,0
2023-04-01,ST114,P3184,27.0,20,0
2023-04-01,ST114,P3011,27.0,5,0
2023-04-01,ST114,P3079,23.0,10,0
2023-04-01,ST114,P3087,30.0,10,0
2023-04-01,ST114,P3475,34.0,15,0
2023-04-01,ST114,P3371,46.0,15,0
2023-04-01,ST114,P3306,36.0,20,0
2023-04-01,ST114,P3273,33.0,20,0
2023-04-01,ST114,P3257,30.0,5,0
2023-04-01,ST114,P3009,42.0,15,0
2023-04-01,ST114,P3012,25.0,15,0
2023-04-01,ST114,P3099,45.0,15,0
2023-04-01,ST114,P3128,39.0,20,0
2023-04-01,ST114,P3489,28.0,5,0
2023-04-01,ST114,P3267,25.0,20,0
2023-04-01,ST114,P3181,44.0,20,0
2023-04-01,ST114,P3264,47.0,15,0
2023-04-01,ST114,P3217,40.0,20,0
2023-04-01,ST114,P3469,46.0,10,0
2023-04-01,ST114,P3503,42.0,20,0
2023-04-01,ST114,P3416,31.0,10,0
2023-04-01,ST114,P3459,27.0,5,0
2023-04-01,ST114,P3231,35.0,5,0
2023-04-01,ST114,P3317,42.0,10,0
2023-04-01,ST114,P3084,39.0,5,0
2023-04-01,ST114,P3246,42.0,15,0
2023-04-01,ST114,P3130,30.0,20,0
2023-04-01,ST114,P3276,40.0,5,0
2023-04-01,ST114,P3052,35.0,10,0
2023-04-01,ST114,P3352,37.0,5,0
2023-04-01,ST114,P3328,17.0,15,0
2023-04-01,ST114,P3078,38.0,15,0
2023-04-01,ST114,P3415,36.0,15,0
2023-04-01,ST114,P3392,26.0,20,0
2023-04-01,ST114,P3477,38.0,10,0
2023-04-01,ST114,P3074,41.0,10,0
2023-04-01,ST114,P3460,39.0,15,0
2023-04-01,ST115,P3315,41.0,20,0
2023-04-01,ST115,P3392,24.0,10,0
2023-04-01,ST115,P3012,31.0,5,0
2023-04-01,ST115,P3369,30.0,15,0
2023-04-01,ST115,P3174,35.0,5,0
2023-04-01,ST115,P3139,39.0,10,0
2023-04-01,ST115,P3051,32.0,20,0
2023-04-01,ST115,P3056,37.0,10,0
2023-04-01,ST115,P3058,34.0,5,0
2023-04-01,ST115,P3404,23.0,10,0
2023-04-01,ST115,P3093,36.0,5,0
2023-04-01,ST115,P3151,27.0,20,0
2023-04-01,ST115,P3052,39.0,20,0
2023-04-01,ST115,P3255,30.0,10,0
2023-04-01,ST115,P3195,37.0,20,0
2023-04-01,ST115,P3167,47.0,10,0
2023-04-01,ST115,P3286,34.0,10,0
2023-04-01,ST115,P3176,36.0,10,0
2023-04-01,ST115,P3068,37.0,15,0
2023-04-01,ST115,P3027,37.0,20,0
2023-04-01,ST115,P3217,32.0,20,0
2023-04-01,ST115,P3460,37.0,20,0
2023-04-01,ST115,P3069,35.0,10,0
2023-04-01,ST115,P3009,36.0,20,0
2023-04-01,ST115,P3363,32.0,5,0
2023-04-01,ST115,P3185,37.0,15,0
2023-04-01,ST115,P3318,48.0,5,0
2023-04-01,ST115,P3234,40.0,5,0
2023-04-01,ST115,P3060,39.0,5,0
2023-04-01,ST115,P3423,30.0,15,0
2023-04-01,ST115,P3428,37.0,15,0
2023-04-01,ST115,P3368,30.0,5,0
2023-04-01,ST115,P3097,45.0,10,0
2023-04-01,ST115,P3502,37.0,5,0
2023-04-01,ST115,P3275,30.0,5,0
2023-04-01,ST115,P3225,31.0,20,0
2023-04-01,ST115,P3199,34.0,5,0
2023-04-01,ST115,P3193,33.0,5,0
2023-04-01,ST115,P3065,41.0,10,0
2023-04-01,ST115,P3393,38.0,20,0
2023-04-01,ST115,P3272,36.0,15,0
2023-04-01,ST115,P3258,30.0,5,0
2023-04-01,ST115,P3184,35.0,10,0
2023-04-01,ST115,P3354,36.0,15,0
2023-04-01,ST115,P3389,42.0,20,0
2023-04-01,ST115,P3459,33.0,10,0
2023-04-01,ST115,P3362,29.0,20,0
2023-04-01,ST115,P3430,31.0,5,0
2023-04-01,ST115,P3263,36.0,5,0
2023-04-01,ST115,P3136,24.0,20,0
2023-04-01,ST115,P3076,27.0,20,0
2023-04-01,ST115,P3385,33.0,15,0
2023-04-01,ST115,P3088,35.0,15,0
2023-04-01,ST115,P3189,36.0,10,0
2023-04-01,ST115,P3365,37.0,5,0
2023-04-01,ST115,P3265,35.0,20,0
2023-04-01,ST115,P3440,36.0,5,0
2023-04-01,ST115,P3134,38.0,5,0
2023-04-01,ST115,P3229,39.0,5,0
2023-04-01,ST115,P3513,32.0,15,0
2023-04-01,ST116,P3020,40.0,20,0
2023-04-01,ST116,P3004,37.0,5,0
2023-04-01,ST116,P3031,37.0,15,0
2023-04-01,ST116,P3073,27.0,20,0
2023-04-01,ST116,P3023,37.0,20,0
2023-04-01,ST116,P3259,36.0,15,0
2023-04-01,ST116,P3484,36.0,15,0
2023-04-01,ST116,P3368,29.0,20,0
2023-04-01,ST116,P3367,48.0,5,0
2023-04-01,ST116,P3060,32.0,10,0
2023-04-01,ST116,P3278,34.0,20,0
2023-04-01,ST116,P3305,46.0,15,0
2023-04-01,ST116,P3266,20.0,5,0
2023-04-01,ST116,P3507,30.0,15,0
2023-04-01,ST116,P3171,25.0,10,0
2023-04-01,ST116,P3149,29.0,15,0
2023-04-01,ST116,P3320,34.0,5,0
2023-04-01,ST116,P3193,26.0,10,0
2023-04-01,ST116,P3380,40.0,5,0
2023-04-01,ST116,P3092,35.0,10,0
2023-04-01,ST116,P3210,35.0,5,0
2023-04-01,ST116,P3388,37.0,5,0
2023-04-01,ST116,P3336,40.0,5,0
2023-04-01,ST116,P3038,43.0,20,0
2023-04-01,ST116,P3040,30.0,5,0
2023-04-01,ST116,P3323,37.0,15,0
2023-04-01,ST116,P3257,27.0,15,0
2023-04-01,ST116,P3055,44.0,10,0
2023-04-01,ST116,P3273,28.0,20,0
2023-04-01,ST116,P3226,40.0,5,0
2023-04-01,ST116,P3510,34.0,10,0
2023-04-01,ST116,P3003,20.0,20,0
2023-04-01,ST116,P3267,42.0,20,0
2023-04-01,ST116,P3251,26.0,15,0
2023-04-01,ST116,P3111,32.0,5,0
2023-04-01,ST116,P3387,33.0,15,0
2023-04-01,ST116,P3282,35.0,5,0
2023-04-01,ST116,P3383,28.0,5,0
2023-04-01,ST116,P3243,28.0,5,0
2023-04-01,ST116,P3491,33.0,20,0
2023-04-01,ST116,P3447,29.0,20,0
2023-04-01,ST116,P3249,46.0,10,0
2023-04-01,ST116,P3065,20.0,15,0
2023-04-01,ST116,P3458,38.0,15,0
2023-04-01,ST116,P3051,30.0,5,0
2023-04-01,ST116,P3223,49.0,20,0
2023-04-01,ST116,P3354,30.0,10,0
2023-04-01,ST116,P3241,36.0,15,0
2023-04-01,ST116,P3250,35.0,10,0
2023-04-01,ST116,P3240,42.0,10,0
2023-04-01,ST116,P3129,32.0,20,0
2023-04-01,ST116,P3109,35.0,15,0
2023-04-01,ST116,P3019,35.0,15,0
2023-04-01,ST116,P3308,35.0,20,0
2023-04-01,ST116,P3504,27.0,10,0
2023-04-01,ST116,P3365,28.0,15,0
2023-04-01,ST116,P3519,36.0,20,0
2023-04-01,ST116,P3078,29.0,5,0
2023-04-01,ST116,P3017,34.0,15,0
2023-04-01,ST116,P3140,27.0,20,0
2023-04-01,ST117,P3087,23.0,20,0
2023-04-01,ST117,P3279,41.0,5,0
2023-04-01,ST117,P3247,26.0,10,0
2023-04-01,ST117,P3439,33.0,5,0
2023-04-01,ST117,P3482,35.0,15,0
2023-04-01,ST117,P3327,33.0,15,0
2023-04-01,ST117,P3234,31.0,15,0
2023-04-01,ST117,P3209,48.0,20,0
2023-04-01,ST117,P3436,32.0,5,0
2023-04-01,ST117,P3338,37.0,20,0
2023-04-01,ST117,P3362,33.0,5,0
2023-04-01,ST117,P3406,41.0,5,0
2023-04-01,ST117,P3520,31.0,10,0
2023-04-01,ST117,P3205,40.0,15,0
2023-04-01,ST117,P3107,32.0,15,0
2023-04-01,ST117,P3457,37.0,10,0
2023-04-01,ST117,P3201,24.0,20,0
2023-04-01,ST117,P3313,28.0,20,0
2023-04-01,ST117,P3491,36.0,20,0
2023-04-01,ST117,P3189,41.0,10,0
2023-04-01,ST117,P3228,40.0,20,0
2023-04-01,ST117,P3473,34.0,20,0
2023-04-01,ST117,P3291,27.0,15,0
2023-04-01,ST117,P3296,34.0,20,0
2023-04-01,ST117,P3140,36.0,15,0
2023-04-01,ST117,P3199,35.0,5,0
2023-04-01,ST117,P3290,36.0,5,0
2023-04-01,ST117,P3363,34.0,20,0
2023-04-01,ST117,P3088,38.0,10,0
2023-04-01,ST117,P3003,19.0,20,0
2023-04-01,ST117,P3020,47.0,10,0
2023-04-01,ST117,P3455,28.0,5,0
2023-04-01,ST117,P3144,36.0,20,0
2023-04-01,ST117,P3369,30.0,5,0
2023-04-01,ST117,P3444,36.0,15,0
2023-04-01,ST117,P3325,31.0,15,0
2023-04-01,ST117,P3516,36.0,20,0
2023-04-01,ST117,P3429,29.0,20,0
2023-04-01,ST117,P3149,40.0,20,0
2023-04-01,ST117,P3093,38.0,5,0
2023-04-01,ST117,P3503,30.0,10,0
2023-04-01,ST117,P3121,33.0,20,0
2023-04-01,ST117,P3111,37.0,20,0
2023-04-01,ST117,P3351,23.0,5,0
2023-04-01,ST117,P3010,30.0,10,0
2023-04-01,ST117,P3420,29.0,15,0
2023-04-01,ST117,P3030,34.0,10,0
2023-04-01,ST117,P3183,29.0,10,0
2023-04-01,ST117,P3176,27.0,15,0
2023-04-01,ST117,P3276,27.0,15,0
2023-04-01,ST117,P3254,43.0,10,0
2023-04-01,ST117,P3207,28.0,10,0
2023-04-01,ST117,P3307,45.0,5,0
2023-04-01,ST117,P3356,30.0,10,0
2023-04-01,ST117,P3120,33.0,5,0
2023-04-01,ST117,P3398,32.0,20,0
2023-04-01,ST117,P3410,41.0,5,0
2023-04-01,ST117,P3413,46.0,15,0
2023-04-01,ST117,P3358,41.0,15,0
2023-04-01,ST117,P3084,31.0,20,0
2023-04-01,ST118,P3479,37.0,15,0
2023-04-01,ST118,P3408,39.0,15,0
2023-04-01,ST118,P3190,25.0,20,0
2023-04-01,ST118,P3011,26.0,10,0
2023-04-01,ST118,P3437,37.0,10,0
2023-04-01,ST118,P3427,35.0,10,0
2023-04-01,ST118,P3424,26.0,15,0
2023-04-01,ST118,P3454,39.0,15,0
2023-04-01,ST118,P3095,38.0,5,0
2023-04-01,ST118,P3472,27.0,20,0
2023-04-01,ST118,P3445,42.0,5,0
2023-04-01,ST118,P3285,50.0,20,0
2023-04-01,ST118,P3395,48.0,10,0
2023-04-01,ST118,P3328,36.0,10,0
2023-04-01,ST118,P3149,40.0,5,0
2023-04-01,ST118,P3033,34.0,5,0
2023-04-01,ST118,P3080,30.0,10,0
2023-04-01,ST118,P3199,24.0,10,0
2023-04-01,ST118,P3156,40.0,10,0
2023-04-01,ST118,P3486,33.0,10,0
2023-04-01,ST118,P3429,30.0,5,0
2023-04-01,ST118,P3485,35.0,15,0
2023-04-01,ST118,P3127,34.0,20,0
2023-04-01,ST118,P3416,39.0,20,0
2023-04-01,ST118,P3216,44.0,10,0
2023-04-01,ST118,P3360,39.0,15,0
2023-04-01,ST118,P3148,43.0,15,0
2023-04-01,ST118,P3406,30.0,10,0
2023-04-01,ST118,P3035,33.0,5,0
2023-04-01,ST118,P3299,30.0,5,0
2023-04-01,ST118,P3446,31.0,5,0
2023-04-01,ST118,P3366,30.0,20,0
2023-04-01,ST118,P3253,34.0,10,0
2023-04-01,ST118,P3477,42.0,10,0
2023-04-01,ST118,P3373,39.0,15,0
2023-04-01,ST118,P3510,31.0,20,0
2023-04-01,ST118,P3242,32.0,10,0
2023-04-01,ST118,P3489,29.0,10,0
2023-04-01,ST118,P3293,39.0,5,0
2023-04-01,ST118,P3266,33.0,20,0
2023-04-01,ST118,P3318,41.0,10,0
2023-04-01,ST118,P3273,44.0,5,0
2023-04-01,ST118,P3128,41.0,20,0
2023-04-01,ST118,P3371,42.0,20,0
2023-04-01,ST118,P3498,36.0,10,0
2023-04-01,ST118,P3222,28.0,10,0
2023-04-01,ST118,P3491,26.0,10,0
2023-04-01,ST118,P3136,30.0,10,0
2023-04-01,ST118,P3419,41.0,15,0
2023-04-01,ST118,P3180,30.0,20,0
2023-04-01,ST118,P3276,32.0,20,0
2023-04-01,ST118,P3062,32.0,5,0
2023-04-01,ST118,P3267,37.0,15,0
2023-04-01,ST118,P3389,44.0,15,0
2023-04-01,ST118,P3245,27.0,5,0
2023-04-01,ST118,P3152,35.0,20,0
2023-04-01,ST118,P3173,35.0,10,0
2023-04-01,ST118,P3016,38.0,5,0
2023-04-01,ST118,P3262,26.0,15,0
2023-04-01,ST118,P3050,31.0,5,0
2023-05-01,ST101,P3501,43.0,5,0
2023-05-01,ST101,P3158,47.0,5,0
2023-05-01,ST101,P3409,29.0,15,0
2023-05-01,ST101,P3171,33.0,20,0
2023-05-01,ST101,P3205,40.0,15,0
2023-05-01,ST101,P3358,45.0,20,0
2023-05-01,ST101,P3438,30.0,10,0
2023-05-01,ST101,P3128,22.0,20,0
2023-05-01,ST101,P3440,37.0,5,0
2023-05-01,ST101,P3379,33.0,10,0
2023-05-01,ST101,P3355,30.0,5,0
2023-05-01,ST101,P3221,35.0,15,0
2023-05-01,ST101,P3384,36.0,15,0
2023-05-01,ST101,P3078,29.0,15,0
2023-05-01,ST101,P3214,36.0,10,0
2023-05-01,ST101,P3327,39.0,15,0
2023-05-01,ST101,P3367,38.0,10,0
2023-05-01,ST101,P3122,30.0,10,0
2023-05-01,ST101,P3479,41.0,5,0
2023-05-01,ST101,P3113,33.0,10,0
2023-05-01,ST101,P3016,23.0,10,0
2023-05-01,ST101,P3038,37.0,5,0
2023-05-01,ST101,P3408,34.0,10,0
2023-05-01,ST101,P3508,34.0,5,0
2023-05-01,ST101,P3134,30.0,5,0
2023-05-01,ST101,P3507,34.0,10,0
2023-05-01,ST101,P3450,34.0,10,0
2023-05-01,ST101,P3281,32.0,20,0
2023-05-01,ST101,P3426,29.0,5,0
2023-05-01,ST101,P3127,40.0,10,0
2023-05-01,ST101,P3277,33.0,20,0
2023-05-01,ST101,P3135,34.0,10,0
2023-05-01,ST101,P3026,43.0,10,0
2023-05-01,ST101,P3213,30.0,20,0
2023-05-01,ST101,P3162,31.0,20,0
2023-05-01,ST101,P3383,34.0,15,0
2023-05-01,ST101,P3376,31.0,5,0
2023-05-01,ST101,P3293,26.0,15,0
2023-05-01,ST101,P3096,37.0,20,0
2023-05-01,ST101,P3382,38.0,15,0
2023-05-01,ST101,P3504,27.0,10,0
2023-05-01,ST101,P3469,37.0,5,0
2023-05-01,ST101,P3233,31.0,10,0
2023-05-01,ST101,P3184,37.0,5,0
2023-05-01,ST101,P3477,30.0,20,0
2023-05-01,ST101,P3039,37.0,20,0
2023-05-01,ST101,P3157,38.0,20,0
2023-05-01,ST101,P3011,41.0,20,0
2023-05-01,ST101,P3516,38.0,10,0
2023-05-01,ST101,P3475,39.0,20,0
2023-05-01,ST101,P3223,26.0,15,0
2023-05-01,ST101,P3215,27.0,20,0
2023-05-01,ST101,P3289,47.0,20,0
2023-05-01,ST101,P3411,36.0,10,0
2023-05-01,ST101,P3178,28.0,20,0
2023-05-01,ST101,P3101,35.0,20,0
2023-05-01,ST101,P3378,34.0,15,0
2023-05-01,ST101,P3263,32.0,10,0
2023-05-01,ST101,P3083,43.0,10,0
2023-05-01,ST101,P3165,29.0,5,0
2023-05-01,ST102,P3261,24.0,5,0
2023-05-01,ST102,P3203,41.0,20,0
2023-05-01,ST102,P3359,41.0,5,0
2023-05-01,ST102,P3051,36.0,10,0
2023-05-01,ST102,P3084,34.0,15,0
2023-05-01,ST102,P3109,37.0,5,0
2023-05-01,ST102,P3133,27.0,10,0
2023-05-01,ST102,P3118,36.0,10,0
2023-05-01,ST102,P3404,36.0,15,0
2023-05-01,ST102,P3153,32.0,20,0
2023-05-01,ST102,P3380,37.0,10,0
2023-05-01,ST102,P3329,43.0,20,0
2023-05-01,ST102,P3364,40.0,10,0
2023-05-01,ST102,P3484,29.0,20,0
2023-05-01,ST102,P3113,34.0,10,0
2023-05-01,ST102,P3353,47.0,5,0
2023-05-01,ST102,P3414,33.0,20,0
2023-05-01,ST102,P3263,29.0,20,0
2023-05-01,ST102,P3452,29.0,10,0
2023-05-01,ST102,P3487,36.0,10,0
2023-05-01,ST102,P3517,33.0,10,0
2023-05-01,ST102,P3330,42.0,15,0
2023-05-01,ST102,P3258,33.0,15,0
2023-05-01,ST102,P3027,31.0,20,0
2023-05-01,ST102,P3048,33.0,5,0
2023-05-01,ST102,P3469,37.0,5,0
2023-05-01,ST102,P3014,32.0,15,0
2023-05-01,ST102,P3105,38.0,20,0
2023-05-01,ST102,P3473,34.0,5,0
2023-05-01,ST102,P3057,31.0,20,0
2023-05-01,ST102,P3199,40.0,5,0
2023-05-01,ST102,P3470,36.0,10,0
2023-05-01,ST102,P3162,36.0,10,0
2023-05-01,ST102,P3422,33.0,20,0
2023-05-01,ST102,P3363,43.0,15,0
2023-05-01,ST102,P3388,29.0,20,0
2023-05-01,ST102,P3460,37.0,5,0
2023-05-01,ST102,P3355,27.0,20,0
2023-05-01,ST102,P3160,34.0,15,0
2023-05-01,ST102,P3083,28.0,20,0
2023-05-01,ST102,P3036,34.0,5,0
2023-05-01,ST102,P3058,30.0,15,0
2023-05-01,ST102,P3407,37.0,5,0
2023-05-01,ST102,P3137,32.0,15,0
2023-05-01,ST102,P3098,30.0,15,0
2023-05-01,ST102,P3282,29.0,10,0
2023-05-01,ST102,P3331,34.0,15,0
2023-05-01,ST102,P3028,28.0,20,0
2023-05-01,ST102,P3412,31.0,5,0
2023-05-01,ST102,P3220,,5,0
2023-05-01,ST102,P3345,27.0,5,0
2023-05-01,ST102,P3215,33.0,15,0
2023-05-01,ST102,P3238,42.0,10,0
2023-05-01,ST102,P3055,28.0,10,0
2023-05-01,ST102,P3147,39.0,20,0
2023-05-01,ST102,P3173,33.0,15,0
2023-05-01,ST102,P3437,33.0,15,0
2023-05-01,ST102,P3292,39.0,5,0
2023-05-01,ST102,P3297,49.0,10,0
2023-05-01,ST102,P3389,29.0,10,0
2023-05-01,ST103,P3161,40.0,20,0
2023-05-01,ST103,P3072,36.0,15,0
2023-05-01,ST103,P3045,38.0,5,0
2023-05-01,ST103,P3494,34.0,20,0
2023-05-01,ST103,P3120,43.0,10,0
2023-05-01,ST103,P3074,33.0,20,0
2023-05-01,ST103,P3167,30.0,20,0
2023-05-01,ST103,P3202,42.0,5,0
2023-05-01,ST103,P3465,45.0,5,0
2023-05-01,ST103,P3303,37.0,15,0
2023-05-01,ST103,P3508,33.0,5,0
2023-05-01,ST103,P3490,37.0,5,0
2023-05-01,ST103,P3300,44.0,5,0
2023-05-01,ST103,P3325,36.0,10,0
2023-05-01,ST103,P3507,30.0,15,0
2023-05-01,ST103,P3332,33.0,20,0
2023-05-01,ST103,P3263,34.0,10,0
2023-05-01,ST103,P3134,30.0,20,0
2023-05-01,ST103,P3031,40.0,15,0
2023-05-01,ST103,P3274,33.0,10,0
2023-05-01,ST103,P3094,37.0,10,0
2023-05-01,ST103,P3377,34.0,10,0
2023-05-01,ST103,P3326,39.0,15,0
2023-05-01,ST103,P3123,45.0,5,0
2023-05-01,ST103,P3411,25.0,15,0
2023-05-01,ST103,P3056,44.0,20,0
2023-05-01,ST103,P3073,25.0,15,0
2023-05-01,ST103,P3272,50.0,10,0
2023-05-01,ST103,P3148,38.0,15,0
2023-05-01,ST103,P3076,24.0,20,0
2023-05-01,ST103,P3257,33.0,15,0
2023-05-01,ST103,P3235,34.0,5,0
2023-05-01,ST103,P3450,33.0,5,0
2023-05-01,ST103,P3298,36.0,20,0
2023-05-01,ST103,P3380,26.0,20,0
2023-05-01,ST103,P3035,43.0,15,0
2023-05-01,ST103,P3206,29.0,15,0
2023-05-01,ST103,P3463,32.0,15,0
2023-05-01,ST103,P3078,34.0,5,0
2023-05-01,ST103,P3126,50.0,20,0
2023-05-01,ST103,P3499,37.0,10,0
2023-05-01,ST103,P3436,27.0,10,0
2023-05-01,ST103,P3368,39.0,15,0
2023-05-01,ST103,P3138,39.0,15,0
2023-05-01,ST103,P3102,36.0,15,0
2023-05-01,ST103,P3373,44.0,20,0
2023-05-01,ST103,P3036,41.0,5,0
2023-05-01,ST103,P3432,31.0,5,0
2023-05-01,ST103,P3223,36.0,5,0
2023-05-01,ST103,P3362,36.0,20,0
2023-05-01,ST103,P3317,36.0,20,0
2023-05-01,ST103,P3421,34.0,20,0
2023-05-01,ST103,P3481,33.0,20,0
2023-05-01,ST103,P3319,37.0,10,0
2023-05-01,ST103,P3195,37.0,10,0
2023-05-01,ST103,P3066,42.0,5,0
2023-05-01,ST103,P3154,38.0,5,0
2023-05-01,ST103,P3231,26.0,5,0
2023-05-01,ST103,P3469,39.0,10,0
2023-05-01,ST103,P3483,38.0,10,0
2023-05-01,ST104,P3374,30.0,20,0
2023-05-01,ST104,P3102,38.0,20,0
2023-05-01,ST104,P3132,29.0,15,0
2023-05-01,ST104,P3297,33.0,20,0
2023-05-01,ST104,P3462,46.0,15,0
2023-05-01,ST104,P3003,40.0,10,0
2023-05-01,ST104,P3039,33.0,20,0
2023-05-01,ST104,P3195,36.0,20,0
2023-05-01,ST104,P3242,31.0,15,0
2023-05-01,ST104,P3445,39.0,15,0
2023-05-01,ST104,P3372,33.0,5,0
2023-05-01,ST104,P3104,33.0,5,0
2023-05-01,ST104,P3303,38.0,10,0
2023-05-01,ST104,P3436,36.0,15,0
2023-05-01,ST104,P3119,43.0,15,0
2023-05-01,ST104,P3330,35.0,20,0
2023-05-01,ST104,P3096,38.0,10,0
2023-05-01,ST104,P3026,34.0,20,0
2023-05-01,ST104,P3277,39.0,5,0
2023-05-01,ST104,P3347,45.0,15,0
2023-05-01,ST104,P3304,31.0,10,0
2023-05-01,ST104,P3423,34.0,10,0
2023-05-01,ST104,P3446,38.0,10,0
2023-05-01,ST104,P3170,32.0,20,0
2023-05-01,ST104,P3394,27.0,10,0
2023-05-01,ST104,P3413,33.0,20,0
2023-05-01,ST104,P3192,39.0,10,0
2023-05-01,ST104,P3222,44.0,10,0
2023-05-01,ST104,P3161,34.0,20,0
2023-05-01,ST104,P3047,31.0,5,0
2023-05-01,ST104,P3371,27.0,20,0
2023-05-01,ST104,P3131,37.0,10,0
2023-05-01,ST104,P3076,26.0,15,0
2023-05-01,ST104,P3419,26.0,15,0
2023-05-01,ST104,P3339,36.0,15,0
2023-05-01,ST104,P3518,26.0,5,0
2023-05-01,ST104,P3083,25.0,5,0
2023-05-01,ST104,P3490,37.0,20,0
2023-05-01,ST104,P3021,36.0,5,0
2023-05-01,ST104,P3348,33.0,20,0
2023-05-01,ST104,P3429,35.0,15,0
2023-05-01,ST104,P3064,38.0,15,0
2023-05-01,ST104,P3194,38.0,5,0
2023-05-01,ST104,P3208,36.0,15,0
2023-05-01,ST104,P3040,36.0,15,0
2023-05-01,ST104,P3499,22.0,10,0
2023-05-01,ST104,P3276,39.0,20,0
2023-05-01,ST104,P3391,34.0,10,0
2023-05-01,ST104,P3217,39.0,20,0
2023-05-01,ST104,P3135,39.0,20,0
2023-05-01,ST104,P3470,33.0,5,0
2023-05-01,ST104,P3144,27.0,5,0
2023-05-01,ST104,P3282,36.0,5,0
2023-05-01,ST104,P3241,40.0,10,0
2023-05-01,ST104,P3438,35.0,5,0
2023-05-01,ST104,P3013,32.0,15,0
2023-05-01,ST104,P3012,32.0,15,0
2023-05-01,ST104,P3175,32.0,5,0
2023-05-01,ST104,P3230,42.0,5,0
2023-05-01,ST104,P3044,35.0,15,0
2023-05-01,ST105,P3117,45.0,5,0
2023-05-01,ST105,P3474,36.0,20,0
2023-05-01,ST105,P3054,30.0,5,0
2023-05-01,ST105,P3097,46.0,15,0
2023-05-01,ST105,P3030,28.0,5,0
2023-05-01,ST105,P3516,33.0,15,0
2023-05-01,ST105,P3341,42.0,20,0
2023-05-01,ST105,P3364,37.0,10,0
2023-05-01,ST105,P3174,33.0,15,0
2023-05-01,ST105,P3443,38.0,5,0
2023-05-01,ST105,P3246,28.0,10,0
2023-05-01,ST105,P3007,36.0,20,0
2023-05-01,ST105,P3164,41.0,10,0
2023-05-01,ST105,P3076,36.0,10,0
2023-05-01,ST105,P3438,37.0,20,0
2023-05-01,ST105,P3478,34.0,20,0
2023-05-01,ST105,P3154,31.0,15,0
2023-05-01,ST105,P3100,33.0,20,0
2023-05-01,ST105,P3159,34.0,15,0
2023-05-01,ST105,P3179,35.0,10,0
2023-05-01,ST105,P3398,30.0,15,0
2023-05-01,ST105,P3120,30.0,20,0
2023-05-01,ST105,P3418,31.0,20,0
2023-05-01,ST105,P3258,31.0,15,0
2023-05-01,ST105,P3024,43.0,10,0
2023-05-01,ST105,P3266,27.0,10,0
2023-05-01,ST105,P3162,39.0,20,0
2023-05-01,ST105,P3166,30.0,5,0
2023-05-01,ST105,P3402,30.0,10,0
2023-05-01,ST105,P3218,31.0,10,0
2023-05-01,ST105,P3382,27.0,15,0
2023-05-01,ST105,P3395,28.0,10,0
2023-05-01,ST105,P3268,45.0,15,0
2023-05-01,ST105,P3223,34.0,20,0
2023-05-01,ST105,P3145,27.0,20,0
2023-05-01,ST105,P3067,36.0,15,0
2023-05-01,ST105,P3318,31.0,5,0
2023-05-01,ST105,P3404,34.0,5,0
2023-05-01,ST105,P3461,,10,0
2023-05-01,ST105,P3520,48.0,10,0
2023-05-01,ST105,P3314,,15,0
2023-05-01,ST105,P3083,42.0,20,0
2023-05-01,ST105,P3252,43.0,5,0
2023-05-01,ST105,P3513,33.0,5,0
2023-05-01,ST105,P3229,28.0,5,0
2023-05-01,ST105,P3177,32.0,20,0
2023-05-01,ST105,P3426,42.0,10,0
2023-05-01,ST105,P3463,39.0,20,0
2023-05-01,ST105,P3095,34.0,5,0
2023-05-01,ST105,P3283,40.0,20,0
2023-05-01,ST105,P3390,41.0,5,0
2023-05-01,ST105,P3084,40.0,5,0
2023-05-01,ST105,P3015,34.0,20,0
2023-05-01,ST105,P3388,40.0,5,0
2023-05-01,ST105,P3422,30.0,20,0
2023-05-01,ST105,P3253,34.0,10,0
2023-05-01,ST105,P3301,31.0,10,0
2023-05-01,ST105,P3397,39.0,15,0
2023-05-01,ST105,P3003,37.0,15,0
2023-05-01,ST105,P3467,38.0,20,0
2023-05-01,ST106,P3429,40.0,5,0
2023-05-01,ST106,P3468,41.0,20,0
2023-05-01,ST106,P3342,50.0,20,0
2023-05-01,ST106,P3225,47.0,5,0
2023-05-01,ST106,P3086,42.0,20,0
2023-05-01,ST106,P3190,40.0,15,0
2023-05-01,ST106,P3061,45.0,20,0
2023-05-01,ST106,P3460,47.0,20,0
2023-05-01,ST106,P3118,36.0,15,0
2023-05-01,ST106,P3229,41.0,10,0
2023-05-01,ST106,P3047,48.0,15,0
2023-05-01,ST106,P3001,28.0,10,0
2023-05-01,ST106,P3456,38.0,10,0
2023-05-01,ST106,P3003,35.0,10,0
2023-05-01,ST106,P3277,37.0,20,0
2023-05-01,ST106,P3361,30.0,10,0
2023-05-01,ST106,P3392,23.0,10,0
2023-05-01,ST106,P3209,37.0,20,0
2023-05-01,ST106,P3249,34.0,10,0
2023-05-01,ST106,P3453,42.0,10,0
2023-05-01,ST106,P3009,47.0,10,0
2023-05-01,ST106,P3488,20.0,20,0
2023-05-01,ST106,P3124,40.0,20,0
2023-05-01,ST106,P3217,36.0,15,0
2023-05-01,ST106,P3107,29.0,5,0
2023-05-01,ST106,P3487,32.0,5,0
2023-05-01,ST106,P3469,43.0,5,0
2023-05-01,ST106,P3054,38.0,10,0
2023-05-01,ST106,P3241,32.0,5,0
2023-05-01,ST106,P3068,26.0,5,0
2023-05-01,ST106,P3002,32.0,10,0
2023-05-01,ST106,P3072,34.0,10,0
2023-05-01,ST106,P3402,47.0,5,0
2023-05-01,ST106,P3036,43.0,15,0
2023-05-01,ST106,P3066,37.0,10,0
2023-05-01,ST106,P3193,41.0,20,0
2023-05-01,ST106,P3020,30.0,10,0
2023-05-01,ST106,P3210,29.0,5,0
2023-05-01,ST106,P3178,34.0,10,0
2023-05-01,ST106,P3302,41.0,20,0
2023-05-01,ST106,P3329,31.0,15,0
2023-05-01,ST106,P3230,43.0,10,0
2023-05-01,ST106,P3353,30.0,5,0
2023-05-01,ST106,P3385,40.0,15,0
2023-05-01,ST106,P3370,40.0,20,0
2023-05-01,ST106,P3184,42.0,20,0
2023-05-01,ST106,P3463,36.0,15,0
2023-05-01,ST106,P3467,43.0,5,0
2023-05-01,ST106,P3173,37.0,10,0
2023-05-01,ST106,P3464,35.0,20,0
2023-05-01,ST106,P3426,31.0,20,0
2023-05-01,ST106,P3430,42.0,5,0
2023-05-01,ST106,P3466,34.0,15,0
2023-05-01,ST106,P3401,31.0,5,0
2023-05-01,ST106,P3303,33.0,10,0
2023-05-01,ST106,P3312,39.0,5,0
2023-05-01,ST106,P3219,37.0,20,0
2023-05-01,ST106,P3511,28.0,15,0
2023-05-01,ST106,P3471,38.0,10,0
2023-05-01,ST106,P3186,38.0,20,0
2023-05-01,ST107,P3090,43.0,20,0
2023-05-01,ST107,P3329,27.0,5,0
2023-05-01,ST107,P3112,36.0,20,0
2023-05-01,ST107,P3270,36.0,15,0
2023-05-01,ST107,P3379,34.0,20,0
2023-05-01,ST107,P3367,28.0,10,0
2023-05-01,ST107,P3375,34.0,15,0
2023-05-01,ST107,P3484,32.0,15,0
2023-05-01,ST107,P3316,34.0,10,0
2023-05-01,ST107,P3135,34.0,20,0
2023-05-01,ST107,P3344,43.0,20,0
2023-05-01,ST107,P3150,37.0,20,0
2023-05-01,ST107,P3197,36.0,10,0
2023-05-01,ST107,P3185,34.0,5,0
2023-05-01,ST107,P3488,35.0,15,0
2023-05-01,ST107,P3086,41.0,5,0
2023-05-01,ST107,P3297,42.0,5,0
2023-05-01,ST107,P3087,40.0,20,0
2023-05-01,ST107,P3067,24.0,10,0
2023-05-01,ST107,P3349,32.0,10,0
2023-05-01,ST107,P3294,40.0,15,0
2023-05-01,ST107,P3190,37.0,20,0
2023-05-01,ST107,P3164,41.0,5,0
2023-05-01,ST107,P3320,31.0,20,0
2023-05-01,ST107,P3247,46.0,15,0
2023-05-01,ST107,P3254,31.0,15,0
2023-05-01,ST107,P3327,42.0,20,0
2023-05-01,ST107,P3201,30.0,5,0
2023-05-01,ST107,P3079,31.0,10,0
2023-05-01,ST107,P3478,42.0,5,0
2023-05-01,ST107,P3217,30.0,20,0
2023-05-01,ST107,P3473,41.0,20,0
2023-05-01,ST107,P3178,46.0,5,0
2023-05-01,ST107,P3172,33.0,5,0
2023-05-01,ST107,P3419,38.0,20,0
2023-05-01,ST107,P3399,39.0,15,0
2023-05-01,ST107,P3012,36.0,20,0
2023-05-01,ST107,P3251,43.0,10,0
2023-05-01,ST107,P3109,29.0,20,0
2023-05-01,ST107,P3041,44.0,15,0
2023-05-01,ST107,P3315,42.0,20,0
2023-05-01,ST107,P3373,31.0,5,0
2023-05-01,ST107,P3140,35.0,15,0
2023-05-01,ST107,P3171,33.0,5,0
2023-05-01,ST107,P3383,48.0,5,0
2023-05-01,ST107,P3013,29.0,5,0
2023-05-01,ST107,P3448,35.0,10,0
2023-05-01,ST107,P3143,36.0,20,0
2023-05-01,ST107,P3467,37.0,10,0
2023-05-01,ST107,P3231,36.0,10,0
2023-05-01,ST107,P3506,40.0,10,0
2023-05-01,ST107,P3193,31.0,5,0
2023-05-01,ST107,P3272,37.0,5,0
2023-05-01,ST107,P3422,35.0,10,0
2023-05-01,ST107,P3218,30.0,10,0
2023-05-01,ST107,P3147,36.0,10,0
2023-05-01,ST107,P3241,43.0,15,0
2023-05-01,ST107,P3232,40.0,20,0
2023-05-01,ST107,P3378,39.0,10,0
2023-05-01,ST107,P3321,32.0,15,0
2023-05-01,ST108,P3327,30.0,20,0
2023-05-01,ST108,P3057,40.0,20,0
2023-05-01,ST108,P3126,37.0,20,0
2023-05-01,ST108,P3302,35.0,15,0
2023-05-01,ST108,P3303,28.0,15,0
2023-05-01,ST108,P3114,42.0,10,0
2023-05-01,ST108,P3425,41.0,20,0
2023-05-01,ST108,P3355,45.0,10,0
2023-05-01,ST108,P3507,30.0,20,0
2023-05-01,ST108,P3416,43.0,10,0
2023-05-01,ST108,P3354,29.0,15,0
2023-05-01,ST108,P3237,39.0,15,0
2023-05-01,ST108,P3478,24.0,15,0
2023-05-01,ST108,P3304,31.0,10,0
2023-05-01,ST108,P3441,38.0,5,0
2023-05-01,ST108,P3091,29.0,20,0
2023-05-01,ST108,P3386,39.0,15,0
2023-05-01,ST108,P3277,33.0,5,0
2023-05-01,ST108,P3218,45.0,15,0
2023-05-01,ST108,P3125,39.0,10,0
2023-05-01,ST108,P3503,23.0,5,0
2023-05-01,ST108,P3406,42.0,20,0
2023-05-01,ST108,P3108,36.0,20,0
2023-05-01,ST108,P3315,33.0,10,0
2023-05-01,ST108,P3256,25.0,15,0
2023-05-01,ST108,P3238,33.0,10,0
2023-05-01,ST108,P3061,32.0,15,0
2023-05-01,ST108,P3066,39.0,5,0
2023-05-01,ST108,P3520,29.0,10,0
2023-05-01,ST108,P3508,35.0,5,0
2023-05-01,ST108,P3175,32.0,20,0
2023-05-01,ST108,P3335,44.0,5,0
2023-05-01,ST108,P3060,32.0,5,0
2023-05-01,ST108,P3375,47.0,10,0
2023-05-01,ST108,P3111,32.0,10,0
2023-05-01,ST108,P3188,38.0,20,0
2023-05-01,ST108,P3136,30.0,15,0
2023-05-01,ST108,P3473,26.0,5,0
2023-05-01,ST108,P3157,28.0,10,0
2023-05-01,ST108,P3149,38.0,20,0
2023-05-01,ST108,P3153,41.0,15,0
2023-05-01,ST108,P3184,40.0,5,0
2023-05-01,ST108,P3345,35.0,10,0
2023-05-01,ST108,P3089,31.0,20,0
2023-05-01,ST108,P3353,42.0,10,0
2023-05-01,ST108,P3264,42.0,10,0
2023-05-01,ST108,P3410,28.0,20,0
2023-05-01,ST108,P3074,35.0,10,0
2023-05-01,ST108,P3494,28.0,10,0
2023-05-01,ST108,P3120,58.0,15,0
2023-05-01,ST108,P3079,33.0,10,0
2023-05-01,ST108,P3490,34.0,10,0
2023-05-01,ST108,P3439,45.0,10,0
2023-05-01,ST108,P3132,36.0,15,0
2023-05-01,ST108,P3434,40.0,10,0
2023-05-01,ST108,P3040,39.0,20,0
2023-05-01,ST108,P3223,36.0,10,0
2023-05-01,ST108,P3090,26.0,5,0
2023-05-01,ST108,P3297,31.0,20,0
2023-05-01,ST108,P3472,28.0,20,0
2023-05-01,ST109,P3447,31.0,15,0
2023-05-01,ST109,P3478,28.0,10,0
2023-05-01,ST109,P3326,36.0,15,0
2023-05-01,ST109,P3147,30.0,20,0
2023-05-01,ST109,P3398,33.0,10,0
2023-05-01,ST109,P3198,42.0,5,0
2023-05-01,ST109,P3359,41.0,5,0
2023-05-01,ST109,P3444,32.0,5,0
2023-05-01,ST109,P3507,32.0,5,0
2023-05-01,ST109,P3358,26.0,10,0
2023-05-01,ST109,P3308,36.0,15,0
2023-05-01,ST109,P3202,38.0,10,0
2023-05-01,ST109,P3158,30.0,5,0
2023-05-01,ST109,P3227,34.0,5,0
2023-05-01,ST109,P3488,32.0,5,0
2023-05-01,ST109,P3466,38.0,20,0
2023-05-01,ST109,P3129,33.0,5,0
2023-05-01,ST109,P3465,28.0,5,0
2023-05-01,ST109,P3238,39.0,20,0
2023-05-01,ST109,P3287,33.0,5,0
2023-05-01,ST109,P3101,39.0,20,0
2023-05-01,ST109,P3348,30.0,5,0
2023-05-01,ST109,P3068,30.0,20,0
2023-05-01,ST109,P3352,35.0,5,0
2023-05-01,ST109,P3295,33.0,15,0
2023-05-01,ST109,P3191,39.0,5,0
2023-05-01,ST109,P3190,29.0,15,0
2023-05-01,ST109,P3136,42.0,5,0
2023-05-01,ST109,P3040,32.0,15,0
2023-05-01,ST109,P3161,35.0,20,0
2023-05-01,ST109,P3427,45.0,15,0
2023-05-01,ST109,P3052,36.0,5,0
2023-05-01,ST109,P3403,46.0,20,0
2023-05-01,ST109,P3254,35.0,5,0
2023-05-01,ST109,P3473,41.0,5,0
2023-05-01,ST109,P3459,29.0,10,0
2023-05-01,ST109,P3212,43.0,5,0
2023-05-01,ST109,P3228,39.0,20,0
2023-05-01,ST109,P3026,39.0,20,0
2023-05-01,ST109,P3141,40.0,20,0
2023-05-01,ST109,P3221,33.0,20,0
2023-05-01,ST109,P3375,42.0,10,0
2023-05-01,ST109,P3181,34.0,5,0
2023-05-01,ST109,P3298,33.0,15,0
2023-05-01,ST109,P3031,40.0,5,0
2023-05-01,ST109,P3098,39.0,15,0
2023-05-01,ST109,P3505,40.0,15,0
2023-05-01,ST109,P3277,50.0,5,0
2023-05-01,ST109,P3293,33.0,20,0
2023-05-01,ST109,P3418,31.0,15,0
2023-05-01,ST109,P3349,32.0,15,0
2023-05-01,ST109,P3246,31.0,5,0
2023-05-01,ST109,P3312,34.0,5,0
2023-05-01,ST109,P3220,38.0,5,0
2023-05-01,ST109,P3199,37.0,10,0
2023-05-01,ST109,P3103,40.0,10,0
2023-05-01,ST109,P3070,30.0,15,0
2023-05-01,ST109,P3072,38.0,10,0
2023-05-01,ST109,P3121,37.0,15,0
2023-05-01,ST109,P3110,36.0,5,0
2023-05-01,ST110,P3296,34.0,15,0
2023-05-01,ST110,P3306,37.0,20,0
2023-05-01,ST110,P3136,30.0,10,0
2023-05-01,ST110,P3385,31.0,20,0
2023-05-01,ST110,P3144,42.0,20,0
2023-05-01,ST110,P3456,35.0,20,0
2023-05-01,ST110,P3050,33.0,15,0
2023-05-01,ST110,P3235,35.0,10,0
2023-05-01,ST110,P3138,25.0,20,0
2023-05-01,ST110,P3207,29.0,10,0
2023-05-01,ST110,P3039,34.0,5,0
2023-05-01,ST110,P3218,32.0,10,0
2023-05-01,ST110,P3228,32.0,15,0
2023-05-01,ST110,P3104,34.0,20,0
2023-05-01,ST110,P3239,29.0,15,0
2023-05-01,ST110,P3497,27.0,10,0
2023-05-01,ST110,P3091,34.0,5,0
2023-05-01,ST110,P3341,40.0,10,0
2023-05-01,ST110,P3401,42.0,15,0
2023-05-01,ST110,P3187,27.0,5,0
2023-05-01,ST110,P3204,35.0,5,0
2023-05-01,ST110,P3238,35.0,10,0
2023-05-01,ST110,P3383,36.0,15,0
2023-05-01,ST110,P3242,33.0,15,0
2023-05-01,ST110,P3449,30.0,20,0
2023-05-01,ST110,P3216,31.0,15,0
2023-05-01,ST110,P3256,27.0,20,0
2023-05-01,ST110,P3259,33.0,20,0
2023-05-01,ST110,P3425,40.0,15,0
2023-05-01,ST110,P3263,28.0,10,0
2023-05-01,ST110,P3395,44.0,20,0
2023-05-01,ST110,P3397,32.0,10,0
2023-05-01,ST110,P3465,34.0,10,0
2023-05-01,ST110,P3133,41.0,20,0
2023-05-01,ST110,P3450,30.0,20,0
2023-05-01,ST110,P3058,37.0,5,0
2023-05-01,ST110,P3311,46.0,10,0
2023-05-01,ST110,P3064,41.0,10,0
2023-05-01,ST110,P3488,40.0,10,0
2023-05-01,ST110,P3408,52.0,5,0
2023-05-01,ST110,P3243,38.0,15,0
2023-05-01,ST110,P3492,30.0,5,0
2023-05-01,ST110,P3004,47.0,20,0
2023-05-01,ST110,P3143,45.0,5,0
2023-05-01,ST110,P3248,28.0,5,0
2023-05-01,ST110,P3077,29.0,10,0
2023-05-01,ST110,P3229,39.0,20,0
2023-05-01,ST110,P3388,46.0,15,0
2023-05-01,ST110,P3426,35.0,15,0
2023-05-01,ST110,P3432,37.0,20,0
2023-05-01,ST110,P3417,44.0,20,0
2023-05-01,ST110,P3366,21.0,10,0
2023-05-01,ST110,P3099,29.0,15,0
2023-05-01,ST110,P3519,40.0,10,0
2023-05-01,ST110,P3092,43.0,10,0
2023-05-01,ST110,P3123,33.0,5,0
2023-05-01,ST110,P3459,35.0,5,0
2023-05-01,ST110,P3128,38.0,20,0
2023-05-01,ST110,P3018,40.0,5,0
2023-05-01,ST110,P3017,33.0,20,0
2023-05-01,ST111,P3352,31.0,10,0
2023-05-01,ST111,P3069,35.0,20,0
2023-05-01,ST111,P3433,39.0,10,0
2023-05-01,ST111,P3492,23.0,15,0
2023-05-01,ST111,P3095,45.0,10,0
2023-05-01,ST111,P3441,34.0,15,0
2023-05-01,ST111,P3263,36.0,5,0
2023-05-01,ST111,P3141,36.0,10,0
2023-05-01,ST111,P3249,34.0,15,0
2023-05-01,ST111,P3030,27.0,20,0
2023-05-01,ST111,P3048,39.0,15,0
2023-05-01,ST111,P3284,32.0,15,0
2023-05-01,ST111,P3404,43.0,20,0
2023-05-01,ST111,P3193,27.0,5,0
2023-05-01,ST111,P3294,41.0,15,0
2023-05-01,ST111,P3149,30.0,5,0
2023-05-01,ST111,P3163,36.0,10,0
2023-05-01,ST111,P3428,34.0,20,0
2023-05-01,ST111,P3384,44.0,15,0
2023-05-01,ST111,P3409,26.0,20,0
2023-05-01,ST111,P3138,30.0,10,0
2023-05-01,ST111,P3435,37.0,5,0
2023-05-01,ST111,P3468,32.0,20,0
2023-05-01,ST111,P3519,48.0,10,0
2023-05-01,ST111,P3290,33.0,10,0
2023-05-01,ST111,P3340,38.0,15,0
2023-05-01,ST111,P3287,41.0,15,0
2023-05-01,ST111,P3105,38.0,5,0
2023-05-01,ST111,P3251,28.0,5,0
2023-05-01,ST111,P3505,38.0,10,0
2023-05-01,ST111,P3502,26.0,20,0
2023-05-01,ST111,P3093,39.0,20,0
2023-05-01,ST111,P3361,29.0,15,0
2023-05-01,ST111,P3367,42.0,5,0
2023-05-01,ST111,P3131,27.0,5,0
2023-05-01,ST111,P3377,43.0,15,0
2023-05-01,ST111,P3276,31.0,5,0
2023-05-01,ST111,P3509,30.0,15,0
2023-05-01,ST111,P3204,35.0,10,0
2023-05-01,ST111,P3081,35.0,10,0
2023-05-01,ST111,P3075,32.0,20,0
2023-05-01,ST111,P3312,26.0,5,0
2023-05-01,ST111,P3450,36.0,5,0
2023-05-01,ST111,P3410,39.0,10,0
2023-05-01,ST111,P3014,44.0,20,0
2023-05-01,ST111,P3337,30.0,20,0
2023-05-01,ST111,P3481,43.0,20,0
2023-05-01,ST111,P3472,38.0,15,0
2023-05-01,ST111,P3235,28.0,20,0
2023-05-01,ST111,P3159,38.0,5,0
2023-05-01,ST111,P3351,24.0,20,0
2023-05-01,ST111,P3467,33.0,5,0
2023-05-01,ST111,P3299,32.0,15,0
2023-05-01,ST111,P3026,40.0,15,0
2023-05-01,ST111,P3511,38.0,10,0
2023-05-01,ST111,P3442,25.0,5,0
2023-05-01,ST111,P3219,36.0,5,0
2023-05-01,ST111,P3200,31.0,15,0
2023-05-01,ST111,P3338,22.0,15,0
2023-05-01,ST111,P3088,38.0,5,0
2023-05-01,ST112,P3115,35.0,5,0
2023-05-01,ST112,P3025,28.0,10,0
2023-05-01,ST112,P3167,43.0,20,0
2023-05-01,ST112,P3144,39.0,10,0
2023-05-01,ST112,P3238,42.0,20,0
2023-05-01,ST112,P3011,31.0,5,0
2023-05-01,ST112,P3494,30.0,15,0
2023-05-01,ST112,P3254,32.0,15,0
2023-05-01,ST112,P3175,30.0,5,0
2023-05-01,ST112,P3495,29.0,5,0
2023-05-01,ST112,P3344,38.0,5,0
2023-05-01,ST112,P3117,32.0,15,0
2023-05-01,ST112,P3124,34.0,10,0
2023-05-01,ST112,P3141,28.0,20,0
2023-05-01,ST112,P3283,30.0,20,0
2023-05-01,ST112,P3139,38.0,15,0
2023-05-01,ST112,P3215,40.0,15,0
2023-05-01,ST112,P3435,43.0,20,0
2023-05-01,ST112,P3224,38.0,20,0
2023-05-01,ST112,P3307,35.0,10,0
2023-05-01,ST112,P3418,38.0,5,0
2023-05-01,ST112,P3218,35.0,5,0
2023-05-01,ST112,P3331,34.0,15,0
2023-05-01,ST112,P3251,32.0,20,0
2023-05-01,ST112,P3402,32.0,20,0
2023-05-01,ST112,P3356,42.0,20,0
2023-05-01,ST112,P3143,35.0,15,0
2023-05-01,ST112,P3262,36.0,10,0
2023-05-01,ST112,P3231,29.0,10,0
2023-05-01,ST112,P3089,34.0,10,0
2023-05-01,ST112,P3504,34.0,5,0
2023-05-01,ST112,P3022,31.0,15,0
2023-05-01,ST112,P3327,31.0,5,0
2023-05-01,ST112,P3253,48.0,15,0
2023-05-01,ST112,P3350,34.0,20,0
2023-05-01,ST112,P3467,32.0,20,0
2023-05-01,ST112,P3101,35.0,15,0
2023-05-01,ST112,P3018,34.0,5,0
2023-05-01,ST112,P3470,30.0,10,0
2023-05-01,ST112,P3044,37.0,20,0
2023-05-01,ST112,P3223,33.0,20,0
2023-05-01,ST112,P3519,41.0,10,0
2023-05-01,ST112,P3150,29.0,20,0
2023-05-01,ST112,P3027,34.0,15,0
2023-05-01,ST112,P3423,28.0,10,0
2023-05-01,ST112,P3245,34.0,20,0
2023-05-01,ST112,P3055,40.0,10,0
2023-05-01,ST112,P3496,38.0,15,0
2023-05-01,ST112,P3285,29.0,20,0
2023-05-01,ST112,P3407,44.0,15,0
2023-05-01,ST112,P3159,26.0,15,0
2023-05-01,ST112,P3035,29.0,5,0
2023-05-01,ST112,P3186,30.0,20,0
2023-05-01,ST112,P3038,25.0,15,0
2023-05-01,ST112,P3081,37.0,10,0
2023-05-01,ST112,P3321,37.0,20,0
2023-05-01,ST112,P3291,25.0,20,0
2023-05-01,ST112,P3099,37.0,5,0
2023-05-01,ST112,P3492,34.0,5,0
2023-05-01,ST112,P3041,43.0,20,0
2023-05-01,ST113,P3055,44.0,5,0
2023-05-01,ST113,P3437,33.0,20,0
2023-05-01,ST113,P3128,28.0,15,0
2023-05-01,ST113,P3079,32.0,15,0
2023-05-01,ST113,P3280,40.0,5,0
2023-05-01,ST113,P3029,36.0,15,0
2023-05-01,ST113,P3220,37.0,20,0
2023-05-01,ST113,P3144,34.0,15,0
2023-05-01,ST113,P3193,27.0,20,0
2023-05-01,ST113,P3316,27.0,5,0
2023-05-01,ST113,P3099,41.0,15,0
2023-05-01,ST113,P3262,31.0,15,0
2023-05-01,ST113,P3047,43.0,5,0
2023-05-01,ST113,P3084,40.0,15,0
2023-05-01,ST113,P3505,27.0,5,0
2023-05-01,ST113,P3360,38.0,20,0
2023-05-01,ST113,P3351,28.0,5,0
2023-05-01,ST113,P3155,35.0,20,0
2023-05-01,ST113,P3353,39.0,10,0
2023-05-01,ST113,P3049,35.0,20,0
2023-05-01,ST113,P3401,46.0,5,0
2023-05-01,ST113,P3488,34.0,20,0
2023-05-01,ST113,P3450,33.0,20,0
2023-05-01,ST113,P3038,35.0,5,0
2023-05-01,ST113,P3445,41.0,15,0
2023-05-01,ST113,P3100,35.0,15,0
2023-05-01,ST113,P3516,45.0,5,0
2023-05-01,ST113,P3172,33.0,15,0
2023-05-01,ST113,P3377,26.0,15,0
2023-05-01,ST113,P3407,31.0,10,0
2023-05-01,ST113,P3389,40.0,10,0
2023-05-01,ST113,P3495,38.0,5,0
2023-05-01,ST113,P3426,38.0,20,0
2023-05-01,ST113,P3185,36.0,5,0
2023-05-01,ST113,P3471,40.0,5,0
2023-05-01,ST113,P3135,29.0,10,0
2023-05-01,ST113,P3151,42.0,20,0
2023-05-01,ST113,P3292,40.0,15,0
2023-05-01,ST113,P3283,32.0,15,0
2023-05-01,ST113,P3268,36.0,15,0
2023-05-01,ST113,P3002,39.0,10,0
2023-05-01,ST113,P3427,31.0,5,0
2023-05-01,ST113,P3380,38.0,10,0
2023-05-01,ST113,P3061,33.0,5,0
2023-05-01,ST113,P3508,37.0,15,0
2023-05-01,ST113,P3263,36.0,15,0
2023-05-01,ST113,P3323,36.0,5,0
2023-05-01,ST113,P3255,35.0,10,0
2023-05-01,ST113,P3312,38.0,20,0
2023-05-01,ST113,P3491,35.0,15,0
2023-05-01,ST113,P3148,33.0,10,0
2023-05-01,ST113,P3482,28.0,20,0
2023-05-01,ST113,P3484,31.0,10,0
2023-05-01,ST113,P3341,33.0,5,0
2023-05-01,ST113,P3070,34.0,15,0
2023-05-01,ST113,P3519,29.0,15,0
2023-05-01,ST113,P3267,28.0,5,0
2023-05-01,ST113,P3241,34.0,5,0
2023-05-01,ST113,P3502,42.0,10,0
2023-05-01,ST113,P3412,26.0,10,0
2023-05-01,ST114,P3073,35.0,10,0
2023-05-01,ST114,P3163,42.0,20,0
2023-05-01,ST114,P3408,32.0,10,0
2023-05-01,ST114,P3042,35.0,15,0
2023-05-01,ST114,P3085,27.0,15,0
2023-05-01,ST114,P3398,28.0,20,0
2023-05-01,ST114,P3115,40.0,5,0
2023-05-01,ST114,P3265,41.0,10,0
2023-05-01,ST114,P3018,37.0,20,0
2023-05-01,ST114,P3244,40.0,10,0
2023-05-01,ST114,P3185,42.0,20,0
2023-05-01,ST114,P3487,40.0,15,0
2023-05-01,ST114,P3009,40.0,5,0
2023-05-01,ST114,P3379,32.0,20,0
2023-05-01,ST114,P3421,46.0,20,0
2023-05-01,ST114,P3012,36.0,10,0
2023-05-01,ST114,P3170,36.0,15,0
2023-05-01,ST114,P3056,25.0,5,0
2023-05-01,ST114,P3507,33.0,5,0
2023-05-01,ST114,P3335,31.0,20,0
2023-05-01,ST114,P3293,37.0,15,0
2023-05-01,ST114,P3359,33.0,5,0
2023-05-01,ST114,P3189,33.0,10,0
2023-05-01,ST114,P3150,39.0,20,0
2023-05-01,ST114,P3070,29.0,20,0
2023-05-01,ST114,P3312,35.0,10,0
2023-05-01,ST114,P3127,38.0,20,0
2023-05-01,ST114,P3193,32.0,5,0
2023-05-01,ST114,P3292,31.0,10,0
2023-05-01,ST114,P3353,36.0,20,0
2023-05-01,ST114,P3451,27.0,20,0
2023-05-01,ST114,P3368,38.0,20,0
2023-05-01,ST114,P3338,44.0,5,0
2023-05-01,ST114,P3414,32.0,15,0
2023-05-01,ST114,P3286,30.0,10,0
2023-05-01,ST114,P3159,44.0,20,0
2023-05-01,ST114,P3023,46.0,5,0
2023-05-01,ST114,P3237,28.0,20,0
2023-05-01,ST114,P3194,31.0,5,0
2023-05-01,ST114,P3200,46.0,20,0
2023-05-01,ST114,P3004,41.0,20,0
2023-05-01,ST114,P3373,39.0,20,0
2023-05-01,ST114,P3084,35.0,5,0
2023-05-01,ST114,P3336,33.0,15,0
2023-05-01,ST114,P3322,33.0,20,0
2023-05-01,ST114,P3357,27.0,10,0
2023-05-01,ST114,P3082,33.0,20,0
2023-05-01,ST114,P3343,28.0,15,0
2023-05-01,ST114,P3224,36.0,10,0
2023-05-01,ST114,P3381,23.0,20,0
2023-05-01,ST114,P3476,37.0,5,0
2023-05-01,ST114,P3418,38.0,15,0
2023-05-01,ST114,P3217,43.0,15,0
2023-05-01,ST114,P3031,23.0,15,0
2023-05-01,ST114,P3038,33.0,20,0
2023-05-01,ST114,P3472,29.0,20,0
2023-05-01,ST114,P3422,37.0,10,0
2023-05-01,ST114,P3385,33.0,5,0
2023-05-01,ST114,P3297,34.0,20,0
2023-05-01,ST114,P3029,27.0,20,0
2023-05-01,ST115,P3108,40.0,10,0
2023-05-01,ST115,P3106,39.0,5,0
2023-05-01,ST115,P3060,37.0,10,0
2023-05-01,ST115,P3508,37.0,20,0
2023-05-01,ST115,P3300,34.0,20,0
2023-05-01,ST115,P3048,48.0,10,0
2023-05-01,ST115,P3289,35.0,20,0
2023-05-01,ST115,P3218,41.0,15,0
2023-05-01,ST115,P3445,27.0,10,0
2023-05-01,ST115,P3005,34.0,5,0
2023-05-01,ST115,P3457,32.0,15,0
2023-05-01,ST115,P3036,41.0,15,0
2023-05-01,ST115,P3365,47.0,20,0
2023-05-01,ST115,P3512,42.0,15,0
2023-05-01,ST115,P3229,31.0,20,0
2023-05-01,ST115,P3073,28.0,10,0
2023-05-01,ST115,P3034,36.0,20,0
2023-05-01,ST115,P3072,28.0,15,0
2023-05-01,ST115,P3496,36.0,20,0
2023-05-01,ST115,P3121,34.0,10,0
2023-05-01,ST115,P3182,36.0,10,0
2023-05-01,ST115,P3128,41.0,10,0
2023-05-01,ST115,P3099,36.0,5,0
2023-05-01,ST115,P3431,34.0,20,0
2023-05-01,ST115,P3030,40.0,20,0
2023-05-01,ST115,P3310,40.0,10,0
2023-05-01,ST115,P3188,36.0,5,0
2023-05-01,ST115,P3153,38.0,5,0
2023-05-01,ST115,P3383,32.0,10,0
2023-05-01,ST115,P3053,40.0,10,0
2023-05-01,ST115,P3237,34.0,5,0
2023-05-01,ST115,P3476,26.0,10,0
2023-05-01,ST115,P3022,40.0,5,0
2023-05-01,ST115,P3334,42.0,20,0
2023-05-01,ST115,P3204,31.0,15,0
2023-05-01,ST115,P3373,36.0,20,0
2023-05-01,ST115,P3083,40.0,15,0
2023-05-01,ST115,P3143,31.0,5,0
2023-05-01,ST115,P3134,36.0,5,0
2023-05-01,ST115,P3246,21.0,20,0
2023-05-01,ST115,P3404,32.0,10,0
2023-05-01,ST115,P3395,25.0,15,0
2023-05-01,ST115,P3452,35.0,10,0
2023-05-01,ST115,P3186,37.0,15,0
2023-05-01,ST115,P3095,44.0,5,0
2023-05-01,ST115,P3366,37.0,20,0
2023-05-01,ST115,P3486,39.0,5,0
2023-05-01,ST115,P3517,32.0,15,0
2023-05-01,ST115,P3242,26.0,10,0
2023-05-01,ST115,P3475,44.0,10,0
2023-05-01,ST115,P3351,28.0,15,0
2023-05-01,ST115,P3442,29.0,15,0
2023-05-01,ST115,P3203,25.0,20,0
2023-05-01,ST115,P3129,33.0,10,0
2023-05-01,ST115,P3402,31.0,15,0
2023-05-01,ST115,P3500,38.0,15,0
2023-05-01,ST115,P3221,27.0,15,0
2023-05-01,ST115,P3367,40.0,15,0
2023-05-01,ST115,P3268,37.0,10,0
2023-05-01,ST115,P3444,41.0,15,0
2023-05-01,ST116,P3200,30.0,20,0
2023-05-01,ST116,P3167,41.0,15,0
2023-05-01,ST116,P3133,37.0,10,0
2023-05-01,ST116,P3458,45.0,10,0
2023-05-01,ST116,P3130,40.0,20,0
2023-05-01,ST116,P3222,32.0,15,0
2023-05-01,ST116,P3061,38.0,5,0
2023-05-01,ST116,P3287,27.0,10,0
2023-05-01,ST116,P3092,43.0,15,0
2023-05-01,ST116,P3329,37.0,15,0
2023-05-01,ST116,P3014,36.0,20,0
2023-05-01,ST116,P3138,50.0,10,0
2023-05-01,ST116,P3479,42.0,10,0
2023-05-01,ST116,P3323,45.0,5,0
2023-05-01,ST116,P3173,56.0,10,0
2023-05-01,ST116,P3299,33.0,10,0
2023-05-01,ST116,P3224,35.0,5,0
2023-05-01,ST116,P3435,35.0,10,0
2023-05-01,ST116,P3203,25.0,5,0
2023-05-01,ST116,P3235,36.0,15,0
2023-05-01,ST116,P3419,36.0,15,0
2023-05-01,ST116,P3302,28.0,10,0
2023-05-01,ST116,P3211,38.0,10,0
2023-05-01,ST116,P3143,46.0,20,0
2023-05-01,ST116,P3446,41.0,20,0
2023-05-01,ST116,P3047,41.0,20,0
2023-05-01,ST116,P3325,30.0,15,0
2023-05-01,ST116,P3208,31.0,5,0
2023-05-01,ST116,P3013,31.0,20,0
2023-05-01,ST116,P3147,31.0,5,0
2023-05-01,ST116,P3370,33.0,15,0
2023-05-01,ST116,P3179,34.0,15,0
2023-05-01,ST116,P3423,34.0,10,0
2023-05-01,ST116,P3010,35.0,5,0
2023-05-01,ST116,P3194,33.0,5,0
2023-05-01,ST116,P3005,34.0,10,0
2023-05-01,ST116,P3213,36.0,20,0
2023-05-01,ST116,P3324,42.0,20,0
2023-05-01,ST116,P3058,40.0,15,0
2023-05-01,ST116,P3306,40.0,5,0
2023-05-01,ST116,P3258,40.0,15,0
2023-05-01,ST116,P3448,32.0,10,0
2023-05-01,ST116,P3422,32.0,10,0
2023-05-01,ST116,P3231,43.0,15,0
2023-05-01,ST116,P3250,33.0,5,0
2023-05-01,ST116,P3493,24.0,5,0
2023-05-01,ST116,P3129,44.0,20,0
2023-05-01,ST116,P3404,31.0,15,0
2023-05-01,ST116,P3320,21.0,20,0
2023-05-01,ST116,P3359,31.0,15,0
2023-05-01,ST116,P3505,42.0,15,0
2023-05-01,ST116,P3301,27.0,10,0
2023-05-01,ST116,P3318,32.0,5,0
2023-05-01,ST116,P3273,32.0,10,0
2023-05-01,ST116,P3004,34.0,10,0
2023-05-01,ST116,P3195,37.0,20,0
2023-05-01,ST116,P3465,30.0,15,0
2023-05-01,ST116,P3432,32.0,15,0
2023-05-01,ST116,P3131,39.0,10,0
2023-05-01,ST116,P3244,30.0,20,0
2023-05-01,ST117,P3073,35.0,15,0
2023-05-01,ST117,P3023,29.0,5,0
2023-05-01,ST117,P3172,37.0,20,0
2023-05-01,ST117,P3159,30.0,5,0
2023-05-01,ST117,P3363,33.0,20,0
2023-05-01,ST117,P3202,27.0,15,0
2023-05-01,ST117,P3259,32.0,5,0
2023-05-01,ST117,P3346,42.0,10,0
2023-05-01,ST117,P3471,42.0,5,0
2023-05-01,ST117,P3293,33.0,15,0
2023-05-01,ST117,P3214,32.0,15,0
2023-05-01,ST117,P3031,28.0,5,0
2023-05-01,ST117,P3505,32.0,20,0
2023-05-01,ST117,P3153,34.0,10,0
2023-05-01,ST117,P3512,44.0,20,0
2023-05-01,ST117,P3456,33.0,5,0
2023-05-01,ST117,P3484,29.0,20,0
2023-05-01,ST117,P3133,20.0,10,0
2023-05-01,ST117,P3040,41.0,5,0
2023-05-01,ST117,P3320,26.0,5,0
2023-05-01,ST117,P3261,34.0,15,0
2023-05-01,ST117,P3024,37.0,20,0
2023-05-01,ST117,P3423,45.0,10,0
2023-05-01,ST117,P3341,39.0,5,0
2023-05-01,ST117,P3200,44.0,15,0
2023-05-01,ST117,P3264,29.0,10,0
2023-05-01,ST117,P3360,34.0,5,0
2023-05-01,ST117,P3326,27.0,5,0
2023-05-01,ST117,P3487,40.0,10,0
2023-05-01,ST117,P3067,35.0,15,0
2023-05-01,ST117,P3063,37.0,15,0
2023-05-01,ST117,P3437,39.0,15,0
2023-05-01,ST117,P3393,35.0,20,0
2023-05-01,ST117,P3101,39.0,20,0
2023-05-01,ST117,P3399,38.0,5,0
2023-05-01,ST117,P3508,29.0,15,0
2023-05-01,ST117,P3207,42.0,5,0
2023-05-01,ST117,P3022,34.0,5,0
2023-05-01,ST117,P3369,45.0,15,0
2023-05-01,ST117,P3472,44.0,10,0
2023-05-01,ST117,P3144,30.0,15,0
2023-05-01,ST117,P3290,35.0,20,0
2023-05-01,ST117,P3250,23.0,20,0
2023-05-01,ST117,P3129,40.0,20,0
2023-05-01,ST117,P3175,34.0,15,0
2023-05-01,ST117,P3396,42.0,15,0
2023-05-01,ST117,P3113,34.0,15,0
2023-05-01,ST117,P3192,29.0,20,0
2023-05-01,ST117,P3096,31.0,15,0
2023-05-01,ST117,P3017,44.0,20,0
2023-05-01,ST117,P3184,39.0,10,0
2023-05-01,ST117,P3199,36.0,10,0
2023-05-01,ST117,P3272,34.0,20,0
2023-05-01,ST117,P3275,32.0,15,0
2023-05-01,ST117,P3148,40.0,10,0
2023-05-01,ST117,P3473,36.0,10,0
2023-05-01,ST117,P3273,32.0,5,0
2023-05-01,ST117,P3141,,15,0
2023-05-01,ST117,P3483,38.0,10,0
2023-05-01,ST117,P3036,47.0,10,0
2023-05-01,ST118,P3180,44.0,20,0
2023-05-01,ST118,P3383,35.0,15,0
2023-05-01,ST118,P3260,21.0,10,0
2023-05-01,ST118,P3306,41.0,5,0
2023-05-01,ST118,P3025,31.0,15,0
2023-05-01,ST118,P3307,44.0,15,0
2023-05-01,ST118,P3351,39.0,10,0
2023-05-01,ST118,P3277,28.0,20,0
2023-05-01,ST118,P3155,43.0,20,0
2023-05-01,ST118,P3367,32.0,15,0
2023-05-01,ST118,P3090,40.0,10,0
2023-05-01,ST118,P3018,35.0,20,0
2023-05-01,ST118,P3275,35.0,20,0
2023-05-01,ST118,P3231,39.0,15,0
2023-05-01,ST118,P3095,27.0,15,0
2023-05-01,ST118,P3500,31.0,10,0
2023-05-01,ST118,P3057,50.0,15,0
2023-05-01,ST118,P3399,33.0,5,0
2023-05-01,ST118,P3443,31.0,15,0
2023-05-01,ST118,P3107,29.0,15,0
2023-05-01,ST118,P3294,36.0,20,0
2023-05-01,ST118,P3302,31.0,5,0
2023-05-01,ST118,P3428,32.0,15,0
2023-05-01,ST118,P3411,33.0,15,0
2023-05-01,ST118,P3317,29.0,10,0
2023-05-01,ST118,P3295,27.0,15,0
2023-05-01,ST118,P3395,36.0,10,0
2023-05-01,ST118,P3109,28.0,5,0
2023-05-01,ST118,P3517,35.0,5,0
2023-05-01,ST118,P3296,34.0,15,0
2023-05-01,ST118,P3187,38.0,5,0
2023-05-01,ST118,P3447,44.0,5,0
2023-05-01,ST118,P3181,28.0,15,0
2023-05-01,ST118,P3238,31.0,10,0
2023-05-01,ST118,P3436,46.0,15,0
2023-05-01,ST118,P3259,40.0,10,0
2023-05-01,ST118,P3388,39.0,15,0
2023-05-01,ST118,P3291,43.0,15,0
2023-05-01,ST118,P3061,31.0,20,0
2023-05-01,ST118,P3100,46.0,5,0
2023-05-01,ST118,P3409,31.0,20,0
2023-05-01,ST118,P3043,40.0,10,0
2023-05-01,ST118,P3056,33.0,5,0
2023-05-01,ST118,P3278,28.0,10,0
2023-05-01,ST118,P3247,34.0,5,0
2023-05-01,ST118,P3464,41.0,20,0
2023-05-01,ST118,P3281,29.0,20,0
2023-05-01,ST118,P3496,40.0,10,0
2023-05-01,ST118,P3352,28.0,15,0
2023-05-01,ST118,P3229,33.0,10,0
2023-05-01,ST118,P3050,31.0,15,0
2023-05-01,ST118,P3144,35.0,5,0
2023-05-01,ST118,P3182,40.0,10,0
2023-05-01,ST118,P3511,34.0,5,0
2023-05-01,ST118,P3512,30.0,10,0
2023-05-01,ST118,P3420,34.0,10,0
2023-05-01,ST118,P3322,41.0,15,0
2023-05-01,ST118,P3207,35.0,5,0
2023-05-01,ST118,P3481,38.0,10,0
2023-05-01,ST118,P3162,31.0,10,0
2023-06-01,ST101,P3047,32.0,10,0
2023-06-01,ST101,P3353,35.0,5,0
2023-06-01,ST101,P3380,35.0,20,0
2023-06-01,ST101,P3302,31.0,5,0
2023-06-01,ST101,P3341,45.0,5,0
2023-06-01,ST101,P3050,38.0,15,0
2023-06-01,ST101,P3352,34.0,5,0
2023-06-01,ST101,P3374,42.0,15,0
2023-06-01,ST101,P3404,39.0,5,0
2023-06-01,ST101,P3212,40.0,5,0
2023-06-01,ST101,P3088,39.0,5,0
2023-06-01,ST101,P3118,44.0,20,0
2023-06-01,ST101,P3432,35.0,10,0
2023-06-01,ST101,P3502,32.0,10,0
2023-06-01,ST101,P3060,23.0,5,0
2023-06-01,ST101,P3360,28.0,15,0
2023-06-01,ST101,P3417,48.0,15,0
2023-06-01,ST101,P3194,43.0,15,0
2023-06-01,ST101,P3014,39.0,15,0
2023-06-01,ST101,P3038,36.0,15,0
2023-06-01,ST101,P3257,28.0,5,0
2023-06-01,ST101,P3280,30.0,15,0
2023-06-01,ST101,P3268,33.0,10,0
2023-06-01,ST101,P3076,31.0,15,0
2023-06-01,ST101,P3482,22.0,10,0
2023-06-01,ST101,P3158,30.0,20,0
2023-06-01,ST101,P3114,36.0,10,0
2023-06-01,ST101,P3427,36.0,10,0
2023-06-01,ST101,P3256,32.0,15,0
2023-06-01,ST101,P3250,37.0,20,0
2023-06-01,ST101,P3293,29.0,15,0
2023-06-01,ST101,P3222,23.0,20,0
2023-06-01,ST101,P3009,31.0,5,0
2023-06-01,ST101,P3402,33.0,15,0
2023-06-01,ST101,P3359,38.0,10,0
2023-06-01,ST101,P3399,30.0,15,0
2023-06-01,ST101,P3415,46.0,20,0
2023-06-01,ST101,P3156,37.0,20,0
2023-06-01,ST101,P3214,36.0,5,0
2023-06-01,ST101,P3416,41.0,10,0
2023-06-01,ST101,P3232,38.0,15,0
2023-06-01,ST101,P3117,29.0,20,0
2023-06-01,ST101,P3355,44.0,5,0
2023-06-01,ST101,P3163,34.0,15,0
2023-06-01,ST101,P3387,32.0,10,0
2023-06-01,ST101,P3020,23.0,15,0
2023-06-01,ST101,P3345,30.0,5,0
2023-06-01,ST101,P3100,27.0,20,0
2023-06-01,ST101,P3119,34.0,10,0
2023-06-01,ST101,P3026,29.0,15,0
2023-06-01,ST101,P3478,31.0,10,0
2023-06-01,ST101,P3159,33.0,5,0
2023-06-01,ST101,P3083,40.0,20,0
2023-06-01,ST101,P3424,30.0,10,0
2023-06-01,ST101,P3314,38.0,15,0
2023-06-01,ST101,P3471,33.0,5,0
2023-06-01,ST101,P3272,36.0,5,0
2023-06-01,ST101,P3166,39.0,5,0
2023-06-01,ST101,P3477,33.0,15,0
2023-06-01,ST101,P3193,34.0,20,0
2023-06-01,ST102,P3243,27.0,20,0
2023-06-01,ST102,P3300,37.0,5,0
2023-06-01,ST102,P3175,29.0,5,0
2023-06-01,ST102,P3492,40.0,10,0
2023-06-01,ST102,P3147,35.0,10,0
2023-06-01,ST102,P3256,43.0,10,0
2023-06-01,ST102,P3075,39.0,20,0
2023-06-01,ST102,P3387,35.0,15,0
2023-06-01,ST102,P3068,38.0,5,0
2023-06-01,ST102,P3461,30.0,20,0
2023-06-01,ST102,P3230,37.0,5,0
2023-06-01,ST102,P3096,34.0,5,0
2023-06-01,ST102,P3351,36.0,20,0
2023-06-01,ST102,P3220,36.0,5,0
2023-06-01,ST102,P3020,33.0,10,0
2023-06-01,ST102,P3071,37.0,15,0
2023-06-01,ST102,P3024,47.0,5,0
2023-06-01,ST102,P3187,37.0,20,0
2023-06-01,ST102,P3465,34.0,5,0
2023-06-01,ST102,P3333,44.0,10,0
2023-06-01,ST102,P3397,36.0,15,0
2023-06-01,ST102,P3160,31.0,5,0
2023-06-01,ST102,P3105,28.0,15,0
2023-06-01,ST102,P3330,27.0,10,0
2023-06-01,ST102,P3272,39.0,10,0
2023-06-01,ST102,P3057,27.0,10,0
2023-06-01,ST102,P3188,34.0,20,0
2023-06-01,ST102,P3423,38.0,10,0
2023-06-01,ST102,P3125,41.0,10,0
2023-06-01,ST102,P3472,31.0,20,0
2023-06-01,ST102,P3102,31.0,5,0
2023-06-01,ST102,P3374,42.0,20,0
2023-06-01,ST102,P3457,26.0,5,0
2023-06-01,ST102,P3416,32.0,5,0
2023-06-01,ST102,P3486,40.0,20,0
2023-06-01,ST102,P3164,34.0,20,0
2023-06-01,ST102,P3113,47.0,5,0
2023-06-01,ST102,P3210,33.0,15,0
2023-06-01,ST102,P3139,28.0,5,0
2023-06-01,ST102,P3203,30.0,10,0
2023-06-01,ST102,P3186,29.0,10,0
2023-06-01,ST102,P3438,47.0,5,0
2023-06-01,ST102,P3054,31.0,20,0
2023-06-01,ST102,P3179,16.0,10,0
2023-06-01,ST102,P3485,39.0,5,0
2023-06-01,ST102,P3361,31.0,5,0
2023-06-01,ST102,P3189,43.0,20,0
2023-06-01,ST102,P3183,39.0,15,0
2023-06-01,ST102,P3010,36.0,5,0
2023-06-01,ST102,P3488,38.0,20,0
2023-06-01,ST102,P3142,39.0,20,0
2023-06-01,ST102,P3151,39.0,5,0
2023-06-01,ST102,P3286,34.0,20,0
2023-06-01,ST102,P3030,41.0,5,0
2023-06-01,ST102,P3427,38.0,5,0
2023-06-01,ST102,P3145,27.0,10,0
2023-06-01,ST102,P3029,37.0,5,0
2023-06-01,ST102,P3510,35.0,5,0
2023-06-01,ST102,P3454,30.0,15,0
2023-06-01,ST102,P3373,31.0,20,0
2023-06-01,ST103,P3298,35.0,15,0
2023-06-01,ST103,P3046,29.0,15,0
2023-06-01,ST103,P3163,30.0,15,0
2023-06-01,ST103,P3454,31.0,20,0
2023-06-01,ST103,P3008,32.0,20,0
2023-06-01,ST103,P3442,34.0,5,0
2023-06-01,ST103,P3379,35.0,10,0
2023-06-01,ST103,P3234,28.0,5,0
2023-06-01,ST103,P3007,32.0,10,0
2023-06-01,ST103,P3011,37.0,10,0
2023-06-01,ST103,P3022,30.0,10,0
2023-06-01,ST103,P3083,33.0,20,0
2023-06-01,ST103,P3397,45.0,10,0
2023-06-01,ST103,P3355,30.0,5,0
2023-06-01,ST103,P3498,30.0,5,0
2023-06-01,ST103,P3484,30.0,5,0
2023-06-01,ST103,P3010,34.0,10,0
2023-06-01,ST103,P3155,37.0,20,0
2023-06-01,ST103,P3117,42.0,5,0
2023-06-01,ST103,P3361,42.0,20,0
2023-06-01,ST103,P3483,33.0,20,0
2023-06-01,ST103,P3245,36.0,20,0
2023-06-01,ST103,P3124,42.0,20,0
2023-06-01,ST103,P3082,38.0,10,0
2023-06-01,ST103,P3356,33.0,10,0
2023-06-01,ST103,P3168,35.0,20,0
2023-06-01,ST103,P3268,21.0,15,0
2023-06-01,ST103,P3023,40.0,5,0
2023-06-01,ST103,P3162,29.0,15,0
2023-06-01,ST103,P3220,37.0,15,0
2023-06-01,ST103,P3499,35.0,10,0
2023-06-01,ST103,P3359,27.0,10,0
2023-06-01,ST103,P3495,30.0,15,0
2023-06-01,ST103,P3300,32.0,20,0
2023-06-01,ST103,P3074,37.0,20,0
2023-06-01,ST103,P3400,26.0,5,0
2023-06-01,ST103,P3085,42.0,20,0
2023-06-01,ST103,P3013,42.0,5,0
2023-06-01,ST103,P3449,37.0,15,0
2023-06-01,ST103,P3274,25.0,5,0
2023-06-01,ST103,P3478,,5,0
2023-06-01,ST103,P3132,37.0,10,0
2023-06-01,ST103,P3131,33.0,15,0
2023-06-01,ST103,P3158,33.0,10,0
2023-06-01,ST103,P3128,35.0,20,0
2023-06-01,ST103,P3078,45.0,20,0
2023-06-01,ST103,P3206,32.0,10,0
2023-06-01,ST103,P3488,30.0,10,0
2023-06-01,ST103,P3030,37.0,5,0
2023-06-01,ST103,P3138,31.0,15,0
2023-06-01,ST103,P3402,32.0,15,0
2023-06-01,ST103,P3358,47.0,10,0
2023-06-01,ST103,P3283,40.0,20,0
2023-06-01,ST103,P3506,32.0,5,0
2023-06-01,ST103,P3375,46.0,15,0
2023-06-01,ST103,P3500,43.0,15,0
2023-06-01,ST103,P3289,23.0,20,0
2023-06-01,ST103,P3251,20.0,20,0
2023-06-01,ST103,P3431,37.0,15,0
2023-06-01,ST103,P3275,40.0,10,0
2023-06-01,ST104,P3199,27.0,10,0
2023-06-01,ST104,P3193,28.0,5,0
2023-06-01,ST104,P3328,28.0,5,0
2023-06-01,ST104,P3055,32.0,10,0
2023-06-01,ST104,P3510,29.0,20,0
2023-06-01,ST104,P3349,30.0,5,0
2023-06-01,ST104,P3423,40.0,15,0
2023-06-01,ST104,P3406,29.0,15,0
2023-06-01,ST104,P3488,32.0,5,0
2023-06-01,ST104,P3376,40.0,10,0
2023-06-01,ST104,P3466,40.0,10,0
2023-06-01,ST104,P3202,38.0,5,0
2023-06-01,ST104,P3221,35.0,10,0
2023-06-01,ST104,P3151,30.0,10,0
2023-06-01,ST104,P3053,41.0,10,0
2023-06-01,ST104,P3116,39.0,10,0
2023-06-01,ST104,P3057,28.0,10,0
2023-06-01,ST104,P3275,33.0,5,0
2023-06-01,ST104,P3287,31.0,10,0
2023-06-01,ST104,P3359,38.0,5,0
2023-06-01,ST104,P3293,36.0,15,0
2023-06-01,ST104,P3280,34.0,10,0
2023-06-01,ST104,P3044,28.0,15,0
2023-06-01,ST104,P3305,36.0,20,0
2023-06-01,ST104,P3086,35.0,10,0
2023-06-01,ST104,P3113,45.0,5,0
2023-06-01,ST104,P3172,41.0,15,0
2023-06-01,ST104,P3512,49.0,20,0
2023-06-01,ST104,P3238,39.0,20,0
2023-06-01,ST104,P3109,31.0,15,0
2023-06-01,ST104,P3404,21.0,10,0
2023-06-01,ST104,P3371,29.0,10,0
2023-06-01,ST104,P3030,25.0,5,0
2023-06-01,ST104,P3316,35.0,20,0
2023-06-01,ST104,P3242,41.0,20,0
2023-06-01,ST104,P3257,39.0,10,0
2023-06-01,ST104,P3326,42.0,20,0
2023-06-01,ST104,P3148,27.0,20,0
2023-06-01,ST104,P3190,33.0,10,0
2023-06-01,ST104,P3253,38.0,5,0
2023-06-01,ST104,P3166,35.0,5,0
2023-06-01,ST104,P3486,34.0,10,0
2023-06-01,ST104,P3286,35.0,10,0
2023-06-01,ST104,P3005,31.0,15,0
2023-06-01,ST104,P3040,36.0,15,0
2023-06-01,ST104,P3209,27.0,5,0
2023-06-01,ST104,P3139,36.0,15,0
2023-06-01,ST104,P3513,36.0,20,0
2023-06-01,ST104,P3332,44.0,10,0
2023-06-01,ST104,P3145,29.0,5,0
2023-06-01,ST104,P3128,48.0,20,0
2023-06-01,ST104,P3360,26.0,15,0
2023-06-01,ST104,P3272,39.0,5,0
2023-06-01,ST104,P3019,42.0,20,0
2023-06-01,ST104,P3031,32.0,15,0
2023-06-01,ST104,P3254,32.0,20,0
2023-06-01,ST104,P3054,31.0,5,0
2023-06-01,ST104,P3436,26.0,5,0
2023-06-01,ST104,P3390,39.0,20,0
2023-06-01,ST104,P3259,42.0,5,0
2023-06-01,ST105,P3167,35.0,5,0
2023-06-01,ST105,P3378,37.0,10,0
2023-06-01,ST105,P3030,30.0,15,0
2023-06-01,ST105,P3479,32.0,20,0
2023-06-01,ST105,P3193,43.0,5,0
2023-06-01,ST105,P3474,35.0,5,0
2023-06-01,ST105,P3462,39.0,15,0
2023-06-01,ST105,P3162,34.0,10,0
2023-06-01,ST105,P3301,29.0,10,0
2023-06-01,ST105,P3503,35.0,5,0
2023-06-01,ST105,P3176,42.0,15,0
2023-06-01,ST105,P3265,26.0,5,0
2023-06-01,ST105,P3454,40.0,10,0
2023-06-01,ST105,P3472,41.0,20,0
2023-06-01,ST105,P3394,37.0,10,0
2023-06-01,ST105,P3327,28.0,15,0
2023-06-01,ST105,P3238,52.0,20,0
2023-06-01,ST105,P3505,46.0,10,0
2023-06-01,ST105,P3252,30.0,20,0
2023-06-01,ST105,P3249,39.0,10,0
2023-06-01,ST105,P3080,29.0,10,0
2023-06-01,ST105,P3336,35.0,10,0
2023-06-01,ST105,P3498,30.0,15,0
2023-06-01,ST105,P3291,42.0,10,0
2023-06-01,ST105,P3298,30.0,10,0
2023-06-01,ST105,P3009,46.0,5,0
2023-06-01,ST105,P3299,27.0,15,0
2023-06-01,ST105,P3207,28.0,10,0
2023-06-01,ST105,P3027,41.0,5,0
2023-06-01,ST105,P3107,33.0,5,0
2023-06-01,ST105,P3387,31.0,10,0
2023-06-01,ST105,P3250,32.0,5,0
2023-06-01,ST105,P3146,37.0,10,0
2023-06-01,ST105,P3073,30.0,5,0
2023-06-01,ST105,P3191,34.0,5,0
2023-06-01,ST105,P3417,37.0,5,0
2023-06-01,ST105,P3114,36.0,15,0
2023-06-01,ST105,P3393,36.0,10,0
2023-06-01,ST105,P3317,27.0,20,0
2023-06-01,ST105,P3241,47.0,15,0
2023-06-01,ST105,P3322,37.0,20,0
2023-06-01,ST105,P3020,37.0,15,0
2023-06-01,ST105,P3501,34.0,10,0
2023-06-01,ST105,P3451,29.0,20,0
2023-06-01,ST105,P3306,28.0,5,0
2023-06-01,ST105,P3102,38.0,10,0
2023-06-01,ST105,P3318,23.0,10,0
2023-06-01,ST105,P3076,30.0,15,0
2023-06-01,ST105,P3222,38.0,5,0
2023-06-01,ST105,P3362,29.0,20,0
2023-06-01,ST105,P3325,39.0,15,0
2023-06-01,ST105,P3103,37.0,10,0
2023-06-01,ST105,P3172,48.0,10,0
2023-06-01,ST105,P3273,25.0,5,0
2023-06-01,ST105,P3357,41.0,10,0
2023-06-01,ST105,P3005,32.0,15,0
2023-06-01,ST105,P3034,28.0,5,0
2023-06-01,ST105,P3232,26.0,5,0
2023-06-01,ST105,P3515,30.0,10,0
2023-06-01,ST105,P3483,41.0,5,0
2023-06-01,ST106,P3224,33.0,5,0
2023-06-01,ST106,P3171,38.0,15,0
2023-06-01,ST106,P3241,40.0,20,0
2023-06-01,ST106,P3177,26.0,20,0
2023-06-01,ST106,P3387,40.0,15,0
2023-06-01,ST106,P3386,32.0,5,0
2023-06-01,ST106,P3189,30.0,20,0
2023-06-01,ST106,P3124,37.0,15,0
2023-06-01,ST106,P3058,33.0,5,0
2023-06-01,ST106,P3207,46.0,10,0
2023-06-01,ST106,P3360,35.0,20,0
2023-06-01,ST106,P3062,37.0,15,0
2023-06-01,ST106,P3413,42.0,20,0
2023-06-01,ST106,P3152,30.0,5,0
2023-06-01,ST106,P3424,38.0,15,0
2023-06-01,ST106,P3181,30.0,20,0
2023-06-01,ST106,P3294,36.0,20,0
2023-06-01,ST106,P3437,35.0,20,0
2023-06-01,ST106,P3432,32.0,15,0
2023-06-01,ST106,P3081,35.0,5,0
2023-06-01,ST106,P3456,43.0,5,0
2023-06-01,ST106,P3434,36.0,15,0
2023-06-01,ST106,P3385,31.0,10,0
2023-06-01,ST106,P3100,35.0,5,0
2023-06-01,ST106,P3046,19.0,15,0
2023-06-01,ST106,P3479,27.0,20,0
2023-06-01,ST106,P3363,37.0,5,0
2023-06-01,ST106,P3491,36.0,15,0
2023-06-01,ST106,P3261,14.0,5,0
2023-06-01,ST106,P3132,39.0,5,0
2023-06-01,ST106,P3449,43.0,5,0
2023-06-01,ST106,P3475,36.0,15,0
2023-06-01,ST106,P3186,37.0,20,0
2023-06-01,ST106,P3212,37.0,5,0
2023-06-01,ST106,P3230,34.0,5,0
2023-06-01,ST106,P3191,37.0,10,0
2023-06-01,ST106,P3260,29.0,10,0
2023-06-01,ST106,P3417,40.0,20,0
2023-06-01,ST106,P3074,45.0,10,0
2023-06-01,ST106,P3001,27.0,15,0
2023-06-01,ST106,P3463,38.0,10,0
2023-06-01,ST106,P3279,37.0,5,0
2023-06-01,ST106,P3390,43.0,20,0
2023-06-01,ST106,P3402,28.0,20,0
2023-06-01,ST106,P3410,35.0,15,0
2023-06-01,ST106,P3137,27.0,20,0
2023-06-01,ST106,P3512,26.0,5,0
2023-06-01,ST106,P3094,39.0,10,0
2023-06-01,ST106,P3458,31.0,5,0
2023-06-01,ST106,P3076,30.0,10,0
2023-06-01,ST106,P3472,41.0,20,0
2023-06-01,ST106,P3059,37.0,15,0
2023-06-01,ST106,P3194,43.0,15,0
2023-06-01,ST106,P3442,39.0,20,0
2023-06-01,ST106,P3444,28.0,5,0
2023-06-01,ST106,P3048,31.0,10,0
2023-06-01,ST106,P3118,40.0,10,0
2023-06-01,ST106,P3165,38.0,5,0
2023-06-01,ST106,P3248,41.0,20,0
2023-06-01,ST106,P3102,34.0,10,0
2023-06-01,ST107,P3119,34.0,5,0
2023-06-01,ST107,P3051,28.0,10,0
2023-06-01,ST107,P3246,34.0,10,0
2023-06-01,ST107,P3363,34.0,15,0
2023-06-01,ST107,P3035,44.0,10,0
2023-06-01,ST107,P3241,31.0,20,0
2023-06-01,ST107,P3436,36.0,15,0
2023-06-01,ST107,P3198,27.0,10,0
2023-06-01,ST107,P3338,29.0,20,0
2023-06-01,ST107,P3252,38.0,15,0
2023-06-01,ST107,P3326,45.0,20,0
2023-06-01,ST107,P3243,35.0,5,0
2023-06-01,ST107,P3513,45.0,15,0
2023-06-01,ST107,P3279,31.0,15,0
2023-06-01,ST107,P3227,34.0,5,0
2023-06-01,ST107,P3196,34.0,5,0
2023-06-01,ST107,P3129,32.0,15,0
2023-06-01,ST107,P3159,30.0,15,0
2023-06-01,ST107,P3048,36.0,5,0
2023-06-01,ST107,P3491,35.0,20,0
2023-06-01,ST107,P3053,32.0,20,0
2023-06-01,ST107,P3478,30.0,20,0
2023-06-01,ST107,P3358,32.0,20,0
2023-06-01,ST107,P3156,51.0,20,0
2023-06-01,ST107,P3203,35.0,15,0
2023-06-01,ST107,P3508,31.0,5,0
2023-06-01,ST107,P3437,30.0,5,0
2023-06-01,ST107,P3249,28.0,5,0
2023-06-01,ST107,P3071,26.0,15,0
2023-06-01,ST107,P3360,35.0,15,0
2023-06-01,ST107,P3080,34.0,15,0
2023-06-01,ST107,P3182,31.0,5,0
2023-06-01,ST107,P3117,43.0,10,0
2023-06-01,ST107,P3094,37.0,5,0
2023-06-01,ST107,P3379,45.0,10,0
2023-06-01,ST107,P3280,37.0,15,0
2023-06-01,ST107,P3319,35.0,5,0
2023-06-01,ST107,P3177,39.0,10,0
2023-06-01,ST107,P3176,39.0,15,0
2023-06-01,ST107,P3392,38.0,10,0
2023-06-01,ST107,P3169,39.0,5,0
2023-06-01,ST107,P3390,29.0,5,0
2023-06-01,ST107,P3510,29.0,15,0
2023-06-01,ST107,P3466,43.0,20,0
2023-06-01,ST107,P3465,31.0,15,0
2023-06-01,ST107,P3167,24.0,10,0
2023-06-01,ST107,P3301,44.0,5,0
2023-06-01,ST107,P3307,33.0,15,0
2023-06-01,ST107,P3505,40.0,5,0
2023-06-01,ST107,P3123,35.0,5,0
2023-06-01,ST107,P3453,28.0,5,0
2023-06-01,ST107,P3253,31.0,10,0
2023-06-01,ST107,P3422,32.0,5,0
2023-06-01,ST107,P3016,33.0,10,0
2023-06-01,ST107,P3424,35.0,15,0
2023-06-01,ST107,P3209,32.0,10,0
2023-06-01,ST107,P3283,30.0,20,0
2023-06-01,ST107,P3372,34.0,10,0
2023-06-01,ST107,P3389,33.0,20,0
2023-06-01,ST107,P3370,32.0,20,0
2023-06-01,ST108,P3317,38.0,15,0
2023-06-01,ST108,P3348,45.0,15,0
2023-06-01,ST108,P3184,33.0,15,0
2023-06-01,ST108,P3055,42.0,20,0
2023-06-01,ST108,P3019,36.0,15,0
2023-06-01,ST108,P3398,36.0,5,0
2023-06-01,ST108,P3021,30.0,5,0
2023-06-01,ST108,P3341,34.0,10,0
2023-06-01,ST108,P3158,35.0,15,0
2023-06-01,ST108,P3281,33.0,5,0
2023-06-01,ST108,P3079,35.0,15,0
2023-06-01,ST108,P3468,39.0,5,0
2023-06-01,ST108,P3229,43.0,10,0
2023-06-01,ST108,P3320,39.0,20,0
2023-06-01,ST108,P3284,30.0,5,0
2023-06-01,ST108,P3276,36.0,10,0
2023-06-01,ST108,P3038,34.0,15,0
2023-06-01,ST108,P3143,35.0,5,0
2023-06-01,ST108,P3070,22.0,20,0
2023-06-01,ST108,P3292,31.0,20,0
2023-06-01,ST108,P3407,38.0,5,0
2023-06-01,ST108,P3440,36.0,5,0
2023-06-01,ST108,P3295,47.0,10,0
2023-06-01,ST108,P3009,40.0,10,0
2023-06-01,ST108,P3305,36.0,15,0
2023-06-01,ST108,P3319,33.0,5,0
2023-06-01,ST108,P3325,31.0,20,0
2023-06-01,ST108,P3174,40.0,10,0
2023-06-01,ST108,P3231,29.0,20,0
2023-06-01,ST108,P3138,43.0,20,0
2023-06-01,ST108,P3116,32.0,20,0
2023-06-01,ST108,P3077,36.0,5,0
2023-06-01,ST108,P3290,26.0,5,0
2023-06-01,ST108,P3154,38.0,15,0
2023-06-01,ST108,P3170,42.0,10,0
2023-06-01,ST108,P3217,43.0,20,0
2023-06-01,ST108,P3354,25.0,15,0
2023-06-01,ST108,P3076,30.0,10,0
2023-06-01,ST108,P3153,45.0,15,0
2023-06-01,ST108,P3041,44.0,10,0
2023-06-01,ST108,P3396,33.0,5,0
2023-06-01,ST108,P3514,28.0,10,0
2023-06-01,ST108,P3215,36.0,5,0
2023-06-01,ST108,P3173,30.0,15,0
2023-06-01,ST108,P3235,42.0,20,0
2023-06-01,ST108,P3091,39.0,10,0
2023-06-01,ST108,P3466,30.0,10,0
2023-06-01,ST108,P3478,29.0,20,0
2023-06-01,ST108,P3434,31.0,20,0
2023-06-01,ST108,P3411,36.0,20,0
2023-06-01,ST108,P3228,28.0,15,0
2023-06-01,ST108,P3464,31.0,5,0
2023-06-01,ST108,P3459,38.0,15,0
2023-06-01,ST108,P3211,23.0,10,0
2023-06-01,ST108,P3238,,5,0
2023-06-01,ST108,P3311,48.0,5,0
2023-06-01,ST108,P3512,28.0,15,0
2023-06-01,ST108,P3103,47.0,20,0
2023-06-01,ST108,P3093,37.0,10,0
2023-06-01,ST108,P3069,29.0,10,0
2023-06-01,ST109,P3451,24.0,15,0
2023-06-01,ST109,P3312,29.0,5,0
2023-06-01,ST109,P3187,25.0,15,0
2023-06-01,ST109,P3346,28.0,10,0
2023-06-01,ST109,P3480,23.0,10,0
2023-06-01,ST109,P3275,47.0,20,0
2023-06-01,ST109,P3035,38.0,20,0
2023-06-01,ST109,P3458,35.0,20,0
2023-06-01,ST109,P3276,40.0,20,0
2023-06-01,ST109,P3462,43.0,10,0
2023-06-01,ST109,P3403,30.0,15,0
2023-06-01,ST109,P3121,36.0,20,0
2023-06-01,ST109,P3406,30.0,10,0
2023-06-01,ST109,P3246,27.0,10,0
2023-06-01,ST109,P3411,40.0,15,0
2023-06-01,ST109,P3301,31.0,20,0
2023-06-01,ST109,P3358,36.0,10,0
2023-06-01,ST109,P3510,39.0,20,0
2023-06-01,ST109,P3185,37.0,10,0
2023-06-01,ST109,P3045,37.0,10,0
2023-06-01,ST109,P3060,25.0,20,0
2023-06-01,ST109,P3241,38.0,20,0
2023-06-01,ST109,P3362,38.0,10,0
2023-06-01,ST109,P3486,29.0,20,0
2023-06-01,ST109,P3429,30.0,10,0
2023-06-01,ST109,P3422,35.0,5,0
2023-06-01,ST109,P3481,22.0,5,0
2023-06-01,ST109,P3456,31.0,10,0
2023-06-01,ST109,P3385,41.0,20,0
2023-06-01,ST109,P3186,37.0,15,0
2023-06-01,ST109,P3448,34.0,5,0
2023-06-01,ST109,P3306,35.0,15,0
2023-06-01,ST109,P3108,48.0,5,0
2023-06-01,ST109,P3473,31.0,15,0
2023-06-01,ST109,P3033,41.0,5,0
2023-06-01,ST109,P3064,28.0,20,0
2023-06-01,ST109,P3277,32.0,15,0
2023-06-01,ST109,P3062,44.0,15,0
2023-06-01,ST109,P3029,32.0,5,0
2023-06-01,ST109,P3006,26.0,5,0
2023-06-01,ST109,P3199,35.0,10,0
2023-06-01,ST109,P3258,35.0,5,0
2023-06-01,ST109,P3469,33.0,10,0
2023-06-01,ST109,P3193,28.0,5,0
2023-06-01,ST109,P3107,39.0,10,0
2023-06-01,ST109,P3089,36.0,20,0
2023-06-01,ST109,P3360,23.0,15,0
2023-06-01,ST109,P3110,30.0,5,0
2023-06-01,ST109,P3109,37.0,20,0
2023-06-01,ST109,P3337,27.0,20,0
2023-06-01,ST109,P3453,30.0,10,0
2023-06-01,ST109,P3179,37.0,20,0
2023-06-01,ST109,P3184,29.0,5,0
2023-06-01,ST109,P3058,45.0,5,0
2023-06-01,ST109,P3513,41.0,10,0
2023-06-01,ST109,P3101,45.0,20,0
2023-06-01,ST109,P3155,41.0,10,0
2023-06-01,ST109,P3259,52.0,15,0
2023-06-01,ST109,P3255,42.0,20,0
2023-06-01,ST109,P3010,40.0,15,0
2023-06-01,ST110,P3419,25.0,5,0
2023-06-01,ST110,P3452,33.0,5,0
2023-06-01,ST110,P3344,35.0,10,0
2023-06-01,ST110,P3181,36.0,5,0
2023-06-01,ST110,P3053,34.0,15,0
2023-06-01,ST110,P3413,31.0,10,0
2023-06-01,ST110,P3144,46.0,15,0
2023-06-01,ST110,P3140,22.0,15,0
2023-06-01,ST110,P3232,39.0,5,0
2023-06-01,ST110,P3231,39.0,10,0
2023-06-01,ST110,P3265,36.0,15,0
2023-06-01,ST110,P3367,55.0,20,0
2023-06-01,ST110,P3490,32.0,20,0
2023-06-01,ST110,P3193,27.0,5,0
2023-06-01,ST110,P3161,41.0,5,0
2023-06-01,ST110,P3333,29.0,15,0
2023-06-01,ST110,P3280,41.0,15,0
2023-06-01,ST110,P3227,34.0,5,0
2023-06-01,ST110,P3059,30.0,10,0
2023-06-01,ST110,P3386,45.0,15,0
2023-06-01,ST110,P3121,32.0,15,0
2023-06-01,ST110,P3260,30.0,15,0
2023-06-01,ST110,P3036,38.0,20,0
2023-06-01,ST110,P3015,29.0,20,0
2023-06-01,ST110,P3076,36.0,20,0
2023-06-01,ST110,P3073,47.0,10,0
2023-06-01,ST110,P3108,40.0,15,0
2023-06-01,ST110,P3276,32.0,5,0
2023-06-01,ST110,P3275,35.0,5,0
2023-06-01,ST110,P3420,35.0,10,0
2023-06-01,ST110,P3248,27.0,15,0
2023-06-01,ST110,P3438,41.0,20,0
2023-06-01,ST110,P3496,34.0,5,0
2023-06-01,ST110,P3182,46.0,10,0
2023-06-01,ST110,P3188,36.0,20,0
2023-06-01,ST110,P3155,25.0,15,0
2023-06-01,ST110,P3095,30.0,5,0
2023-06-01,ST110,P3478,38.0,5,0
2023-06-01,ST110,P3018,30.0,15,0
2023-06-01,ST110,P3314,48.0,5,0
2023-06-01,ST110,P3063,32.0,20,0
2023-06-01,ST110,P3375,40.0,15,0
2023-06-01,ST110,P3298,38.0,20,0
2023-06-01,ST110,P3004,24.0,10,0
2023-06-01,ST110,P3430,30.0,15,0
2023-06-01,ST110,P3362,32.0,15,0
2023-06-01,ST110,P3330,37.0,20,0
2023-06-01,ST110,P3185,36.0,15,0
2023-06-01,ST110,P3498,33.0,10,0
2023-06-01,ST110,P3432,41.0,10,0
2023-06-01,ST110,P3363,35.0,15,0
2023-06-01,ST110,P3172,40.0,15,0
2023-06-01,ST110,P3421,41.0,20,0
2023-06-01,ST110,P3101,28.0,15,0
2023-06-01,ST110,P3467,42.0,20,0
2023-06-01,ST110,P3405,41.0,5,0
2023-06-01,ST110,P3381,23.0,5,0
2023-06-01,ST110,P3045,27.0,15,0
2023-06-01,ST110,P3519,35.0,10,0
2023-06-01,ST110,P3285,45.0,15,0
2023-06-01,ST111,P3269,34.0,20,0
2023-06-01,ST111,P3228,47.0,5,0
2023-06-01,ST111,P3494,35.0,5,0
2023-06-01,ST111,P3357,32.0,10,0
2023-06-01,ST111,P3153,41.0,15,0
2023-06-01,ST111,P3327,45.0,20,0
2023-06-01,ST111,P3166,25.0,15,0
2023-06-01,ST111,P3202,33.0,15,0
2023-06-01,ST111,P3505,28.0,20,0
2023-06-01,ST111,P3198,39.0,15,0
2023-06-01,ST111,P3451,43.0,20,0
2023-06-01,ST111,P3440,35.0,10,0
2023-06-01,ST111,P3021,29.0,15,0
2023-06-01,ST111,P3368,26.0,10,0
2023-06-01,ST111,P3386,40.0,10,0
2023-06-01,ST111,P3168,39.0,15,0
2023-06-01,ST111,P3143,28.0,15,0
2023-06-01,ST111,P3491,34.0,15,0
2023-06-01,ST111,P3125,35.0,10,0
2023-06-01,ST111,P3040,42.0,5,0
2023-06-01,ST111,P3467,25.0,20,0
2023-06-01,ST111,P3283,41.0,10,0
2023-06-01,ST111,P3223,41.0,15,0
2023-06-01,ST111,P3274,49.0,5,0
2023-06-01,ST111,P3088,30.0,5,0
2023-06-01,ST111,P3199,43.0,5,0
2023-06-01,ST111,P3488,44.0,10,0
2023-06-01,ST111,P3437,34.0,15,0
2023-06-01,ST111,P3072,34.0,10,0
2023-06-01,ST111,P3049,41.0,5,0
2023-06-01,ST111,P3471,31.0,5,0
2023-06-01,ST111,P3334,30.0,15,0
2023-06-01,ST111,P3161,45.0,20,0
2023-06-01,ST111,P3361,36.0,5,0
2023-06-01,ST111,P3193,38.0,15,0
2023-06-01,ST111,P3091,33.0,5,0
2023-06-01,ST111,P3276,29.0,10,0
2023-06-01,ST111,P3196,28.0,15,0
2023-06-01,ST111,P3408,43.0,20,0
2023-06-01,ST111,P3247,29.0,20,0
2023-06-01,ST111,P3191,27.0,15,0
2023-06-01,ST111,P3195,26.0,20,0
2023-06-01,ST111,P3295,35.0,20,0
2023-06-01,ST111,P3335,33.0,5,0
2023-06-01,ST111,P3058,46.0,5,0
2023-06-01,ST111,P3139,31.0,5,0
2023-06-01,ST111,P3392,33.0,15,0
2023-06-01,ST111,P3216,34.0,10,0
2023-06-01,ST111,P3250,47.0,15,0
2023-06-01,ST111,P3164,29.0,10,0
2023-06-01,ST111,P3302,49.0,15,0
2023-06-01,ST111,P3453,33.0,10,0
2023-06-01,ST111,P3063,36.0,5,0
2023-06-01,ST111,P3016,31.0,15,0
2023-06-01,ST111,P3443,33.0,15,0
2023-06-01,ST111,P3127,32.0,10,0
2023-06-01,ST111,P3209,41.0,15,0
2023-06-01,ST111,P3218,36.0,20,0
2023-06-01,ST111,P3122,31.0,5,0
2023-06-01,ST111,P3496,39.0,10,0
2023-06-01,ST112,P3145,32.0,5,0
2023-06-01,ST112,P3033,,20,0
2023-06-01,ST112,P3512,24.0,20,0
2023-06-01,ST112,P3216,32.0,15,0
2023-06-01,ST112,P3459,35.0,15,0
2023-06-01,ST112,P3270,40.0,20,0
2023-06-01,ST112,P3316,29.0,20,0
2023-06-01,ST112,P3002,27.0,10,0
2023-06-01,ST112,P3016,35.0,5,0
2023-06-01,ST112,P3413,40.0,5,0
2023-06-01,ST112,P3100,39.0,5,0
2023-06-01,ST112,P3089,30.0,5,0
2023-06-01,ST112,P3338,39.0,20,0
2023-06-01,ST112,P3477,33.0,10,0
2023-06-01,ST112,P3055,34.0,10,0
2023-06-01,ST112,P3433,43.0,10,0
2023-06-01,ST112,P3028,26.0,20,0
2023-06-01,ST112,P3121,34.0,5,0
2023-06-01,ST112,P3464,40.0,20,0
2023-06-01,ST112,P3098,32.0,10,0
2023-06-01,ST112,P3104,23.0,20,0
2023-06-01,ST112,P3382,29.0,20,0
2023-06-01,ST112,P3278,38.0,10,0
2023-06-01,ST112,P3189,32.0,15,0
2023-06-01,ST112,P3463,46.0,20,0
2023-06-01,ST112,P3285,28.0,10,0
2023-06-01,ST112,P3428,32.0,5,0
2023-06-01,ST112,P3082,33.0,20,0
2023-06-01,ST112,P3220,36.0,10,0
2023-06-01,ST112,P3160,34.0,5,0
2023-06-01,ST112,P3281,44.0,5,0
2023-06-01,ST112,P3068,48.0,10,0
2023-06-01,ST112,P3092,39.0,20,0
2023-06-01,ST112,P3035,36.0,10,0
2023-06-01,ST112,P3022,32.0,20,0
2023-06-01,ST112,P3387,35.0,10,0
2023-06-01,ST112,P3120,29.0,15,0
2023-06-01,ST112,P3261,39.0,20,0
2023-06-01,ST112,P3218,32.0,20,0
2023-06-01,ST112,P3421,34.0,5,0
2023-06-01,ST112,P3392,48.0,5,0
2023-06-01,ST112,P3443,40.0,20,0
2023-06-01,ST112,P3228,39.0,20,0
2023-06-01,ST112,P3143,42.0,20,0
2023-06-01,ST112,P3142,33.0,10,0
2023-06-01,ST112,P3025,39.0,15,0
2023-06-01,ST112,P3225,39.0,15,0
2023-06-01,ST112,P3317,47.0,10,0
2023-06-01,ST112,P3486,30.0,20,0
2023-06-01,ST112,P3029,33.0,15,0
2023-06-01,ST112,P3078,25.0,15,0
2023-06-01,ST112,P3230,42.0,10,0
2023-06-01,ST112,P3211,26.0,5,0
2023-06-01,ST112,P3156,41.0,15,0
2023-06-01,ST112,P3367,32.0,15,0
2023-06-01,ST112,P3030,32.0,15,0
2023-06-01,ST112,P3445,44.0,10,0
2023-06-01,ST112,P3034,35.0,20,0
2023-06-01,ST112,P3231,30.0,20,0
2023-06-01,ST112,P3209,37.0,20,0
2023-06-01,ST113,P3490,30.0,5,0
2023-06-01,ST113,P3303,30.0,20,0
2023-06-01,ST113,P3356,41.0,20,0
2023-06-01,ST113,P3255,38.0,10,0
2023-06-01,ST113,P3051,40.0,5,0
2023-06-01,ST113,P3236,31.0,20,0
2023-06-01,ST113,P3505,32.0,20,0
2023-06-01,ST113,P3413,33.0,10,0
2023-06-01,ST113,P3002,35.0,20,0
2023-06-01,ST113,P3081,33.0,20,0
2023-06-01,ST113,P3466,35.0,5,0
2023-06-01,ST113,P3125,28.0,15,0
2023-06-01,ST113,P3487,38.0,10,0
2023-06-01,ST113,P3517,25.0,5,0
2023-06-01,ST113,P3448,33.0,5,0
2023-06-01,ST113,P3266,43.0,5,0
2023-06-01,ST113,P3144,38.0,15,0
2023-06-01,ST113,P3463,29.0,5,0
2023-06-01,ST113,P3304,30.0,10,0
2023-06-01,ST113,P3245,37.0,15,0
2023-06-01,ST113,P3079,45.0,15,0
2023-06-01,ST113,P3017,35.0,20,0
2023-06-01,ST113,P3338,41.0,5,0
2023-06-01,ST113,P3405,42.0,20,0
2023-06-01,ST113,P3066,32.0,10,0
2023-06-01,ST113,P3513,35.0,15,0
2023-06-01,ST113,P3434,34.0,5,0
2023-06-01,ST113,P3474,32.0,5,0
2023-06-01,ST113,P3380,37.0,5,0
2023-06-01,ST113,P3276,31.0,20,0
2023-06-01,ST113,P3326,43.0,20,0
2023-06-01,ST113,P3007,31.0,10,0
2023-06-01,ST113,P3426,48.0,5,0
2023-06-01,ST113,P3134,43.0,20,0
2023-06-01,ST113,P3202,40.0,20,0
2023-06-01,ST113,P3237,36.0,5,0
2023-06-01,ST113,P3459,38.0,15,0
2023-06-01,ST113,P3264,40.0,5,0
2023-06-01,ST113,P3363,25.0,15,0
2023-06-01,ST113,P3152,35.0,10,0
2023-06-01,ST113,P3019,33.0,20,0
2023-06-01,ST113,P3414,33.0,20,0
2023-06-01,ST113,P3101,39.0,10,0
2023-06-01,ST113,P3094,40.0,5,0
2023-06-01,ST113,P3052,45.0,5,0
2023-06-01,ST113,P3247,37.0,5,0
2023-06-01,ST113,P3207,40.0,15,0
2023-06-01,ST113,P3080,34.0,20,0
2023-06-01,ST113,P3167,34.0,15,0
2023-06-01,ST113,P3317,44.0,10,0
2023-06-01,ST113,P3315,33.0,5,0
2023-06-01,ST113,P3340,36.0,5,0
2023-06-01,ST113,P3157,40.0,20,0
2023-06-01,ST113,P3073,40.0,15,0
2023-06-01,ST113,P3258,34.0,10,0
2023-06-01,ST113,P3232,33.0,10,0
2023-06-01,ST113,P3070,40.0,5,0
2023-06-01,ST113,P3358,39.0,20,0
2023-06-01,ST113,P3189,34.0,10,0
2023-06-01,ST113,P3031,43.0,20,0
2023-06-01,ST114,P3283,49.0,10,0
2023-06-01,ST114,P3493,42.0,5,0
2023-06-01,ST114,P3183,41.0,10,0
2023-06-01,ST114,P3198,59.0,5,0
2023-06-01,ST114,P3513,33.0,20,0
2023-06-01,ST114,P3342,30.0,15,0
2023-06-01,ST114,P3251,39.0,5,0
2023-06-01,ST114,P3324,41.0,10,0
2023-06-01,ST114,P3045,38.0,10,0
2023-06-01,ST114,P3376,43.0,15,0
2023-06-01,ST114,P3510,31.0,15,0
2023-06-01,ST114,P3441,26.0,5,0
2023-06-01,ST114,P3019,37.0,20,0
2023-06-01,ST114,P3054,32.0,5,0
2023-06-01,ST114,P3056,36.0,15,0
2023-06-01,ST114,P3146,37.0,20,0
2023-06-01,ST114,P3187,44.0,5,0
2023-06-01,ST114,P3119,40.0,10,0
2023-06-01,ST114,P3351,38.0,20,0
2023-06-01,ST114,P3131,37.0,15,0
2023-06-01,ST114,P3260,34.0,5,0
2023-06-01,ST114,P3335,36.0,10,0
2023-06-01,ST114,P3427,41.0,10,0
2023-06-01,ST114,P3489,35.0,20,0
2023-06-01,ST114,P3488,39.0,15,0
2023-06-01,ST114,P3446,36.0,5,0
2023-06-01,ST114,P3231,35.0,5,0
2023-06-01,ST114,P3359,39.0,15,0
2023-06-01,ST114,P3001,31.0,20,0
2023-06-01,ST114,P3209,35.0,5,0
2023-06-01,ST114,P3133,36.0,20,0
2023-06-01,ST114,P3158,35.0,10,0
2023-06-01,ST114,P3195,36.0,20,0
2023-06-01,ST114,P3321,37.0,5,0
2023-06-01,ST114,P3386,34.0,10,0
2023-06-01,ST114,P3071,40.0,10,0
2023-06-01,ST114,P3027,38.0,15,0
2023-06-01,ST114,P3497,30.0,5,0
2023-06-01,ST114,P3042,33.0,5,0
2023-06-01,ST114,P3116,30.0,10,0
2023-06-01,ST114,P3479,24.0,10,0
2023-06-01,ST114,P3293,43.0,5,0
2023-06-01,ST114,P3142,46.0,10,0
2023-06-01,ST114,P3181,24.0,5,0
2023-06-01,ST114,P3337,48.0,20,0
2023-06-01,ST114,P3494,39.0,10,0
2023-06-01,ST114,P3518,39.0,20,0
2023-06-01,ST114,P3225,24.0,20,0
2023-06-01,ST114,P3245,37.0,10,0
2023-06-01,ST114,P3149,26.0,10,0
2023-06-01,ST114,P3230,29.0,15,0
2023-06-01,ST114,P3152,30.0,20,0
2023-06-01,ST114,P3462,31.0,10,0
2023-06-01,ST114,P3122,36.0,10,0
2023-06-01,ST114,P3023,40.0,15,0
2023-06-01,ST114,P3373,32.0,20,0
2023-06-01,ST114,P3033,37.0,15,0
2023-06-01,ST114,P3282,30.0,10,0
2023-06-01,ST114,P3275,32.0,5,0
2023-06-01,ST114,P3062,46.0,20,0
2023-06-01,ST115,P3094,26.0,10,0
2023-06-01,ST115,P3023,28.0,15,0
2023-06-01,ST115,P3259,39.0,5,0
2023-06-01,ST115,P3151,31.0,10,0
2023-06-01,ST115,P3186,39.0,10,0
2023-06-01,ST115,P3047,43.0,5,0
2023-06-01,ST115,P3488,34.0,15,0
2023-06-01,ST115,P3483,28.0,5,0
2023-06-01,ST115,P3118,33.0,20,0
2023-06-01,ST115,P3165,43.0,5,0
2023-06-01,ST115,P3127,30.0,20,0
2023-06-01,ST115,P3050,36.0,10,0
2023-06-01,ST115,P3254,30.0,20,0
2023-06-01,ST115,P3222,26.0,15,0
2023-06-01,ST115,P3030,37.0,5,0
2023-06-01,ST115,P3308,39.0,20,0
2023-06-01,ST115,P3020,36.0,20,0
2023-06-01,ST115,P3226,36.0,5,0
2023-06-01,ST115,P3164,18.0,15,0
2023-06-01,ST115,P3113,38.0,10,0
2023-06-01,ST115,P3129,37.0,10,0
2023-06-01,ST115,P3059,31.0,15,0
2023-06-01,ST115,P3214,36.0,10,0
2023-06-01,ST115,P3148,41.0,20,0
2023-06-01,ST115,P3257,26.0,15,0
2023-06-01,ST115,P3517,26.0,10,0
2023-06-01,ST115,P3103,29.0,10,0
2023-06-01,ST115,P3271,41.0,20,0
2023-06-01,ST115,P3181,35.0,5,0
2023-06-01,ST115,P3443,27.0,20,0
2023-06-01,ST115,P3199,36.0,20,0
2023-06-01,ST115,P3220,42.0,20,0
2023-06-01,ST115,P3427,27.0,20,0
2023-06-01,ST115,P3345,28.0,20,0
2023-06-01,ST115,P3510,37.0,5,0
2023-06-01,ST115,P3459,31.0,10,0
2023-06-01,ST115,P3409,24.0,15,0
2023-06-01,ST115,P3379,28.0,10,0
2023-06-01,ST115,P3170,39.0,10,0
2023-06-01,ST115,P3272,35.0,15,0
2023-06-01,ST115,P3045,33.0,5,0
2023-06-01,ST115,P3454,40.0,20,0
2023-06-01,ST115,P3432,43.0,15,0
2023-06-01,ST115,P3434,24.0,5,0
2023-06-01,ST115,P3108,35.0,15,0
2023-06-01,ST115,P3480,39.0,15,0
2023-06-01,ST115,P3031,35.0,10,0
2023-06-01,ST115,P3157,35.0,5,0
2023-06-01,ST115,P3458,35.0,15,0
2023-06-01,ST115,P3076,39.0,5,0
2023-06-01,ST115,P3221,35.0,5,0
2023-06-01,ST115,P3251,28.0,10,0
2023-06-01,ST115,P3380,40.0,10,0
2023-06-01,ST115,P3266,28.0,10,0
2023-06-01,ST115,P3012,43.0,5,0
2023-06-01,ST115,P3019,37.0,15,0
2023-06-01,ST115,P3095,22.0,10,0
2023-06-01,ST115,P3457,40.0,5,0
2023-06-01,ST115,P3388,33.0,20,0
2023-06-01,ST115,P3320,40.0,20,0
2023-06-01,ST116,P3366,42.0,15,0
2023-06-01,ST116,P3091,38.0,20,0
2023-06-01,ST116,P3380,39.0,20,0
2023-06-01,ST116,P3432,32.0,20,0
2023-06-01,ST116,P3358,39.0,15,0
2023-06-01,ST116,P3042,27.0,15,0
2023-06-01,ST116,P3413,44.0,15,0
2023-06-01,ST116,P3173,20.0,15,0
2023-06-01,ST116,P3275,39.0,20,0
2023-06-01,ST116,P3406,40.0,15,0
2023-06-01,ST116,P3376,46.0,10,0
2023-06-01,ST116,P3152,35.0,20,0
2023-06-01,ST116,P3382,42.0,15,0
2023-06-01,ST116,P3489,24.0,20,0
2023-06-01,ST116,P3299,40.0,5,0
2023-06-01,ST116,P3224,40.0,15,0
2023-06-01,ST116,P3388,30.0,10,0
2023-06-01,ST116,P3159,34.0,5,0
2023-06-01,ST116,P3066,29.0,15,0
2023-06-01,ST116,P3003,35.0,5,0
2023-06-01,ST116,P3122,38.0,20,0
2023-06-01,ST116,P3156,28.0,5,0
2023-06-01,ST116,P3027,32.0,10,0
2023-06-01,ST116,P3032,37.0,15,0
2023-06-01,ST116,P3483,31.0,10,0
2023-06-01,ST116,P3136,35.0,15,0
2023-06-01,ST116,P3344,37.0,15,0
2023-06-01,ST116,P3381,49.0,10,0
2023-06-01,ST116,P3325,35.0,5,0
2023-06-01,ST116,P3064,44.0,10,0
2023-06-01,ST116,P3495,29.0,5,0
2023-06-01,ST116,P3194,28.0,15,0
2023-06-01,ST116,P3089,29.0,10,0
2023-06-01,ST116,P3351,39.0,5,0
2023-06-01,ST116,P3151,30.0,15,0
2023-06-01,ST116,P3296,35.0,5,0
2023-06-01,ST116,P3370,41.0,5,0
2023-06-01,ST116,P3393,45.0,15,0
2023-06-01,ST116,P3014,37.0,15,0
2023-06-01,ST116,P3143,52.0,20,0
2023-06-01,ST116,P3189,40.0,15,0
2023-06-01,ST116,P3212,50.0,20,0
2023-06-01,ST116,P3377,36.0,10,0
2023-06-01,ST116,P3408,30.0,15,0
2023-06-01,ST116,P3220,39.0,5,0
2023-06-01,ST116,P3235,36.0,5,0
2023-06-01,ST116,P3035,34.0,5,0
2023-06-01,ST116,P3363,35.0,15,0
2023-06-01,ST116,P3458,26.0,10,0
2023-06-01,ST116,P3259,32.0,15,0
2023-06-01,ST116,P3063,26.0,15,0
2023-06-01,ST116,P3398,31.0,20,0
2023-06-01,ST116,P3005,40.0,10,0
2023-06-01,ST116,P3053,28.0,5,0
2023-06-01,ST116,P3291,35.0,10,0
2023-06-01,ST116,P3104,34.0,15,0
2023-06-01,ST116,P3355,41.0,10,0
2023-06-01,ST116,P3462,42.0,15,0
2023-06-01,ST116,P3317,35.0,5,0
2023-06-01,ST116,P3356,39.0,10,0
2023-06-01,ST117,P3335,27.0,15,0
2023-06-01,ST117,P3375,35.0,20,0
2023-06-01,ST117,P3271,27.0,15,0
2023-06-01,ST117,P3301,33.0,15,0
2023-06-01,ST117,P3065,23.0,15,0
2023-06-01,ST117,P3446,32.0,15,0
2023-06-01,ST117,P3147,35.0,20,0
2023-06-01,ST117,P3095,40.0,5,0
2023-06-01,ST117,P3345,34.0,15,0
2023-06-01,ST117,P3511,41.0,20,0
2023-06-01,ST117,P3333,34.0,20,0
2023-06-01,ST117,P3177,32.0,15,0
2023-06-01,ST117,P3221,42.0,15,0
2023-06-01,ST117,P3341,33.0,10,0
2023-06-01,ST117,P3502,41.0,10,0
2023-06-01,ST117,P3104,34.0,5,0
2023-06-01,ST117,P3066,29.0,15,0
2023-06-01,ST117,P3387,42.0,20,0
2023-06-01,ST117,P3475,46.0,10,0
2023-06-01,ST117,P3021,39.0,10,0
2023-06-01,ST117,P3122,32.0,20,0
2023-06-01,ST117,P3331,49.0,20,0
2023-06-01,ST117,P3465,31.0,20,0
2023-06-01,ST117,P3501,37.0,15,0
2023-06-01,ST117,P3504,36.0,5,0
2023-06-01,ST117,P3210,33.0,15,0
2023-06-01,ST117,P3264,35.0,20,0
2023-06-01,ST117,P3145,28.0,5,0
2023-06-01,ST117,P3203,38.0,15,0
2023-06-01,ST117,P3306,42.0,15,0
2023-06-01,ST117,P3344,32.0,10,0
2023-06-01,ST117,P3198,48.0,5,0
2023-06-01,ST117,P3197,30.0,15,0
2023-06-01,ST117,P3112,22.0,10,0
2023-06-01,ST117,P3037,38.0,5,0
2023-06-01,ST117,P3510,37.0,15,0
2023-06-01,ST117,P3035,30.0,20,0
2023-06-01,ST117,P3459,41.0,10,0
2023-06-01,ST117,P3050,32.0,10,0
2023-06-01,ST117,P3020,34.0,20,0
2023-06-01,ST117,P3409,29.0,5,0
2023-06-01,ST117,P3403,40.0,5,0
2023-06-01,ST117,P3419,29.0,10,0
2023-06-01,ST117,P3380,38.0,20,0
2023-06-01,ST117,P3151,35.0,15,0
2023-06-01,ST117,P3115,37.0,10,0
2023-06-01,ST117,P3367,31.0,5,0
2023-06-01,ST117,P3154,27.0,10,0
2023-06-01,ST117,P3124,31.0,20,0
2023-06-01,ST117,P3351,45.0,15,0
2023-06-01,ST117,P3204,37.0,15,0
2023-06-01,ST117,P3015,,20,0
2023-06-01,ST117,P3068,36.0,20,0
2023-06-01,ST117,P3009,36.0,20,0
2023-06-01,ST117,P3338,32.0,5,0
2023-06-01,ST117,P3054,42.0,15,0
2023-06-01,ST117,P3277,31.0,10,0
2023-06-01,ST117,P3310,27.0,20,0
2023-06-01,ST117,P3505,35.0,15,0
2023-06-01,ST117,P3166,35.0,5,0
2023-06-01,ST118,P3448,34.0,10,0
2023-06-01,ST118,P3390,39.0,15,0
2023-06-01,ST118,P3520,41.0,20,0
2023-06-01,ST118,P3254,24.0,20,0
2023-06-01,ST118,P3333,32.0,5,0
2023-06-01,ST118,P3210,40.0,10,0
2023-06-01,ST118,P3137,42.0,20,0
2023-06-01,ST118,P3418,41.0,5,0
2023-06-01,ST118,P3178,39.0,20,0
2023-06-01,ST118,P3005,43.0,10,0
2023-06-01,ST118,P3422,37.0,15,0
2023-06-01,ST118,P3337,44.0,5,0
2023-06-01,ST118,P3173,27.0,15,0
2023-06-01,ST118,P3229,26.0,5,0
2023-06-01,ST118,P3015,52.0,5,0
2023-06-01,ST118,P3095,29.0,20,0
2023-06-01,ST118,P3262,29.0,15,0
2023-06-01,ST118,P3374,43.0,20,0
2023-06-01,ST118,P3019,31.0,10,0
2023-06-01,ST118,P3174,33.0,15,0
2023-06-01,ST118,P3221,32.0,10,0
2023-06-01,ST118,P3496,29.0,15,0
2023-06-01,ST118,P3414,38.0,15,0
2023-06-01,ST118,P3167,27.0,5,0
2023-06-01,ST118,P3003,39.0,20,0
2023-06-01,ST118,P3401,,10,0
2023-06-01,ST118,P3419,37.0,20,0
2023-06-01,ST118,P3163,33.0,20,0
2023-06-01,ST118,P3209,32.0,15,0
2023-06-01,ST118,P3165,33.0,20,0
2023-06-01,ST118,P3256,39.0,10,0
2023-06-01,ST118,P3271,34.0,15,0
2023-06-01,ST118,P3028,30.0,5,0
2023-06-01,ST118,P3073,34.0,5,0
2023-06-01,ST118,P3023,31.0,20,0
2023-06-01,ST118,P3518,48.0,5,0
2023-06-01,ST118,P3247,43.0,15,0
2023-06-01,ST118,P3415,37.0,10,0
2023-06-01,ST118,P3479,30.0,10,0
2023-06-01,ST118,P3187,42.0,10,0
2023-06-01,ST118,P3352,42.0,15,0
2023-06-01,ST118,P3033,36.0,15,0
2023-06-01,ST118,P3277,29.0,10,0
2023-06-01,ST118,P3150,26.0,10,0
2023-06-01,ST118,P3358,32.0,15,0
2023-06-01,ST118,P3045,31.0,10,0
2023-06-01,ST118,P3447,35.0,10,0
2023-06-01,ST118,P3335,28.0,15,0
2023-06-01,ST118,P3309,45.0,15,0
2023-06-01,ST118,P3197,42.0,15,0
2023-06-01,ST118,P3177,33.0,15,0
2023-06-01,ST118,P3395,31.0,10,0
2023-06-01,ST118,P3115,33.0,15,0
2023-06-01,ST118,P3360,33.0,5,0
2023-06-01,ST118,P3069,39.0,15,0
2023-06-01,ST118,P3279,44.0,20,0
2023-06-01,ST118,P3124,35.0,15,0
2023-06-01,ST118,P3274,43.0,5,0
2023-06-01,ST118,P3056,48.0,5,0
2023-06-01,ST118,P3281,34.0,20,0
2023-07-01,ST101,P3106,40.0,5,0
2023-07-01,ST101,P3436,21.0,20,0
2023-07-01,ST101,P3074,27.0,20,0
2023-07-01,ST101,P3317,38.0,15,0
2023-07-01,ST101,P3370,32.0,15,0
2023-07-01,ST101,P3496,37.0,10,0
2023-07-01,ST101,P3107,33.0,10,0
2023-07-01,ST101,P3344,43.0,20,0
2023-07-01,ST101,P3122,45.0,20,0
2023-07-01,ST101,P3035,38.0,15,0
2023-07-01,ST101,P3193,41.0,5,0
2023-07-01,ST101,P3263,31.0,5,0
2023-07-01,ST101,P3325,38.0,20,0
2023-07-01,ST101,P3083,27.0,10,0
2023-07-01,ST101,P3403,35.0,15,0
2023-07-01,ST101,P3490,26.0,20,0
2023-07-01,ST101,P3506,32.0,15,0
2023-07-01,ST101,P3291,32.0,10,0
2023-07-01,ST101,P3324,39.0,10,0
2023-07-01,ST101,P3245,45.0,15,0
2023-07-01,ST101,P3328,30.0,5,0
2023-07-01,ST101,P3429,30.0,5,0
2023-07-01,ST101,P3069,29.0,20,0
2023-07-01,ST101,P3424,33.0,10,0
2023-07-01,ST101,P3266,42.0,10,0
2023-07-01,ST101,P3235,39.0,15,0
2023-07-01,ST101,P3070,38.0,10,0
2023-07-01,ST101,P3166,30.0,20,0
2023-07-01,ST101,P3103,43.0,20,0
2023-07-01,ST101,P3212,36.0,15,0
2023-07-01,ST101,P3514,31.0,20,0
2023-07-01,ST101,P3467,27.0,10,0
2023-07-01,ST101,P3498,36.0,5,0
2023-07-01,ST101,P3204,32.0,5,0
2023-07-01,ST101,P3381,37.0,15,0
2023-07-01,ST101,P3262,36.0,15,0
2023-07-01,ST101,P3465,36.0,15,0
2023-07-01,ST101,P3445,27.0,15,0
2023-07-01,ST101,P3093,40.0,5,0
2023-07-01,ST101,P3178,39.0,5,0
2023-07-01,ST101,P3455,36.0,15,0
2023-07-01,ST101,P3252,39.0,5,0
2023-07-01,ST101,P3332,44.0,10,0
2023-07-01,ST101,P3304,37.0,20,0
2023-07-01,ST101,P3011,32.0,15,0
2023-07-01,ST101,P3145,45.0,15,0
2023-07-01,ST101,P3090,37.0,20,0
2023-07-01,ST101,P3306,31.0,10,0
2023-07-01,ST101,P3428,29.0,5,0
2023-07-01,ST101,P3456,22.0,20,0
2023-07-01,ST101,P3474,25.0,10,0
2023-07-01,ST101,P3084,22.0,5,0
2023-07-01,ST101,P3015,39.0,20,0
2023-07-01,ST101,P3234,39.0,10,0
2023-07-01,ST101,P3345,39.0,10,0
2023-07-01,ST101,P3369,32.0,20,0
2023-07-01,ST101,P3422,50.0,10,0
2023-07-01,ST101,P3202,19.0,20,0
2023-07-01,ST101,P3478,39.0,5,0
2023-07-01,ST101,P3472,35.0,15,0
2023-07-01,ST102,P3003,40.0,20,0
2023-07-01,ST102,P3403,26.0,5,0
2023-07-01,ST102,P3096,37.0,15,0
2023-07-01,ST102,P3132,28.0,10,0
2023-07-01,ST102,P3438,31.0,5,0
2023-07-01,ST102,P3039,32.0,15,0
2023-07-01,ST102,P3017,36.0,5,0
2023-07-01,ST102,P3103,32.0,5,0
2023-07-01,ST102,P3102,32.0,20,0
2023-07-01,ST102,P3360,35.0,5,0
2023-07-01,ST102,P3145,28.0,5,0
2023-07-01,ST102,P3072,40.0,10,0
2023-07-01,ST102,P3439,37.0,15,0
2023-07-01,ST102,P3094,47.0,5,0
2023-07-01,ST102,P3474,27.0,10,0
2023-07-01,ST102,P3251,31.0,10,0
2023-07-01,ST102,P3018,44.0,15,0
2023-07-01,ST102,P3445,26.0,5,0
2023-07-01,ST102,P3345,43.0,20,0
2023-07-01,ST102,P3008,37.0,5,0
2023-07-01,ST102,P3268,39.0,10,0
2023-07-01,ST102,P3477,39.0,5,0
2023-07-01,ST102,P3344,36.0,5,0
2023-07-01,ST102,P3040,44.0,10,0
2023-07-01,ST102,P3311,23.0,5,0
2023-07-01,ST102,P3283,27.0,10,0
2023-07-01,ST102,P3129,33.0,15,0
2023-07-01,ST102,P3491,36.0,5,0
2023-07-01,ST102,P3191,30.0,15,0
2023-07-01,ST102,P3001,48.0,10,0
2023-07-01,ST102,P3202,29.0,10,0
2023-07-01,ST102,P3024,41.0,5,0
2023-07-01,ST102,P3279,30.0,5,0
2023-07-01,ST102,P3227,40.0,10,0
2023-07-01,ST102,P3049,35.0,15,0
2023-07-01,ST102,P3011,46.0,10,0
2023-07-01,ST102,P3428,35.0,10,0
2023-07-01,ST102,P3066,38.0,10,0
2023-07-01,ST102,P3342,35.0,15,0
2023-07-01,ST102,P3498,32.0,5,0
2023-07-01,ST102,P3163,28.0,15,0
2023-07-01,ST102,P3388,33.0,5,0
2023-07-01,ST102,P3083,41.0,5,0
2023-07-01,ST102,P3272,31.0,5,0
2023-07-01,ST102,P3489,31.0,20,0
2023-07-01,ST102,P3084,27.0,10,0
2023-07-01,ST102,P3078,24.0,5,0
2023-07-01,ST102,P3189,40.0,15,0
2023-07-01,ST102,P3085,38.0,20,0
2023-07-01,ST102,P3172,29.0,5,0
2023-07-01,ST102,P3123,35.0,20,0
2023-07-01,ST102,P3230,34.0,5,0
2023-07-01,ST102,P3373,32.0,20,0
2023-07-01,ST102,P3370,35.0,5,0
2023-07-01,ST102,P3007,32.0,20,0
2023-07-01,ST102,P3289,41.0,10,0
2023-07-01,ST102,P3416,32.0,20,0
2023-07-01,ST102,P3240,23.0,5,0
2023-07-01,ST102,P3214,35.0,10,0
2023-07-01,ST102,P3160,30.0,15,0
2023-07-01,ST103,P3160,28.0,20,0
2023-07-01,ST103,P3266,40.0,5,0
2023-07-01,ST103,P3462,28.0,5,0
2023-07-01,ST103,P3027,36.0,15,0
2023-07-01,ST103,P3490,32.0,20,0
2023-07-01,ST103,P3511,48.0,10,0
2023-07-01,ST103,P3277,41.0,5,0
2023-07-01,ST103,P3482,28.0,10,0
2023-07-01,ST103,P3343,36.0,5,0
2023-07-01,ST103,P3325,34.0,15,0
2023-07-01,ST103,P3192,39.0,20,0
2023-07-01,ST103,P3516,29.0,5,0
2023-07-01,ST103,P3476,44.0,10,0
2023-07-01,ST103,P3046,43.0,10,0
2023-07-01,ST103,P3309,35.0,5,0
2023-07-01,ST103,P3003,24.0,15,0
2023-07-01,ST103,P3424,33.0,20,0
2023-07-01,ST103,P3398,28.0,5,0
2023-07-01,ST103,P3512,33.0,20,0
2023-07-01,ST103,P3466,46.0,15,0
2023-07-01,ST103,P3146,28.0,20,0
2023-07-01,ST103,P3412,34.0,5,0
2023-07-01,ST103,P3193,33.0,20,0
2023-07-01,ST103,P3230,34.0,5,0
2023-07-01,ST103,P3450,32.0,10,0
2023-07-01,ST103,P3436,35.0,20,0
2023-07-01,ST103,P3340,43.0,20,0
2023-07-01,ST103,P3298,32.0,20,0
2023-07-01,ST103,P3360,36.0,10,0
2023-07-01,ST103,P3084,50.0,5,0
2023-07-01,ST103,P3423,35.0,20,0
2023-07-01,ST103,P3294,34.0,15,0
2023-07-01,ST103,P3116,40.0,15,0
2023-07-01,ST103,P3492,43.0,15,0
2023-07-01,ST103,P3048,30.0,20,0
2023-07-01,ST103,P3126,31.0,15,0
2023-07-01,ST103,P3204,38.0,20,0
2023-07-01,ST103,P3349,36.0,20,0
2023-07-01,ST103,P3121,28.0,20,0
2023-07-01,ST103,P3070,34.0,10,0
2023-07-01,ST103,P3314,37.0,15,0
2023-07-01,ST103,P3499,43.0,15,0
2023-07-01,ST103,P3382,48.0,5,0
2023-07-01,ST103,P3455,34.0,5,0
2023-07-01,ST103,P3441,30.0,5,0
2023-07-01,ST103,P3252,35.0,5,0
2023-07-01,ST103,P3152,33.0,15,0
2023-07-01,ST103,P3381,26.0,10,0
2023-07-01,ST103,P3087,32.0,5,0
2023-07-01,ST103,P3336,32.0,5,0
2023-07-01,ST103,P3096,31.0,5,0
2023-07-01,ST103,P3181,33.0,10,0
2023-07-01,ST103,P3166,32.0,15,0
2023-07-01,ST103,P3283,25.0,15,0
2023-07-01,ST103,P3281,36.0,10,0
2023-07-01,ST103,P3058,40.0,15,0
2023-07-01,ST103,P3313,28.0,10,0
2023-07-01,ST103,P3446,34.0,15,0
2023-07-01,ST103,P3039,39.0,15,0
2023-07-01,ST103,P3268,33.0,20,0
2023-07-01,ST104,P3153,36.0,10,0
2023-07-01,ST104,P3492,36.0,5,0
2023-07-01,ST104,P3002,38.0,20,0
2023-07-01,ST104,P3436,28.0,5,0
2023-07-01,ST104,P3282,28.0,5,0
2023-07-01,ST104,P3375,37.0,20,0
2023-07-01,ST104,P3110,37.0,10,0
2023-07-01,ST104,P3008,39.0,5,0
2023-07-01,ST104,P3491,42.0,15,0
2023-07-01,ST104,P3135,31.0,10,0
2023-07-01,ST104,P3253,32.0,20,0
2023-07-01,ST104,P3182,39.0,10,0
2023-07-01,ST104,P3053,34.0,15,0
2023-07-01,ST104,P3517,38.0,20,0
2023-07-01,ST104,P3332,33.0,5,0
2023-07-01,ST104,P3140,39.0,10,0
2023-07-01,ST104,P3261,25.0,5,0
2023-07-01,ST104,P3221,34.0,10,0
2023-07-01,ST104,P3423,31.0,5,0
2023-07-01,ST104,P3324,28.0,10,0
2023-07-01,ST104,P3275,42.0,5,0
2023-07-01,ST104,P3026,35.0,20,0
2023-07-01,ST104,P3402,38.0,20,0
2023-07-01,ST104,P3388,28.0,15,0
2023-07-01,ST104,P3159,35.0,5,0
2023-07-01,ST104,P3043,32.0,10,0
2023-07-01,ST104,P3444,30.0,20,0
2023-07-01,ST104,P3009,39.0,20,0
2023-07-01,ST104,P3511,37.0,15,0
2023-07-01,ST104,P3003,43.0,15,0
2023-07-01,ST104,P3471,46.0,15,0
2023-07-01,ST104,P3384,37.0,5,0
2023-07-01,ST104,P3356,39.0,20,0
2023-07-01,ST104,P3162,40.0,20,0
2023-07-01,ST104,P3447,36.0,5,0
2023-07-01,ST104,P3490,23.0,10,0
2023-07-01,ST104,P3348,48.0,20,0
2023-07-01,ST104,P3280,45.0,15,0
2023-07-01,ST104,P3097,35.0,10,0
2023-07-01,ST104,P3374,38.0,5,0
2023-07-01,ST104,P3142,29.0,10,0
2023-07-01,ST104,P3507,34.0,15,0
2023-07-01,ST104,P3016,43.0,15,0
2023-07-01,ST104,P3475,45.0,15,0
2023-07-01,ST104,P3050,40.0,10,0
2023-07-01,ST104,P3273,37.0,10,0
2023-07-01,ST104,P3095,40.0,5,0
2023-07-01,ST104,P3070,32.0,15,0
2023-07-01,ST104,P3091,34.0,15,0
2023-07-01,ST104,P3241,29.0,5,0
2023-07-01,ST104,P3442,39.0,10,0
2023-07-01,ST104,P3254,27.0,5,0
2023-07-01,ST104,P3178,29.0,5,0
2023-07-01,ST104,P3465,37.0,20,0
2023-07-01,ST104,P3519,33.0,20,0
2023-07-01,ST104,P3483,24.0,5,0
2023-07-01,ST104,P3239,36.0,20,0
2023-07-01,ST104,P3145,40.0,15,0
2023-07-01,ST104,P3167,30.0,5,0
2023-07-01,ST104,P3319,29.0,20,0
2023-07-01,ST105,P3163,42.0,10,0
2023-07-01,ST105,P3453,37.0,10,0
2023-07-01,ST105,P3312,40.0,20,0
2023-07-01,ST105,P3395,39.0,20,0
2023-07-01,ST105,P3488,,20,0
2023-07-01,ST105,P3371,28.0,5,0
2023-07-01,ST105,P3416,31.0,20,0
2023-07-01,ST105,P3162,30.0,5,0
2023-07-01,ST105,P3125,36.0,5,0
2023-07-01,ST105,P3270,37.0,20,0
2023-07-01,ST105,P3366,40.0,15,0
2023-07-01,ST105,P3381,39.0,20,0
2023-07-01,ST105,P3146,40.0,20,0
2023-07-01,ST105,P3328,46.0,5,0
2023-07-01,ST105,P3105,26.0,5,0
2023-07-01,ST105,P3068,26.0,20,0
2023-07-01,ST105,P3045,32.0,10,0
2023-07-01,ST105,P3499,36.0,10,0
2023-07-01,ST105,P3297,38.0,10,0
2023-07-01,ST105,P3143,23.0,20,0
2023-07-01,ST105,P3341,37.0,5,0
2023-07-01,ST105,P3476,36.0,10,0
2023-07-01,ST105,P3088,39.0,5,0
2023-07-01,ST105,P3259,37.0,10,0
2023-07-01,ST105,P3142,40.0,15,0
2023-07-01,ST105,P3109,33.0,10,0
2023-07-01,ST105,P3122,39.0,5,0
2023-07-01,ST105,P3078,41.0,15,0
2023-07-01,ST105,P3469,37.0,20,0
2023-07-01,ST105,P3155,31.0,5,0
2023-07-01,ST105,P3407,31.0,10,0
2023-07-01,ST105,P3455,40.0,15,0
2023-07-01,ST105,P3365,31.0,5,0
2023-07-01,ST105,P3074,31.0,5,0
2023-07-01,ST105,P3467,35.0,5,0
2023-07-01,ST105,P3289,42.0,15,0
2023-07-01,ST105,P3021,40.0,5,0
2023-07-01,ST105,P3361,36.0,10,0
2023-07-01,ST105,P3390,31.0,20,0
2023-07-01,ST105,P3356,26.0,20,0
2023-07-01,ST105,P3165,27.0,15,0
2023-07-01,ST105,P3450,24.0,10,0
2023-07-01,ST105,P3261,30.0,15,0
2023-07-01,ST105,P3075,38.0,20,0
2023-07-01,ST105,P3137,32.0,10,0
2023-07-01,ST105,P3295,31.0,15,0
2023-07-01,ST105,P3309,30.0,10,0
2023-07-01,ST105,P3032,27.0,5,0
2023-07-01,ST105,P3471,29.0,20,0
2023-07-01,ST105,P3315,43.0,5,0
2023-07-01,ST105,P3433,25.0,10,0
2023-07-01,ST105,P3034,37.0,5,0
2023-07-01,ST105,P3329,33.0,10,0
2023-07-01,ST105,P3227,40.0,15,0
2023-07-01,ST105,P3494,42.0,20,0
2023-07-01,ST105,P3473,45.0,15,0
2023-07-01,ST105,P3197,41.0,20,0
2023-07-01,ST105,P3393,36.0,10,0
2023-07-01,ST105,P3073,36.0,20,0
2023-07-01,ST105,P3345,38.0,15,0
2023-07-01,ST106,P3316,32.0,5,0
2023-07-01,ST106,P3206,37.0,10,0
2023-07-01,ST106,P3144,36.0,10,0
2023-07-01,ST106,P3421,49.0,20,0
2023-07-01,ST106,P3157,25.0,20,0
2023-07-01,ST106,P3476,40.0,10,0
2023-07-01,ST106,P3400,49.0,20,0
2023-07-01,ST106,P3319,36.0,5,0
2023-07-01,ST106,P3008,33.0,10,0
2023-07-01,ST106,P3210,48.0,10,0
2023-07-01,ST106,P3251,38.0,10,0
2023-07-01,ST106,P3492,37.0,5,0
2023-07-01,ST106,P3023,36.0,10,0
2023-07-01,ST106,P3297,29.0,5,0
2023-07-01,ST106,P3018,41.0,5,0
2023-07-01,ST106,P3462,39.0,10,0
2023-07-01,ST106,P3261,31.0,15,0
2023-07-01,ST106,P3057,37.0,20,0
2023-07-01,ST106,P3383,28.0,10,0
2023-07-01,ST106,P3372,35.0,10,0
2023-07-01,ST106,P3189,42.0,10,0
2023-07-01,ST106,P3385,40.0,15,0
2023-07-01,ST106,P3393,31.0,10,0
2023-07-01,ST106,P3452,31.0,20,0
2023-07-01,ST106,P3475,45.0,15,0
2023-07-01,ST106,P3502,27.0,20,0
2023-07-01,ST106,P3133,22.0,20,0
2023-07-01,ST106,P3128,45.0,15,0
2023-07-01,ST106,P3410,28.0,20,0
2023-07-01,ST106,P3006,32.0,20,0
2023-07-01,ST106,P3497,36.0,10,0
2023-07-01,ST106,P3389,34.0,20,0
2023-07-01,ST106,P3282,30.0,20,0
2023-07-01,ST106,P3065,28.0,15,0
2023-07-01,ST106,P3361,43.0,20,0
2023-07-01,ST106,P3003,28.0,15,0
2023-07-01,ST106,P3286,21.0,15,0
2023-07-01,ST106,P3265,36.0,20,0
2023-07-01,ST106,P3311,39.0,10,0
2023-07-01,ST106,P3413,28.0,20,0
2023-07-01,ST106,P3293,26.0,10,0
2023-07-01,ST106,P3436,35.0,5,0
2023-07-01,ST106,P3390,34.0,20,0
2023-07-01,ST106,P3053,35.0,15,0
2023-07-01,ST106,P3183,29.0,15,0
2023-07-01,ST106,P3310,33.0,20,0
2023-07-01,ST106,P3029,37.0,10,0
2023-07-01,ST106,P3408,37.0,5,0
2023-07-01,ST106,P3164,34.0,15,0
2023-07-01,ST106,P3392,33.0,20,0
2023-07-01,ST106,P3092,30.0,5,0
2023-07-01,ST106,P3401,32.0,5,0
2023-07-01,ST106,P3367,49.0,15,0
2023-07-01,ST106,P3284,39.0,5,0
2023-07-01,ST106,P3512,39.0,5,0
2023-07-01,ST106,P3461,38.0,10,0
2023-07-01,ST106,P3326,38.0,20,0
2023-07-01,ST106,P3102,35.0,15,0
2023-07-01,ST106,P3009,35.0,20,0
2023-07-01,ST106,P3033,37.0,15,0
2023-07-01,ST107,P3221,42.0,15,0
2023-07-01,ST107,P3418,34.0,15,0
2023-07-01,ST107,P3481,30.0,10,0
2023-07-01,ST107,P3044,26.0,15,0
2023-07-01,ST107,P3026,34.0,10,0
2023-07-01,ST107,P3451,43.0,10,0
2023-07-01,ST107,P3060,36.0,20,0
2023-07-01,ST107,P3306,44.0,10,0
2023-07-01,ST107,P3033,41.0,20,0
2023-07-01,ST107,P3492,40.0,15,0
2023-07-01,ST107,P3041,32.0,5,0
2023-07-01,ST107,P3059,32.0,10,0
2023-07-01,ST107,P3453,29.0,5,0
2023-07-01,ST107,P3490,40.0,20,0
2023-07-01,ST107,P3126,29.0,15,0
2023-07-01,ST107,P3388,,15,0
2023-07-01,ST107,P3265,35.0,10,0
2023-07-01,ST107,P3187,37.0,10,0
2023-07-01,ST107,P3025,38.0,10,0
2023-07-01,ST107,P3332,43.0,10,0
2023-07-01,ST107,P3341,43.0,5,0
2023-07-01,ST107,P3350,32.0,15,0
2023-07-01,ST107,P3238,29.0,20,0
2023-07-01,ST107,P3298,,20,0
2023-07-01,ST107,P3425,33.0,20,0
2023-07-01,ST107,P3136,38.0,20,0
2023-07-01,ST107,P3080,41.0,20,0
2023-07-01,ST107,P3353,24.0,20,0
2023-07-01,ST107,P3194,40.0,20,0
2023-07-01,ST107,P3437,24.0,10,0
2023-07-01,ST107,P3098,33.0,20,0
2023-07-01,ST107,P3267,30.0,20,0
2023-07-01,ST107,P3193,27.0,5,0
2023-07-01,ST107,P3049,34.0,15,0
2023-07-01,ST107,P3366,55.0,5,0
2023-07-01,ST107,P3055,22.0,15,0
2023-07-01,ST107,P3250,27.0,15,0
2023-07-01,ST107,P3247,32.0,10,0
2023-07-01,ST107,P3304,32.0,5,0
2023-07-01,ST107,P3172,31.0,10,0
2023-07-01,ST107,P3367,35.0,10,0
2023-07-01,ST107,P3454,50.0,5,0
2023-07-01,ST107,P3410,37.0,5,0
2023-07-01,ST107,P3002,25.0,5,0
2023-07-01,ST107,P3114,28.0,10,0
2023-07-01,ST107,P3501,35.0,20,0
2023-07-01,ST107,P3363,39.0,20,0
2023-07-01,ST107,P3446,36.0,10,0
2023-07-01,ST107,P3089,37.0,20,0
2023-07-01,ST107,P3175,46.0,20,0
2023-07-01,ST107,P3231,31.0,20,0
2023-07-01,ST107,P3040,38.0,20,0
2023-07-01,ST107,P3282,29.0,20,0
2023-07-01,ST107,P3115,43.0,10,0
2023-07-01,ST107,P3195,30.0,15,0
2023-07-01,ST107,P3280,29.0,15,0
2023-07-01,ST107,P3030,35.0,15,0
2023-07-01,ST107,P3405,36.0,10,0
2023-07-01,ST107,P3269,35.0,15,0
2023-07-01,ST107,P3360,28.0,5,0
2023-07-01,ST108,P3228,38.0,15,0
2023-07-01,ST108,P3251,31.0,15,0
2023-07-01,ST108,P3250,36.0,5,0
2023-07-01,ST108,P3470,33.0,5,0
2023-07-01,ST108,P3210,25.0,5,0
2023-07-01,ST108,P3049,33.0,15,0
2023-07-01,ST108,P3219,37.0,5,0
2023-07-01,ST108,P3215,37.0,20,0
2023-07-01,ST108,P3080,38.0,15,0
2023-07-01,ST108,P3329,42.0,5,0
2023-07-01,ST108,P3143,34.0,15,0
2023-07-01,ST108,P3178,40.0,15,0
2023-07-01,ST108,P3103,36.0,10,0
2023-07-01,ST108,P3031,31.0,20,0
2023-07-01,ST108,P3369,38.0,5,0
2023-07-01,ST108,P3177,20.0,5,0
2023-07-01,ST108,P3133,39.0,15,0
2023-07-01,ST108,P3339,38.0,10,0
2023-07-01,ST108,P3086,44.0,10,0
2023-07-01,ST108,P3425,38.0,20,0
2023-07-01,ST108,P3472,52.0,20,0
2023-07-01,ST108,P3452,45.0,20,0
2023-07-01,ST108,P3360,39.0,20,0
2023-07-01,ST108,P3055,42.0,20,0
2023-07-01,ST108,P3272,41.0,20,0
2023-07-01,ST108,P3211,37.0,10,0
2023-07-01,ST108,P3168,34.0,5,0
2023-07-01,ST108,P3450,39.0,20,0
2023-07-01,ST108,P3229,21.0,5,0
2023-07-01,ST108,P3173,43.0,15,0
2023-07-01,ST108,P3233,29.0,5,0
2023-07-01,ST108,P3491,35.0,10,0
2023-07-01,ST108,P3127,46.0,5,0
2023-07-01,ST108,P3134,41.0,15,0
2023-07-01,ST108,P3404,33.0,5,0
2023-07-01,ST108,P3422,33.0,15,0
2023-07-01,ST108,P3001,48.0,5,0
2023-07-01,ST108,P3262,32.0,20,0
2023-07-01,ST108,P3216,44.0,15,0
2023-07-01,ST108,P3087,28.0,10,0
2023-07-01,ST108,P3357,27.0,20,0
2023-07-01,ST108,P3175,42.0,5,0
2023-07-01,ST108,P3220,32.0,5,0
2023-07-01,ST108,P3005,36.0,15,0
2023-07-01,ST108,P3407,31.0,15,0
2023-07-01,ST108,P3213,32.0,10,0
2023-07-01,ST108,P3008,28.0,15,0
2023-07-01,ST108,P3192,38.0,20,0
2023-07-01,ST108,P3356,34.0,15,0
2023-07-01,ST108,P3113,42.0,10,0
2023-07-01,ST108,P3405,31.0,20,0
2023-07-01,ST108,P3170,31.0,20,0
2023-07-01,ST108,P3059,31.0,5,0
2023-07-01,ST108,P3199,40.0,20,0
2023-07-01,ST108,P3434,46.0,15,0
2023-07-01,ST108,P3497,31.0,10,0
2023-07-01,ST108,P3174,45.0,15,0
2023-07-01,ST108,P3333,31.0,20,0
2023-07-01,ST108,P3150,48.0,5,0
2023-07-01,ST108,P3508,39.0,20,0
2023-07-01,ST109,P3195,31.0,5,0
2023-07-01,ST109,P3006,44.0,20,0
2023-07-01,ST109,P3309,42.0,5,0
2023-07-01,ST109,P3018,28.0,5,0
2023-07-01,ST109,P3013,36.0,5,0
2023-07-01,ST109,P3310,26.0,20,0
2023-07-01,ST109,P3418,37.0,20,0
2023-07-01,ST109,P3519,42.0,20,0
2023-07-01,ST109,P3307,33.0,5,0
2023-07-01,ST109,P3477,28.0,10,0
2023-07-01,ST109,P3193,30.0,15,0
2023-07-01,ST109,P3274,44.0,15,0
2023-07-01,ST109,P3498,39.0,15,0
2023-07-01,ST109,P3511,40.0,20,0
2023-07-01,ST109,P3280,39.0,20,0
2023-07-01,ST109,P3426,22.0,10,0
2023-07-01,ST109,P3191,42.0,15,0
2023-07-01,ST109,P3203,27.0,20,0
2023-07-01,ST109,P3264,24.0,15,0
2023-07-01,ST109,P3133,37.0,15,0
2023-07-01,ST109,P3254,31.0,10,0
2023-07-01,ST109,P3401,49.0,10,0
2023-07-01,ST109,P3369,26.0,10,0
2023-07-01,ST109,P3044,34.0,5,0
2023-07-01,ST109,P3108,34.0,10,0
2023-07-01,ST109,P3047,38.0,15,0
2023-07-01,ST109,P3188,38.0,15,0
2023-07-01,ST109,P3337,40.0,20,0
2023-07-01,ST109,P3184,29.0,15,0
2023-07-01,ST109,P3377,23.0,5,0
2023-07-01,ST109,P3261,36.0,15,0
2023-07-01,ST109,P3446,36.0,5,0
2023-07-01,ST109,P3157,31.0,20,0
2023-07-01,ST109,P3259,31.0,5,0
2023-07-01,ST109,P3391,34.0,5,0
2023-07-01,ST109,P3160,35.0,20,0
2023-07-01,ST109,P3429,39.0,20,0
2023-07-01,ST109,P3444,36.0,10,0
2023-07-01,ST109,P3038,36.0,20,0
2023-07-01,ST109,P3221,37.0,10,0
2023-07-01,ST109,P3361,39.0,5,0
2023-07-01,ST109,P3233,41.0,20,0
2023-07-01,ST109,P3182,28.0,10,0
2023-07-01,ST109,P3214,34.0,5,0
2023-07-01,ST109,P3063,46.0,15,0
2023-07-01,ST109,P3266,38.0,5,0
2023-07-01,ST109,P3123,35.0,15,0
2023-07-01,ST109,P3483,47.0,10,0
2023-07-01,ST109,P3165,27.0,5,0
2023-07-01,ST109,P3463,28.0,15,0
2023-07-01,ST109,P3478,32.0,20,0
2023-07-01,ST109,P3304,42.0,10,0
2023-07-01,ST109,P3437,39.0,20,0
2023-07-01,ST109,P3316,31.0,15,0
2023-07-01,ST109,P3178,23.0,20,0
2023-07-01,ST109,P3136,40.0,15,0
2023-07-01,ST109,P3101,31.0,10,0
2023-07-01,ST109,P3010,31.0,5,0
2023-07-01,ST109,P3488,37.0,15,0
2023-07-01,ST109,P3258,32.0,20,0
2023-07-01,ST110,P3411,38.0,20,0
2023-07-01,ST110,P3045,35.0,15,0
2023-07-01,ST110,P3461,44.0,10,0
2023-07-01,ST110,P3179,38.0,5,0
2023-07-01,ST110,P3435,44.0,20,0
2023-07-01,ST110,P3404,37.0,20,0
2023-07-01,ST110,P3186,36.0,10,0
2023-07-01,ST110,P3312,41.0,10,0
2023-07-01,ST110,P3271,39.0,15,0
2023-07-01,ST110,P3513,28.0,15,0
2023-07-01,ST110,P3035,35.0,20,0
2023-07-01,ST110,P3031,40.0,5,0
2023-07-01,ST110,P3138,39.0,10,0
2023-07-01,ST110,P3195,33.0,15,0
2023-07-01,ST110,P3203,41.0,10,0
2023-07-01,ST110,P3360,40.0,10,0
2023-07-01,ST110,P3163,36.0,10,0
2023-07-01,ST110,P3356,39.0,20,0
2023-07-01,ST110,P3065,27.0,10,0
2023-07-01,ST110,P3389,29.0,20,0
2023-07-01,ST110,P3112,26.0,10,0
2023-07-01,ST110,P3277,44.0,10,0
2023-07-01,ST110,P3429,30.0,15,0
2023-07-01,ST110,P3362,30.0,15,0
2023-07-01,ST110,P3439,29.0,15,0
2023-07-01,ST110,P3288,31.0,15,0
2023-07-01,ST110,P3363,32.0,20,0
2023-07-01,ST110,P3012,28.0,15,0
2023-07-01,ST110,P3069,21.0,5,0
2023-07-01,ST110,P3122,29.0,20,0
2023-07-01,ST110,P3060,38.0,10,0
2023-07-01,ST110,P3507,46.0,5,0
2023-07-01,ST110,P3448,33.0,5,0
2023-07-01,ST110,P3018,45.0,20,0
2023-07-01,ST110,P3484,35.0,5,0
2023-07-01,ST110,P3339,41.0,20,0
2023-07-01,ST110,P3238,25.0,15,0
2023-07-01,ST110,P3107,31.0,10,0
2023-07-01,ST110,P3210,39.0,15,0
2023-07-01,ST110,P3200,40.0,10,0
2023-07-01,ST110,P3349,30.0,5,0
2023-07-01,ST110,P3268,37.0,20,0
2023-07-01,ST110,P3126,26.0,5,0
2023-07-01,ST110,P3457,46.0,15,0
2023-07-01,ST110,P3208,36.0,10,0
2023-07-01,ST110,P3486,38.0,10,0
2023-07-01,ST110,P3235,25.0,15,0
2023-07-01,ST110,P3158,39.0,15,0
2023-07-01,ST110,P3468,40.0,20,0
2023-07-01,ST110,P3511,31.0,20,0
2023-07-01,ST110,P3437,38.0,15,0
2023-07-01,ST110,P3491,32.0,20,0
2023-07-01,ST110,P3340,36.0,10,0
2023-07-01,ST110,P3237,42.0,10,0
2023-07-01,ST110,P3262,26.0,20,0
2023-07-01,ST110,P3470,35.0,5,0
2023-07-01,ST110,P3352,37.0,5,0
2023-07-01,ST110,P3166,31.0,15,0
2023-07-01,ST110,P3423,53.0,15,0
2023-07-01,ST110,P3054,54.0,5,0
2023-07-01,ST111,P3255,34.0,10,0
2023-07-01,ST111,P3410,41.0,20,0
2023-07-01,ST111,P3090,32.0,15,0
2023-07-01,ST111,P3397,33.0,20,0
2023-07-01,ST111,P3304,34.0,10,0
2023-07-01,ST111,P3248,42.0,20,0
2023-07-01,ST111,P3201,38.0,20,0
2023-07-01,ST111,P3101,27.0,10,0
2023-07-01,ST111,P3173,45.0,15,0
2023-07-01,ST111,P3229,43.0,5,0
2023-07-01,ST111,P3189,,5,0
2023-07-01,ST111,P3341,33.0,10,0
2023-07-01,ST111,P3164,39.0,5,0
2023-07-01,ST111,P3145,37.0,15,0
2023-07-01,ST111,P3064,36.0,15,0
2023-07-01,ST111,P3309,33.0,10,0
2023-07-01,ST111,P3346,37.0,10,0
2023-07-01,ST111,P3013,36.0,5,0
2023-07-01,ST111,P3441,31.0,20,0
2023-07-01,ST111,P3499,43.0,20,0
2023-07-01,ST111,P3200,31.0,10,0
2023-07-01,ST111,P3244,27.0,10,0
2023-07-01,ST111,P3294,35.0,10,0
2023-07-01,ST111,P3495,33.0,20,0
2023-07-01,ST111,P3325,34.0,15,0
2023-07-01,ST111,P3501,42.0,15,0
2023-07-01,ST111,P3066,44.0,15,0
2023-07-01,ST111,P3118,31.0,5,0
2023-07-01,ST111,P3474,39.0,15,0
2023-07-01,ST111,P3265,37.0,5,0
2023-07-01,ST111,P3377,34.0,10,0
2023-07-01,ST111,P3328,40.0,5,0
2023-07-01,ST111,P3289,26.0,10,0
2023-07-01,ST111,P3420,33.0,20,0
2023-07-01,ST111,P3065,32.0,15,0
2023-07-01,ST111,P3338,24.0,15,0
2023-07-01,ST111,P3261,28.0,10,0
2023-07-01,ST111,P3466,32.0,10,0
2023-07-01,ST111,P3347,21.0,10,0
2023-07-01,ST111,P3011,37.0,5,0
2023-07-01,ST111,P3509,40.0,5,0
2023-07-01,ST111,P3057,35.0,20,0
2023-07-01,ST111,P3281,31.0,5,0
2023-07-01,ST111,P3032,40.0,10,0
2023-07-01,ST111,P3014,32.0,15,0
2023-07-01,ST111,P3345,35.0,10,0
2023-07-01,ST111,P3423,29.0,10,0
2023-07-01,ST111,P3239,31.0,20,0
2023-07-01,ST111,P3211,43.0,20,0
2023-07-01,ST111,P3443,26.0,20,0
2023-07-01,ST111,P3382,33.0,15,0
2023-07-01,ST111,P3385,33.0,20,0
2023-07-01,ST111,P3510,39.0,15,0
2023-07-01,ST111,P3433,36.0,5,0
2023-07-01,ST111,P3079,43.0,15,0
2023-07-01,ST111,P3444,29.0,10,0
2023-07-01,ST111,P3349,35.0,20,0
2023-07-01,ST111,P3106,30.0,15,0
2023-07-01,ST111,P3498,34.0,10,0
2023-07-01,ST111,P3402,34.0,10,0
2023-07-01,ST112,P3074,42.0,5,0
2023-07-01,ST112,P3132,31.0,5,0
2023-07-01,ST112,P3373,37.0,10,0
2023-07-01,ST112,P3156,34.0,15,0
2023-07-01,ST112,P3339,28.0,20,0
2023-07-01,ST112,P3401,27.0,5,0
2023-07-01,ST112,P3277,37.0,15,0
2023-07-01,ST112,P3257,44.0,15,0
2023-07-01,ST112,P3402,34.0,10,0
2023-07-01,ST112,P3230,35.0,5,0
2023-07-01,ST112,P3223,21.0,10,0
2023-07-01,ST112,P3167,27.0,15,0
2023-07-01,ST112,P3235,35.0,20,0
2023-07-01,ST112,P3117,32.0,20,0
2023-07-01,ST112,P3350,41.0,15,0
2023-07-01,ST112,P3030,39.0,15,0
2023-07-01,ST112,P3057,24.0,15,0
2023-07-01,ST112,P3211,43.0,10,0
2023-07-01,ST112,P3142,28.0,5,0
2023-07-01,ST112,P3196,33.0,10,0
2023-07-01,ST112,P3309,25.0,15,0
2023-07-01,ST112,P3458,35.0,10,0
2023-07-01,ST112,P3140,42.0,20,0
2023-07-01,ST112,P3427,30.0,15,0
2023-07-01,ST112,P3042,30.0,20,0
2023-07-01,ST112,P3219,28.0,20,0
2023-07-01,ST112,P3406,38.0,5,0
2023-07-01,ST112,P3510,35.0,20,0
2023-07-01,ST112,P3382,38.0,10,0
2023-07-01,ST112,P3351,27.0,10,0
2023-07-01,ST112,P3297,38.0,20,0
2023-07-01,ST112,P3111,34.0,10,0
2023-07-01,ST112,P3371,30.0,15,0
2023-07-01,ST112,P3137,38.0,20,0
2023-07-01,ST112,P3169,42.0,5,0
2023-07-01,ST112,P3474,32.0,10,0
2023-07-01,ST112,P3312,33.0,5,0
2023-07-01,ST112,P3449,29.0,20,0
2023-07-01,ST112,P3506,37.0,5,0
2023-07-01,ST112,P3174,36.0,10,0
2023-07-01,ST112,P3009,45.0,15,0
2023-07-01,ST112,P3154,36.0,10,0
2023-07-01,ST112,P3423,25.0,20,0
2023-07-01,ST112,P3290,39.0,10,0
2023-07-01,ST112,P3344,32.0,5,0
2023-07-01,ST112,P3026,35.0,5,0
2023-07-01,ST112,P3459,36.0,10,0
2023-07-01,ST112,P3514,31.0,15,0
2023-07-01,ST112,P3462,33.0,15,0
2023-07-01,ST112,P3037,35.0,20,0
2023-07-01,ST112,P3310,31.0,15,0
2023-07-01,ST112,P3419,31.0,20,0
2023-07-01,ST112,P3302,28.0,15,0
2023-07-01,ST112,P3304,25.0,15,0
2023-07-01,ST112,P3205,39.0,15,0
2023-07-01,ST112,P3486,30.0,15,0
2023-07-01,ST112,P3284,30.0,15,0
2023-07-01,ST112,P3016,33.0,15,0
2023-07-01,ST112,P3121,42.0,5,0
2023-07-01,ST112,P3209,40.0,10,0
2023-07-01,ST113,P3235,39.0,15,0
2023-07-01,ST113,P3253,33.0,10,0
2023-07-01,ST113,P3392,38.0,20,0
2023-07-01,ST113,P3171,41.0,5,0
2023-07-01,ST113,P3445,41.0,20,0
2023-07-01,ST113,P3250,27.0,15,0
2023-07-01,ST113,P3075,40.0,10,0
2023-07-01,ST113,P3344,38.0,10,0
2023-07-01,ST113,P3280,33.0,20,0
2023-07-01,ST113,P3439,29.0,5,0
2023-07-01,ST113,P3354,39.0,20,0
2023-07-01,ST113,P3447,31.0,10,0
2023-07-01,ST113,P3471,35.0,10,0
2023-07-01,ST113,P3444,41.0,20,0
2023-07-01,ST113,P3146,39.0,10,0
2023-07-01,ST113,P3200,26.0,5,0
2023-07-01,ST113,P3461,37.0,5,0
2023-07-01,ST113,P3189,31.0,10,0
2023-07-01,ST113,P3428,32.0,15,0
2023-07-01,ST113,P3466,22.0,20,0
2023-07-01,ST113,P3233,38.0,20,0
2023-07-01,ST113,P3234,30.0,20,0
2023-07-01,ST113,P3274,37.0,10,0
2023-07-01,ST113,P3214,38.0,10,0
2023-07-01,ST113,P3167,29.0,15,0
2023-07-01,ST113,P3290,33.0,5,0
2023-07-01,ST113,P3418,42.0,20,0
2023-07-01,ST113,P3470,27.0,5,0
2023-07-01,ST113,P3121,34.0,20,0
2023-07-01,ST113,P3365,35.0,20,0
2023-07-01,ST113,P3397,36.0,20,0
2023-07-01,ST113,P3388,33.0,10,0
2023-07-01,ST113,P3372,26.0,5,0
2023-07-01,ST113,P3281,44.0,20,0
2023-07-01,ST113,P3288,52.0,5,0
2023-07-01,ST113,P3369,46.0,5,0
2023-07-01,ST113,P3013,40.0,20,0
2023-07-01,ST113,P3240,32.0,15,0
2023-07-01,ST113,P3451,21.0,15,0
2023-07-01,ST113,P3501,31.0,5,0
2023-07-01,ST113,P3283,39.0,10,0
2023-07-01,ST113,P3247,44.0,5,0
2023-07-01,ST113,P3437,35.0,5,0
2023-07-01,ST113,P3472,30.0,10,0
2023-07-01,ST113,P3035,40.0,15,0
2023-07-01,ST113,P3231,31.0,10,0
2023-07-01,ST113,P3503,34.0,20,0
2023-07-01,ST113,P3139,37.0,10,0
2023-07-01,ST113,P3110,30.0,10,0
2023-07-01,ST113,P3264,42.0,20,0
2023-07-01,ST113,P3186,46.0,10,0
2023-07-01,ST113,P3387,43.0,5,0
2023-07-01,ST113,P3177,36.0,20,0
2023-07-01,ST113,P3219,23.0,5,0
2023-07-01,ST113,P3164,27.0,20,0
2023-07-01,ST113,P3136,36.0,20,0
2023-07-01,ST113,P3394,44.0,5,0
2023-07-01,ST113,P3154,43.0,15,0
2023-07-01,ST113,P3067,27.0,10,0
2023-07-01,ST113,P3151,47.0,5,0
2023-07-01,ST114,P3092,32.0,5,0
2023-07-01,ST114,P3267,32.0,5,0
2023-07-01,ST114,P3454,40.0,5,0
2023-07-01,ST114,P3489,30.0,5,0
2023-07-01,ST114,P3341,24.0,15,0
2023-07-01,ST114,P3117,45.0,10,0
2023-07-01,ST114,P3246,36.0,15,0
2023-07-01,ST114,P3075,33.0,15,0
2023-07-01,ST114,P3044,38.0,15,0
2023-07-01,ST114,P3497,35.0,20,0
2023-07-01,ST114,P3362,46.0,5,0
2023-07-01,ST114,P3035,35.0,20,0
2023-07-01,ST114,P3080,46.0,5,0
2023-07-01,ST114,P3173,38.0,20,0
2023-07-01,ST114,P3391,38.0,20,0
2023-07-01,ST114,P3440,29.0,20,0
2023-07-01,ST114,P3493,41.0,20,0
2023-07-01,ST114,P3378,39.0,20,0
2023-07-01,ST114,P3485,32.0,20,0
2023-07-01,ST114,P3142,32.0,10,0
2023-07-01,ST114,P3258,34.0,5,0
2023-07-01,ST114,P3406,32.0,20,0
2023-07-01,ST114,P3328,31.0,20,0
2023-07-01,ST114,P3175,,10,0
2023-07-01,ST114,P3031,28.0,20,0
2023-07-01,ST114,P3004,38.0,15,0
2023-07-01,ST114,P3369,39.0,10,0
2023-07-01,ST114,P3295,28.0,15,0
2023-07-01,ST114,P3145,43.0,20,0
2023-07-01,ST114,P3261,37.0,5,0
2023-07-01,ST114,P3034,41.0,15,0
2023-07-01,ST114,P3273,33.0,20,0
2023-07-01,ST114,P3450,37.0,5,0
2023-07-01,ST114,P3397,29.0,10,0
2023-07-01,ST114,P3359,41.0,20,0
2023-07-01,ST114,P3346,25.0,5,0
2023-07-01,ST114,P3245,32.0,15,0
2023-07-01,ST114,P3498,37.0,5,0
2023-07-01,ST114,P3130,43.0,20,0
2023-07-01,ST114,P3502,42.0,15,0
2023-07-01,ST114,P3255,31.0,15,0
2023-07-01,ST114,P3271,36.0,20,0
2023-07-01,ST114,P3220,43.0,10,0
2023-07-01,ST114,P3088,33.0,15,0
2023-07-01,ST114,P3037,35.0,15,0
2023-07-01,ST114,P3380,36.0,10,0
2023-07-01,ST114,P3435,36.0,20,0
2023-07-01,ST114,P3021,35.0,20,0
2023-07-01,ST114,P3007,34.0,15,0
2023-07-01,ST114,P3187,41.0,10,0
2023-07-01,ST114,P3138,39.0,5,0
2023-07-01,ST114,P3414,35.0,10,0
2023-07-01,ST114,P3068,36.0,15,0
2023-07-01,ST114,P3041,33.0,15,0
2023-07-01,ST114,P3430,40.0,10,0
2023-07-01,ST114,P3073,37.0,15,0
2023-07-01,ST114,P3111,33.0,20,0
2023-07-01,ST114,P3156,32.0,10,0
2023-07-01,ST114,P3081,31.0,10,0
2023-07-01,ST114,P3164,29.0,20,0
2023-07-01,ST115,P3236,32.0,5,0
2023-07-01,ST115,P3491,36.0,15,0
2023-07-01,ST115,P3046,34.0,10,0
2023-07-01,ST115,P3201,36.0,10,0
2023-07-01,ST115,P3040,33.0,10,0
2023-07-01,ST115,P3033,31.0,5,0
2023-07-01,ST115,P3260,39.0,5,0
2023-07-01,ST115,P3116,27.0,10,0
2023-07-01,ST115,P3470,32.0,10,0
2023-07-01,ST115,P3381,41.0,10,0
2023-07-01,ST115,P3283,31.0,20,0
2023-07-01,ST115,P3439,41.0,10,0
2023-07-01,ST115,P3265,34.0,5,0
2023-07-01,ST115,P3239,29.0,5,0
2023-07-01,ST115,P3041,33.0,10,0
2023-07-01,ST115,P3412,42.0,20,0
2023-07-01,ST115,P3317,33.0,10,0
2023-07-01,ST115,P3453,34.0,5,0
2023-07-01,ST115,P3128,28.0,20,0
2023-07-01,ST115,P3382,34.0,20,0
2023-07-01,ST115,P3435,32.0,20,0
2023-07-01,ST115,P3480,32.0,10,0
2023-07-01,ST115,P3229,38.0,5,0
2023-07-01,ST115,P3348,28.0,10,0
2023-07-01,ST115,P3391,35.0,10,0
2023-07-01,ST115,P3230,42.0,20,0
2023-07-01,ST115,P3146,34.0,10,0
2023-07-01,ST115,P3374,34.0,10,0
2023-07-01,ST115,P3184,27.0,5,0
2023-07-01,ST115,P3257,26.0,5,0
2023-07-01,ST115,P3455,23.0,15,0
2023-07-01,ST115,P3122,28.0,20,0
2023-07-01,ST115,P3163,43.0,20,0
2023-07-01,ST115,P3472,29.0,20,0
2023-07-01,ST115,P3200,34.0,15,0
2023-07-01,ST115,P3167,41.0,20,0
2023-07-01,ST115,P3326,37.0,10,0
2023-07-01,ST115,P3130,41.0,15,0
2023-07-01,ST115,P3314,36.0,20,0
2023-07-01,ST115,P3059,54.0,15,0
2023-07-01,ST115,P3187,46.0,5,0
2023-07-01,ST115,P3324,46.0,10,0
2023-07-01,ST115,P3233,43.0,15,0
2023-07-01,ST115,P3231,42.0,15,0
2023-07-01,ST115,P3321,32.0,20,0
2023-07-01,ST115,P3045,36.0,5,0
2023-07-01,ST115,P3322,36.0,10,0
2023-07-01,ST115,P3415,42.0,5,0
2023-07-01,ST115,P3192,38.0,10,0
2023-07-01,ST115,P3261,29.0,15,0
2023-07-01,ST115,P3100,34.0,10,0
2023-07-01,ST115,P3509,30.0,5,0
2023-07-01,ST115,P3198,38.0,5,0
2023-07-01,ST115,P3334,36.0,15,0
2023-07-01,ST115,P3092,41.0,20,0
2023-07-01,ST115,P3484,44.0,5,0
2023-07-01,ST115,P3134,27.0,15,0
2023-07-01,ST115,P3183,26.0,20,0
2023-07-01,ST115,P3310,43.0,15,0
2023-07-01,ST115,P3319,37.0,20,0
2023-07-01,ST116,P3224,39.0,10,0
2023-07-01,ST116,P3446,39.0,15,0
2023-07-01,ST116,P3513,28.0,10,0
2023-07-01,ST116,P3218,28.0,10,0
2023-07-01,ST116,P3076,23.0,20,0
2023-07-01,ST116,P3344,47.0,10,0
2023-07-01,ST116,P3317,32.0,10,0
2023-07-01,ST116,P3400,52.0,20,0
2023-07-01,ST116,P3329,28.0,15,0
2023-07-01,ST116,P3115,43.0,5,0
2023-07-01,ST116,P3396,35.0,15,0
2023-07-01,ST116,P3085,43.0,20,0
2023-07-01,ST116,P3461,26.0,15,0
2023-07-01,ST116,P3263,32.0,5,0
2023-07-01,ST116,P3108,47.0,5,0
2023-07-01,ST116,P3471,37.0,20,0
2023-07-01,ST116,P3103,39.0,15,0
2023-07-01,ST116,P3305,30.0,15,0
2023-07-01,ST116,P3356,37.0,20,0
2023-07-01,ST116,P3337,34.0,10,0
2023-07-01,ST116,P3265,36.0,15,0
2023-07-01,ST116,P3345,32.0,5,0
2023-07-01,ST116,P3015,23.0,20,0
2023-07-01,ST116,P3091,31.0,5,0
2023-07-01,ST116,P3048,36.0,20,0
2023-07-01,ST116,P3140,34.0,5,0
2023-07-01,ST116,P3188,43.0,10,0
2023-07-01,ST116,P3184,30.0,5,0
2023-07-01,ST116,P3395,40.0,5,0
2023-07-01,ST116,P3050,47.0,20,0
2023-07-01,ST116,P3364,28.0,20,0
2023-07-01,ST116,P3283,29.0,10,0
2023-07-01,ST116,P3033,41.0,20,0
2023-07-01,ST116,P3230,42.0,5,0
2023-07-01,ST116,P3413,32.0,15,0
2023-07-01,ST116,P3422,30.0,10,0
2023-07-01,ST116,P3100,37.0,15,0
2023-07-01,ST116,P3162,32.0,10,0
2023-07-01,ST116,P3371,40.0,5,0
2023-07-01,ST116,P3477,39.0,10,0
2023-07-01,ST116,P3052,37.0,15,0
2023-07-01,ST116,P3454,28.0,15,0
2023-07-01,ST116,P3257,31.0,15,0
2023-07-01,ST116,P3365,34.0,15,0
2023-07-01,ST116,P3430,42.0,20,0
2023-07-01,ST116,P3173,28.0,20,0
2023-07-01,ST116,P3411,36.0,20,0
2023-07-01,ST116,P3432,29.0,5,0
2023-07-01,ST116,P3346,42.0,10,0
2023-07-01,ST116,P3112,22.0,20,0
2023-07-01,ST116,P3267,40.0,5,0
2023-07-01,ST116,P3297,39.0,20,0
2023-07-01,ST116,P3433,40.0,20,0
2023-07-01,ST116,P3515,41.0,15,0
2023-07-01,ST116,P3420,35.0,5,0
2023-07-01,ST116,P3489,42.0,20,0
2023-07-01,ST116,P3212,33.0,20,0
2023-07-01,ST116,P3041,35.0,10,0
2023-07-01,ST116,P3187,36.0,15,0
2023-07-01,ST116,P3439,32.0,10,0
2023-07-01,ST117,P3059,31.0,20,0
2023-07-01,ST117,P3233,25.0,15,0
2023-07-01,ST117,P3114,36.0,5,0
2023-07-01,ST117,P3091,42.0,20,0
2023-07-01,ST117,P3255,32.0,10,0
2023-07-01,ST117,P3204,33.0,5,0
2023-07-01,ST117,P3371,30.0,5,0
2023-07-01,ST117,P3051,,10,0
2023-07-01,ST117,P3007,36.0,10,0
2023-07-01,ST117,P3056,39.0,10,0
2023-07-01,ST117,P3475,30.0,15,0
2023-07-01,ST117,P3513,41.0,5,0
2023-07-01,ST117,P3363,26.0,5,0
2023-07-01,ST117,P3006,25.0,10,0
2023-07-01,ST117,P3345,22.0,20,0
2023-07-01,ST117,P3203,40.0,15,0
2023-07-01,ST117,P3364,32.0,5,0
2023-07-01,ST117,P3188,31.0,20,0
2023-07-01,ST117,P3060,24.0,15,0
2023-07-01,ST117,P3325,35.0,20,0
2023-07-01,ST117,P3343,44.0,5,0
2023-07-01,ST117,P3078,24.0,5,0
2023-07-01,ST117,P3083,20.0,20,0
2023-07-01,ST117,P3227,40.0,20,0
2023-07-01,ST117,P3166,43.0,5,0
2023-07-01,ST117,P3333,20.0,10,0
2023-07-01,ST117,P3356,46.0,15,0
2023-07-01,ST117,P3186,34.0,5,0
2023-07-01,ST117,P3063,29.0,20,0
2023-07-01,ST117,P3425,44.0,20,0
2023-07-01,ST117,P3391,38.0,20,0
2023-07-01,ST117,P3415,34.0,5,0
2023-07-01,ST117,P3187,32.0,10,0
2023-07-01,ST117,P3018,52.0,20,0
2023-07-01,ST117,P3273,31.0,20,0
2023-07-01,ST117,P3418,28.0,15,0
2023-07-01,ST117,P3421,46.0,15,0
2023-07-01,ST117,P3185,30.0,5,0
2023-07-01,ST117,P3269,40.0,10,0
2023-07-01,ST117,P3401,35.0,10,0
2023-07-01,ST117,P3154,38.0,15,0
2023-07-01,ST117,P3178,27.0,10,0
2023-07-01,ST117,P3226,32.0,15,0
2023-07-01,ST117,P3405,33.0,5,0
2023-07-01,ST117,P3236,43.0,5,0
2023-07-01,ST117,P3136,51.0,5,0
2023-07-01,ST117,P3125,31.0,10,0
2023-07-01,ST117,P3054,23.0,10,0
2023-07-01,ST117,P3263,33.0,15,0
2023-07-01,ST117,P3092,37.0,10,0
2023-07-01,ST117,P3197,31.0,5,0
2023-07-01,ST117,P3493,34.0,20,0
2023-07-01,ST117,P3440,33.0,10,0
2023-07-01,ST117,P3061,29.0,10,0
2023-07-01,ST117,P3235,37.0,20,0
2023-07-01,ST117,P3266,41.0,15,0
2023-07-01,ST117,P3256,44.0,20,0
2023-07-01,ST117,P3308,45.0,10,0
2023-07-01,ST117,P3247,43.0,5,0
2023-07-01,ST117,P3299,36.0,10,0
2023-07-01,ST118,P3161,42.0,5,0
2023-07-01,ST118,P3205,37.0,5,0
2023-07-01,ST118,P3162,30.0,10,0
2023-07-01,ST118,P3274,27.0,20,0
2023-07-01,ST118,P3325,29.0,20,0
2023-07-01,ST118,P3024,33.0,20,0
2023-07-01,ST118,P3038,39.0,10,0
2023-07-01,ST118,P3232,25.0,15,0
2023-07-01,ST118,P3365,35.0,15,0
2023-07-01,ST118,P3021,39.0,5,0
2023-07-01,ST118,P3219,34.0,10,0
2023-07-01,ST118,P3308,43.0,5,0
2023-07-01,ST118,P3042,40.0,10,0
2023-07-01,ST118,P3275,25.0,5,0
2023-07-01,ST118,P3317,37.0,15,0
2023-07-01,ST118,P3105,35.0,5,0
2023-07-01,ST118,P3250,39.0,10,0
2023-07-01,ST118,P3474,40.0,10,0
2023-07-01,ST118,P3484,31.0,5,0
2023-07-01,ST118,P3336,34.0,20,0
2023-07-01,ST118,P3256,29.0,5,0
2023-07-01,ST118,P3197,25.0,20,0
2023-07-01,ST118,P3075,31.0,5,0
2023-07-01,ST118,P3504,33.0,20,0
2023-07-01,ST118,P3125,29.0,20,0
2023-07-01,ST118,P3289,28.0,20,0
2023-07-01,ST118,P3453,40.0,10,0
2023-07-01,ST118,P3237,25.0,15,0
2023-07-01,ST118,P3475,25.0,10,0
2023-07-01,ST118,P3117,35.0,10,0
2023-07-01,ST118,P3298,34.0,10,0
2023-07-01,ST118,P3381,28.0,15,0
2023-07-01,ST118,P3385,33.0,20,0
2023-07-01,ST118,P3357,30.0,20,0
2023-07-01,ST118,P3065,33.0,20,0
2023-07-01,ST118,P3157,31.0,10,0
2023-07-01,ST118,P3234,27.0,10,0
2023-07-01,ST118,P3458,32.0,15,0
2023-07-01,ST118,P3152,30.0,20,0
2023-07-01,ST118,P3396,25.0,10,0
2023-07-01,ST118,P3101,29.0,15,0
2023-07-01,ST118,P3300,41.0,10,0
2023-07-01,ST118,P3225,29.0,15,0
2023-07-01,ST118,P3326,35.0,20,0
2023-07-01,ST118,P3287,41.0,20,0
2023-07-01,ST118,P3029,41.0,5,0
2023-07-01,ST118,P3297,25.0,5,0
2023-07-01,ST118,P3073,33.0,5,0
2023-07-01,ST118,P3495,34.0,5,0
2023-07-01,ST118,P3128,35.0,10,0
2023-07-01,ST118,P3292,32.0,5,0
2023-07-01,ST118,P3145,38.0,15,0
2023-07-01,ST118,P3058,42.0,10,0
2023-07-01,ST118,P3057,42.0,20,0
2023-07-01,ST118,P3019,44.0,5,0
2023-07-01,ST118,P3204,30.0,5,0
2023-07-01,ST118,P3236,36.0,15,0
2023-07-01,ST118,P3084,25.0,10,0
2023-07-01,ST118,P3062,35.0,15,0
2023-07-01,ST118,P3227,28.0,20,0
2023-08-01,ST101,P3497,35.0,15,0
2023-08-01,ST101,P3180,34.0,5,0
2023-08-01,ST101,P3379,45.0,20,0
2023-08-01,ST101,P3349,44.0,5,0
2023-08-01,ST101,P3105,36.0,15,0
2023-08-01,ST101,P3315,49.0,20,0
2023-08-01,ST101,P3333,38.0,15,0
2023-08-01,ST101,P3044,28.0,10,0
2023-08-01,ST101,P3129,30.0,5,0
2023-08-01,ST101,P3081,42.0,15,0
2023-08-01,ST101,P3201,33.0,15,0
2023-08-01,ST101,P3051,40.0,5,0
2023-08-01,ST101,P3017,36.0,10,0
2023-08-01,ST101,P3124,44.0,5,0
2023-08-01,ST101,P3473,36.0,5,0
2023-08-01,ST101,P3055,38.0,10,0
2023-08-01,ST101,P3127,30.0,5,0
2023-08-01,ST101,P3234,33.0,15,0
2023-08-01,ST101,P3213,31.0,5,0
2023-08-01,ST101,P3249,43.0,5,0
2023-08-01,ST101,P3455,32.0,20,0
2023-08-01,ST101,P3402,38.0,20,0
2023-08-01,ST101,P3226,29.0,5,0
2023-08-01,ST101,P3435,41.0,20,0
2023-08-01,ST101,P3179,35.0,10,0
2023-08-01,ST101,P3314,40.0,20,0
2023-08-01,ST101,P3223,32.0,10,0
2023-08-01,ST101,P3351,33.0,20,0
2023-08-01,ST101,P3424,25.0,10,0
2023-08-01,ST101,P3340,32.0,15,0
2023-08-01,ST101,P3446,32.0,15,0
2023-08-01,ST101,P3321,21.0,15,0
2023-08-01,ST101,P3365,36.0,15,0
2023-08-01,ST101,P3300,38.0,10,0
2023-08-01,ST101,P3296,36.0,5,0
2023-08-01,ST101,P3062,31.0,20,0
2023-08-01,ST101,P3451,39.0,20,0
2023-08-01,ST101,P3324,42.0,5,0
2023-08-01,ST101,P3444,32.0,15,0
2023-08-01,ST101,P3347,37.0,10,0
2023-08-01,ST101,P3125,43.0,10,0
2023-08-01,ST101,P3263,30.0,15,0
2023-08-01,ST101,P3106,28.0,20,0
2023-08-01,ST101,P3063,33.0,5,0
2023-08-01,ST101,P3271,23.0,15,0
2023-08-01,ST101,P3389,33.0,15,0
2023-08-01,ST101,P3462,37.0,20,0
2023-08-01,ST101,P3390,35.0,10,0
2023-08-01,ST101,P3413,34.0,20,0
2023-08-01,ST101,P3428,34.0,20,0
2023-08-01,ST101,P3034,35.0,15,0
2023-08-01,ST101,P3164,31.0,20,0
2023-08-01,ST101,P3329,25.0,5,0
2023-08-01,ST101,P3217,25.0,15,0
2023-08-01,ST101,P3157,52.0,5,0
2023-08-01,ST101,P3502,23.0,5,0
2023-08-01,ST101,P3040,38.0,20,0
2023-08-01,ST101,P3027,32.0,10,0
2023-08-01,ST101,P3371,26.0,15,0
2023-08-01,ST101,P3475,40.0,15,0
2023-08-01,ST102,P3449,34.0,5,0
2023-08-01,ST102,P3409,30.0,20,0
2023-08-01,ST102,P3187,37.0,5,0
2023-08-01,ST102,P3324,31.0,20,0
2023-08-01,ST102,P3432,41.0,20,0
2023-08-01,ST102,P3454,42.0,5,0
2023-08-01,ST102,P3306,33.0,5,0
2023-08-01,ST102,P3075,30.0,10,0
2023-08-01,ST102,P3150,40.0,10,0
2023-08-01,ST102,P3348,31.0,10,0
2023-08-01,ST102,P3186,35.0,20,0
2023-08-01,ST102,P3331,32.0,20,0
2023-08-01,ST102,P3346,39.0,15,0
2023-08-01,ST102,P3345,40.0,20,0
2023-08-01,ST102,P3364,40.0,15,0
2023-08-01,ST102,P3054,38.0,15,0
2023-08-01,ST102,P3239,32.0,15,0
2023-08-01,ST102,P3385,35.0,20,0
2023-08-01,ST102,P3441,36.0,20,0
2023-08-01,ST102,P3056,30.0,10,0
2023-08-01,ST102,P3158,29.0,10,0
2023-08-01,ST102,P3382,29.0,15,0
2023-08-01,ST102,P3227,34.0,5,0
2023-08-01,ST102,P3023,33.0,15,0
2023-08-01,ST102,P3173,29.0,10,0
2023-08-01,ST102,P3471,27.0,5,0
2023-08-01,ST102,P3046,36.0,20,0
2023-08-01,ST102,P3334,34.0,15,0
2023-08-01,ST102,P3061,37.0,20,0
2023-08-01,ST102,P3171,37.0,5,0
2023-08-01,ST102,P3298,36.0,20,0
2023-08-01,ST102,P3234,27.0,10,0
2023-08-01,ST102,P3407,44.0,5,0
2023-08-01,ST102,P3090,24.0,10,0
2023-08-01,ST102,P3327,38.0,15,0
2023-08-01,ST102,P3039,35.0,10,0
2023-08-01,ST102,P3077,37.0,20,0
2023-08-01,ST102,P3211,40.0,20,0
2023-08-01,ST102,P3311,25.0,5,0
2023-08-01,ST102,P3293,34.0,10,0
2023-08-01,ST102,P3175,30.0,10,0
2023-08-01,ST102,P3408,33.0,5,0
2023-08-01,ST102,P3225,30.0,5,0
2023-08-01,ST102,P3057,40.0,5,0
2023-08-01,ST102,P3396,33.0,20,0
2023-08-01,ST102,P3222,35.0,10,0
2023-08-01,ST102,P3254,37.0,20,0
2023-08-01,ST102,P3283,37.0,20,0
2023-08-01,ST102,P3372,45.0,15,0
2023-08-01,ST102,P3406,35.0,15,0
2023-08-01,ST102,P3005,34.0,15,0
2023-08-01,ST102,P3188,34.0,10,0
2023-08-01,ST102,P3240,31.0,20,0
2023-08-01,ST102,P3048,33.0,15,0
2023-08-01,ST102,P3025,42.0,5,0
2023-08-01,ST102,P3505,37.0,20,0
2023-08-01,ST102,P3232,31.0,15,0
2023-08-01,ST102,P3347,44.0,5,0
2023-08-01,ST102,P3335,33.0,5,0
2023-08-01,ST102,P3436,37.0,5,0
2023-08-01,ST103,P3003,36.0,20,0
2023-08-01,ST103,P3408,36.0,20,0
2023-08-01,ST103,P3046,41.0,20,0
2023-08-01,ST103,P3148,39.0,10,0
2023-08-01,ST103,P3162,32.0,10,0
2023-08-01,ST103,P3159,43.0,15,0
2023-08-01,ST103,P3010,25.0,15,0
2023-08-01,ST103,P3151,38.0,20,0
2023-08-01,ST103,P3366,33.0,20,0
2023-08-01,ST103,P3336,32.0,15,0
2023-08-01,ST103,P3030,30.0,15,0
2023-08-01,ST103,P3217,35.0,10,0
2023-08-01,ST103,P3324,38.0,15,0
2023-08-01,ST103,P3365,37.0,5,0
2023-08-01,ST103,P3048,32.0,15,0
2023-08-01,ST103,P3265,42.0,15,0
2023-08-01,ST103,P3214,21.0,15,0
2023-08-01,ST103,P3102,37.0,15,0
2023-08-01,ST103,P3259,26.0,15,0
2023-08-01,ST103,P3034,33.0,20,0
2023-08-01,ST103,P3107,33.0,20,0
2023-08-01,ST103,P3508,25.0,5,0
2023-08-01,ST103,P3089,33.0,5,0
2023-08-01,ST103,P3437,33.0,20,0
2023-08-01,ST103,P3492,39.0,20,0
2023-08-01,ST103,P3353,39.0,20,0
2023-08-01,ST103,P3211,44.0,10,0
2023-08-01,ST103,P3205,32.0,5,0
2023-08-01,ST103,P3033,40.0,15,0
2023-08-01,ST103,P3263,51.0,20,0
2023-08-01,ST103,P3427,32.0,5,0
2023-08-01,ST103,P3362,33.0,20,0
2023-08-01,ST103,P3308,36.0,15,0
2023-08-01,ST103,P3357,40.0,10,0
2023-08-01,ST103,P3369,36.0,20,0
2023-08-01,ST103,P3303,42.0,10,0
2023-08-01,ST103,P3138,37.0,10,0
2023-08-01,ST103,P3071,26.0,20,0
2023-08-01,ST103,P3125,33.0,10,0
2023-08-01,ST103,P3495,32.0,5,0
2023-08-01,ST103,P3410,24.0,5,0
2023-08-01,ST103,P3039,37.0,15,0
2023-08-01,ST103,P3059,34.0,5,0
2023-08-01,ST103,P3127,42.0,5,0
2023-08-01,ST103,P3266,37.0,20,0
2023-08-01,ST103,P3172,34.0,5,0
2023-08-01,ST103,P3038,37.0,20,0
2023-08-01,ST103,P3023,40.0,5,0
2023-08-01,ST103,P3012,40.0,5,0
2023-08-01,ST103,P3421,33.0,20,0
2023-08-01,ST103,P3393,38.0,15,0
2023-08-01,ST103,P3402,44.0,20,0
2023-08-01,ST103,P3068,39.0,15,0
2023-08-01,ST103,P3116,32.0,15,0
2023-08-01,ST103,P3201,29.0,5,0
2023-08-01,ST103,P3067,35.0,10,0
2023-08-01,ST103,P3299,34.0,20,0
2023-08-01,ST103,P3057,40.0,10,0
2023-08-01,ST103,P3454,36.0,20,0
2023-08-01,ST103,P3446,35.0,10,0
2023-08-01,ST104,P3473,41.0,15,0
2023-08-01,ST104,P3513,34.0,5,0
2023-08-01,ST104,P3144,58.0,20,0
2023-08-01,ST104,P3471,32.0,10,0
2023-08-01,ST104,P3266,35.0,5,0
2023-08-01,ST104,P3194,36.0,10,0
2023-08-01,ST104,P3205,38.0,20,0
2023-08-01,ST104,P3460,21.0,15,0
2023-08-01,ST104,P3288,36.0,5,0
2023-08-01,ST104,P3035,24.0,20,0
2023-08-01,ST104,P3044,35.0,5,0
2023-08-01,ST104,P3272,42.0,10,0
2023-08-01,ST104,P3040,36.0,15,0
2023-08-01,ST104,P3310,30.0,5,0
2023-08-01,ST104,P3017,45.0,15,0
2023-08-01,ST104,P3277,33.0,10,0
2023-08-01,ST104,P3282,37.0,10,0
2023-08-01,ST104,P3212,30.0,5,0
2023-08-01,ST104,P3115,28.0,20,0
2023-08-01,ST104,P3172,38.0,15,0
2023-08-01,ST104,P3377,36.0,10,0
2023-08-01,ST104,P3131,34.0,15,0
2023-08-01,ST104,P3389,37.0,15,0
2023-08-01,ST104,P3419,31.0,20,0
2023-08-01,ST104,P3461,43.0,5,0
2023-08-01,ST104,P3296,51.0,10,0
2023-08-01,ST104,P3065,26.0,5,0
2023-08-01,ST104,P3055,28.0,10,0
2023-08-01,ST104,P3185,41.0,15,0
2023-08-01,ST104,P3146,32.0,15,0
2023-08-01,ST104,P3148,21.0,15,0
2023-08-01,ST104,P3264,42.0,15,0
2023-08-01,ST104,P3380,45.0,20,0
2023-08-01,ST104,P3233,34.0,20,0
2023-08-01,ST104,P3437,33.0,15,0
2023-08-01,ST104,P3162,23.0,5,0
2023-08-01,ST104,P3283,33.0,15,0
2023-08-01,ST104,P3491,30.0,10,0
2023-08-01,ST104,P3320,41.0,15,0
2023-08-01,ST104,P3256,45.0,5,0
2023-08-01,ST104,P3245,38.0,10,0
2023-08-01,ST104,P3203,39.0,10,0
2023-08-01,ST104,P3370,36.0,10,0
2023-08-01,ST104,P3420,30.0,5,0
2023-08-01,ST104,P3436,44.0,5,0
2023-08-01,ST104,P3226,37.0,10,0
2023-08-01,ST104,P3477,39.0,20,0
2023-08-01,ST104,P3416,35.0,20,0
2023-08-01,ST104,P3013,44.0,10,0
2023-08-01,ST104,P3019,37.0,10,0
2023-08-01,ST104,P3159,40.0,20,0
2023-08-01,ST104,P3363,32.0,15,0
2023-08-01,ST104,P3257,41.0,10,0
2023-08-01,ST104,P3261,35.0,10,0
2023-08-01,ST104,P3340,38.0,10,0
2023-08-01,ST104,P3443,24.0,5,0
2023-08-01,ST104,P3350,28.0,10,0
2023-08-01,ST104,P3073,41.0,20,0
2023-08-01,ST104,P3501,32.0,10,0
2023-08-01,ST104,P3002,32.0,5,0
2023-08-01,ST105,P3071,31.0,5,0
2023-08-01,ST105,P3194,45.0,5,0
2023-08-01,ST105,P3335,43.0,20,0
2023-08-01,ST105,P3369,38.0,15,0
2023-08-01,ST105,P3329,48.0,15,0
2023-08-01,ST105,P3351,36.0,20,0
2023-08-01,ST105,P3027,30.0,15,0
2023-08-01,ST105,P3421,26.0,10,0
2023-08-01,ST105,P3375,27.0,10,0
2023-08-01,ST105,P3323,41.0,15,0
2023-08-01,ST105,P3346,32.0,10,0
2023-08-01,ST105,P3309,39.0,15,0
2023-08-01,ST105,P3368,31.0,15,0
2023-08-01,ST105,P3406,30.0,10,0
2023-08-01,ST105,P3470,31.0,5,0
2023-08-01,ST105,P3357,39.0,5,0
2023-08-01,ST105,P3156,34.0,5,0
2023-08-01,ST105,P3184,27.0,15,0
2023-08-01,ST105,P3158,43.0,15,0
2023-08-01,ST105,P3442,36.0,15,0
2023-08-01,ST105,P3056,40.0,20,0
2023-08-01,ST105,P3484,36.0,20,0
2023-08-01,ST105,P3338,48.0,5,0
2023-08-01,ST105,P3052,28.0,15,0
2023-08-01,ST105,P3347,32.0,10,0
2023-08-01,ST105,P3210,31.0,5,0
2023-08-01,ST105,P3189,46.0,20,0
2023-08-01,ST105,P3327,39.0,20,0
2023-08-01,ST105,P3124,40.0,10,0
2023-08-01,ST105,P3134,50.0,15,0
2023-08-01,ST105,P3119,29.0,10,0
2023-08-01,ST105,P3339,38.0,15,0
2023-08-01,ST105,P3234,37.0,10,0
2023-08-01,ST105,P3261,32.0,20,0
2023-08-01,ST105,P3020,33.0,20,0
2023-08-01,ST105,P3218,37.0,5,0
2023-08-01,ST105,P3272,35.0,5,0
2023-08-01,ST105,P3128,27.0,10,0
2023-08-01,ST105,P3278,25.0,20,0
2023-08-01,ST105,P3147,40.0,10,0
2023-08-01,ST105,P3472,35.0,15,0
2023-08-01,ST105,P3480,44.0,15,0
2023-08-01,ST105,P3133,45.0,10,0
2023-08-01,ST105,P3312,34.0,20,0
2023-08-01,ST105,P3063,28.0,20,0
2023-08-01,ST105,P3468,36.0,10,0
2023-08-01,ST105,P3044,44.0,20,0
2023-08-01,ST105,P3060,37.0,10,0
2023-08-01,ST105,P3287,32.0,10,0
2023-08-01,ST105,P3035,44.0,10,0
2023-08-01,ST105,P3258,42.0,5,0
2023-08-01,ST105,P3306,36.0,5,0
2023-08-01,ST105,P3502,40.0,15,0
2023-08-01,ST105,P3429,36.0,15,0
2023-08-01,ST105,P3236,37.0,20,0
2023-08-01,ST105,P3069,31.0,20,0
2023-08-01,ST105,P3170,30.0,10,0
2023-08-01,ST105,P3262,35.0,10,0
2023-08-01,ST105,P3438,37.0,15,0
2023-08-01,ST105,P3006,44.0,20,0
2023-08-01,ST106,P3423,37.0,15,0
2023-08-01,ST106,P3319,32.0,20,0
2023-08-01,ST106,P3488,39.0,15,0
2023-08-01,ST106,P3223,31.0,20,0
2023-08-01,ST106,P3479,41.0,5,0
2023-08-01,ST106,P3375,39.0,10,0
2023-08-01,ST106,P3191,31.0,15,0
2023-08-01,ST106,P3428,29.0,20,0
2023-08-01,ST106,P3254,30.0,10,0
2023-08-01,ST106,P3385,31.0,15,0
2023-08-01,ST106,P3070,36.0,20,0
2023-08-01,ST106,P3094,33.0,10,0
2023-08-01,ST106,P3255,29.0,15,0
2023-08-01,ST106,P3197,35.0,5,0
2023-08-01,ST106,P3438,40.0,5,0
2023-08-01,ST106,P3408,28.0,10,0
2023-08-01,ST106,P3404,36.0,5,0
2023-08-01,ST106,P3073,37.0,5,0
2023-08-01,ST106,P3091,41.0,20,0
2023-08-01,ST106,P3248,32.0,5,0
2023-08-01,ST106,P3263,33.0,15,0
2023-08-01,ST106,P3440,32.0,5,0
2023-08-01,ST106,P3222,37.0,10,0
2023-08-01,ST106,P3013,30.0,20,0
2023-08-01,ST106,P3452,24.0,10,0
2023-08-01,ST106,P3104,32.0,5,0
2023-08-01,ST106,P3003,47.0,10,0
2023-08-01,ST106,P3431,39.0,15,0
2023-08-01,ST106,P3062,33.0,15,0
2023-08-01,ST106,P3260,41.0,15,0
2023-08-01,ST106,P3460,34.0,10,0
2023-08-01,ST106,P3295,32.0,15,0
2023-08-01,ST106,P3119,36.0,5,0
2023-08-01,ST106,P3400,38.0,20,0
2023-08-01,ST106,P3271,41.0,5,0
2023-08-01,ST106,P3194,26.0,10,0
2023-08-01,ST106,P3098,27.0,20,0
2023-08-01,ST106,P3363,35.0,10,0
2023-08-01,ST106,P3147,39.0,10,0
2023-08-01,ST106,P3286,37.0,5,0
2023-08-01,ST106,P3004,32.0,10,0
2023-08-01,ST106,P3166,25.0,20,0
2023-08-01,ST106,P3050,41.0,5,0
2023-08-01,ST106,P3332,24.0,10,0
2023-08-01,ST106,P3497,36.0,15,0
2023-08-01,ST106,P3468,33.0,5,0
2023-08-01,ST106,P3356,33.0,5,0
2023-08-01,ST106,P3054,32.0,15,0
2023-08-01,ST106,P3096,23.0,15,0
2023-08-01,ST106,P3021,44.0,20,0
2023-08-01,ST106,P3237,30.0,5,0
2023-08-01,ST106,P3151,33.0,20,0
2023-08-01,ST106,P3239,33.0,10,0
2023-08-01,ST106,P3064,35.0,15,0
2023-08-01,ST106,P3444,33.0,5,0
2023-08-01,ST106,P3154,33.0,20,0
2023-08-01,ST106,P3303,30.0,15,0
2023-08-01,ST106,P3402,43.0,10,0
2023-08-01,ST106,P3153,39.0,15,0
2023-08-01,ST106,P3397,34.0,15,0
2023-08-01,ST107,P3455,35.0,10,0
2023-08-01,ST107,P3308,30.0,20,0
2023-08-01,ST107,P3499,31.0,20,0
2023-08-01,ST107,P3021,37.0,5,0
2023-08-01,ST107,P3051,33.0,5,0
2023-08-01,ST107,P3008,30.0,20,0
2023-08-01,ST107,P3088,42.0,5,0
2023-08-01,ST107,P3489,42.0,20,0
2023-08-01,ST107,P3519,40.0,20,0
2023-08-01,ST107,P3323,29.0,20,0
2023-08-01,ST107,P3176,37.0,20,0
2023-08-01,ST107,P3418,27.0,5,0
2023-08-01,ST107,P3467,39.0,20,0
2023-08-01,ST107,P3117,37.0,5,0
2023-08-01,ST107,P3465,47.0,20,0
2023-08-01,ST107,P3162,32.0,20,0
2023-08-01,ST107,P3028,37.0,10,0
2023-08-01,ST107,P3283,31.0,15,0
2023-08-01,ST107,P3224,45.0,20,0
2023-08-01,ST107,P3187,33.0,20,0
2023-08-01,ST107,P3144,37.0,10,0
2023-08-01,ST107,P3416,35.0,5,0
2023-08-01,ST107,P3468,28.0,10,0
2023-08-01,ST107,P3506,,15,0
2023-08-01,ST107,P3511,31.0,20,0
2023-08-01,ST107,P3057,48.0,15,0
2023-08-01,ST107,P3417,28.0,5,0
2023-08-01,ST107,P3078,38.0,20,0
2023-08-01,ST107,P3146,34.0,20,0
2023-08-01,ST107,P3504,38.0,5,0
2023-08-01,ST107,P3331,33.0,5,0
2023-08-01,ST107,P3354,31.0,20,0
2023-08-01,ST107,P3075,26.0,15,0
2023-08-01,ST107,P3091,31.0,5,0
2023-08-01,ST107,P3046,32.0,20,0
2023-08-01,ST107,P3209,39.0,5,0
2023-08-01,ST107,P3204,33.0,20,0
2023-08-01,ST107,P3369,24.0,20,0
2023-08-01,ST107,P3304,33.0,5,0
2023-08-01,ST107,P3384,24.0,10,0
2023-08-01,ST107,P3299,27.0,5,0
2023-08-01,ST107,P3016,33.0,5,0
2023-08-01,ST107,P3029,35.0,5,0
2023-08-01,ST107,P3100,36.0,5,0
2023-08-01,ST107,P3188,38.0,20,0
2023-08-01,ST107,P3007,29.0,20,0
2023-08-01,ST107,P3457,34.0,15,0
2023-08-01,ST107,P3325,36.0,20,0
2023-08-01,ST107,P3498,35.0,15,0
2023-08-01,ST107,P3471,23.0,15,0
2023-08-01,ST107,P3300,32.0,15,0
2023-08-01,ST107,P3151,30.0,15,0
2023-08-01,ST107,P3440,40.0,15,0
2023-08-01,ST107,P3022,31.0,20,0
2023-08-01,ST107,P3485,28.0,20,0
2023-08-01,ST107,P3412,27.0,10,0
2023-08-01,ST107,P3024,48.0,5,0
2023-08-01,ST107,P3356,38.0,15,0
2023-08-01,ST107,P3216,29.0,20,0
2023-08-01,ST107,P3360,46.0,20,0
2023-08-01,ST108,P3397,40.0,10,0
2023-08-01,ST108,P3394,21.0,20,0
2023-08-01,ST108,P3358,33.0,15,0
2023-08-01,ST108,P3336,43.0,5,0
2023-08-01,ST108,P3353,32.0,20,0
2023-08-01,ST108,P3070,31.0,20,0
2023-08-01,ST108,P3473,39.0,15,0
2023-08-01,ST108,P3401,23.0,10,0
2023-08-01,ST108,P3337,43.0,10,0
2023-08-01,ST108,P3004,35.0,10,0
2023-08-01,ST108,P3412,37.0,15,0
2023-08-01,ST108,P3367,35.0,10,0
2023-08-01,ST108,P3202,30.0,10,0
2023-08-01,ST108,P3461,27.0,5,0
2023-08-01,ST108,P3478,43.0,15,0
2023-08-01,ST108,P3075,28.0,15,0
2023-08-01,ST108,P3231,32.0,10,0
2023-08-01,ST108,P3096,21.0,20,0
2023-08-01,ST108,P3470,34.0,10,0
2023-08-01,ST108,P3204,26.0,5,0
2023-08-01,ST108,P3241,39.0,5,0
2023-08-01,ST108,P3493,34.0,15,0
2023-08-01,ST108,P3129,34.0,15,0
2023-08-01,ST108,P3195,42.0,10,0
2023-08-01,ST108,P3483,31.0,10,0
2023-08-01,ST108,P3506,29.0,20,0
2023-08-01,ST108,P3328,35.0,15,0
2023-08-01,ST108,P3069,46.0,15,0
2023-08-01,ST108,P3355,35.0,20,0
2023-08-01,ST108,P3351,44.0,15,0
2023-08-01,ST108,P3077,30.0,20,0
2023-08-01,ST108,P3384,40.0,5,0
2023-08-01,ST108,P3512,30.0,15,0
2023-08-01,ST108,P3373,36.0,15,0
2023-08-01,ST108,P3452,37.0,5,0
2023-08-01,ST108,P3230,36.0,20,0
2023-08-01,ST108,P3141,38.0,10,0
2023-08-01,ST108,P3309,36.0,10,0
2023-08-01,ST108,P3071,35.0,20,0
2023-08-01,ST108,P3414,40.0,5,0
2023-08-01,ST108,P3149,33.0,10,0
2023-08-01,ST108,P3451,32.0,15,0
2023-08-01,ST108,P3110,35.0,5,0
2023-08-01,ST108,P3140,32.0,10,0
2023-08-01,ST108,P3168,30.0,15,0
2023-08-01,ST108,P3197,53.0,10,0
2023-08-01,ST108,P3508,39.0,20,0
2023-08-01,ST108,P3324,58.0,20,0
2023-08-01,ST108,P3058,30.0,10,0
2023-08-01,ST108,P3284,25.0,10,0
2023-08-01,ST108,P3131,30.0,15,0
2023-08-01,ST108,P3517,37.0,15,0
2023-08-01,ST108,P3471,36.0,15,0
2023-08-01,ST108,P3364,37.0,10,0
2023-08-01,ST108,P3265,34.0,15,0
2023-08-01,ST108,P3099,35.0,10,0
2023-08-01,ST108,P3323,38.0,10,0
2023-08-01,ST108,P3491,23.0,20,0
2023-08-01,ST108,P3125,26.0,15,0
2023-08-01,ST108,P3243,45.0,10,0
2023-08-01,ST109,P3423,46.0,20,0
2023-08-01,ST109,P3189,30.0,5,0
2023-08-01,ST109,P3369,28.0,10,0
2023-08-01,ST109,P3038,30.0,10,0
2023-08-01,ST109,P3211,26.0,5,0
2023-08-01,ST109,P3086,41.0,20,0
2023-08-01,ST109,P3138,34.0,5,0
2023-08-01,ST109,P3364,35.0,5,0
2023-08-01,ST109,P3073,47.0,20,0
2023-08-01,ST109,P3518,34.0,15,0
2023-08-01,ST109,P3357,37.0,20,0
2023-08-01,ST109,P3146,44.0,10,0
2023-08-01,ST109,P3432,30.0,10,0
2023-08-01,ST109,P3190,39.0,10,0
2023-08-01,ST109,P3221,27.0,15,0
2023-08-01,ST109,P3238,32.0,15,0
2023-08-01,ST109,P3366,33.0,5,0
2023-08-01,ST109,P3450,29.0,5,0
2023-08-01,ST109,P3395,38.0,5,0
2023-08-01,ST109,P3187,38.0,10,0
2023-08-01,ST109,P3196,27.0,15,0
2023-08-01,ST109,P3509,34.0,20,0
2023-08-01,ST109,P3486,30.0,5,0
2023-08-01,ST109,P3233,35.0,15,0
2023-08-01,ST109,P3411,36.0,10,0
2023-08-01,ST109,P3010,30.0,5,0
2023-08-01,ST109,P3400,36.0,15,0
2023-08-01,ST109,P3505,42.0,15,0
2023-08-01,ST109,P3335,42.0,10,0
2023-08-01,ST109,P3051,41.0,20,0
2023-08-01,ST109,P3439,40.0,15,0
2023-08-01,ST109,P3464,29.0,20,0
2023-08-01,ST109,P3075,29.0,15,0
2023-08-01,ST109,P3394,38.0,10,0
2023-08-01,ST109,P3325,37.0,5,0
2023-08-01,ST109,P3231,42.0,15,0
2023-08-01,ST109,P3449,34.0,10,0
2023-08-01,ST109,P3309,52.0,15,0
2023-08-01,ST109,P3168,36.0,10,0
2023-08-01,ST109,P3441,33.0,5,0
2023-08-01,ST109,P3247,39.0,20,0
2023-08-01,ST109,P3175,38.0,10,0
2023-08-01,ST109,P3332,42.0,15,0
2023-08-01,ST109,P3500,34.0,15,0
2023-08-01,ST109,P3413,50.0,15,0
2023-08-01,ST109,P3344,30.0,15,0
2023-08-01,ST109,P3067,41.0,20,0
2023-08-01,ST109,P3046,42.0,20,0
2023-08-01,ST109,P3055,33.0,10,0
2023-08-01,ST109,P3019,31.0,20,0
2023-08-01,ST109,P3417,33.0,15,0
2023-08-01,ST109,P3448,40.0,20,0
2023-08-01,ST109,P3365,49.0,10,0
2023-08-01,ST109,P3463,37.0,20,0
2023-08-01,ST109,P3182,39.0,15,0
2023-08-01,ST109,P3236,37.0,5,0
2023-08-01,ST109,P3178,32.0,10,0
2023-08-01,ST109,P3350,28.0,15,0
2023-08-01,ST109,P3479,38.0,15,0
2023-08-01,ST109,P3475,37.0,20,0
2023-08-01,ST110,P3013,33.0,15,0
2023-08-01,ST110,P3142,28.0,10,0
2023-08-01,ST110,P3385,37.0,15,0
2023-08-01,ST110,P3264,32.0,10,0
2023-08-01,ST110,P3154,36.0,10,0
2023-08-01,ST110,P3391,54.0,10,0
2023-08-01,ST110,P3503,34.0,15,0
2023-08-01,ST110,P3494,41.0,10,0
2023-08-01,ST110,P3205,36.0,20,0
2023-08-01,ST110,P3274,49.0,20,0
2023-08-01,ST110,P3384,42.0,20,0
2023-08-01,ST110,P3493,40.0,20,0
2023-08-01,ST110,P3353,29.0,20,0
2023-08-01,ST110,P3094,33.0,10,0
2023-08-01,ST110,P3111,29.0,15,0
2023-08-01,ST110,P3178,37.0,10,0
2023-08-01,ST110,P3116,32.0,15,0
2023-08-01,ST110,P3159,35.0,5,0
2023-08-01,ST110,P3509,46.0,5,0
2023-08-01,ST110,P3332,38.0,15,0
2023-08-01,ST110,P3168,28.0,20,0
2023-08-01,ST110,P3343,28.0,15,0
2023-08-01,ST110,P3093,34.0,15,0
2023-08-01,ST110,P3208,37.0,5,0
2023-08-01,ST110,P3167,41.0,5,0
2023-08-01,ST110,P3465,29.0,5,0
2023-08-01,ST110,P3226,31.0,20,0
2023-08-01,ST110,P3250,37.0,20,0
2023-08-01,ST110,P3008,41.0,20,0
2023-08-01,ST110,P3270,38.0,5,0
2023-08-01,ST110,P3028,27.0,5,0
2023-08-01,ST110,P3152,43.0,20,0
2023-08-01,ST110,P3155,35.0,10,0
2023-08-01,ST110,P3035,36.0,15,0
2023-08-01,ST110,P3255,33.0,20,0
2023-08-01,ST110,P3109,37.0,15,0
2023-08-01,ST110,P3362,30.0,5,0
2023-08-01,ST110,P3010,35.0,15,0
2023-08-01,ST110,P3143,35.0,20,0
2023-08-01,ST110,P3501,38.0,10,0
2023-08-01,ST110,P3043,26.0,5,0
2023-08-01,ST110,P3402,31.0,20,0
2023-08-01,ST110,P3164,36.0,15,0
2023-08-01,ST110,P3040,38.0,20,0
2023-08-01,ST110,P3033,35.0,5,0
2023-08-01,ST110,P3147,,10,0
2023-08-01,ST110,P3380,40.0,10,0
2023-08-01,ST110,P3133,42.0,15,0
2023-08-01,ST110,P3210,39.0,10,0
2023-08-01,ST110,P3004,34.0,20,0
2023-08-01,ST110,P3340,39.0,5,0
2023-08-01,ST110,P3421,41.0,15,0
2023-08-01,ST110,P3282,38.0,15,0
2023-08-01,ST110,P3416,27.0,10,0
2023-08-01,ST110,P3405,28.0,10,0
2023-08-01,ST110,P3089,29.0,10,0
2023-08-01,ST110,P3081,33.0,5,0
2023-08-01,ST110,P3345,45.0,20,0
2023-08-01,ST110,P3110,47.0,15,0
2023-08-01,ST110,P3054,47.0,10,0
2023-08-01,ST111,P3107,37.0,10,0
2023-08-01,ST111,P3299,31.0,5,0
2023-08-01,ST111,P3419,37.0,10,0
2023-08-01,ST111,P3320,34.0,15,0
2023-08-01,ST111,P3118,28.0,20,0
2023-08-01,ST111,P3026,34.0,15,0
2023-08-01,ST111,P3381,27.0,15,0
2023-08-01,ST111,P3476,28.0,20,0
2023-08-01,ST111,P3228,28.0,5,0
2023-08-01,ST111,P3431,31.0,20,0
2023-08-01,ST111,P3380,47.0,20,0
2023-08-01,ST111,P3283,43.0,5,0
2023-08-01,ST111,P3407,40.0,5,0
2023-08-01,ST111,P3124,20.0,10,0
2023-08-01,ST111,P3494,28.0,5,0
2023-08-01,ST111,P3263,35.0,15,0
2023-08-01,ST111,P3447,37.0,20,0
2023-08-01,ST111,P3451,21.0,5,0
2023-08-01,ST111,P3441,33.0,20,0
2023-08-01,ST111,P3203,36.0,5,0
2023-08-01,ST111,P3472,34.0,15,0
2023-08-01,ST111,P3201,41.0,10,0
2023-08-01,ST111,P3002,38.0,15,0
2023-08-01,ST111,P3287,36.0,15,0
2023-08-01,ST111,P3253,39.0,15,0
2023-08-01,ST111,P3214,36.0,15,0
2023-08-01,ST111,P3193,38.0,5,0
2023-08-01,ST111,P3415,25.0,10,0
2023-08-01,ST111,P3213,49.0,5,0
2023-08-01,ST111,P3474,31.0,15,0
2023-08-01,ST111,P3148,25.0,20,0
2023-08-01,ST111,P3140,35.0,20,0
2023-08-01,ST111,P3456,37.0,15,0
2023-08-01,ST111,P3045,38.0,10,0
2023-08-01,ST111,P3057,30.0,5,0
2023-08-01,ST111,P3463,38.0,15,0
2023-08-01,ST111,P3199,33.0,15,0
2023-08-01,ST111,P3277,23.0,5,0
2023-08-01,ST111,P3399,39.0,20,0
2023-08-01,ST111,P3120,36.0,5,0
2023-08-01,ST111,P3311,31.0,20,0
2023-08-01,ST111,P3119,38.0,15,0
2023-08-01,ST111,P3078,31.0,5,0
2023-08-01,ST111,P3302,34.0,15,0
2023-08-01,ST111,P3178,36.0,10,0
2023-08-01,ST111,P3341,29.0,10,0
2023-08-01,ST111,P3160,34.0,10,0
2023-08-01,ST111,P3310,32.0,10,0
2023-08-01,ST111,P3182,40.0,15,0
2023-08-01,ST111,P3491,27.0,15,0
2023-08-01,ST111,P3316,35.0,5,0
2023-08-01,ST111,P3353,36.0,10,0
2023-08-01,ST111,P3087,36.0,10,0
2023-08-01,ST111,P3185,32.0,10,0
2023-08-01,ST111,P3430,32.0,5,0
2023-08-01,ST111,P3246,41.0,15,0
2023-08-01,ST111,P3147,35.0,5,0
2023-08-01,ST111,P3361,32.0,15,0
2023-08-01,ST111,P3271,42.0,20,0
2023-08-01,ST111,P3135,32.0,20,0
2023-08-01,ST112,P3413,38.0,20,0
2023-08-01,ST112,P3461,24.0,20,0
2023-08-01,ST112,P3502,36.0,10,0
2023-08-01,ST112,P3268,34.0,15,0
2023-08-01,ST112,P3439,28.0,20,0
2023-08-01,ST112,P3001,32.0,5,0
2023-08-01,ST112,P3118,35.0,5,0
2023-08-01,ST112,P3126,27.0,5,0
2023-08-01,ST112,P3361,34.0,20,0
2023-08-01,ST112,P3086,36.0,20,0
2023-08-01,ST112,P3234,38.0,5,0
2023-08-01,ST112,P3279,34.0,5,0
2023-08-01,ST112,P3230,34.0,10,0
2023-08-01,ST112,P3473,35.0,5,0
2023-08-01,ST112,P3352,35.0,10,0
2023-08-01,ST112,P3168,33.0,20,0
2023-08-01,ST112,P3478,31.0,10,0
2023-08-01,ST112,P3401,40.0,20,0
2023-08-01,ST112,P3190,35.0,20,0
2023-08-01,ST112,P3064,30.0,20,0
2023-08-01,ST112,P3411,24.0,20,0
2023-08-01,ST112,P3331,34.0,5,0
2023-08-01,ST112,P3474,30.0,10,0
2023-08-01,ST112,P3127,32.0,15,0
2023-08-01,ST112,P3345,34.0,20,0
2023-08-01,ST112,P3093,36.0,10,0
2023-08-01,ST112,P3490,25.0,5,0
2023-08-01,ST112,P3506,31.0,15,0
2023-08-01,ST112,P3105,46.0,20,0
2023-08-01,ST112,P3390,27.0,15,0
2023-08-01,ST112,P3157,27.0,20,0
2023-08-01,ST112,P3194,29.0,15,0
2023-08-01,ST112,P3314,40.0,10,0
2023-08-01,ST112,P3007,32.0,10,0
2023-08-01,ST112,P3142,32.0,10,0
2023-08-01,ST112,P3441,28.0,5,0
2023-08-01,ST112,P3090,34.0,15,0
2023-08-01,ST112,P3021,39.0,15,0
2023-08-01,ST112,P3219,33.0,5,0
2023-08-01,ST112,P3452,35.0,20,0
2023-08-01,ST112,P3263,32.0,20,0
2023-08-01,ST112,P3036,35.0,5,0
2023-08-01,ST112,P3145,40.0,10,0
2023-08-01,ST112,P3264,48.0,5,0
2023-08-01,ST112,P3306,37.0,5,0
2023-08-01,ST112,P3074,30.0,10,0
2023-08-01,ST112,P3143,37.0,20,0
2023-08-01,ST112,P3516,37.0,20,0
2023-08-01,ST112,P3381,48.0,5,0
2023-08-01,ST112,P3406,36.0,20,0
2023-08-01,ST112,P3002,34.0,15,0
2023-08-01,ST112,P3274,24.0,5,0
2023-08-01,ST112,P3165,45.0,5,0
2023-08-01,ST112,P3035,32.0,5,0
2023-08-01,ST112,P3293,38.0,10,0
2023-08-01,ST112,P3476,41.0,20,0
2023-08-01,ST112,P3062,36.0,15,0
2023-08-01,ST112,P3182,33.0,20,0
2023-08-01,ST112,P3281,42.0,10,0
2023-08-01,ST112,P3484,34.0,5,0
2023-08-01,ST113,P3019,35.0,10,0
2023-08-01,ST113,P3508,32.0,10,0
2023-08-01,ST113,P3181,31.0,15,0
2023-08-01,ST113,P3255,25.0,5,0
2023-08-01,ST113,P3315,33.0,10,0
2023-08-01,ST113,P3490,42.0,20,0
2023-08-01,ST113,P3347,28.0,10,0
2023-08-01,ST113,P3229,45.0,10,0
2023-08-01,ST113,P3291,36.0,5,0
2023-08-01,ST113,P3177,45.0,20,0
2023-08-01,ST113,P3444,29.0,20,0
2023-08-01,ST113,P3446,36.0,15,0
2023-08-01,ST113,P3476,29.0,10,0
2023-08-01,ST113,P3266,41.0,10,0
2023-08-01,ST113,P3083,40.0,20,0
2023-08-01,ST113,P3381,42.0,5,0
2023-08-01,ST113,P3233,42.0,10,0
2023-08-01,ST113,P3104,49.0,5,0
2023-08-01,ST113,P3237,38.0,10,0
2023-08-01,ST113,P3219,46.0,15,0
2023-08-01,ST113,P3276,31.0,10,0
2023-08-01,ST113,P3130,27.0,20,0
2023-08-01,ST113,P3484,32.0,5,0
2023-08-01,ST113,P3050,33.0,10,0
2023-08-01,ST113,P3242,39.0,15,0
2023-08-01,ST113,P3178,35.0,10,0
2023-08-01,ST113,P3035,36.0,15,0
2023-08-01,ST113,P3366,35.0,20,0
2023-08-01,ST113,P3053,33.0,5,0
2023-08-01,ST113,P3042,35.0,20,0
2023-08-01,ST113,P3018,46.0,15,0
2023-08-01,ST113,P3030,29.0,10,0
2023-08-01,ST113,P3368,45.0,5,0
2023-08-01,ST113,P3282,34.0,15,0
2023-08-01,ST113,P3497,30.0,5,0
2023-08-01,ST113,P3051,,5,0
2023-08-01,ST113,P3121,43.0,5,0
2023-08-01,ST113,P3317,40.0,5,0
2023-08-01,ST113,P3124,28.0,20,0
2023-08-01,ST113,P3068,42.0,5,0
2023-08-01,ST113,P3270,38.0,15,0
2023-08-01,ST113,P3170,36.0,20,0
2023-08-01,ST113,P3389,29.0,20,0
2023-08-01,ST113,P3414,38.0,15,0
2023-08-01,ST113,P3235,36.0,15,0
2023-08-01,ST113,P3340,35.0,5,0
2023-08-01,ST113,P3064,37.0,10,0
2023-08-01,ST113,P3188,26.0,15,0
2023-08-01,ST113,P3358,40.0,15,0
2023-08-01,ST113,P3118,37.0,5,0
2023-08-01,ST113,P3052,35.0,5,0
2023-08-01,ST113,P3518,24.0,15,0
2023-08-01,ST113,P3114,43.0,15,0
2023-08-01,ST113,P3106,28.0,5,0
2023-08-01,ST113,P3153,41.0,5,0
2023-08-01,ST113,P3066,36.0,15,0
2023-08-01,ST113,P3431,26.0,5,0
2023-08-01,ST113,P3452,38.0,5,0
2023-08-01,ST113,P3044,35.0,5,0
2023-08-01,ST113,P3304,17.0,10,0
2023-08-01,ST114,P3314,41.0,5,0
2023-08-01,ST114,P3138,27.0,5,0
2023-08-01,ST114,P3111,37.0,5,0
2023-08-01,ST114,P3261,38.0,5,0
2023-08-01,ST114,P3437,49.0,5,0
2023-08-01,ST114,P3511,32.0,5,0
2023-08-01,ST114,P3513,45.0,20,0
2023-08-01,ST114,P3160,37.0,5,0
2023-08-01,ST114,P3132,38.0,5,0
2023-08-01,ST114,P3401,29.0,15,0
2023-08-01,ST114,P3231,43.0,5,0
2023-08-01,ST114,P3421,33.0,15,0
2023-08-01,ST114,P3188,42.0,5,0
2023-08-01,ST114,P3165,26.0,15,0
2023-08-01,ST114,P3356,40.0,10,0
2023-08-01,ST114,P3485,42.0,20,0
2023-08-01,ST114,P3288,39.0,10,0
2023-08-01,ST114,P3102,45.0,15,0
2023-08-01,ST114,P3304,36.0,5,0
2023-08-01,ST114,P3412,38.0,20,0
2023-08-01,ST114,P3285,41.0,10,0
2023-08-01,ST114,P3362,39.0,20,0
2023-08-01,ST114,P3339,40.0,10,0
2023-08-01,ST114,P3517,44.0,20,0
2023-08-01,ST114,P3222,28.0,15,0
2023-08-01,ST114,P3116,32.0,20,0
2023-08-01,ST114,P3448,40.0,10,0
2023-08-01,ST114,P3434,31.0,15,0
2023-08-01,ST114,P3470,43.0,10,0
2023-08-01,ST114,P3227,33.0,5,0
2023-08-01,ST114,P3153,42.0,10,0
2023-08-01,ST114,P3076,30.0,20,0
2023-08-01,ST114,P3273,40.0,15,0
2023-08-01,ST114,P3406,33.0,20,0
2023-08-01,ST114,P3336,40.0,5,0
2023-08-01,ST114,P3318,28.0,5,0
2023-08-01,ST114,P3433,28.0,20,0
2023-08-01,ST114,P3048,42.0,20,0
2023-08-01,ST114,P3119,41.0,5,0
2023-08-01,ST114,P3478,40.0,20,0
2023-08-01,ST114,P3190,39.0,20,0
2023-08-01,ST114,P3054,42.0,15,0
2023-08-01,ST114,P3046,35.0,15,0
2023-08-01,ST114,P3043,39.0,10,0
2023-08-01,ST114,P3175,37.0,5,0
2023-08-01,ST114,P3409,38.0,20,0
2023-08-01,ST114,P3278,35.0,15,0
2023-08-01,ST114,P3087,40.0,20,0
2023-08-01,ST114,P3382,43.0,10,0
2023-08-01,ST114,P3269,41.0,15,0
2023-08-01,ST114,P3260,34.0,20,0
2023-08-01,ST114,P3459,31.0,15,0
2023-08-01,ST114,P3026,32.0,5,0
2023-08-01,ST114,P3079,32.0,20,0
2023-08-01,ST114,P3463,42.0,20,0
2023-08-01,ST114,P3204,24.0,20,0
2023-08-01,ST114,P3507,33.0,5,0
2023-08-01,ST114,P3505,30.0,10,0
2023-08-01,ST114,P3233,30.0,5,0
2023-08-01,ST114,P3504,39.0,15,0
2023-08-01,ST115,P3128,37.0,5,0
2023-08-01,ST115,P3346,33.0,15,0
2023-08-01,ST115,P3125,34.0,15,0
2023-08-01,ST115,P3355,39.0,10,0
2023-08-01,ST115,P3406,31.0,10,0
2023-08-01,ST115,P3378,38.0,5,0
2023-08-01,ST115,P3347,41.0,10,0
2023-08-01,ST115,P3171,36.0,10,0
2023-08-01,ST115,P3506,38.0,20,0
2023-08-01,ST115,P3486,35.0,10,0
2023-08-01,ST115,P3197,34.0,20,0
2023-08-01,ST115,P3376,34.0,20,0
2023-08-01,ST115,P3309,42.0,20,0
2023-08-01,ST115,P3405,35.0,20,0
2023-08-01,ST115,P3106,37.0,15,0
2023-08-01,ST115,P3013,29.0,10,0
2023-08-01,ST115,P3402,29.0,20,0
2023-08-01,ST115,P3222,44.0,20,0
2023-08-01,ST115,P3051,30.0,10,0
2023-08-01,ST115,P3256,30.0,15,0
2023-08-01,ST115,P3397,41.0,5,0
2023-08-01,ST115,P3476,29.0,15,0
2023-08-01,ST115,P3292,28.0,5,0
2023-08-01,ST115,P3498,32.0,10,0
2023-08-01,ST115,P3184,34.0,20,0
2023-08-01,ST115,P3455,36.0,5,0
2023-08-01,ST115,P3370,28.0,15,0
2023-08-01,ST115,P3183,34.0,10,0
2023-08-01,ST115,P3306,32.0,10,0
2023-08-01,ST115,P3367,27.0,5,0
2023-08-01,ST115,P3215,36.0,15,0
2023-08-01,ST115,P3208,34.0,20,0
2023-08-01,ST115,P3286,34.0,5,0
2023-08-01,ST115,P3082,36.0,20,0
2023-08-01,ST115,P3022,39.0,20,0
2023-08-01,ST115,P3136,32.0,15,0
2023-08-01,ST115,P3020,38.0,5,0
2023-08-01,ST115,P3462,46.0,5,0
2023-08-01,ST115,P3028,33.0,10,0
2023-08-01,ST115,P3025,30.0,5,0
2023-08-01,ST115,P3263,52.0,20,0
2023-08-01,ST115,P3039,45.0,5,0
2023-08-01,ST115,P3456,29.0,10,0
2023-08-01,ST115,P3170,34.0,10,0
2023-08-01,ST115,P3316,28.0,5,0
2023-08-01,ST115,P3177,37.0,5,0
2023-08-01,ST115,P3307,31.0,20,0
2023-08-01,ST115,P3245,42.0,10,0
2023-08-01,ST115,P3334,40.0,15,0
2023-08-01,ST115,P3368,45.0,15,0
2023-08-01,ST115,P3058,24.0,10,0
2023-08-01,ST115,P3104,37.0,10,0
2023-08-01,ST115,P3054,41.0,15,0
2023-08-01,ST115,P3061,35.0,20,0
2023-08-01,ST115,P3386,35.0,10,0
2023-08-01,ST115,P3004,52.0,20,0
2023-08-01,ST115,P3302,33.0,10,0
2023-08-01,ST115,P3072,27.0,20,0
2023-08-01,ST115,P3327,48.0,20,0
2023-08-01,ST115,P3094,33.0,15,0
2023-08-01,ST116,P3042,44.0,20,0
2023-08-01,ST116,P3043,45.0,20,0
2023-08-01,ST116,P3222,34.0,15,0
2023-08-01,ST116,P3010,37.0,10,0
2023-08-01,ST116,P3386,36.0,5,0
2023-08-01,ST116,P3410,35.0,10,0
2023-08-01,ST116,P3441,32.0,5,0
2023-08-01,ST116,P3265,34.0,10,0
2023-08-01,ST116,P3277,30.0,5,0
2023-08-01,ST116,P3311,49.0,5,0
2023-08-01,ST116,P3450,32.0,20,0
2023-08-01,ST116,P3351,32.0,20,0
2023-08-01,ST116,P3348,37.0,20,0
2023-08-01,ST116,P3176,34.0,5,0
2023-08-01,ST116,P3238,32.0,10,0
2023-08-01,ST116,P3383,37.0,15,0
2023-08-01,ST116,P3151,42.0,10,0
2023-08-01,ST116,P3130,30.0,20,0
2023-08-01,ST116,P3154,39.0,10,0
2023-08-01,ST116,P3239,47.0,20,0
2023-08-01,ST116,P3517,33.0,20,0
2023-08-01,ST116,P3072,44.0,5,0
2023-08-01,ST116,P3340,35.0,5,0
2023-08-01,ST116,P3028,40.0,20,0
2023-08-01,ST116,P3037,35.0,5,0
2023-08-01,ST116,P3039,33.0,10,0
2023-08-01,ST116,P3210,31.0,10,0
2023-08-01,ST116,P3152,35.0,10,0
2023-08-01,ST116,P3452,38.0,20,0
2023-08-01,ST116,P3232,38.0,20,0
2023-08-01,ST116,P3025,40.0,5,0
2023-08-01,ST116,P3193,29.0,20,0
2023-08-01,ST116,P3344,41.0,5,0
2023-08-01,ST116,P3161,46.0,20,0
2023-08-01,ST116,P3362,46.0,15,0
2023-08-01,ST116,P3353,34.0,5,0
2023-08-01,ST116,P3062,37.0,15,0
2023-08-01,ST116,P3312,35.0,5,0
2023-08-01,ST116,P3243,30.0,5,0
2023-08-01,ST116,P3209,35.0,5,0
2023-08-01,ST116,P3463,37.0,20,0
2023-08-01,ST116,P3081,24.0,15,0
2023-08-01,ST116,P3317,35.0,20,0
2023-08-01,ST116,P3175,43.0,20,0
2023-08-01,ST116,P3377,34.0,20,0
2023-08-01,ST116,P3200,28.0,10,0
2023-08-01,ST116,P3402,40.0,15,0
2023-08-01,ST116,P3234,35.0,10,0
2023-08-01,ST116,P3378,33.0,5,0
2023-08-01,ST116,P3289,31.0,5,0
2023-08-01,ST116,P3415,26.0,20,0
2023-08-01,ST116,P3330,40.0,10,0
2023-08-01,ST116,P3173,30.0,15,0
2023-08-01,ST116,P3067,24.0,20,0
2023-08-01,ST116,P3393,32.0,5,0
2023-08-01,ST116,P3382,37.0,15,0
2023-08-01,ST116,P3260,39.0,5,0
2023-08-01,ST116,P3231,35.0,5,0
2023-08-01,ST116,P3515,34.0,5,0
2023-08-01,ST116,P3275,33.0,15,0
2023-08-01,ST117,P3062,44.0,15,0
2023-08-01,ST117,P3214,27.0,15,0
2023-08-01,ST117,P3413,39.0,15,0
2023-08-01,ST117,P3189,38.0,5,0
2023-08-01,ST117,P3273,35.0,5,0
2023-08-01,ST117,P3253,34.0,20,0
2023-08-01,ST117,P3230,26.0,20,0
2023-08-01,ST117,P3213,34.0,10,0
2023-08-01,ST117,P3355,32.0,5,0
2023-08-01,ST117,P3183,30.0,5,0
2023-08-01,ST117,P3061,29.0,10,0
2023-08-01,ST117,P3312,42.0,20,0
2023-08-01,ST117,P3126,38.0,5,0
2023-08-01,ST117,P3350,38.0,5,0
2023-08-01,ST117,P3018,31.0,20,0
2023-08-01,ST117,P3321,41.0,15,0
2023-08-01,ST117,P3121,37.0,20,0
2023-08-01,ST117,P3378,33.0,5,0
2023-08-01,ST117,P3197,26.0,10,0
2023-08-01,ST117,P3176,37.0,5,0
2023-08-01,ST117,P3079,35.0,20,0
2023-08-01,ST117,P3468,29.0,10,0
2023-08-01,ST117,P3410,28.0,5,0
2023-08-01,ST117,P3352,38.0,5,0
2023-08-01,ST117,P3225,43.0,10,0
2023-08-01,ST117,P3145,24.0,5,0
2023-08-01,ST117,P3060,33.0,10,0
2023-08-01,ST117,P3109,38.0,5,0
2023-08-01,ST117,P3447,34.0,20,0
2023-08-01,ST117,P3054,32.0,10,0
2023-08-01,ST117,P3141,30.0,15,0
2023-08-01,ST117,P3345,38.0,10,0
2023-08-01,ST117,P3205,38.0,10,0
2023-08-01,ST117,P3272,28.0,10,0
2023-08-01,ST117,P3200,34.0,5,0
2023-08-01,ST117,P3282,29.0,20,0
2023-08-01,ST117,P3032,33.0,15,0
2023-08-01,ST117,P3104,34.0,20,0
2023-08-01,ST117,P3380,40.0,20,0
2023-08-01,ST117,P3377,25.0,5,0
2023-08-01,ST117,P3334,42.0,10,0
2023-08-01,ST117,P3252,36.0,10,0
2023-08-01,ST117,P3087,31.0,10,0
2023-08-01,ST117,P3240,35.0,10,0
2023-08-01,ST117,P3446,45.0,5,0
2023-08-01,ST117,P3382,30.0,20,0
2023-08-01,ST117,P3133,27.0,5,0
2023-08-01,ST117,P3012,39.0,20,0
2023-08-01,ST117,P3381,37.0,5,0
2023-08-01,ST117,P3264,35.0,5,0
2023-08-01,ST117,P3426,37.0,5,0
2023-08-01,ST117,P3387,37.0,10,0
2023-08-01,ST117,P3516,35.0,20,0
2023-08-01,ST117,P3154,35.0,5,0
2023-08-01,ST117,P3365,45.0,15,0
2023-08-01,ST117,P3497,24.0,20,0
2023-08-01,ST117,P3477,35.0,20,0
2023-08-01,ST117,P3357,36.0,15,0
2023-08-01,ST117,P3400,29.0,10,0
2023-08-01,ST117,P3124,39.0,20,0
2023-08-01,ST118,P3094,29.0,15,0
2023-08-01,ST118,P3102,38.0,15,0
2023-08-01,ST118,P3128,46.0,10,0
2023-08-01,ST118,P3240,25.0,5,0
2023-08-01,ST118,P3410,31.0,10,0
2023-08-01,ST118,P3148,35.0,10,0
2023-08-01,ST118,P3248,38.0,5,0
2023-08-01,ST118,P3176,26.0,15,0
2023-08-01,ST118,P3198,41.0,20,0
2023-08-01,ST118,P3300,32.0,10,0
2023-08-01,ST118,P3308,35.0,20,0
2023-08-01,ST118,P3162,37.0,15,0
2023-08-01,ST118,P3423,35.0,20,0
2023-08-01,ST118,P3457,37.0,10,0
2023-08-01,ST118,P3485,46.0,20,0
2023-08-01,ST118,P3285,37.0,5,0
2023-08-01,ST118,P3164,34.0,10,0
2023-08-01,ST118,P3173,39.0,20,0
2023-08-01,ST118,P3325,43.0,20,0
2023-08-01,ST118,P3467,30.0,20,0
2023-08-01,ST118,P3441,34.0,5,0
2023-08-01,ST118,P3330,32.0,20,0
2023-08-01,ST118,P3297,31.0,10,0
2023-08-01,ST118,P3125,41.0,10,0
2023-08-01,ST118,P3071,48.0,5,0
2023-08-01,ST118,P3112,36.0,20,0
2023-08-01,ST118,P3186,35.0,5,0
2023-08-01,ST118,P3394,38.0,20,0
2023-08-01,ST118,P3126,42.0,5,0
2023-08-01,ST118,P3332,36.0,15,0
2023-08-01,ST118,P3006,31.0,20,0
2023-08-01,ST118,P3183,40.0,5,0
2023-08-01,ST118,P3073,39.0,20,0
2023-08-01,ST118,P3121,27.0,15,0
2023-08-01,ST118,P3150,34.0,10,0
2023-08-01,ST118,P3239,28.0,10,0
2023-08-01,ST118,P3381,33.0,20,0
2023-08-01,ST118,P3434,33.0,15,0
2023-08-01,ST118,P3108,42.0,20,0
2023-08-01,ST118,P3158,36.0,15,0
2023-08-01,ST118,P3436,30.0,10,0
2023-08-01,ST118,P3461,49.0,20,0
2023-08-01,ST118,P3009,34.0,5,0
2023-08-01,ST118,P3495,27.0,15,0
2023-08-01,ST118,P3056,34.0,15,0
2023-08-01,ST118,P3487,34.0,15,0
2023-08-01,ST118,P3474,28.0,10,0
2023-08-01,ST118,P3388,36.0,5,0
2023-08-01,ST118,P3475,30.0,15,0
2023-08-01,ST118,P3225,50.0,20,0
2023-08-01,ST118,P3341,33.0,5,0
2023-08-01,ST118,P3397,33.0,15,0
2023-08-01,ST118,P3187,37.0,20,0
2023-08-01,ST118,P3499,38.0,5,0
2023-08-01,ST118,P3359,32.0,10,0
2023-08-01,ST118,P3127,37.0,5,0
2023-08-01,ST118,P3253,24.0,10,0
2023-08-01,ST118,P3408,30.0,10,0
2023-08-01,ST118,P3244,37.0,5,0
2023-08-01,ST118,P3104,37.0,10,0
2023-09-01,ST101,P3505,36.0,20,0
2023-09-01,ST101,P3375,32.0,15,0
2023-09-01,ST101,P3463,48.0,20,0
2023-09-01,ST101,P3131,34.0,20,0
2023-09-01,ST101,P3300,39.0,20,0
2023-09-01,ST101,P3430,29.0,20,0
2023-09-01,ST101,P3116,38.0,20,0
2023-09-01,ST101,P3099,31.0,15,0
2023-09-01,ST101,P3337,39.0,5,0
2023-09-01,ST101,P3293,26.0,5,0
2023-09-01,ST101,P3281,23.0,15,0
2023-09-01,ST101,P3456,29.0,10,0
2023-09-01,ST101,P3295,43.0,5,0
2023-09-01,ST101,P3180,27.0,15,0
2023-09-01,ST101,P3320,36.0,15,0
2023-09-01,ST101,P3066,39.0,10,0
2023-09-01,ST101,P3459,35.0,5,0
2023-09-01,ST101,P3519,28.0,20,0
2023-09-01,ST101,P3417,32.0,5,0
2023-09-01,ST101,P3489,36.0,15,0
2023-09-01,ST101,P3028,38.0,15,0
2023-09-01,ST101,P3087,30.0,15,0
2023-09-01,ST101,P3045,33.0,10,0
2023-09-01,ST101,P3199,30.0,5,0
2023-09-01,ST101,P3316,33.0,15,0
2023-09-01,ST101,P3019,45.0,5,0
2023-09-01,ST101,P3129,32.0,20,0
2023-09-01,ST101,P3044,33.0,20,0
2023-09-01,ST101,P3478,22.0,20,0
2023-09-01,ST101,P3483,44.0,20,0
2023-09-01,ST101,P3217,37.0,5,0
2023-09-01,ST101,P3209,39.0,10,0
2023-09-01,ST101,P3329,35.0,20,0
2023-09-01,ST101,P3516,34.0,5,0
2023-09-01,ST101,P3174,39.0,5,0
2023-09-01,ST101,P3023,26.0,5,0
2023-09-01,ST101,P3061,32.0,5,0
2023-09-01,ST101,P3485,28.0,10,0
2023-09-01,ST101,P3357,35.0,10,0
2023-09-01,ST101,P3308,36.0,20,0
2023-09-01,ST101,P3236,37.0,15,0
2023-09-01,ST101,P3299,33.0,20,0
2023-09-01,ST101,P3092,31.0,20,0
2023-09-01,ST101,P3254,39.0,5,0
2023-09-01,ST101,P3229,40.0,10,0
2023-09-01,ST101,P3143,44.0,10,0
2023-09-01,ST101,P3100,30.0,20,0
2023-09-01,ST101,P3225,27.0,5,0
2023-09-01,ST101,P3219,25.0,20,0
2023-09-01,ST101,P3157,43.0,15,0
2023-09-01,ST101,P3469,32.0,20,0
2023-09-01,ST101,P3261,33.0,20,0
2023-09-01,ST101,P3449,36.0,5,0
2023-09-01,ST101,P3408,31.0,5,0
2023-09-01,ST101,P3359,35.0,10,0
2023-09-01,ST101,P3413,32.0,10,0
2023-09-01,ST101,P3425,32.0,20,0
2023-09-01,ST101,P3230,32.0,15,0
2023-09-01,ST101,P3084,29.0,20,0
2023-09-01,ST101,P3059,25.0,10,0
2023-09-01,ST102,P3434,47.0,10,0
2023-09-01,ST102,P3149,34.0,5,0
2023-09-01,ST102,P3367,37.0,15,0
2023-09-01,ST102,P3185,35.0,20,0
2023-09-01,ST102,P3271,27.0,10,0
2023-09-01,ST102,P3144,44.0,15,0
2023-09-01,ST102,P3227,41.0,5,0
2023-09-01,ST102,P3259,30.0,5,0
2023-09-01,ST102,P3438,27.0,5,0
2023-09-01,ST102,P3029,39.0,10,0
2023-09-01,ST102,P3283,38.0,15,0
2023-09-01,ST102,P3010,25.0,20,0
2023-09-01,ST102,P3504,23.0,15,0
2023-09-01,ST102,P3413,31.0,10,0
2023-09-01,ST102,P3109,25.0,15,0
2023-09-01,ST102,P3100,35.0,20,0
2023-09-01,ST102,P3258,33.0,10,0
2023-09-01,ST102,P3433,38.0,15,0
2023-09-01,ST102,P3287,41.0,5,0
2023-09-01,ST102,P3417,31.0,5,0
2023-09-01,ST102,P3315,38.0,5,0
2023-09-01,ST102,P3215,28.0,15,0
2023-09-01,ST102,P3097,34.0,15,0
2023-09-01,ST102,P3379,30.0,15,0
2023-09-01,ST102,P3372,38.0,10,0
2023-09-01,ST102,P3195,31.0,5,0
2023-09-01,ST102,P3275,36.0,10,0
2023-09-01,ST102,P3313,40.0,15,0
2023-09-01,ST102,P3494,34.0,5,0
2023-09-01,ST102,P3179,29.0,20,0
2023-09-01,ST102,P3398,25.0,20,0
2023-09-01,ST102,P3193,30.0,10,0
2023-09-01,ST102,P3506,38.0,5,0
2023-09-01,ST102,P3243,32.0,10,0
2023-09-01,ST102,P3414,26.0,15,0
2023-09-01,ST102,P3044,30.0,5,0
2023-09-01,ST102,P3190,41.0,15,0
2023-09-01,ST102,P3168,31.0,20,0
2023-09-01,ST102,P3123,39.0,10,0
2023-09-01,ST102,P3428,38.0,5,0
2023-09-01,ST102,P3019,28.0,10,0
2023-09-01,ST102,P3086,34.0,5,0
2023-09-01,ST102,P3500,31.0,10,0
2023-09-01,ST102,P3374,30.0,5,0
2023-09-01,ST102,P3062,37.0,10,0
2023-09-01,ST102,P3162,41.0,15,0
2023-09-01,ST102,P3239,46.0,10,0
2023-09-01,ST102,P3342,35.0,20,0
2023-09-01,ST102,P3211,32.0,15,0
2023-09-01,ST102,P3508,36.0,15,0
2023-09-01,ST102,P3378,31.0,5,0
2023-09-01,ST102,P3129,34.0,5,0
2023-09-01,ST102,P3341,43.0,15,0
2023-09-01,ST102,P3122,38.0,20,0
2023-09-01,ST102,P3267,37.0,10,0
2023-09-01,ST102,P3349,34.0,10,0
2023-09-01,ST102,P3038,38.0,10,0
2023-09-01,ST102,P3409,27.0,20,0
2023-09-01,ST102,P3178,25.0,5,0
2023-09-01,ST102,P3294,35.0,15,0
2023-09-01,ST103,P3010,39.0,5,0
2023-09-01,ST103,P3288,27.0,10,0
2023-09-01,ST103,P3194,40.0,10,0
2023-09-01,ST103,P3338,39.0,10,0
2023-09-01,ST103,P3257,32.0,15,0
2023-09-01,ST103,P3055,40.0,10,0
2023-09-01,ST103,P3160,34.0,5,0
2023-09-01,ST103,P3169,30.0,20,0
2023-09-01,ST103,P3076,25.0,15,0
2023-09-01,ST103,P3291,34.0,5,0
2023-09-01,ST103,P3252,31.0,15,0
2023-09-01,ST103,P3259,33.0,20,0
2023-09-01,ST103,P3183,24.0,15,0
2023-09-01,ST103,P3271,34.0,20,0
2023-09-01,ST103,P3356,31.0,15,0
2023-09-01,ST103,P3229,33.0,10,0
2023-09-01,ST103,P3085,28.0,15,0
2023-09-01,ST103,P3186,38.0,15,0
2023-09-01,ST103,P3260,33.0,20,0
2023-09-01,ST103,P3248,27.0,10,0
2023-09-01,ST103,P3034,32.0,5,0
2023-09-01,ST103,P3101,29.0,15,0
2023-09-01,ST103,P3093,38.0,15,0
2023-09-01,ST103,P3217,39.0,10,0
2023-09-01,ST103,P3495,37.0,20,0
2023-09-01,ST103,P3513,30.0,5,0
2023-09-01,ST103,P3285,30.0,10,0
2023-09-01,ST103,P3353,39.0,20,0
2023-09-01,ST103,P3437,27.0,20,0
2023-09-01,ST103,P3440,36.0,20,0
2023-09-01,ST103,P3231,33.0,10,0
2023-09-01,ST103,P3312,32.0,5,0
2023-09-01,ST103,P3501,36.0,10,0
2023-09-01,ST103,P3264,27.0,10,0
2023-09-01,ST103,P3289,31.0,15,0
2023-09-01,ST103,P3369,45.0,20,0
2023-09-01,ST103,P3394,29.0,5,0
2023-09-01,ST103,P3147,23.0,10,0
2023-09-01,ST103,P3110,35.0,20,0
2023-09-01,ST103,P3290,34.0,20,0
2023-09-01,ST103,P3299,36.0,10,0
2023-09-01,ST103,P3143,39.0,5,0
2023-09-01,ST103,P3494,33.0,5,0
2023-09-01,ST103,P3038,31.0,20,0
2023-09-01,ST103,P3336,27.0,10,0
2023-09-01,ST103,P3331,30.0,10,0
2023-09-01,ST103,P3334,32.0,5,0
2023-09-01,ST103,P3146,41.0,5,0
2023-09-01,ST103,P3120,31.0,20,0
2023-09-01,ST103,P3408,39.0,15,0
2023-09-01,ST103,P3323,27.0,10,0
2023-09-01,ST103,P3100,36.0,5,0
2023-09-01,ST103,P3007,25.0,20,0
2023-09-01,ST103,P3161,34.0,20,0
2023-09-01,ST103,P3293,42.0,5,0
2023-09-01,ST103,P3315,50.0,10,0
2023-09-01,ST103,P3009,38.0,20,0
2023-09-01,ST103,P3455,32.0,10,0
2023-09-01,ST103,P3466,32.0,15,0
2023-09-01,ST103,P3159,32.0,10,0
2023-09-01,ST104,P3052,31.0,15,0
2023-09-01,ST104,P3475,30.0,15,0
2023-09-01,ST104,P3012,40.0,10,0
2023-09-01,ST104,P3069,24.0,5,0
2023-09-01,ST104,P3276,37.0,10,0
2023-09-01,ST104,P3514,48.0,5,0
2023-09-01,ST104,P3119,35.0,10,0
2023-09-01,ST104,P3336,39.0,15,0
2023-09-01,ST104,P3271,30.0,20,0
2023-09-01,ST104,P3464,36.0,10,0
2023-09-01,ST104,P3166,35.0,20,0
2023-09-01,ST104,P3050,36.0,15,0
2023-09-01,ST104,P3442,41.0,10,0
2023-09-01,ST104,P3128,33.0,15,0
2023-09-01,ST104,P3064,35.0,20,0
2023-09-01,ST104,P3477,44.0,10,0
2023-09-01,ST104,P3310,38.0,20,0
2023-09-01,ST104,P3191,37.0,5,0
2023-09-01,ST104,P3177,41.0,15,0
2023-09-01,ST104,P3142,36.0,5,0
2023-09-01,ST104,P3217,34.0,15,0
2023-09-01,ST104,P3329,41.0,10,0
2023-09-01,ST104,P3266,32.0,20,0
2023-09-01,ST104,P3110,33.0,5,0
2023-09-01,ST104,P3293,36.0,10,0
2023-09-01,ST104,P3469,53.0,15,0
2023-09-01,ST104,P3312,46.0,10,0
2023-09-01,ST104,P3510,32.0,15,0
2023-09-01,ST104,P3074,33.0,10,0
2023-09-01,ST104,P3327,32.0,20,0
2023-09-01,ST104,P3037,31.0,20,0
2023-09-01,ST104,P3503,41.0,5,0
2023-09-01,ST104,P3378,46.0,15,0
2023-09-01,ST104,P3353,36.0,10,0
2023-09-01,ST104,P3344,32.0,15,0
2023-09-01,ST104,P3519,27.0,15,0
2023-09-01,ST104,P3482,46.0,20,0
2023-09-01,ST104,P3332,28.0,15,0
2023-09-01,ST104,P3371,45.0,10,0
2023-09-01,ST104,P3249,37.0,15,0
2023-09-01,ST104,P3139,35.0,10,0
2023-09-01,ST104,P3223,41.0,20,0
2023-09-01,ST104,P3154,30.0,10,0
2023-09-01,ST104,P3149,24.0,15,0
2023-09-01,ST104,P3229,53.0,5,0
2023-09-01,ST104,P3245,40.0,15,0
2023-09-01,ST104,P3051,38.0,10,0
2023-09-01,ST104,P3394,32.0,15,0
2023-09-01,ST104,P3458,25.0,20,0
2023-09-01,ST104,P3495,34.0,20,0
2023-09-01,ST104,P3369,35.0,20,0
2023-09-01,ST104,P3060,45.0,15,0
2023-09-01,ST104,P3331,30.0,10,0
2023-09-01,ST104,P3109,27.0,10,0
2023-09-01,ST104,P3342,32.0,20,0
2023-09-01,ST104,P3155,21.0,10,0
2023-09-01,ST104,P3386,49.0,5,0
2023-09-01,ST104,P3460,35.0,15,0
2023-09-01,ST104,P3436,40.0,15,0
2023-09-01,ST104,P3196,38.0,20,0
2023-09-01,ST105,P3103,40.0,15,0
2023-09-01,ST105,P3452,34.0,5,0
2023-09-01,ST105,P3441,33.0,15,0
2023-09-01,ST105,P3123,32.0,10,0
2023-09-01,ST105,P3305,50.0,20,0
2023-09-01,ST105,P3048,39.0,15,0
2023-09-01,ST105,P3410,33.0,15,0
2023-09-01,ST105,P3345,45.0,10,0
2023-09-01,ST105,P3034,35.0,20,0
2023-09-01,ST105,P3431,41.0,15,0
2023-09-01,ST105,P3161,37.0,20,0
2023-09-01,ST105,P3159,41.0,15,0
2023-09-01,ST105,P3194,37.0,20,0
2023-09-01,ST105,P3182,33.0,20,0
2023-09-01,ST105,P3086,33.0,5,0
2023-09-01,ST105,P3328,43.0,5,0
2023-09-01,ST105,P3109,31.0,5,0
2023-09-01,ST105,P3433,,5,0
2023-09-01,ST105,P3069,29.0,10,0
2023-09-01,ST105,P3412,36.0,10,0
2023-09-01,ST105,P3415,30.0,15,0
2023-09-01,ST105,P3389,38.0,20,0
2023-09-01,ST105,P3178,45.0,10,0
2023-09-01,ST105,P3240,43.0,10,0
2023-09-01,ST105,P3280,36.0,5,0
2023-09-01,ST105,P3152,39.0,10,0
2023-09-01,ST105,P3386,30.0,20,0
2023-09-01,ST105,P3083,34.0,10,0
2023-09-01,ST105,P3284,31.0,10,0
2023-09-01,ST105,P3465,29.0,5,0
2023-09-01,ST105,P3124,33.0,5,0
2023-09-01,ST105,P3498,34.0,20,0
2023-09-01,ST105,P3397,29.0,15,0
2023-09-01,ST105,P3166,39.0,20,0
2023-09-01,ST105,P3013,39.0,20,0
2023-09-01,ST105,P3137,32.0,20,0
2023-09-01,ST105,P3413,28.0,15,0
2023-09-01,ST105,P3073,40.0,10,0
2023-09-01,ST105,P3492,35.0,5,0
2023-09-01,ST105,P3183,36.0,10,0
2023-09-01,ST105,P3295,39.0,10,0
2023-09-01,ST105,P3467,44.0,15,0
2023-09-01,ST105,P3418,38.0,5,0
2023-09-01,ST105,P3110,29.0,5,0
2023-09-01,ST105,P3297,38.0,10,0
2023-09-01,ST105,P3256,37.0,15,0
2023-09-01,ST105,P3257,43.0,5,0
2023-09-01,ST105,P3114,34.0,15,0
2023-09-01,ST105,P3064,28.0,10,0
2023-09-01,ST105,P3033,45.0,20,0
2023-09-01,ST105,P3089,24.0,10,0
2023-09-01,ST105,P3176,35.0,10,0
2023-09-01,ST105,P3022,37.0,15,0
2023-09-01,ST105,P3339,29.0,20,0
2023-09-01,ST105,P3250,30.0,10,0
2023-09-01,ST105,P3019,29.0,5,0
2023-09-01,ST105,P3041,28.0,20,0
2023-09-01,ST105,P3222,28.0,10,0
2023-09-01,ST105,P3145,35.0,10,0
2023-09-01,ST105,P3502,44.0,20,0
2023-09-01,ST106,P3127,49.0,10,0
2023-09-01,ST106,P3378,29.0,10,0
2023-09-01,ST106,P3349,29.0,10,0
2023-09-01,ST106,P3164,29.0,15,0
2023-09-01,ST106,P3331,41.0,15,0
2023-09-01,ST106,P3301,41.0,5,0
2023-09-01,ST106,P3171,37.0,10,0
2023-09-01,ST106,P3125,40.0,5,0
2023-09-01,ST106,P3362,32.0,20,0
2023-09-01,ST106,P3031,31.0,15,0
2023-09-01,ST106,P3251,36.0,20,0
2023-09-01,ST106,P3028,34.0,20,0
2023-09-01,ST106,P3262,33.0,5,0
2023-09-01,ST106,P3417,30.0,10,0
2023-09-01,ST106,P3434,24.0,5,0
2023-09-01,ST106,P3142,34.0,5,0
2023-09-01,ST106,P3252,32.0,20,0
2023-09-01,ST106,P3366,36.0,20,0
2023-09-01,ST106,P3116,33.0,20,0
2023-09-01,ST106,P3105,36.0,5,0
2023-09-01,ST106,P3201,27.0,5,0
2023-09-01,ST106,P3514,33.0,10,0
2023-09-01,ST106,P3071,38.0,15,0
2023-09-01,ST106,P3247,35.0,10,0
2023-09-01,ST106,P3308,30.0,15,0
2023-09-01,ST106,P3084,,20,0
2023-09-01,ST106,P3274,34.0,15,0
2023-09-01,ST106,P3259,45.0,20,0
2023-09-01,ST106,P3186,36.0,20,0
2023-09-01,ST106,P3400,36.0,20,0
2023-09-01,ST106,P3436,32.0,10,0
2023-09-01,ST106,P3457,42.0,15,0
2023-09-01,ST106,P3007,29.0,15,0
2023-09-01,ST106,P3377,29.0,15,0
2023-09-01,ST106,P3459,32.0,20,0
2023-09-01,ST106,P3080,33.0,15,0
2023-09-01,ST106,P3357,38.0,5,0
2023-09-01,ST106,P3213,35.0,10,0
2023-09-01,ST106,P3054,32.0,15,0
2023-09-01,ST106,P3296,35.0,5,0
2023-09-01,ST106,P3439,36.0,15,0
2023-09-01,ST106,P3046,45.0,5,0
2023-09-01,ST106,P3067,42.0,15,0
2023-09-01,ST106,P3227,43.0,5,0
2023-09-01,ST106,P3496,36.0,15,0
2023-09-01,ST106,P3315,26.0,10,0
2023-09-01,ST106,P3040,41.0,20,0
2023-09-01,ST106,P3003,31.0,10,0
2023-09-01,ST106,P3494,32.0,5,0
2023-09-01,ST106,P3103,37.0,20,0
2023-09-01,ST106,P3082,31.0,5,0
2023-09-01,ST106,P3370,43.0,10,0
2023-09-01,ST106,P3430,31.0,15,0
2023-09-01,ST106,P3154,39.0,15,0
2023-09-01,ST106,P3520,38.0,20,0
2023-09-01,ST106,P3406,32.0,15,0
2023-09-01,ST106,P3432,37.0,5,0
2023-09-01,ST106,P3129,31.0,5,0
2023-09-01,ST106,P3466,37.0,10,0
2023-09-01,ST106,P3228,29.0,20,0
2023-09-01,ST107,P3161,34.0,10,0
2023-09-01,ST107,P3194,38.0,10,0
2023-09-01,ST107,P3397,37.0,10,0
2023-09-01,ST107,P3170,34.0,15,0
2023-09-01,ST107,P3502,36.0,10,0
2023-09-01,ST107,P3517,29.0,5,0
2023-09-01,ST107,P3504,36.0,15,0
2023-09-01,ST107,P3213,40.0,10,0
2023-09-01,ST107,P3206,35.0,20,0
2023-09-01,ST107,P3486,46.0,10,0
2023-09-01,ST107,P3449,35.0,5,0
2023-09-01,ST107,P3429,35.0,20,0
2023-09-01,ST107,P3008,44.0,15,0
2023-09-01,ST107,P3509,38.0,15,0
2023-09-01,ST107,P3421,31.0,10,0
2023-09-01,ST107,P3059,32.0,20,0
2023-09-01,ST107,P3006,34.0,5,0
2023-09-01,ST107,P3420,28.0,15,0
2023-09-01,ST107,P3116,37.0,5,0
2023-09-01,ST107,P3371,33.0,10,0
2023-09-01,ST107,P3280,33.0,20,0
2023-09-01,ST107,P3171,39.0,10,0
2023-09-01,ST107,P3022,35.0,15,0
2023-09-01,ST107,P3166,38.0,5,0
2023-09-01,ST107,P3009,31.0,5,0
2023-09-01,ST107,P3030,41.0,10,0
2023-09-01,ST107,P3092,45.0,10,0
2023-09-01,ST107,P3324,39.0,15,0
2023-09-01,ST107,P3462,36.0,5,0
2023-09-01,ST107,P3385,38.0,15,0
2023-09-01,ST107,P3069,32.0,10,0
2023-09-01,ST107,P3005,40.0,20,0
2023-09-01,ST107,P3119,26.0,10,0
2023-09-01,ST107,P3453,22.0,20,0
2023-09-01,ST107,P3337,40.0,20,0
2023-09-01,ST107,P3053,34.0,15,0
2023-09-01,ST107,P3226,31.0,10,0
2023-09-01,ST107,P3278,30.0,5,0
2023-09-01,ST107,P3487,43.0,20,0
2023-09-01,ST107,P3067,27.0,20,0
2023-09-01,ST107,P3439,36.0,15,0
2023-09-01,ST107,P3514,30.0,15,0
2023-09-01,ST107,P3068,34.0,5,0
2023-09-01,ST107,P3223,43.0,15,0
2023-09-01,ST107,P3379,34.0,20,0
2023-09-01,ST107,P3245,36.0,20,0
2023-09-01,ST107,P3073,39.0,5,0
2023-09-01,ST107,P3125,41.0,10,0
2023-09-01,ST107,P3351,30.0,5,0
2023-09-01,ST107,P3436,38.0,5,0
2023-09-01,ST107,P3007,37.0,5,0
2023-09-01,ST107,P3191,31.0,20,0
2023-09-01,ST107,P3317,35.0,15,0
2023-09-01,ST107,P3311,30.0,20,0
2023-09-01,ST107,P3493,38.0,5,0
2023-09-01,ST107,P3292,35.0,20,0
2023-09-01,ST107,P3108,29.0,20,0
2023-09-01,ST107,P3360,41.0,10,0
2023-09-01,ST107,P3259,40.0,10,0
2023-09-01,ST107,P3476,,5,0
2023-09-01,ST108,P3482,32.0,20,0
2023-09-01,ST108,P3067,36.0,5,0
2023-09-01,ST108,P3048,45.0,5,0
2023-09-01,ST108,P3463,35.0,15,0
2023-09-01,ST108,P3057,34.0,15,0
2023-09-01,ST108,P3513,33.0,15,0
2023-09-01,ST108,P3439,35.0,20,0
2023-09-01,ST108,P3046,34.0,20,0
2023-09-01,ST108,P3481,37.0,10,0
2023-09-01,ST108,P3016,35.0,15,0
2023-09-01,ST108,P3297,43.0,5,0
2023-09-01,ST108,P3307,27.0,10,0
2023-09-01,ST108,P3395,36.0,20,0
2023-09-01,ST108,P3331,46.0,5,0
2023-09-01,ST108,P3141,42.0,5,0
2023-09-01,ST108,P3354,43.0,5,0
2023-09-01,ST108,P3167,40.0,15,0
2023-09-01,ST108,P3296,34.0,5,0
2023-09-01,ST108,P3161,25.0,15,0
2023-09-01,ST108,P3413,34.0,15,0
2023-09-01,ST108,P3176,35.0,10,0
2023-09-01,ST108,P3420,36.0,5,0
2023-09-01,ST108,P3309,42.0,20,0
2023-09-01,ST108,P3259,36.0,15,0
2023-09-01,ST108,P3006,44.0,10,0
2023-09-01,ST108,P3261,36.0,10,0
2023-09-01,ST108,P3019,35.0,5,0
2023-09-01,ST108,P3423,36.0,10,0
2023-09-01,ST108,P3371,34.0,10,0
2023-09-01,ST108,P3123,37.0,5,0
2023-09-01,ST108,P3428,38.0,15,0
2023-09-01,ST108,P3470,48.0,20,0
2023-09-01,ST108,P3270,34.0,15,0
2023-09-01,ST108,P3282,33.0,20,0
2023-09-01,ST108,P3488,34.0,20,0
2023-09-01,ST108,P3021,30.0,15,0
2023-09-01,ST108,P3093,37.0,15,0
2023-09-01,ST108,P3448,33.0,15,0
2023-09-01,ST108,P3075,36.0,5,0
2023-09-01,ST108,P3029,25.0,20,0
2023-09-01,ST108,P3181,38.0,15,0
2023-09-01,ST108,P3268,23.0,10,0
2023-09-01,ST108,P3404,32.0,10,0
2023-09-01,ST108,P3061,31.0,10,0
2023-09-01,ST108,P3036,31.0,5,0
2023-09-01,ST108,P3235,32.0,5,0
2023-09-01,ST108,P3292,33.0,15,0
2023-09-01,ST108,P3304,33.0,15,0
2023-09-01,ST108,P3430,26.0,20,0
2023-09-01,ST108,P3447,33.0,15,0
2023-09-01,ST108,P3108,46.0,15,0
2023-09-01,ST108,P3073,37.0,5,0
2023-09-01,ST108,P3214,36.0,15,0
2023-09-01,ST108,P3422,32.0,5,0
2023-09-01,ST108,P3472,39.0,5,0
2023-09-01,ST108,P3065,40.0,15,0
2023-09-01,ST108,P3130,39.0,20,0
2023-09-01,ST108,P3254,45.0,10,0
2023-09-01,ST108,P3047,28.0,20,0
2023-09-01,ST108,P3397,34.0,15,0
2023-09-01,ST109,P3165,38.0,5,0
2023-09-01,ST109,P3243,29.0,5,0
2023-09-01,ST109,P3104,34.0,5,0
2023-09-01,ST109,P3253,28.0,5,0
2023-09-01,ST109,P3376,29.0,20,0
2023-09-01,ST109,P3495,28.0,10,0
2023-09-01,ST109,P3520,45.0,5,0
2023-09-01,ST109,P3504,36.0,5,0
2023-09-01,ST109,P3472,43.0,10,0
2023-09-01,ST109,P3329,29.0,20,0
2023-09-01,ST109,P3110,35.0,20,0
2023-09-01,ST109,P3439,29.0,5,0
2023-09-01,ST109,P3301,40.0,15,0
2023-09-01,ST109,P3242,36.0,20,0
2023-09-01,ST109,P3245,35.0,20,0
2023-09-01,ST109,P3416,28.0,15,0
2023-09-01,ST109,P3260,44.0,15,0
2023-09-01,ST109,P3025,23.0,5,0
2023-09-01,ST109,P3337,42.0,5,0
2023-09-01,ST109,P3117,33.0,10,0
2023-09-01,ST109,P3121,36.0,5,0
2023-09-01,ST109,P3446,32.0,5,0
2023-09-01,ST109,P3207,42.0,20,0
2023-09-01,ST109,P3466,36.0,15,0
2023-09-01,ST109,P3066,35.0,20,0
2023-09-01,ST109,P3284,30.0,20,0
2023-09-01,ST109,P3496,26.0,10,0
2023-09-01,ST109,P3013,26.0,10,0
2023-09-01,ST109,P3107,36.0,15,0
2023-09-01,ST109,P3220,43.0,10,0
2023-09-01,ST109,P3305,29.0,5,0
2023-09-01,ST109,P3090,38.0,10,0
2023-09-01,ST109,P3462,24.0,5,0
2023-09-01,ST109,P3168,27.0,15,0
2023-09-01,ST109,P3178,33.0,15,0
2023-09-01,ST109,P3445,48.0,5,0
2023-09-01,ST109,P3070,47.0,15,0
2023-09-01,ST109,P3252,31.0,5,0
2023-09-01,ST109,P3443,30.0,10,0
2023-09-01,ST109,P3217,28.0,5,0
2023-09-01,ST109,P3431,29.0,5,0
2023-09-01,ST109,P3001,38.0,5,0
2023-09-01,ST109,P3262,35.0,20,0
2023-09-01,ST109,P3424,41.0,20,0
2023-09-01,ST109,P3415,37.0,10,0
2023-09-01,ST109,P3259,47.0,15,0
2023-09-01,ST109,P3292,35.0,5,0
2023-09-01,ST109,P3191,38.0,10,0
2023-09-01,ST109,P3425,41.0,20,0
2023-09-01,ST109,P3409,22.0,15,0
2023-09-01,ST109,P3373,29.0,15,0
2023-09-01,ST109,P3073,33.0,10,0
2023-09-01,ST109,P3007,30.0,5,0
2023-09-01,ST109,P3510,32.0,5,0
2023-09-01,ST109,P3434,36.0,5,0
2023-09-01,ST109,P3176,28.0,15,0
2023-09-01,ST109,P3152,35.0,15,0
2023-09-01,ST109,P3222,25.0,10,0
2023-09-01,ST109,P3436,32.0,5,0
2023-09-01,ST109,P3031,26.0,15,0
2023-09-01,ST110,P3417,31.0,10,0
2023-09-01,ST110,P3129,29.0,10,0
2023-09-01,ST110,P3300,30.0,5,0
2023-09-01,ST110,P3080,35.0,10,0
2023-09-01,ST110,P3051,43.0,10,0
2023-09-01,ST110,P3094,30.0,20,0
2023-09-01,ST110,P3463,24.0,5,0
2023-09-01,ST110,P3058,27.0,20,0
2023-09-01,ST110,P3133,30.0,5,0
2023-09-01,ST110,P3236,40.0,5,0
2023-09-01,ST110,P3405,48.0,10,0
2023-09-01,ST110,P3294,34.0,10,0
2023-09-01,ST110,P3342,30.0,15,0
2023-09-01,ST110,P3009,51.0,10,0
2023-09-01,ST110,P3181,38.0,10,0
2023-09-01,ST110,P3250,33.0,5,0
2023-09-01,ST110,P3174,27.0,5,0
2023-09-01,ST110,P3167,35.0,5,0
2023-09-01,ST110,P3016,38.0,10,0
2023-09-01,ST110,P3177,43.0,20,0
2023-09-01,ST110,P3330,37.0,10,0
2023-09-01,ST110,P3390,32.0,20,0
2023-09-01,ST110,P3296,36.0,5,0
2023-09-01,ST110,P3015,36.0,15,0
2023-09-01,ST110,P3186,25.0,10,0
2023-09-01,ST110,P3501,26.0,5,0
2023-09-01,ST110,P3203,27.0,20,0
2023-09-01,ST110,P3127,35.0,5,0
2023-09-01,ST110,P3215,33.0,10,0
2023-09-01,ST110,P3517,41.0,20,0
2023-09-01,ST110,P3188,38.0,5,0
2023-09-01,ST110,P3176,29.0,10,0
2023-09-01,ST110,P3084,32.0,10,0
2023-09-01,ST110,P3467,27.0,15,0
2023-09-01,ST110,P3161,33.0,15,0
2023-09-01,ST110,P3277,33.0,15,0
2023-09-01,ST110,P3379,35.0,20,0
2023-09-01,ST110,P3258,38.0,10,0
2023-09-01,ST110,P3452,34.0,10,0
2023-09-01,ST110,P3160,29.0,20,0
2023-09-01,ST110,P3338,28.0,10,0
2023-09-01,ST110,P3068,30.0,10,0
2023-09-01,ST110,P3396,46.0,15,0
2023-09-01,ST110,P3503,35.0,15,0
2023-09-01,ST110,P3247,42.0,5,0
2023-09-01,ST110,P3112,39.0,20,0
2023-09-01,ST110,P3313,39.0,10,0
2023-09-01,ST110,P3418,31.0,10,0
2023-09-01,ST110,P3479,26.0,15,0
2023-09-01,ST110,P3197,27.0,5,0
2023-09-01,ST110,P3048,23.0,10,0
2023-09-01,ST110,P3260,27.0,10,0
2023-09-01,ST110,P3042,36.0,10,0
2023-09-01,ST110,P3261,36.0,15,0
2023-09-01,ST110,P3108,39.0,15,0
2023-09-01,ST110,P3148,26.0,15,0
2023-09-01,ST110,P3401,33.0,5,0
2023-09-01,ST110,P3373,37.0,10,0
2023-09-01,ST110,P3150,43.0,5,0
2023-09-01,ST110,P3407,31.0,5,0
2023-09-01,ST111,P3345,33.0,15,0
2023-09-01,ST111,P3178,33.0,5,0
2023-09-01,ST111,P3127,24.0,20,0
2023-09-01,ST111,P3461,42.0,5,0
2023-09-01,ST111,P3319,34.0,10,0
2023-09-01,ST111,P3348,28.0,10,0
2023-09-01,ST111,P3121,45.0,10,0
2023-09-01,ST111,P3248,29.0,5,0
2023-09-01,ST111,P3397,27.0,10,0
2023-09-01,ST111,P3450,22.0,15,0
2023-09-01,ST111,P3403,25.0,10,0
2023-09-01,ST111,P3037,37.0,15,0
2023-09-01,ST111,P3078,22.0,10,0
2023-09-01,ST111,P3275,34.0,20,0
2023-09-01,ST111,P3039,48.0,20,0
2023-09-01,ST111,P3159,35.0,20,0
2023-09-01,ST111,P3240,45.0,5,0
2023-09-01,ST111,P3068,31.0,10,0
2023-09-01,ST111,P3017,41.0,10,0
2023-09-01,ST111,P3264,38.0,10,0
2023-09-01,ST111,P3429,24.0,20,0
2023-09-01,ST111,P3479,39.0,10,0
2023-09-01,ST111,P3123,24.0,5,0
2023-09-01,ST111,P3268,35.0,5,0
2023-09-01,ST111,P3406,31.0,5,0
2023-09-01,ST111,P3247,34.0,15,0
2023-09-01,ST111,P3064,38.0,10,0
2023-09-01,ST111,P3106,32.0,5,0
2023-09-01,ST111,P3336,21.0,10,0
2023-09-01,ST111,P3245,36.0,15,0
2023-09-01,ST111,P3075,33.0,20,0
2023-09-01,ST111,P3116,27.0,5,0
2023-09-01,ST111,P3114,28.0,20,0
2023-09-01,ST111,P3171,37.0,15,0
2023-09-01,ST111,P3374,35.0,20,0
2023-09-01,ST111,P3082,28.0,5,0
2023-09-01,ST111,P3042,40.0,20,0
2023-09-01,ST111,P3453,40.0,10,0
2023-09-01,ST111,P3302,28.0,20,0
2023-09-01,ST111,P3188,31.0,20,0
2023-09-01,ST111,P3464,28.0,20,0
2023-09-01,ST111,P3514,34.0,20,0
2023-09-01,ST111,P3093,37.0,10,0
2023-09-01,ST111,P3456,43.0,20,0
2023-09-01,ST111,P3147,31.0,15,0
2023-09-01,ST111,P3318,31.0,15,0
2023-09-01,ST111,P3090,38.0,20,0
2023-09-01,ST111,P3070,39.0,20,0
2023-09-01,ST111,P3291,26.0,15,0
2023-09-01,ST111,P3243,36.0,5,0
2023-09-01,ST111,P3354,27.0,10,0
2023-09-01,ST111,P3277,27.0,15,0
2023-09-01,ST111,P3498,37.0,5,0
2023-09-01,ST111,P3467,43.0,10,0
2023-09-01,ST111,P3059,29.0,5,0
2023-09-01,ST111,P3227,35.0,15,0
2023-09-01,ST111,P3335,39.0,10,0
2023-09-01,ST111,P3439,35.0,10,0
2023-09-01,ST111,P3274,30.0,10,0
2023-09-01,ST111,P3455,38.0,5,0
2023-09-01,ST112,P3132,32.0,5,0
2023-09-01,ST112,P3119,39.0,20,0
2023-09-01,ST112,P3310,32.0,15,0
2023-09-01,ST112,P3264,28.0,20,0
2023-09-01,ST112,P3175,35.0,5,0
2023-09-01,ST112,P3162,34.0,10,0
2023-09-01,ST112,P3195,32.0,15,0
2023-09-01,ST112,P3366,34.0,20,0
2023-09-01,ST112,P3194,31.0,15,0
2023-09-01,ST112,P3499,30.0,5,0
2023-09-01,ST112,P3196,38.0,15,0
2023-09-01,ST112,P3441,39.0,20,0
2023-09-01,ST112,P3437,48.0,10,0
2023-09-01,ST112,P3060,36.0,5,0
2023-09-01,ST112,P3449,38.0,5,0
2023-09-01,ST112,P3464,33.0,20,0
2023-09-01,ST112,P3376,42.0,10,0
2023-09-01,ST112,P3010,37.0,10,0
2023-09-01,ST112,P3137,38.0,15,0
2023-09-01,ST112,P3073,41.0,15,0
2023-09-01,ST112,P3299,33.0,10,0
2023-09-01,ST112,P3045,36.0,20,0
2023-09-01,ST112,P3402,38.0,10,0
2023-09-01,ST112,P3257,33.0,10,0
2023-09-01,ST112,P3057,40.0,5,0
2023-09-01,ST112,P3404,35.0,5,0
2023-09-01,ST112,P3061,26.0,20,0
2023-09-01,ST112,P3094,40.0,5,0
2023-09-01,ST112,P3201,29.0,5,0
2023-09-01,ST112,P3136,38.0,5,0
2023-09-01,ST112,P3084,37.0,10,0
2023-09-01,ST112,P3139,42.0,15,0
2023-09-01,ST112,P3217,35.0,10,0
2023-09-01,ST112,P3339,36.0,10,0
2023-09-01,ST112,P3091,38.0,15,0
2023-09-01,ST112,P3227,35.0,15,0
2023-09-01,ST112,P3220,37.0,5,0
2023-09-01,ST112,P3204,35.0,15,0
2023-09-01,ST112,P3199,32.0,15,0
2023-09-01,ST112,P3170,30.0,15,0
2023-09-01,ST112,P3028,47.0,10,0
2023-09-01,ST112,P3004,38.0,5,0
2023-09-01,ST112,P3484,31.0,10,0
2023-09-01,ST112,P3483,39.0,10,0
2023-09-01,ST112,P3092,35.0,15,0
2023-09-01,ST112,P3233,43.0,10,0
2023-09-01,ST112,P3109,32.0,20,0
2023-09-01,ST112,P3247,32.0,15,0
2023-09-01,ST112,P3023,31.0,10,0
2023-09-01,ST112,P3268,32.0,15,0
2023-09-01,ST112,P3316,35.0,5,0
2023-09-01,ST112,P3325,44.0,10,0
2023-09-01,ST112,P3375,36.0,15,0
2023-09-01,ST112,P3231,32.0,10,0
2023-09-01,ST112,P3219,37.0,5,0
2023-09-01,ST112,P3451,41.0,15,0
2023-09-01,ST112,P3068,35.0,5,0
2023-09-01,ST112,P3374,36.0,15,0
2023-09-01,ST112,P3025,37.0,20,0
2023-09-01,ST112,P3429,36.0,10,0
2023-09-01,ST113,P3520,31.0,5,0
2023-09-01,ST113,P3437,28.0,5,0
2023-09-01,ST113,P3376,41.0,20,0
2023-09-01,ST113,P3344,35.0,5,0
2023-09-01,ST113,P3188,36.0,5,0
2023-09-01,ST113,P3448,26.0,20,0
2023-09-01,ST113,P3238,37.0,10,0
2023-09-01,ST113,P3059,36.0,15,0
2023-09-01,ST113,P3067,24.0,10,0
2023-09-01,ST113,P3255,34.0,15,0
2023-09-01,ST113,P3214,33.0,10,0
2023-09-01,ST113,P3272,29.0,20,0
2023-09-01,ST113,P3249,34.0,10,0
2023-09-01,ST113,P3307,30.0,5,0
2023-09-01,ST113,P3396,46.0,10,0
2023-09-01,ST113,P3482,32.0,15,0
2023-09-01,ST113,P3088,36.0,20,0
2023-09-01,ST113,P3380,40.0,5,0
2023-09-01,ST113,P3028,35.0,5,0
2023-09-01,ST113,P3085,35.0,20,0
2023-09-01,ST113,P3076,38.0,10,0
2023-09-01,ST113,P3274,26.0,10,0
2023-09-01,ST113,P3369,32.0,20,0
2023-09-01,ST113,P3469,35.0,20,0
2023-09-01,ST113,P3368,34.0,20,0
2023-09-01,ST113,P3099,32.0,5,0
2023-09-01,ST113,P3165,36.0,20,0
2023-09-01,ST113,P3345,43.0,10,0
2023-09-01,ST113,P3195,29.0,15,0
2023-09-01,ST113,P3261,33.0,5,0
2023-09-01,ST113,P3196,44.0,10,0
2023-09-01,ST113,P3407,38.0,10,0
2023-09-01,ST113,P3471,38.0,5,0
2023-09-01,ST113,P3361,30.0,15,0
2023-09-01,ST113,P3166,39.0,15,0
2023-09-01,ST113,P3081,44.0,15,0
2023-09-01,ST113,P3256,43.0,5,0
2023-09-01,ST113,P3319,31.0,15,0
2023-09-01,ST113,P3046,31.0,10,0
2023-09-01,ST113,P3251,37.0,15,0
2023-09-01,ST113,P3320,23.0,5,0
2023-09-01,ST113,P3064,36.0,10,0
2023-09-01,ST113,P3400,44.0,20,0
2023-09-01,ST113,P3285,31.0,15,0
2023-09-01,ST113,P3341,42.0,5,0
2023-09-01,ST113,P3175,45.0,15,0
2023-09-01,ST113,P3411,28.0,10,0
2023-09-01,ST113,P3440,26.0,5,0
2023-09-01,ST113,P3027,39.0,20,0
2023-09-01,ST113,P3314,30.0,20,0
2023-09-01,ST113,P3268,36.0,20,0
2023-09-01,ST113,P3512,42.0,10,0
2023-09-01,ST113,P3340,33.0,5,0
2023-09-01,ST113,P3416,33.0,5,0
2023-09-01,ST113,P3351,38.0,10,0
2023-09-01,ST113,P3189,52.0,5,0
2023-09-01,ST113,P3389,37.0,10,0
2023-09-01,ST113,P3210,27.0,15,0
2023-09-01,ST113,P3332,34.0,15,0
2023-09-01,ST113,P3466,33.0,10,0
2023-09-01,ST114,P3100,51.0,5,0
2023-09-01,ST114,P3069,26.0,5,0
2023-09-01,ST114,P3299,29.0,15,0
2023-09-01,ST114,P3136,36.0,10,0
2023-09-01,ST114,P3279,28.0,10,0
2023-09-01,ST114,P3457,37.0,10,0
2023-09-01,ST114,P3185,29.0,5,0
2023-09-01,ST114,P3280,35.0,10,0
2023-09-01,ST114,P3199,32.0,15,0
2023-09-01,ST114,P3103,40.0,10,0
2023-09-01,ST114,P3093,33.0,15,0
2023-09-01,ST114,P3378,35.0,20,0
2023-09-01,ST114,P3498,30.0,5,0
2023-09-01,ST114,P3449,25.0,10,0
2023-09-01,ST114,P3301,43.0,20,0
2023-09-01,ST114,P3084,32.0,5,0
2023-09-01,ST114,P3501,31.0,15,0
2023-09-01,ST114,P3272,43.0,5,0
2023-09-01,ST114,P3005,37.0,5,0
2023-09-01,ST114,P3489,38.0,15,0
2023-09-01,ST114,P3471,35.0,5,0
2023-09-01,ST114,P3442,33.0,10,0
2023-09-01,ST114,P3208,40.0,10,0
2023-09-01,ST114,P3253,31.0,10,0
2023-09-01,ST114,P3484,36.0,5,0
2023-09-01,ST114,P3135,42.0,10,0
2023-09-01,ST114,P3120,38.0,15,0
2023-09-01,ST114,P3335,36.0,15,0
2023-09-01,ST114,P3236,29.0,20,0
2023-09-01,ST114,P3252,36.0,20,0
2023-09-01,ST114,P3447,44.0,5,0
2023-09-01,ST114,P3031,30.0,10,0
2023-09-01,ST114,P3233,39.0,5,0
2023-09-01,ST114,P3213,40.0,20,0
2023-09-01,ST114,P3142,31.0,10,0
2023-09-01,ST114,P3042,33.0,10,0
2023-09-01,ST114,P3090,30.0,15,0
2023-09-01,ST114,P3342,31.0,20,0
2023-09-01,ST114,P3158,36.0,15,0
2023-09-01,ST114,P3377,45.0,5,0
2023-09-01,ST114,P3379,30.0,20,0
2023-09-01,ST114,P3117,27.0,15,0
2023-09-01,ST114,P3065,37.0,20,0
2023-09-01,ST114,P3349,28.0,10,0
2023-09-01,ST114,P3189,34.0,5,0
2023-09-01,ST114,P3174,31.0,5,0
2023-09-01,ST114,P3075,26.0,5,0
2023-09-01,ST114,P3499,38.0,15,0
2023-09-01,ST114,P3485,36.0,20,0
2023-09-01,ST114,P3034,27.0,5,0
2023-09-01,ST114,P3118,31.0,15,0
2023-09-01,ST114,P3023,41.0,20,0
2023-09-01,ST114,P3193,28.0,20,0
2023-09-01,ST114,P3365,39.0,20,0
2023-09-01,ST114,P3273,34.0,10,0
2023-09-01,ST114,P3146,42.0,15,0
2023-09-01,ST114,P3305,37.0,10,0
2023-09-01,ST114,P3039,21.0,10,0
2023-09-01,ST114,P3184,37.0,5,0
2023-09-01,ST114,P3035,36.0,5,0
2023-09-01,ST115,P3248,31.0,15,0
2023-09-01,ST115,P3425,29.0,20,0
2023-09-01,ST115,P3159,26.0,15,0
2023-09-01,ST115,P3173,31.0,10,0
2023-09-01,ST115,P3292,28.0,10,0
2023-09-01,ST115,P3276,32.0,15,0
2023-09-01,ST115,P3339,30.0,5,0
2023-09-01,ST115,P3359,45.0,20,0
2023-09-01,ST115,P3333,32.0,15,0
2023-09-01,ST115,P3128,45.0,20,0
2023-09-01,ST115,P3083,22.0,10,0
2023-09-01,ST115,P3500,34.0,10,0
2023-09-01,ST115,P3446,29.0,5,0
2023-09-01,ST115,P3091,34.0,5,0
2023-09-01,ST115,P3030,33.0,10,0
2023-09-01,ST115,P3454,22.0,15,0
2023-09-01,ST115,P3399,41.0,10,0
2023-09-01,ST115,P3059,31.0,15,0
2023-09-01,ST115,P3121,39.0,10,0
2023-09-01,ST115,P3066,38.0,10,0
2023-09-01,ST115,P3407,36.0,15,0
2023-09-01,ST115,P3275,38.0,10,0
2023-09-01,ST115,P3346,29.0,10,0
2023-09-01,ST115,P3197,43.0,10,0
2023-09-01,ST115,P3078,34.0,15,0
2023-09-01,ST115,P3007,28.0,5,0
2023-09-01,ST115,P3280,20.0,15,0
2023-09-01,ST115,P3264,26.0,10,0
2023-09-01,ST115,P3164,45.0,15,0
2023-09-01,ST115,P3430,25.0,20,0
2023-09-01,ST115,P3286,43.0,15,0
2023-09-01,ST115,P3371,35.0,5,0
2023-09-01,ST115,P3040,36.0,20,0
2023-09-01,ST115,P3343,27.0,15,0
2023-09-01,ST115,P3090,25.0,10,0
2023-09-01,ST115,P3481,43.0,15,0
2023-09-01,ST115,P3455,34.0,5,0
2023-09-01,ST115,P3184,41.0,10,0
2023-09-01,ST115,P3119,31.0,15,0
2023-09-01,ST115,P3436,34.0,20,0
2023-09-01,ST115,P3017,40.0,20,0
2023-09-01,ST115,P3049,34.0,15,0
2023-09-01,ST115,P3435,36.0,10,0
2023-09-01,ST115,P3497,27.0,5,0
2023-09-01,ST115,P3318,39.0,5,0
2023-09-01,ST115,P3513,33.0,10,0
2023-09-01,ST115,P3254,36.0,15,0
2023-09-01,ST115,P3306,32.0,20,0
2023-09-01,ST115,P3384,35.0,5,0
2023-09-01,ST115,P3146,34.0,20,0
2023-09-01,ST115,P3052,33.0,10,0
2023-09-01,ST115,P3398,33.0,20,0
2023-09-01,ST115,P3089,40.0,5,0
2023-09-01,ST115,P3462,24.0,15,0
2023-09-01,ST115,P3342,40.0,5,0
2023-09-01,ST115,P3423,39.0,20,0
2023-09-01,ST115,P3081,39.0,20,0
2023-09-01,ST115,P3205,35.0,5,0
2023-09-01,ST115,P3239,27.0,10,0
2023-09-01,ST115,P3476,29.0,20,0
2023-09-01,ST116,P3340,27.0,15,0
2023-09-01,ST116,P3352,42.0,10,0
2023-09-01,ST116,P3480,32.0,15,0
2023-09-01,ST116,P3079,35.0,15,0
2023-09-01,ST116,P3207,36.0,15,0
2023-09-01,ST116,P3042,46.0,10,0
2023-09-01,ST116,P3190,32.0,15,0
2023-09-01,ST116,P3144,30.0,20,0
2023-09-01,ST116,P3089,,5,0
2023-09-01,ST116,P3290,45.0,10,0
2023-09-01,ST116,P3147,35.0,5,0
2023-09-01,ST116,P3224,25.0,5,0
2023-09-01,ST116,P3508,30.0,15,0
2023-09-01,ST116,P3113,32.0,20,0
2023-09-01,ST116,P3088,33.0,15,0
2023-09-01,ST116,P3445,38.0,15,0
2023-09-01,ST116,P3395,47.0,10,0
2023-09-01,ST116,P3091,35.0,20,0
2023-09-01,ST116,P3126,34.0,20,0
2023-09-01,ST116,P3165,38.0,15,0
2023-09-01,ST116,P3116,34.0,10,0
2023-09-01,ST116,P3337,30.0,15,0
2023-09-01,ST116,P3192,37.0,5,0
2023-09-01,ST116,P3276,39.0,5,0
2023-09-01,ST116,P3419,29.0,20,0
2023-09-01,ST116,P3017,30.0,20,0
2023-09-01,ST116,P3121,35.0,10,0
2023-09-01,ST116,P3047,30.0,10,0
2023-09-01,ST116,P3026,42.0,5,0
2023-09-01,ST116,P3180,37.0,15,0
2023-09-01,ST116,P3202,39.0,5,0
2023-09-01,ST116,P3511,45.0,15,0
2023-09-01,ST116,P3470,35.0,5,0
2023-09-01,ST116,P3176,35.0,10,0
2023-09-01,ST116,P3021,34.0,10,0
2023-09-01,ST116,P3064,35.0,5,0
2023-09-01,ST116,P3472,45.0,10,0
2023-09-01,ST116,P3342,28.0,10,0
2023-09-01,ST116,P3264,36.0,20,0
2023-09-01,ST116,P3422,27.0,20,0
2023-09-01,ST116,P3183,31.0,10,0
2023-09-01,ST116,P3013,38.0,15,0
2023-09-01,ST116,P3063,29.0,20,0
2023-09-01,ST116,P3322,46.0,10,0
2023-09-01,ST116,P3493,27.0,20,0
2023-09-01,ST116,P3307,34.0,5,0
2023-09-01,ST116,P3111,37.0,5,0
2023-09-01,ST116,P3383,31.0,10,0
2023-09-01,ST116,P3430,26.0,10,0
2023-09-01,ST116,P3308,29.0,10,0
2023-09-01,ST116,P3388,44.0,5,0
2023-09-01,ST116,P3112,34.0,10,0
2023-09-01,ST116,P3203,37.0,20,0
2023-09-01,ST116,P3404,43.0,15,0
2023-09-01,ST116,P3216,37.0,15,0
2023-09-01,ST116,P3251,32.0,20,0
2023-09-01,ST116,P3205,37.0,10,0
2023-09-01,ST116,P3007,31.0,20,0
2023-09-01,ST116,P3015,34.0,10,0
2023-09-01,ST116,P3217,30.0,20,0
2023-09-01,ST117,P3505,26.0,10,0
2023-09-01,ST117,P3073,28.0,10,0
2023-09-01,ST117,P3463,32.0,5,0
2023-09-01,ST117,P3246,35.0,5,0
2023-09-01,ST117,P3268,41.0,15,0
2023-09-01,ST117,P3513,33.0,5,0
2023-09-01,ST117,P3298,35.0,10,0
2023-09-01,ST117,P3069,38.0,20,0
2023-09-01,ST117,P3320,31.0,5,0
2023-09-01,ST117,P3021,39.0,15,0
2023-09-01,ST117,P3412,37.0,15,0
2023-09-01,ST117,P3425,43.0,5,0
2023-09-01,ST117,P3404,39.0,5,0
2023-09-01,ST117,P3220,30.0,10,0
2023-09-01,ST117,P3408,34.0,10,0
2023-09-01,ST117,P3221,38.0,5,0
2023-09-01,ST117,P3490,30.0,15,0
2023-09-01,ST117,P3237,31.0,20,0
2023-09-01,ST117,P3074,45.0,20,0
2023-09-01,ST117,P3071,37.0,5,0
2023-09-01,ST117,P3381,42.0,5,0
2023-09-01,ST117,P3080,27.0,5,0
2023-09-01,ST117,P3226,33.0,20,0
2023-09-01,ST117,P3292,32.0,15,0
2023-09-01,ST117,P3438,34.0,5,0
2023-09-01,ST117,P3274,39.0,20,0
2023-09-01,ST117,P3301,28.0,20,0
2023-09-01,ST117,P3241,27.0,10,0
2023-09-01,ST117,P3427,33.0,20,0
2023-09-01,ST117,P3393,34.0,15,0
2023-09-01,ST117,P3222,35.0,20,0
2023-09-01,ST117,P3120,46.0,5,0
2023-09-01,ST117,P3233,46.0,20,0
2023-09-01,ST117,P3420,35.0,10,0
2023-09-01,ST117,P3078,35.0,5,0
2023-09-01,ST117,P3076,36.0,15,0
2023-09-01,ST117,P3367,33.0,5,0
2023-09-01,ST117,P3330,29.0,15,0
2023-09-01,ST117,P3008,27.0,5,0
2023-09-01,ST117,P3492,31.0,10,0
2023-09-01,ST117,P3225,38.0,20,0
2023-09-01,ST117,P3155,44.0,10,0
2023-09-01,ST117,P3309,38.0,15,0
2023-09-01,ST117,P3354,28.0,15,0
2023-09-01,ST117,P3017,28.0,5,0
2023-09-01,ST117,P3194,40.0,5,0
2023-09-01,ST117,P3196,40.0,20,0
2023-09-01,ST117,P3121,37.0,20,0
2023-09-01,ST117,P3496,30.0,5,0
2023-09-01,ST117,P3392,35.0,10,0
2023-09-01,ST117,P3172,38.0,15,0
2023-09-01,ST117,P3307,28.0,20,0
2023-09-01,ST117,P3042,29.0,20,0
2023-09-01,ST117,P3417,29.0,15,0
2023-09-01,ST117,P3444,34.0,20,0
2023-09-01,ST117,P3089,43.0,10,0
2023-09-01,ST117,P3343,38.0,10,0
2023-09-01,ST117,P3026,25.0,20,0
2023-09-01,ST117,P3418,39.0,20,0
2023-09-01,ST117,P3169,36.0,5,0
2023-09-01,ST118,P3089,35.0,10,0
2023-09-01,ST118,P3022,40.0,15,0
2023-09-01,ST118,P3409,34.0,5,0
2023-09-01,ST118,P3416,36.0,5,0
2023-09-01,ST118,P3432,38.0,10,0
2023-09-01,ST118,P3036,41.0,5,0
2023-09-01,ST118,P3037,28.0,10,0
2023-09-01,ST118,P3028,30.0,15,0
2023-09-01,ST118,P3326,41.0,20,0
2023-09-01,ST118,P3285,33.0,5,0
2023-09-01,ST118,P3308,41.0,10,0
2023-09-01,ST118,P3337,44.0,15,0
2023-09-01,ST118,P3374,40.0,5,0
2023-09-01,ST118,P3039,32.0,20,0
2023-09-01,ST118,P3392,32.0,15,0
2023-09-01,ST118,P3010,39.0,5,0
2023-09-01,ST118,P3072,29.0,10,0
2023-09-01,ST118,P3221,42.0,20,0
2023-09-01,ST118,P3093,34.0,15,0
2023-09-01,ST118,P3066,30.0,20,0
2023-09-01,ST118,P3007,36.0,5,0
2023-09-01,ST118,P3314,50.0,15,0
2023-09-01,ST118,P3280,34.0,5,0
2023-09-01,ST118,P3067,32.0,15,0
2023-09-01,ST118,P3366,29.0,10,0
2023-09-01,ST118,P3132,41.0,10,0
2023-09-01,ST118,P3082,36.0,15,0
2023-09-01,ST118,P3394,39.0,10,0
2023-09-01,ST118,P3425,35.0,20,0
2023-09-01,ST118,P3195,49.0,10,0
2023-09-01,ST118,P3108,25.0,15,0
2023-09-01,ST118,P3401,35.0,5,0
2023-09-01,ST118,P3030,38.0,10,0
2023-09-01,ST118,P3351,39.0,5,0
2023-09-01,ST118,P3382,34.0,5,0
2023-09-01,ST118,P3283,41.0,10,0
2023-09-01,ST118,P3038,36.0,5,0
2023-09-01,ST118,P3200,39.0,20,0
2023-09-01,ST118,P3318,22.0,10,0
2023-09-01,ST118,P3015,42.0,10,0
2023-09-01,ST118,P3227,37.0,20,0
2023-09-01,ST118,P3421,31.0,20,0
2023-09-01,ST118,P3275,38.0,5,0
2023-09-01,ST118,P3473,35.0,10,0
2023-09-01,ST118,P3466,36.0,5,0
2023-09-01,ST118,P3348,32.0,15,0
2023-09-01,ST118,P3352,29.0,15,0
2023-09-01,ST118,P3126,25.0,15,0
2023-09-01,ST118,P3410,40.0,20,0
2023-09-01,ST118,P3472,40.0,20,0
2023-09-01,ST118,P3454,31.0,15,0
2023-09-01,ST118,P3419,34.0,5,0
2023-09-01,ST118,P3154,34.0,5,0
2023-09-01,ST118,P3245,35.0,10,0
2023-09-01,ST118,P3255,29.0,20,0
2023-09-01,ST118,P3516,36.0,20,0
2023-09-01,ST118,P3317,43.0,10,0
2023-09-01,ST118,P3104,34.0,10,0
2023-09-01,ST118,P3062,29.0,20,0
2023-09-01,ST118,P3136,43.0,20,0
2023-10-01,ST101,P3190,53.0,10,0
2023-10-01,ST101,P3156,43.0,10,0
2023-10-01,ST101,P3103,44.0,15,0
2023-10-01,ST101,P3486,36.0,20,0
2023-10-01,ST101,P3097,39.0,5,0
2023-10-01,ST101,P3168,22.0,20,0
2023-10-01,ST101,P3117,45.0,20,0
2023-10-01,ST101,P3500,42.0,5,0
2023-10-01,ST101,P3343,39.0,10,0
2023-10-01,ST101,P3013,32.0,5,0
2023-10-01,ST101,P3427,46.0,20,0
2023-10-01,ST101,P3482,29.0,10,0
2023-10-01,ST101,P3501,26.0,10,0
2023-10-01,ST101,P3376,30.0,10,0
2023-10-01,ST101,P3306,37.0,5,0
2023-10-01,ST101,P3054,39.0,5,0
2023-10-01,ST101,P3160,29.0,15,0
2023-10-01,ST101,P3375,42.0,20,0
2023-10-01,ST101,P3373,36.0,10,0
2023-10-01,ST101,P3369,33.0,15,0
2023-10-01,ST101,P3136,42.0,10,0
2023-10-01,ST101,P3063,30.0,20,0
2023-10-01,ST101,P3174,38.0,20,0
2023-10-01,ST101,P3475,41.0,15,0
2023-10-01,ST101,P3146,40.0,20,0
2023-10-01,ST101,P3169,41.0,15,0
2023-10-01,ST101,P3217,26.0,20,0
2023-10-01,ST101,P3381,37.0,20,0
2023-10-01,ST101,P3254,27.0,10,0
2023-10-01,ST101,P3102,32.0,15,0
2023-10-01,ST101,P3154,42.0,10,0
2023-10-01,ST101,P3100,38.0,15,0
2023-10-01,ST101,P3389,39.0,10,0
2023-10-01,ST101,P3493,25.0,5,0
2023-10-01,ST101,P3388,29.0,5,0
2023-10-01,ST101,P3292,36.0,5,0
2023-10-01,ST101,P3453,39.0,10,0
2023-10-01,ST101,P3220,37.0,20,0
2023-10-01,ST101,P3438,38.0,5,0
2023-10-01,ST101,P3172,35.0,10,0
2023-10-01,ST101,P3085,40.0,20,0
2023-10-01,ST101,P3510,29.0,20,0
2023-10-01,ST101,P3234,30.0,5,0
2023-10-01,ST101,P3015,31.0,20,0
2023-10-01,ST101,P3098,38.0,5,0
2023-10-01,ST101,P3519,32.0,5,0
2023-10-01,ST101,P3214,42.0,10,0
2023-10-01,ST101,P3447,41.0,20,0
2023-10-01,ST101,P3271,35.0,5,0
2023-10-01,ST101,P3506,36.0,10,0
2023-10-01,ST101,P3135,31.0,10,0
2023-10-01,ST101,P3255,30.0,5,0
2023-10-01,ST101,P3310,31.0,15,0
2023-10-01,ST101,P3418,37.0,15,0
2023-10-01,ST101,P3076,31.0,5,0
2023-10-01,ST101,P3372,35.0,15,0
2023-10-01,ST101,P3091,38.0,15,0
2023-10-01,ST101,P3165,30.0,5,0
2023-10-01,ST101,P3266,30.0,15,0
2023-10-01,ST101,P3405,30.0,5,0
2023-10-01,ST102,P3497,38.0,15,0
2023-10-01,ST102,P3269,28.0,20,0
2023-10-01,ST102,P3234,35.0,15,0
2023-10-01,ST102,P3381,40.0,20,0
2023-10-01,ST102,P3333,39.0,10,0
2023-10-01,ST102,P3309,31.0,15,0
2023-10-01,ST102,P3184,29.0,5,0
2023-10-01,ST102,P3157,35.0,15,0
2023-10-01,ST102,P3487,40.0,5,0
2023-10-01,ST102,P3401,33.0,5,0
2023-10-01,ST102,P3061,30.0,20,0
2023-10-01,ST102,P3513,33.0,20,0
2023-10-01,ST102,P3169,32.0,15,0
2023-10-01,ST102,P3144,29.0,10,0
2023-10-01,ST102,P3325,41.0,10,0
2023-10-01,ST102,P3483,35.0,5,0
2023-10-01,ST102,P3225,39.0,5,0
2023-10-01,ST102,P3306,36.0,15,0
2023-10-01,ST102,P3354,37.0,5,0
2023-10-01,ST102,P3492,39.0,5,0
2023-10-01,ST102,P3070,31.0,20,0
2023-10-01,ST102,P3393,36.0,10,0
2023-10-01,ST102,P3121,37.0,10,0
2023-10-01,ST102,P3245,26.0,5,0
2023-10-01,ST102,P3062,36.0,15,0
2023-10-01,ST102,P3154,33.0,20,0
2023-10-01,ST102,P3262,37.0,5,0
2023-10-01,ST102,P3389,35.0,15,0
2023-10-01,ST102,P3044,34.0,15,0
2023-10-01,ST102,P3502,45.0,10,0
2023-10-01,ST102,P3460,36.0,10,0
2023-10-01,ST102,P3060,41.0,10,0
2023-10-01,ST102,P3199,35.0,5,0
2023-10-01,ST102,P3428,31.0,15,0
2023-10-01,ST102,P3107,32.0,15,0
2023-10-01,ST102,P3367,46.0,15,0
2023-10-01,ST102,P3152,49.0,10,0
2023-10-01,ST102,P3486,24.0,15,0
2023-10-01,ST102,P3190,36.0,10,0
2023-10-01,ST102,P3293,24.0,20,0
2023-10-01,ST102,P3012,38.0,10,0
2023-10-01,ST102,P3479,37.0,10,0
2023-10-01,ST102,P3429,24.0,15,0
2023-10-01,ST102,P3227,31.0,20,0
2023-10-01,ST102,P3270,40.0,10,0
2023-10-01,ST102,P3006,32.0,10,0
2023-10-01,ST102,P3131,33.0,10,0
2023-10-01,ST102,P3346,34.0,5,0
2023-10-01,ST102,P3083,36.0,20,0
2023-10-01,ST102,P3321,38.0,5,0
2023-10-01,ST102,P3001,26.0,5,0
2023-10-01,ST102,P3298,39.0,15,0
2023-10-01,ST102,P3296,31.0,10,0
2023-10-01,ST102,P3517,43.0,20,0
2023-10-01,ST102,P3162,35.0,5,0
2023-10-01,ST102,P3446,28.0,15,0
2023-10-01,ST102,P3392,34.0,20,0
2023-10-01,ST102,P3402,37.0,5,0
2023-10-01,ST102,P3478,37.0,20,0
2023-10-01,ST102,P3477,31.0,10,0
2023-10-01,ST103,P3318,32.0,10,0
2023-10-01,ST103,P3369,36.0,15,0
2023-10-01,ST103,P3228,32.0,10,0
2023-10-01,ST103,P3391,28.0,10,0
2023-10-01,ST103,P3265,33.0,20,0
2023-10-01,ST103,P3493,37.0,20,0
2023-10-01,ST103,P3208,33.0,20,0
2023-10-01,ST103,P3192,32.0,10,0
2023-10-01,ST103,P3064,35.0,5,0
2023-10-01,ST103,P3111,40.0,10,0
2023-10-01,ST103,P3313,45.0,5,0
2023-10-01,ST103,P3480,40.0,20,0
2023-10-01,ST103,P3407,33.0,5,0
2023-10-01,ST103,P3307,29.0,20,0
2023-10-01,ST103,P3049,48.0,15,0
2023-10-01,ST103,P3270,39.0,20,0
2023-10-01,ST103,P3262,29.0,20,0
2023-10-01,ST103,P3163,39.0,5,0
2023-10-01,ST103,P3148,28.0,10,0
2023-10-01,ST103,P3197,37.0,15,0
2023-10-01,ST103,P3490,32.0,5,0
2023-10-01,ST103,P3481,29.0,20,0
2023-10-01,ST103,P3212,40.0,10,0
2023-10-01,ST103,P3386,31.0,15,0
2023-10-01,ST103,P3361,42.0,10,0
2023-10-01,ST103,P3135,39.0,5,0
2023-10-01,ST103,P3329,27.0,20,0
2023-10-01,ST103,P3106,32.0,10,0
2023-10-01,ST103,P3517,27.0,10,0
2023-10-01,ST103,P3109,37.0,10,0
2023-10-01,ST103,P3104,34.0,20,0
2023-10-01,ST103,P3365,31.0,5,0
2023-10-01,ST103,P3243,43.0,10,0
2023-10-01,ST103,P3285,25.0,10,0
2023-10-01,ST103,P3348,40.0,20,0
2023-10-01,ST103,P3152,37.0,20,0
2023-10-01,ST103,P3062,22.0,10,0
2023-10-01,ST103,P3334,31.0,15,0
2023-10-01,ST103,P3342,27.0,20,0
2023-10-01,ST103,P3122,40.0,5,0
2023-10-01,ST103,P3124,32.0,10,0
2023-10-01,ST103,P3002,37.0,10,0
2023-10-01,ST103,P3417,32.0,15,0
2023-10-01,ST103,P3260,41.0,15,0
2023-10-01,ST103,P3347,24.0,20,0
2023-10-01,ST103,P3311,39.0,5,0
2023-10-01,ST103,P3078,33.0,10,0
2023-10-01,ST103,P3156,44.0,10,0
2023-10-01,ST103,P3324,33.0,10,0
2023-10-01,ST103,P3505,29.0,10,0
2023-10-01,ST103,P3118,29.0,5,0
2023-10-01,ST103,P3009,36.0,15,0
2023-10-01,ST103,P3271,28.0,20,0
2023-10-01,ST103,P3380,34.0,15,0
2023-10-01,ST103,P3282,44.0,15,0
2023-10-01,ST103,P3056,33.0,10,0
2023-10-01,ST103,P3343,37.0,10,0
2023-10-01,ST103,P3250,37.0,20,0
2023-10-01,ST103,P3065,30.0,20,0
2023-10-01,ST103,P3166,45.0,10,0
2023-10-01,ST104,P3411,28.0,5,0
2023-10-01,ST104,P3370,30.0,20,0
2023-10-01,ST104,P3114,36.0,20,0
2023-10-01,ST104,P3338,22.0,15,0
2023-10-01,ST104,P3495,27.0,5,0
2023-10-01,ST104,P3047,38.0,10,0
2023-10-01,ST104,P3195,29.0,10,0
2023-10-01,ST104,P3160,35.0,20,0
2023-10-01,ST104,P3409,40.0,5,0
2023-10-01,ST104,P3480,30.0,15,0
2023-10-01,ST104,P3070,32.0,20,0
2023-10-01,ST104,P3518,46.0,5,0
2023-10-01,ST104,P3092,33.0,10,0
2023-10-01,ST104,P3224,36.0,20,0
2023-10-01,ST104,P3048,28.0,15,0
2023-10-01,ST104,P3500,33.0,10,0
2023-10-01,ST104,P3233,25.0,20,0
2023-10-01,ST104,P3446,38.0,15,0
2023-10-01,ST104,P3067,32.0,15,0
2023-10-01,ST104,P3039,39.0,10,0
2023-10-01,ST104,P3022,41.0,10,0
2023-10-01,ST104,P3007,39.0,15,0
2023-10-01,ST104,P3192,36.0,5,0
2023-10-01,ST104,P3032,44.0,15,0
2023-10-01,ST104,P3454,41.0,20,0
2023-10-01,ST104,P3302,27.0,15,0
2023-10-01,ST104,P3435,35.0,10,0
2023-10-01,ST104,P3297,38.0,10,0
2023-10-01,ST104,P3457,32.0,20,0
2023-10-01,ST104,P3330,34.0,5,0
2023-10-01,ST104,P3492,39.0,5,0
2023-10-01,ST104,P3106,32.0,5,0
2023-10-01,ST104,P3123,38.0,15,0
2023-10-01,ST104,P3101,34.0,5,0
2023-10-01,ST104,P3219,37.0,10,0
2023-10-01,ST104,P3275,30.0,5,0
2023-10-01,ST104,P3363,37.0,20,0
2023-10-01,ST104,P3421,28.0,10,0
2023-10-01,ST104,P3479,41.0,20,0
2023-10-01,ST104,P3458,37.0,20,0
2023-10-01,ST104,P3293,30.0,15,0
2023-10-01,ST104,P3321,29.0,20,0
2023-10-01,ST104,P3456,35.0,10,0
2023-10-01,ST104,P3499,30.0,15,0
2023-10-01,ST104,P3298,29.0,20,0
2023-10-01,ST104,P3439,28.0,20,0
2023-10-01,ST104,P3352,30.0,10,0
2023-10-01,ST104,P3335,24.0,15,0
2023-10-01,ST104,P3286,39.0,20,0
2023-10-01,ST104,P3284,37.0,20,0
2023-10-01,ST104,P3364,44.0,20,0
2023-10-01,ST104,P3137,28.0,15,0
2023-10-01,ST104,P3133,34.0,20,0
2023-10-01,ST104,P3199,31.0,5,0
2023-10-01,ST104,P3488,30.0,20,0
2023-10-01,ST104,P3265,32.0,20,0
2023-10-01,ST104,P3496,38.0,15,0
2023-10-01,ST104,P3289,33.0,15,0
2023-10-01,ST104,P3306,27.0,15,0
2023-10-01,ST104,P3344,44.0,15,0
2023-10-01,ST105,P3050,30.0,10,0
2023-10-01,ST105,P3232,28.0,15,0
2023-10-01,ST105,P3453,29.0,20,0
2023-10-01,ST105,P3014,43.0,5,0
2023-10-01,ST105,P3221,31.0,10,0
2023-10-01,ST105,P3344,33.0,5,0
2023-10-01,ST105,P3071,25.0,5,0
2023-10-01,ST105,P3462,36.0,20,0
2023-10-01,ST105,P3458,39.0,5,0
2023-10-01,ST105,P3100,36.0,20,0
2023-10-01,ST105,P3431,32.0,5,0
2023-10-01,ST105,P3149,36.0,5,0
2023-10-01,ST105,P3297,26.0,5,0
2023-10-01,ST105,P3373,32.0,10,0
2023-10-01,ST105,P3197,41.0,15,0
2023-10-01,ST105,P3188,38.0,10,0
2023-10-01,ST105,P3325,32.0,20,0
2023-10-01,ST105,P3471,37.0,15,0
2023-10-01,ST105,P3450,,20,0
2023-10-01,ST105,P3005,35.0,5,0
2023-10-01,ST105,P3177,35.0,20,0
2023-10-01,ST105,P3166,38.0,20,0
2023-10-01,ST105,P3393,38.0,10,0
2023-10-01,ST105,P3444,38.0,15,0
2023-10-01,ST105,P3199,22.0,20,0
2023-10-01,ST105,P3107,35.0,15,0
2023-10-01,ST105,P3036,29.0,15,0
2023-10-01,ST105,P3493,46.0,20,0
2023-10-01,ST105,P3170,32.0,20,0
2023-10-01,ST105,P3408,37.0,15,0
2023-10-01,ST105,P3477,,10,0
2023-10-01,ST105,P3277,41.0,20,0
2023-10-01,ST105,P3466,28.0,15,0
2023-10-01,ST105,P3004,42.0,5,0
2023-10-01,ST105,P3132,31.0,5,0
2023-10-01,ST105,P3252,36.0,20,0
2023-10-01,ST105,P3512,43.0,20,0
2023-10-01,ST105,P3280,36.0,10,0
2023-10-01,ST105,P3427,42.0,20,0
2023-10-01,ST105,P3165,26.0,20,0
2023-10-01,ST105,P3135,33.0,10,0
2023-10-01,ST105,P3247,32.0,15,0
2023-10-01,ST105,P3274,42.0,5,0
2023-10-01,ST105,P3445,35.0,5,0
2023-10-01,ST105,P3174,25.0,5,0
2023-10-01,ST105,P3499,39.0,20,0
2023-10-01,ST105,P3293,32.0,10,0
2023-10-01,ST105,P3323,35.0,20,0
2023-10-01,ST105,P3183,32.0,20,0
2023-10-01,ST105,P3438,31.0,5,0
2023-10-01,ST105,P3423,43.0,5,0
2023-10-01,ST105,P3070,26.0,20,0
2023-10-01,ST105,P3487,27.0,20,0
2023-10-01,ST105,P3152,42.0,15,0
2023-10-01,ST105,P3370,32.0,10,0
2023-10-01,ST105,P3151,39.0,20,0
2023-10-01,ST105,P3090,48.0,20,0
2023-10-01,ST105,P3375,36.0,20,0
2023-10-01,ST105,P3212,44.0,5,0
2023-10-01,ST105,P3371,43.0,10,0
2023-10-01,ST106,P3192,35.0,20,0
2023-10-01,ST106,P3001,35.0,5,0
2023-10-01,ST106,P3406,30.0,10,0
2023-10-01,ST106,P3060,28.0,10,0
2023-10-01,ST106,P3311,37.0,10,0
2023-10-01,ST106,P3473,36.0,10,0
2023-10-01,ST106,P3465,34.0,5,0
2023-10-01,ST106,P3228,34.0,15,0
2023-10-01,ST106,P3276,33.0,15,0
2023-10-01,ST106,P3320,42.0,20,0
2023-10-01,ST106,P3124,30.0,20,0
2023-10-01,ST106,P3366,45.0,15,0
2023-10-01,ST106,P3178,33.0,5,0
2023-10-01,ST106,P3508,36.0,5,0
2023-10-01,ST106,P3421,26.0,15,0
2023-10-01,ST106,P3013,38.0,20,0
2023-10-01,ST106,P3372,29.0,5,0
2023-10-01,ST106,P3267,19.0,5,0
2023-10-01,ST106,P3420,41.0,15,0
2023-10-01,ST106,P3016,40.0,15,0
2023-10-01,ST106,P3092,36.0,10,0
2023-10-01,ST106,P3161,36.0,10,0
2023-10-01,ST106,P3431,36.0,20,0
2023-10-01,ST106,P3393,30.0,15,0
2023-10-01,ST106,P3385,29.0,15,0
2023-10-01,ST106,P3315,50.0,5,0
2023-10-01,ST106,P3084,33.0,10,0
2023-10-01,ST106,P3407,46.0,15,0
2023-10-01,ST106,P3168,31.0,5,0
2023-10-01,ST106,P3106,39.0,10,0
2023-10-01,ST106,P3497,35.0,20,0
2023-10-01,ST106,P3282,44.0,15,0
2023-10-01,ST106,P3291,28.0,20,0
2023-10-01,ST106,P3017,42.0,5,0
2023-10-01,ST106,P3045,34.0,10,0
2023-10-01,ST106,P3341,29.0,15,0
2023-10-01,ST106,P3457,43.0,15,0
2023-10-01,ST106,P3398,28.0,20,0
2023-10-01,ST106,P3258,40.0,10,0
2023-10-01,ST106,P3025,36.0,10,0
2023-10-01,ST106,P3022,30.0,5,0
2023-10-01,ST106,P3269,30.0,20,0
2023-10-01,ST106,P3479,28.0,20,0
2023-10-01,ST106,P3433,30.0,10,0
2023-10-01,ST106,P3355,39.0,10,0
2023-10-01,ST106,P3243,33.0,15,0
2023-10-01,ST106,P3287,31.0,5,0
2023-10-01,ST106,P3215,38.0,10,0
2023-10-01,ST106,P3432,29.0,5,0
2023-10-01,ST106,P3021,39.0,20,0
2023-10-01,ST106,P3376,32.0,15,0
2023-10-01,ST106,P3520,40.0,15,0
2023-10-01,ST106,P3063,39.0,5,0
2023-10-01,ST106,P3153,33.0,15,0
2023-10-01,ST106,P3427,33.0,15,0
2023-10-01,ST106,P3299,28.0,5,0
2023-10-01,ST106,P3155,42.0,10,0
2023-10-01,ST106,P3068,33.0,5,0
2023-10-01,ST106,P3252,32.0,20,0
2023-10-01,ST106,P3236,33.0,15,0
2023-10-01,ST107,P3139,27.0,15,0
2023-10-01,ST107,P3494,30.0,5,0
2023-10-01,ST107,P3042,33.0,5,0
2023-10-01,ST107,P3072,36.0,20,0
2023-10-01,ST107,P3240,29.0,20,0
2023-10-01,ST107,P3044,31.0,5,0
2023-10-01,ST107,P3008,44.0,20,0
2023-10-01,ST107,P3501,31.0,15,0
2023-10-01,ST107,P3431,31.0,5,0
2023-10-01,ST107,P3503,36.0,10,0
2023-10-01,ST107,P3125,30.0,20,0
2023-10-01,ST107,P3435,42.0,15,0
2023-10-01,ST107,P3398,40.0,5,0
2023-10-01,ST107,P3391,37.0,20,0
2023-10-01,ST107,P3169,33.0,20,0
2023-10-01,ST107,P3024,37.0,10,0
2023-10-01,ST107,P3177,19.0,20,0
2023-10-01,ST107,P3147,35.0,10,0
2023-10-01,ST107,P3212,27.0,5,0
2023-10-01,ST107,P3452,39.0,10,0
2023-10-01,ST107,P3252,35.0,10,0
2023-10-01,ST107,P3250,38.0,5,0
2023-10-01,ST107,P3254,41.0,20,0
2023-10-01,ST107,P3321,30.0,10,0
2023-10-01,ST107,P3299,44.0,5,0
2023-10-01,ST107,P3118,34.0,15,0
2023-10-01,ST107,P3513,40.0,10,0
2023-10-01,ST107,P3519,44.0,10,0
2023-10-01,ST107,P3495,31.0,15,0
2023-10-01,ST107,P3261,34.0,20,0
2023-10-01,ST107,P3078,43.0,20,0
2023-10-01,ST107,P3007,31.0,5,0
2023-10-01,ST107,P3074,36.0,20,0
2023-10-01,ST107,P3084,39.0,5,0
2023-10-01,ST107,P3375,48.0,15,0
2023-10-01,ST107,P3367,39.0,5,0
2023-10-01,ST107,P3465,24.0,15,0
2023-10-01,ST107,P3451,45.0,5,0
2023-10-01,ST107,P3317,36.0,5,0
2023-10-01,ST107,P3014,26.0,5,0
2023-10-01,ST107,P3116,42.0,20,0
2023-10-01,ST107,P3425,41.0,5,0
2023-10-01,ST107,P3168,46.0,5,0
2023-10-01,ST107,P3471,41.0,10,0
2023-10-01,ST107,P3287,35.0,10,0
2023-10-01,ST107,P3211,37.0,15,0
2023-10-01,ST107,P3249,32.0,10,0
2023-10-01,ST107,P3104,37.0,20,0
2023-10-01,ST107,P3060,49.0,20,0
2023-10-01,ST107,P3290,35.0,10,0
2023-10-01,ST107,P3476,34.0,5,0
2023-10-01,ST107,P3239,39.0,5,0
2023-10-01,ST107,P3019,39.0,5,0
2023-10-01,ST107,P3275,,20,0
2023-10-01,ST107,P3137,,5,0
2023-10-01,ST107,P3491,30.0,10,0
2023-10-01,ST107,P3467,40.0,15,0
2023-10-01,ST107,P3352,33.0,5,0
2023-10-01,ST107,P3128,40.0,5,0
2023-10-01,ST107,P3284,36.0,5,0
2023-10-01,ST108,P3302,25.0,5,0
2023-10-01,ST108,P3501,32.0,15,0
2023-10-01,ST108,P3251,30.0,5,0
2023-10-01,ST108,P3058,31.0,10,0
2023-10-01,ST108,P3449,32.0,10,0
2023-10-01,ST108,P3452,35.0,15,0
2023-10-01,ST108,P3267,39.0,5,0
2023-10-01,ST108,P3461,36.0,5,0
2023-10-01,ST108,P3453,46.0,10,0
2023-10-01,ST108,P3406,32.0,20,0
2023-10-01,ST108,P3472,36.0,15,0
2023-10-01,ST108,P3254,28.0,5,0
2023-10-01,ST108,P3163,33.0,20,0
2023-10-01,ST108,P3157,28.0,5,0
2023-10-01,ST108,P3293,28.0,20,0
2023-10-01,ST108,P3112,42.0,20,0
2023-10-01,ST108,P3083,41.0,15,0
2023-10-01,ST108,P3494,29.0,15,0
2023-10-01,ST108,P3463,27.0,5,0
2023-10-01,ST108,P3336,35.0,10,0
2023-10-01,ST108,P3352,32.0,5,0
2023-10-01,ST108,P3231,38.0,5,0
2023-10-01,ST108,P3447,24.0,15,0
2023-10-01,ST108,P3135,30.0,15,0
2023-10-01,ST108,P3123,41.0,10,0
2023-10-01,ST108,P3338,35.0,20,0
2023-10-01,ST108,P3475,35.0,10,0
2023-10-01,ST108,P3145,40.0,15,0
2023-10-01,ST108,P3177,38.0,10,0
2023-10-01,ST108,P3486,46.0,5,0
2023-10-01,ST108,P3309,34.0,15,0
2023-10-01,ST108,P3114,32.0,15,0
2023-10-01,ST108,P3469,36.0,5,0
2023-10-01,ST108,P3144,24.0,5,0
2023-10-01,ST108,P3444,25.0,5,0
2023-10-01,ST108,P3380,29.0,20,0
2023-10-01,ST108,P3253,32.0,20,0
2023-10-01,ST108,P3165,28.0,5,0
2023-10-01,ST108,P3419,28.0,20,0
2023-10-01,ST108,P3025,47.0,10,0
2023-10-01,ST108,P3013,37.0,15,0
2023-10-01,ST108,P3284,42.0,15,0
2023-10-01,ST108,P3033,29.0,15,0
2023-10-01,ST108,P3496,26.0,5,0
2023-10-01,ST108,P3193,26.0,20,0
2023-10-01,ST108,P3226,36.0,10,0
2023-10-01,ST108,P3012,39.0,20,0
2023-10-01,ST108,P3312,33.0,10,0
2023-10-01,ST108,P3147,34.0,20,0
2023-10-01,ST108,P3164,39.0,20,0
2023-10-01,ST108,P3519,33.0,5,0
2023-10-01,ST108,P3065,33.0,10,0
2023-10-01,ST108,P3021,43.0,10,0
2023-10-01,ST108,P3102,36.0,5,0
2023-10-01,ST108,P3261,39.0,5,0
2023-10-01,ST108,P3169,41.0,5,0
2023-10-01,ST108,P3188,22.0,10,0
2023-10-01,ST108,P3238,39.0,15,0
2023-10-01,ST108,P3232,33.0,15,0
2023-10-01,ST108,P3434,43.0,20,0
2023-10-01,ST109,P3158,25.0,15,0
2023-10-01,ST109,P3425,33.0,10,0
2023-10-01,ST109,P3119,32.0,5,0
2023-10-01,ST109,P3185,36.0,10,0
2023-10-01,ST109,P3208,32.0,5,0
2023-10-01,ST109,P3405,48.0,15,0
2023-10-01,ST109,P3477,26.0,10,0
2023-10-01,ST109,P3039,45.0,10,0
2023-10-01,ST109,P3144,41.0,20,0
2023-10-01,ST109,P3305,31.0,15,0
2023-10-01,ST109,P3376,37.0,15,0
2023-10-01,ST109,P3056,31.0,15,0
2023-10-01,ST109,P3053,26.0,20,0
2023-10-01,ST109,P3270,46.0,10,0
2023-10-01,ST109,P3371,29.0,10,0
2023-10-01,ST109,P3483,34.0,20,0
2023-10-01,ST109,P3078,26.0,10,0
2023-10-01,ST109,P3169,44.0,5,0
2023-10-01,ST109,P3027,44.0,10,0
2023-10-01,ST109,P3174,28.0,20,0
2023-10-01,ST109,P3394,51.0,10,0
2023-10-01,ST109,P3364,41.0,20,0
2023-10-01,ST109,P3335,32.0,20,0
2023-10-01,ST109,P3042,30.0,5,0
2023-10-01,ST109,P3195,35.0,15,0
2023-10-01,ST109,P3393,38.0,15,0
2023-10-01,ST109,P3360,48.0,20,0
2023-10-01,ST109,P3284,33.0,10,0
2023-10-01,ST109,P3297,30.0,5,0
2023-10-01,ST109,P3333,32.0,20,0
2023-10-01,ST109,P3383,29.0,10,0
2023-10-01,ST109,P3481,33.0,5,0
2023-10-01,ST109,P3390,32.0,20,0
2023-10-01,ST109,P3316,36.0,5,0
2023-10-01,ST109,P3241,34.0,20,0
2023-10-01,ST109,P3142,24.0,5,0
2023-10-01,ST109,P3022,42.0,10,0
2023-10-01,ST109,P3276,19.0,10,0
2023-10-01,ST109,P3446,40.0,20,0
2023-10-01,ST109,P3215,32.0,10,0
2023-10-01,ST109,P3228,26.0,5,0
2023-10-01,ST109,P3447,35.0,5,0
2023-10-01,ST109,P3194,34.0,10,0
2023-10-01,ST109,P3018,36.0,20,0
2023-10-01,ST109,P3160,48.0,20,0
2023-10-01,ST109,P3184,34.0,20,0
2023-10-01,ST109,P3311,30.0,5,0
2023-10-01,ST109,P3474,32.0,10,0
2023-10-01,ST109,P3058,46.0,20,0
2023-10-01,ST109,P3345,35.0,15,0
2023-10-01,ST109,P3396,29.0,15,0
2023-10-01,ST109,P3229,49.0,10,0
2023-10-01,ST109,P3379,32.0,10,0
2023-10-01,ST109,P3074,33.0,15,0
2023-10-01,ST109,P3382,44.0,15,0
2023-10-01,ST109,P3006,34.0,10,0
2023-10-01,ST109,P3130,35.0,5,0
2023-10-01,ST109,P3048,38.0,5,0
2023-10-01,ST109,P3101,48.0,20,0
2023-10-01,ST109,P3461,39.0,20,0
2023-10-01,ST110,P3390,36.0,15,0
2023-10-01,ST110,P3412,40.0,10,0
2023-10-01,ST110,P3065,43.0,5,0
2023-10-01,ST110,P3421,29.0,20,0
2023-10-01,ST110,P3464,32.0,20,0
2023-10-01,ST110,P3031,28.0,20,0
2023-10-01,ST110,P3106,29.0,10,0
2023-10-01,ST110,P3330,23.0,5,0
2023-10-01,ST110,P3373,35.0,15,0
2023-10-01,ST110,P3235,37.0,15,0
2023-10-01,ST110,P3279,39.0,15,0
2023-10-01,ST110,P3139,36.0,15,0
2023-10-01,ST110,P3404,53.0,20,0
2023-10-01,ST110,P3449,27.0,10,0
2023-10-01,ST110,P3371,45.0,15,0
2023-10-01,ST110,P3272,40.0,5,0
2023-10-01,ST110,P3349,40.0,5,0
2023-10-01,ST110,P3280,34.0,5,0
2023-10-01,ST110,P3017,37.0,10,0
2023-10-01,ST110,P3307,36.0,15,0
2023-10-01,ST110,P3377,30.0,15,0
2023-10-01,ST110,P3177,36.0,5,0
2023-10-01,ST110,P3192,29.0,20,0
2023-10-01,ST110,P3135,35.0,10,0
2023-10-01,ST110,P3114,38.0,5,0
2023-10-01,ST110,P3365,33.0,20,0
2023-10-01,ST110,P3206,38.0,10,0
2023-10-01,ST110,P3338,27.0,20,0
2023-10-01,ST110,P3418,43.0,20,0
2023-10-01,ST110,P3379,34.0,15,0
2023-10-01,ST110,P3172,36.0,20,0
2023-10-01,ST110,P3443,27.0,20,0
2023-10-01,ST110,P3238,38.0,20,0
2023-10-01,ST110,P3370,36.0,15,0
2023-10-01,ST110,P3508,38.0,5,0
2023-10-01,ST110,P3121,25.0,10,0
2023-10-01,ST110,P3435,36.0,5,0
2023-10-01,ST110,P3472,17.0,20,0
2023-10-01,ST110,P3513,26.0,20,0
2023-10-01,ST110,P3347,33.0,20,0
2023-10-01,ST110,P3453,43.0,20,0
2023-10-01,ST110,P3415,32.0,15,0
2023-10-01,ST110,P3392,36.0,20,0
2023-10-01,ST110,P3079,36.0,20,0
2023-10-01,ST110,P3323,35.0,10,0
2023-10-01,ST110,P3386,34.0,5,0
2023-10-01,ST110,P3108,41.0,10,0
2023-10-01,ST110,P3171,34.0,20,0
2023-10-01,ST110,P3156,32.0,10,0
2023-10-01,ST110,P3351,30.0,15,0
2023-10-01,ST110,P3447,42.0,20,0
2023-10-01,ST110,P3334,40.0,5,0
2023-10-01,ST110,P3471,37.0,15,0
2023-10-01,ST110,P3403,40.0,15,0
2023-10-01,ST110,P3501,40.0,15,0
2023-10-01,ST110,P3348,28.0,20,0
2023-10-01,ST110,P3036,36.0,15,0
2023-10-01,ST110,P3068,34.0,10,0
2023-10-01,ST110,P3214,31.0,15,0
2023-10-01,ST110,P3428,39.0,5,0
2023-10-01,ST111,P3102,40.0,5,0
2023-10-01,ST111,P3381,24.0,10,0
2023-10-01,ST111,P3083,32.0,15,0
2023-10-01,ST111,P3507,38.0,10,0
2023-10-01,ST111,P3345,36.0,15,0
2023-10-01,ST111,P3248,34.0,15,0
2023-10-01,ST111,P3048,35.0,20,0
2023-10-01,ST111,P3482,23.0,10,0
2023-10-01,ST111,P3477,36.0,15,0
2023-10-01,ST111,P3316,25.0,5,0
2023-10-01,ST111,P3405,26.0,10,0
2023-10-01,ST111,P3020,33.0,5,0
2023-10-01,ST111,P3213,36.0,5,0
2023-10-01,ST111,P3008,34.0,15,0
2023-10-01,ST111,P3045,47.0,15,0
2023-10-01,ST111,P3181,42.0,20,0
2023-10-01,ST111,P3258,26.0,15,0
2023-10-01,ST111,P3298,37.0,15,0
2023-10-01,ST111,P3436,38.0,20,0
2023-10-01,ST111,P3051,25.0,10,0
2023-10-01,ST111,P3205,36.0,15,0
2023-10-01,ST111,P3367,38.0,15,0
2023-10-01,ST111,P3019,34.0,20,0
2023-10-01,ST111,P3080,28.0,5,0
2023-10-01,ST111,P3357,51.0,20,0
2023-10-01,ST111,P3114,36.0,15,0
2023-10-01,ST111,P3410,28.0,20,0
2023-10-01,ST111,P3251,37.0,15,0
2023-10-01,ST111,P3171,37.0,10,0
2023-10-01,ST111,P3228,33.0,5,0
2023-10-01,ST111,P3150,35.0,5,0
2023-10-01,ST111,P3286,36.0,5,0
2023-10-01,ST111,P3147,35.0,20,0
2023-10-01,ST111,P3318,32.0,10,0
2023-10-01,ST111,P3320,39.0,20,0
2023-10-01,ST111,P3237,33.0,20,0
2023-10-01,ST111,P3332,38.0,5,0
2023-10-01,ST111,P3473,25.0,20,0
2023-10-01,ST111,P3193,33.0,10,0
2023-10-01,ST111,P3204,24.0,15,0
2023-10-01,ST111,P3460,42.0,10,0
2023-10-01,ST111,P3338,32.0,5,0
2023-10-01,ST111,P3428,51.0,15,0
2023-10-01,ST111,P3467,40.0,5,0
2023-10-01,ST111,P3157,27.0,15,0
2023-10-01,ST111,P3502,27.0,5,0
2023-10-01,ST111,P3376,39.0,15,0
2023-10-01,ST111,P3363,43.0,20,0
2023-10-01,ST111,P3129,27.0,10,0
2023-10-01,ST111,P3317,31.0,5,0
2023-10-01,ST111,P3107,37.0,5,0
2023-10-01,ST111,P3433,41.0,20,0
2023-10-01,ST111,P3355,47.0,15,0
2023-10-01,ST111,P3470,38.0,20,0
2023-10-01,ST111,P3215,37.0,20,0
2023-10-01,ST111,P3144,38.0,5,0
2023-10-01,ST111,P3247,40.0,15,0
2023-10-01,ST111,P3485,34.0,20,0
2023-10-01,ST111,P3439,35.0,10,0
2023-10-01,ST111,P3053,43.0,15,0
2023-10-01,ST112,P3415,37.0,5,0
2023-10-01,ST112,P3383,40.0,10,0
2023-10-01,ST112,P3297,28.0,15,0
2023-10-01,ST112,P3165,44.0,5,0
2023-10-01,ST112,P3191,40.0,5,0
2023-10-01,ST112,P3416,38.0,15,0
2023-10-01,ST112,P3180,41.0,20,0
2023-10-01,ST112,P3426,37.0,15,0
2023-10-01,ST112,P3294,40.0,5,0
2023-10-01,ST112,P3407,38.0,15,0
2023-10-01,ST112,P3017,32.0,20,0
2023-10-01,ST112,P3279,33.0,15,0
2023-10-01,ST112,P3067,38.0,5,0
2023-10-01,ST112,P3045,35.0,5,0
2023-10-01,ST112,P3016,31.0,5,0
2023-10-01,ST112,P3436,40.0,15,0
2023-10-01,ST112,P3248,35.0,5,0
2023-10-01,ST112,P3176,34.0,20,0
2023-10-01,ST112,P3424,36.0,5,0
2023-10-01,ST112,P3267,42.0,10,0
2023-10-01,ST112,P3482,47.0,10,0
2023-10-01,ST112,P3123,25.0,15,0
2023-10-01,ST112,P3184,43.0,5,0
2023-10-01,ST112,P3362,29.0,15,0
2023-10-01,ST112,P3242,42.0,10,0
2023-10-01,ST112,P3428,,10,0
2023-10-01,ST112,P3268,30.0,15,0
2023-10-01,ST112,P3140,37.0,20,0
2023-10-01,ST112,P3008,35.0,5,0
2023-10-01,ST112,P3491,38.0,10,0
2023-10-01,ST112,P3458,31.0,20,0
2023-10-01,ST112,P3302,23.0,20,0
2023-10-01,ST112,P3352,23.0,15,0
2023-10-01,ST112,P3163,39.0,10,0
2023-10-01,ST112,P3175,39.0,10,0
2023-10-01,ST112,P3384,33.0,20,0
2023-10-01,ST112,P3483,31.0,10,0
2023-10-01,ST112,P3320,33.0,20,0
2023-10-01,ST112,P3399,39.0,5,0
2023-10-01,ST112,P3142,32.0,15,0
2023-10-01,ST112,P3392,34.0,10,0
2023-10-01,ST112,P3468,34.0,15,0
2023-10-01,ST112,P3021,30.0,5,0
2023-10-01,ST112,P3259,45.0,10,0
2023-10-01,ST112,P3386,28.0,5,0
2023-10-01,ST112,P3457,39.0,20,0
2023-10-01,ST112,P3240,40.0,20,0
2023-10-01,ST112,P3464,31.0,20,0
2023-10-01,ST112,P3147,36.0,20,0
2023-10-01,ST112,P3465,34.0,15,0
2023-10-01,ST112,P3210,47.0,10,0
2023-10-01,ST112,P3382,32.0,5,0
2023-10-01,ST112,P3253,41.0,5,0
2023-10-01,ST112,P3097,37.0,20,0
2023-10-01,ST112,P3328,32.0,15,0
2023-10-01,ST112,P3489,29.0,15,0
2023-10-01,ST112,P3420,37.0,10,0
2023-10-01,ST112,P3265,30.0,10,0
2023-10-01,ST112,P3300,42.0,10,0
2023-10-01,ST112,P3434,48.0,15,0
2023-10-01,ST113,P3183,43.0,20,0
2023-10-01,ST113,P3152,29.0,15,0
2023-10-01,ST113,P3126,29.0,10,0
2023-10-01,ST113,P3212,32.0,20,0
2023-10-01,ST113,P3096,39.0,20,0
2023-10-01,ST113,P3172,38.0,10,0
2023-10-01,ST113,P3095,43.0,10,0
2023-10-01,ST113,P3506,29.0,20,0
2023-10-01,ST113,P3324,40.0,20,0
2023-10-01,ST113,P3155,40.0,10,0
2023-10-01,ST113,P3333,34.0,20,0
2023-10-01,ST113,P3346,35.0,10,0
2023-10-01,ST113,P3411,38.0,10,0
2023-10-01,ST113,P3144,33.0,15,0
2023-10-01,ST113,P3282,31.0,5,0
2023-10-01,ST113,P3002,40.0,20,0
2023-10-01,ST113,P3191,47.0,15,0
2023-10-01,ST113,P3122,37.0,15,0
2023-10-01,ST113,P3116,30.0,5,0
2023-10-01,ST113,P3350,47.0,15,0
2023-10-01,ST113,P3140,39.0,5,0
2023-10-01,ST113,P3317,49.0,15,0
2023-10-01,ST113,P3318,38.0,15,0
2023-10-01,ST113,P3496,32.0,15,0
2023-10-01,ST113,P3477,26.0,5,0
2023-10-01,ST113,P3246,35.0,20,0
2023-10-01,ST113,P3192,31.0,10,0
2023-10-01,ST113,P3242,39.0,5,0
2023-10-01,ST113,P3290,36.0,5,0
2023-10-01,ST113,P3102,28.0,10,0
2023-10-01,ST113,P3373,28.0,20,0
2023-10-01,ST113,P3359,33.0,20,0
2023-10-01,ST113,P3094,33.0,15,0
2023-10-01,ST113,P3366,31.0,15,0
2023-10-01,ST113,P3062,30.0,5,0
2023-10-01,ST113,P3208,30.0,5,0
2023-10-01,ST113,P3469,40.0,5,0
2023-10-01,ST113,P3432,34.0,5,0
2023-10-01,ST113,P3166,39.0,20,0
2023-10-01,ST113,P3056,34.0,10,0
2023-10-01,ST113,P3046,36.0,5,0
2023-10-01,ST113,P3362,34.0,20,0
2023-10-01,ST113,P3475,34.0,15,0
2023-10-01,ST113,P3098,35.0,20,0
2023-10-01,ST113,P3005,30.0,20,0
2023-10-01,ST113,P3378,31.0,5,0
2023-10-01,ST113,P3136,43.0,5,0
2023-10-01,ST113,P3512,34.0,10,0
2023-10-01,ST113,P3179,35.0,5,0
2023-10-01,ST113,P3337,45.0,5,0
2023-10-01,ST113,P3275,25.0,20,0
2023-10-01,ST113,P3190,36.0,5,0
2023-10-01,ST113,P3353,43.0,20,0
2023-10-01,ST113,P3502,42.0,10,0
2023-10-01,ST113,P3358,27.0,5,0
2023-10-01,ST113,P3519,37.0,5,0
2023-10-01,ST113,P3139,48.0,15,0
2023-10-01,ST113,P3447,37.0,10,0
2023-10-01,ST113,P3157,24.0,10,0
2023-10-01,ST113,P3041,36.0,5,0
2023-10-01,ST114,P3398,34.0,15,0
2023-10-01,ST114,P3265,39.0,20,0
2023-10-01,ST114,P3360,39.0,20,0
2023-10-01,ST114,P3144,36.0,5,0
2023-10-01,ST114,P3374,34.0,5,0
2023-10-01,ST114,P3015,33.0,10,0
2023-10-01,ST114,P3511,34.0,20,0
2023-10-01,ST114,P3044,23.0,10,0
2023-10-01,ST114,P3310,47.0,15,0
2023-10-01,ST114,P3159,34.0,15,0
2023-10-01,ST114,P3123,35.0,15,0
2023-10-01,ST114,P3056,37.0,20,0
2023-10-01,ST114,P3178,33.0,10,0
2023-10-01,ST114,P3359,28.0,20,0
2023-10-01,ST114,P3132,28.0,10,0
2023-10-01,ST114,P3455,32.0,10,0
2023-10-01,ST114,P3301,45.0,10,0
2023-10-01,ST114,P3176,38.0,15,0
2023-10-01,ST114,P3225,30.0,5,0
2023-10-01,ST114,P3365,32.0,15,0
2023-10-01,ST114,P3344,37.0,5,0
2023-10-01,ST114,P3020,43.0,5,0
2023-10-01,ST114,P3266,41.0,5,0
2023-10-01,ST114,P3434,25.0,10,0
2023-10-01,ST114,P3036,42.0,10,0
2023-10-01,ST114,P3267,37.0,20,0
2023-10-01,ST114,P3022,34.0,15,0
2023-10-01,ST114,P3141,32.0,10,0
2023-10-01,ST114,P3205,31.0,15,0
2023-10-01,ST114,P3488,45.0,20,0
2023-10-01,ST114,P3358,30.0,20,0
2023-10-01,ST114,P3279,43.0,10,0
2023-10-01,ST114,P3125,41.0,15,0
2023-10-01,ST114,P3280,34.0,10,0
2023-10-01,ST114,P3256,39.0,20,0
2023-10-01,ST114,P3031,24.0,20,0
2023-10-01,ST114,P3516,27.0,15,0
2023-10-01,ST114,P3081,25.0,10,0
2023-10-01,ST114,P3106,34.0,15,0
2023-10-01,ST114,P3228,35.0,20,0
2023-10-01,ST114,P3167,38.0,20,0
2023-10-01,ST114,P3441,31.0,10,0
2023-10-01,ST114,P3380,39.0,15,0
2023-10-01,ST114,P3155,32.0,10,0
2023-10-01,ST114,P3244,33.0,5,0
2023-10-01,ST114,P3010,34.0,5,0
2023-10-01,ST114,P3462,45.0,20,0
2023-10-01,ST114,P3293,39.0,15,0
2023-10-01,ST114,P3412,30.0,15,0
2023-10-01,ST114,P3407,37.0,20,0
2023-10-01,ST114,P3064,31.0,10,0
2023-10-01,ST114,P3337,31.0,20,0
2023-10-01,ST114,P3409,27.0,5,0
2023-10-01,ST114,P3452,41.0,15,0
2023-10-01,ST114,P3236,32.0,5,0
2023-10-01,ST114,P3254,30.0,20,0
2023-10-01,ST114,P3307,39.0,5,0
2023-10-01,ST114,P3196,36.0,20,0
2023-10-01,ST114,P3406,43.0,20,0
2023-10-01,ST114,P3296,50.0,20,0
2023-10-01,ST115,P3164,48.0,20,0
2023-10-01,ST115,P3058,31.0,20,0
2023-10-01,ST115,P3426,27.0,5,0
2023-10-01,ST115,P3356,43.0,15,0
2023-10-01,ST115,P3146,40.0,5,0
2023-10-01,ST115,P3415,25.0,15,0
2023-10-01,ST115,P3090,37.0,15,0
2023-10-01,ST115,P3322,39.0,5,0
2023-10-01,ST115,P3253,32.0,5,0
2023-10-01,ST115,P3512,35.0,10,0
2023-10-01,ST115,P3006,34.0,15,0
2023-10-01,ST115,P3215,33.0,5,0
2023-10-01,ST115,P3019,37.0,20,0
2023-10-01,ST115,P3450,37.0,5,0
2023-10-01,ST115,P3227,35.0,10,0
2023-10-01,ST115,P3020,29.0,5,0
2023-10-01,ST115,P3145,42.0,10,0
2023-10-01,ST115,P3490,41.0,20,0
2023-10-01,ST115,P3103,36.0,5,0
2023-10-01,ST115,P3385,37.0,5,0
2023-10-01,ST115,P3220,39.0,20,0
2023-10-01,ST115,P3270,29.0,10,0
2023-10-01,ST115,P3242,39.0,5,0
2023-10-01,ST115,P3049,34.0,20,0
2023-10-01,ST115,P3284,38.0,10,0
2023-10-01,ST115,P3455,43.0,15,0
2023-10-01,ST115,P3013,27.0,15,0
2023-10-01,ST115,P3280,36.0,5,0
2023-10-01,ST115,P3412,27.0,15,0
2023-10-01,ST115,P3037,34.0,15,0
2023-10-01,ST115,P3494,29.0,10,0
2023-10-01,ST115,P3077,54.0,5,0
2023-10-01,ST115,P3166,27.0,20,0
2023-10-01,ST115,P3203,36.0,5,0
2023-10-01,ST115,P3192,40.0,5,0
2023-10-01,ST115,P3413,36.0,20,0
2023-10-01,ST115,P3507,36.0,15,0
2023-10-01,ST115,P3486,41.0,15,0
2023-10-01,ST115,P3250,37.0,15,0
2023-10-01,ST115,P3178,41.0,5,0
2023-10-01,ST115,P3070,31.0,20,0
2023-10-01,ST115,P3504,33.0,15,0
2023-10-01,ST115,P3039,33.0,20,0
2023-10-01,ST115,P3247,39.0,10,0
2023-10-01,ST115,P3027,36.0,10,0
2023-10-01,ST115,P3345,35.0,15,0
2023-10-01,ST115,P3376,37.0,10,0
2023-10-01,ST115,P3277,27.0,20,0
2023-10-01,ST115,P3232,31.0,15,0
2023-10-01,ST115,P3188,27.0,20,0
2023-10-01,ST115,P3023,30.0,20,0
2023-10-01,ST115,P3281,30.0,10,0
2023-10-01,ST115,P3444,38.0,15,0
2023-10-01,ST115,P3180,,5,0
2023-10-01,ST115,P3042,36.0,10,0
2023-10-01,ST115,P3506,36.0,20,0
2023-10-01,ST115,P3087,25.0,10,0
2023-10-01,ST115,P3105,24.0,15,0
2023-10-01,ST115,P3065,31.0,15,0
2023-10-01,ST115,P3368,35.0,10,0
2023-10-01,ST116,P3180,44.0,10,0
2023-10-01,ST116,P3482,36.0,5,0
2023-10-01,ST116,P3196,36.0,10,0
2023-10-01,ST116,P3352,33.0,5,0
2023-10-01,ST116,P3014,25.0,20,0
2023-10-01,ST116,P3224,38.0,10,0
2023-10-01,ST116,P3145,43.0,10,0
2023-10-01,ST116,P3007,34.0,15,0
2023-10-01,ST116,P3190,38.0,10,0
2023-10-01,ST116,P3362,33.0,15,0
2023-10-01,ST116,P3447,35.0,20,0
2023-10-01,ST116,P3351,34.0,15,0
2023-10-01,ST116,P3472,42.0,20,0
2023-10-01,ST116,P3197,33.0,5,0
2023-10-01,ST116,P3304,35.0,20,0
2023-10-01,ST116,P3336,32.0,10,0
2023-10-01,ST116,P3141,39.0,5,0
2023-10-01,ST116,P3309,34.0,5,0
2023-10-01,ST116,P3296,29.0,10,0
2023-10-01,ST116,P3213,41.0,5,0
2023-10-01,ST116,P3247,31.0,20,0
2023-10-01,ST116,P3098,37.0,15,0
2023-10-01,ST116,P3226,32.0,5,0
2023-10-01,ST116,P3425,42.0,5,0
2023-10-01,ST116,P3154,40.0,20,0
2023-10-01,ST116,P3418,25.0,15,0
2023-10-01,ST116,P3220,32.0,15,0
2023-10-01,ST116,P3501,38.0,20,0
2023-10-01,ST116,P3419,35.0,20,0
2023-10-01,ST116,P3379,29.0,10,0
2023-10-01,ST116,P3199,36.0,10,0
2023-10-01,ST116,P3024,38.0,10,0
2023-10-01,ST116,P3004,39.0,20,0
2023-10-01,ST116,P3077,40.0,15,0
2023-10-01,ST116,P3099,30.0,5,0
2023-10-01,ST116,P3287,30.0,15,0
2023-10-01,ST116,P3071,32.0,20,0
2023-10-01,ST116,P3416,52.0,5,0
2023-10-01,ST116,P3219,28.0,20,0
2023-10-01,ST116,P3150,29.0,10,0
2023-10-01,ST116,P3463,23.0,15,0
2023-10-01,ST116,P3409,40.0,20,0
2023-10-01,ST116,P3086,32.0,15,0
2023-10-01,ST116,P3054,37.0,15,0
2023-10-01,ST116,P3162,29.0,5,0
2023-10-01,ST116,P3258,41.0,15,0
2023-10-01,ST116,P3090,30.0,20,0
2023-10-01,ST116,P3266,41.0,15,0
2023-10-01,ST116,P3148,37.0,20,0
2023-10-01,ST116,P3380,42.0,20,0
2023-10-01,ST116,P3017,39.0,20,0
2023-10-01,ST116,P3420,39.0,15,0
2023-10-01,ST116,P3194,41.0,15,0
2023-10-01,ST116,P3374,40.0,5,0
2023-10-01,ST116,P3018,38.0,20,0
2023-10-01,ST116,P3089,38.0,20,0
2023-10-01,ST116,P3251,38.0,5,0
2023-10-01,ST116,P3485,39.0,5,0
2023-10-01,ST116,P3166,45.0,10,0
2023-10-01,ST116,P3339,40.0,15,0
2023-10-01,ST117,P3191,27.0,10,0
2023-10-01,ST117,P3237,38.0,20,0
2023-10-01,ST117,P3494,43.0,5,0
2023-10-01,ST117,P3426,35.0,15,0
2023-10-01,ST117,P3356,31.0,20,0
2023-10-01,ST117,P3367,33.0,10,0
2023-10-01,ST117,P3032,40.0,5,0
2023-10-01,ST117,P3500,43.0,15,0
2023-10-01,ST117,P3046,34.0,5,0
2023-10-01,ST117,P3298,,10,0
2023-10-01,ST117,P3149,32.0,20,0
2023-10-01,ST117,P3192,39.0,15,0
2023-10-01,ST117,P3368,35.0,15,0
2023-10-01,ST117,P3058,33.0,20,0
2023-10-01,ST117,P3054,29.0,15,0
2023-10-01,ST117,P3181,42.0,10,0
2023-10-01,ST117,P3328,37.0,10,0
2023-10-01,ST117,P3451,35.0,5,0
2023-10-01,ST117,P3354,29.0,5,0
2023-10-01,ST117,P3465,35.0,20,0
2023-10-01,ST117,P3503,35.0,10,0
2023-10-01,ST117,P3187,45.0,10,0
2023-10-01,ST117,P3024,21.0,5,0
2023-10-01,ST117,P3011,41.0,5,0
2023-10-01,ST117,P3117,23.0,5,0
2023-10-01,ST117,P3307,31.0,5,0
2023-10-01,ST117,P3102,41.0,15,0
2023-10-01,ST117,P3098,30.0,10,0
2023-10-01,ST117,P3027,35.0,10,0
2023-10-01,ST117,P3127,46.0,15,0
2023-10-01,ST117,P3136,35.0,20,0
2023-10-01,ST117,P3438,38.0,20,0
2023-10-01,ST117,P3039,34.0,20,0
2023-10-01,ST117,P3129,28.0,10,0
2023-10-01,ST117,P3518,36.0,15,0
2023-10-01,ST117,P3050,29.0,10,0
2023-10-01,ST117,P3252,33.0,15,0
2023-10-01,ST117,P3001,42.0,20,0
2023-10-01,ST117,P3361,42.0,5,0
2023-10-01,ST117,P3473,33.0,5,0
2023-10-01,ST117,P3155,32.0,20,0
2023-10-01,ST117,P3080,,10,0
2023-10-01,ST117,P3312,31.0,10,0
2023-10-01,ST117,P3502,47.0,5,0
2023-10-01,ST117,P3410,27.0,20,0
2023-10-01,ST117,P3103,43.0,10,0
2023-10-01,ST117,P3478,31.0,5,0
2023-10-01,ST117,P3489,49.0,15,0
2023-10-01,ST117,P3072,33.0,20,0
2023-10-01,ST117,P3037,46.0,15,0
2023-10-01,ST117,P3491,31.0,20,0
2023-10-01,ST117,P3002,46.0,15,0
2023-10-01,ST117,P3007,25.0,5,0
2023-10-01,ST117,P3455,36.0,10,0
2023-10-01,ST117,P3330,23.0,20,0
2023-10-01,ST117,P3321,35.0,20,0
2023-10-01,ST117,P3357,33.0,10,0
2023-10-01,ST117,P3333,34.0,10,0
2023-10-01,ST117,P3424,30.0,15,0
2023-10-01,ST117,P3395,34.0,5,0
2023-10-01,ST118,P3146,37.0,5,0
2023-10-01,ST118,P3436,33.0,20,0
2023-10-01,ST118,P3396,41.0,20,0
2023-10-01,ST118,P3052,53.0,5,0
2023-10-01,ST118,P3409,38.0,10,0
2023-10-01,ST118,P3278,39.0,20,0
2023-10-01,ST118,P3279,36.0,10,0
2023-10-01,ST118,P3044,46.0,15,0
2023-10-01,ST118,P3323,29.0,5,0
2023-10-01,ST118,P3449,36.0,20,0
2023-10-01,ST118,P3350,29.0,15,0
2023-10-01,ST118,P3033,43.0,5,0
2023-10-01,ST118,P3471,38.0,5,0
2023-10-01,ST118,P3209,41.0,10,0
2023-10-01,ST118,P3238,38.0,15,0
2023-10-01,ST118,P3487,42.0,5,0
2023-10-01,ST118,P3106,38.0,15,0
2023-10-01,ST118,P3453,40.0,15,0
2023-10-01,ST118,P3022,31.0,5,0
2023-10-01,ST118,P3351,33.0,15,0
2023-10-01,ST118,P3166,46.0,5,0
2023-10-01,ST118,P3418,35.0,15,0
2023-10-01,ST118,P3039,41.0,10,0
2023-10-01,ST118,P3291,35.0,10,0
2023-10-01,ST118,P3314,36.0,10,0
2023-10-01,ST118,P3336,36.0,20,0
2023-10-01,ST118,P3414,29.0,20,0
2023-10-01,ST118,P3251,31.0,5,0
2023-10-01,ST118,P3439,35.0,20,0
2023-10-01,ST118,P3154,38.0,15,0
2023-10-01,ST118,P3190,42.0,15,0
2023-10-01,ST118,P3337,38.0,10,0
2023-10-01,ST118,P3135,35.0,5,0
2023-10-01,ST118,P3261,34.0,5,0
2023-10-01,ST118,P3302,32.0,15,0
2023-10-01,ST118,P3446,34.0,5,0
2023-10-01,ST118,P3074,31.0,5,0
2023-10-01,ST118,P3270,36.0,5,0
2023-10-01,ST118,P3066,41.0,15,0
2023-10-01,ST118,P3265,42.0,20,0
2023-10-01,ST118,P3141,26.0,5,0
2023-10-01,ST118,P3121,43.0,10,0
2023-10-01,ST118,P3252,36.0,5,0
2023-10-01,ST118,P3380,39.0,20,0
2023-10-01,ST118,P3180,29.0,10,0
2023-10-01,ST118,P3028,36.0,15,0
2023-10-01,ST118,P3206,38.0,10,0
2023-10-01,ST118,P3290,45.0,15,0
2023-10-01,ST118,P3113,36.0,15,0
2023-10-01,ST118,P3103,32.0,15,0
2023-10-01,ST118,P3482,39.0,10,0
2023-10-01,ST118,P3423,35.0,5,0
2023-10-01,ST118,P3421,31.0,15,0
2023-10-01,ST118,P3027,43.0,10,0
2023-10-01,ST118,P3178,29.0,20,0
2023-10-01,ST118,P3075,35.0,15,0
2023-10-01,ST118,P3268,27.0,20,0
2023-10-01,ST118,P3416,38.0,10,0
2023-10-01,ST118,P3360,39.0,5,0
2023-10-01,ST118,P3207,33.0,10,0
2023-11-01,ST101,P3278,,20,0
2023-11-01,ST101,P3326,33.0,10,0
2023-11-01,ST101,P3504,39.0,10,0
2023-11-01,ST101,P3308,31.0,20,0
2023-11-01,ST101,P3297,35.0,20,0
2023-11-01,ST101,P3411,34.0,10,0
2023-11-01,ST101,P3281,28.0,15,0
2023-11-01,ST101,P3088,30.0,5,0
2023-11-01,ST101,P3211,40.0,5,0
2023-11-01,ST101,P3133,33.0,5,0
2023-11-01,ST101,P3513,36.0,5,0
2023-11-01,ST101,P3021,42.0,10,0
2023-11-01,ST101,P3500,35.0,5,0
2023-11-01,ST101,P3499,34.0,15,0
2023-11-01,ST101,P3430,25.0,20,0
2023-11-01,ST101,P3429,28.0,10,0
2023-11-01,ST101,P3357,36.0,10,0
2023-11-01,ST101,P3391,38.0,10,0
2023-11-01,ST101,P3117,30.0,15,0
2023-11-01,ST101,P3201,40.0,15,0
2023-11-01,ST101,P3467,29.0,10,0
2023-11-01,ST101,P3489,32.0,5,0
2023-11-01,ST101,P3263,32.0,10,0
2023-11-01,ST101,P3328,41.0,20,0
2023-11-01,ST101,P3447,33.0,20,0
2023-11-01,ST101,P3103,35.0,15,0
2023-11-01,ST101,P3473,35.0,20,0
2023-11-01,ST101,P3503,34.0,5,0
2023-11-01,ST101,P3399,36.0,20,0
2023-11-01,ST101,P3212,38.0,20,0
2023-11-01,ST101,P3064,34.0,20,0
2023-11-01,ST101,P3115,36.0,15,0
2023-11-01,ST101,P3324,38.0,5,0
2023-11-01,ST101,P3266,33.0,15,0
2023-11-01,ST101,P3454,28.0,10,0
2023-11-01,ST101,P3383,34.0,10,0
2023-11-01,ST101,P3435,30.0,20,0
2023-11-01,ST101,P3470,33.0,20,0
2023-11-01,ST101,P3054,28.0,15,0
2023-11-01,ST101,P3311,28.0,5,0
2023-11-01,ST101,P3235,29.0,5,0
2023-11-01,ST101,P3465,25.0,15,0
2023-11-01,ST101,P3459,42.0,10,0
2023-11-01,ST101,P3100,27.0,15,0
2023-11-01,ST101,P3492,34.0,15,0
2023-11-01,ST101,P3182,41.0,15,0
2023-11-01,ST101,P3340,28.0,5,0
2023-11-01,ST101,P3493,29.0,20,0
2023-11-01,ST101,P3223,40.0,15,0
2023-11-01,ST101,P3216,34.0,10,0
2023-11-01,ST101,P3421,33.0,20,0
2023-11-01,ST101,P3514,41.0,5,0
2023-11-01,ST101,P3049,38.0,5,0
2023-11-01,ST101,P3039,38.0,20,0
2023-11-01,ST101,P3215,28.0,15,0
2023-11-01,ST101,P3193,37.0,10,0
2023-11-01,ST101,P3192,,5,0
2023-11-01,ST101,P3060,34.0,10,0
2023-11-01,ST101,P3474,36.0,20,0
2023-11-01,ST101,P3217,36.0,10,0
2023-11-01,ST102,P3054,33.0,5,0
2023-11-01,ST102,P3400,40.0,20,0
2023-11-01,ST102,P3473,25.0,10,0
2023-11-01,ST102,P3257,,20,0
2023-11-01,ST102,P3152,34.0,15,0
2023-11-01,ST102,P3274,42.0,5,0
2023-11-01,ST102,P3275,43.0,5,0
2023-11-01,ST102,P3065,36.0,5,0
2023-11-01,ST102,P3345,41.0,5,0
2023-11-01,ST102,P3174,29.0,20,0
2023-11-01,ST102,P3452,50.0,10,0
2023-11-01,ST102,P3319,44.0,20,0
2023-11-01,ST102,P3266,32.0,15,0
2023-11-01,ST102,P3446,35.0,10,0
2023-11-01,ST102,P3360,35.0,5,0
2023-11-01,ST102,P3093,29.0,10,0
2023-11-01,ST102,P3355,36.0,10,0
2023-11-01,ST102,P3144,35.0,20,0
2023-11-01,ST102,P3149,28.0,10,0
2023-11-01,ST102,P3351,45.0,5,0
2023-11-01,ST102,P3197,34.0,5,0
2023-11-01,ST102,P3013,,5,0
2023-11-01,ST102,P3023,34.0,5,0
2023-11-01,ST102,P3492,33.0,20,0
2023-11-01,ST102,P3006,35.0,5,0
2023-11-01,ST102,P3461,27.0,15,0
2023-11-01,ST102,P3496,42.0,5,0
2023-11-01,ST102,P3474,44.0,20,0
2023-11-01,ST102,P3252,27.0,5,0
2023-11-01,ST102,P3354,41.0,20,0
2023-11-01,ST102,P3233,39.0,20,0
2023-11-01,ST102,P3299,31.0,20,0
2023-11-01,ST102,P3205,24.0,20,0
2023-11-01,ST102,P3121,30.0,20,0
2023-11-01,ST102,P3514,28.0,15,0
2023-11-01,ST102,P3513,28.0,15,0
2023-11-01,ST102,P3491,32.0,5,0
2023-11-01,ST102,P3231,33.0,5,0
2023-11-01,ST102,P3374,38.0,15,0
2023-11-01,ST102,P3157,38.0,15,0
2023-11-01,ST102,P3140,26.0,10,0
2023-11-01,ST102,P3114,37.0,5,0
2023-11-01,ST102,P3227,43.0,20,0
2023-11-01,ST102,P3180,26.0,10,0
2023-11-01,ST102,P3519,31.0,20,0
2023-11-01,ST102,P3168,30.0,10,0
2023-11-01,ST102,P3425,26.0,10,0
2023-11-01,ST102,P3481,39.0,10,0
2023-11-01,ST102,P3279,36.0,5,0
2023-11-01,ST102,P3096,42.0,20,0
2023-11-01,ST102,P3325,28.0,20,0
2023-11-01,ST102,P3389,33.0,10,0
2023-11-01,ST102,P3312,45.0,15,0
2023-11-01,ST102,P3260,35.0,20,0
2023-11-01,ST102,P3123,38.0,15,0
2023-11-01,ST102,P3440,30.0,5,0
2023-11-01,ST102,P3014,39.0,15,0
2023-11-01,ST102,P3145,39.0,15,0
2023-11-01,ST102,P3061,38.0,5,0
2023-11-01,ST102,P3369,37.0,15,0
2023-11-01,ST103,P3029,38.0,15,0
2023-11-01,ST103,P3428,32.0,5,0
2023-11-01,ST103,P3032,34.0,10,0
2023-11-01,ST103,P3457,24.0,5,0
2023-11-01,ST103,P3430,36.0,10,0
2023-11-01,ST103,P3448,33.0,5,0
2023-11-01,ST103,P3311,22.0,5,0
2023-11-01,ST103,P3291,41.0,20,0
2023-11-01,ST103,P3465,33.0,20,0
2023-11-01,ST103,P3287,28.0,15,0
2023-11-01,ST103,P3355,31.0,5,0
2023-11-01,ST103,P3500,37.0,15,0
2023-11-01,ST103,P3456,32.0,20,0
2023-11-01,ST103,P3520,38.0,10,0
2023-11-01,ST103,P3028,36.0,5,0
2023-11-01,ST103,P3390,33.0,5,0
2023-11-01,ST103,P3163,29.0,20,0
2023-11-01,ST103,P3508,42.0,5,0
2023-11-01,ST103,P3279,30.0,5,0
2023-11-01,ST103,P3396,39.0,20,0
2023-11-01,ST103,P3086,39.0,5,0
2023-11-01,ST103,P3045,44.0,5,0
2023-11-01,ST103,P3308,29.0,20,0
2023-11-01,ST103,P3052,34.0,15,0
2023-11-01,ST103,P3102,30.0,10,0
2023-11-01,ST103,P3175,33.0,15,0
2023-11-01,ST103,P3155,40.0,20,0
2023-11-01,ST103,P3283,34.0,10,0
2023-11-01,ST103,P3361,30.0,15,0
2023-11-01,ST103,P3325,33.0,10,0
2023-11-01,ST103,P3515,36.0,20,0
2023-11-01,ST103,P3137,31.0,20,0
2023-11-01,ST103,P3204,24.0,15,0
2023-11-01,ST103,P3438,35.0,15,0
2023-11-01,ST103,P3040,29.0,10,0
2023-11-01,ST103,P3164,31.0,20,0
2023-11-01,ST103,P3323,29.0,5,0
2023-11-01,ST103,P3112,43.0,15,0
2023-11-01,ST103,P3389,32.0,20,0
2023-11-01,ST103,P3340,29.0,20,0
2023-11-01,ST103,P3449,32.0,5,0
2023-11-01,ST103,P3223,35.0,20,0
2023-11-01,ST103,P3248,39.0,10,0
2023-11-01,ST103,P3101,29.0,5,0
2023-11-01,ST103,P3006,44.0,15,0
2023-11-01,ST103,P3346,38.0,10,0
2023-11-01,ST103,P3047,36.0,15,0
2023-11-01,ST103,P3187,37.0,20,0
2023-11-01,ST103,P3109,28.0,15,0
2023-11-01,ST103,P3007,35.0,10,0
2023-11-01,ST103,P3193,43.0,20,0
2023-11-01,ST103,P3154,39.0,10,0
2023-11-01,ST103,P3196,20.0,15,0
2023-11-01,ST103,P3153,43.0,15,0
2023-11-01,ST103,P3221,26.0,20,0
2023-11-01,ST103,P3199,28.0,20,0
2023-11-01,ST103,P3416,35.0,5,0
2023-11-01,ST103,P3377,40.0,5,0
2023-11-01,ST103,P3238,35.0,15,0
2023-11-01,ST103,P3008,38.0,5,0
2023-11-01,ST104,P3427,37.0,15,0
2023-11-01,ST104,P3381,45.0,15,0
2023-11-01,ST104,P3010,38.0,10,0
2023-11-01,ST104,P3082,39.0,20,0
2023-11-01,ST104,P3116,37.0,20,0
2023-11-01,ST104,P3224,29.0,15,0
2023-11-01,ST104,P3284,39.0,10,0
2023-11-01,ST104,P3474,38.0,5,0
2023-11-01,ST104,P3332,35.0,20,0
2023-11-01,ST104,P3413,44.0,10,0
2023-11-01,ST104,P3422,38.0,10,0
2023-11-01,ST104,P3045,38.0,10,0
2023-11-01,ST104,P3485,31.0,10,0
2023-11-01,ST104,P3104,34.0,15,0
2023-11-01,ST104,P3209,38.0,10,0
2023-11-01,ST104,P3265,28.0,5,0
2023-11-01,ST104,P3198,34.0,5,0
2023-11-01,ST104,P3202,32.0,15,0
2023-11-01,ST104,P3110,40.0,15,0
2023-11-01,ST104,P3441,28.0,20,0
2023-11-01,ST104,P3405,45.0,20,0
2023-11-01,ST104,P3374,28.0,5,0
2023-11-01,ST104,P3151,33.0,20,0
2023-11-01,ST104,P3475,38.0,5,0
2023-11-01,ST104,P3169,22.0,5,0
2023-11-01,ST104,P3183,35.0,20,0
2023-11-01,ST104,P3268,43.0,10,0
2023-11-01,ST104,P3025,40.0,10,0
2023-11-01,ST104,P3329,32.0,10,0
2023-11-01,ST104,P3495,35.0,15,0
2023-11-01,ST104,P3385,33.0,10,0
2023-11-01,ST104,P3440,35.0,10,0
2023-11-01,ST104,P3274,35.0,15,0
2023-11-01,ST104,P3086,37.0,5,0
2023-11-01,ST104,P3172,31.0,20,0
2023-11-01,ST104,P3294,34.0,10,0
2023-11-01,ST104,P3415,26.0,15,0
2023-11-01,ST104,P3098,26.0,5,0
2023-11-01,ST104,P3017,28.0,15,0
2023-11-01,ST104,P3458,29.0,5,0
2023-11-01,ST104,P3402,31.0,20,0
2023-11-01,ST104,P3450,32.0,5,0
2023-11-01,ST104,P3047,34.0,15,0
2023-11-01,ST104,P3411,34.0,15,0
2023-11-01,ST104,P3514,40.0,15,0
2023-11-01,ST104,P3493,46.0,20,0
2023-11-01,ST104,P3037,39.0,20,0
2023-11-01,ST104,P3501,25.0,5,0
2023-11-01,ST104,P3112,48.0,10,0
2023-11-01,ST104,P3376,30.0,15,0
2023-11-01,ST104,P3180,39.0,15,0
2023-11-01,ST104,P3400,32.0,5,0
2023-11-01,ST104,P3502,34.0,10,0
2023-11-01,ST104,P3051,39.0,10,0
2023-11-01,ST104,P3192,33.0,10,0
2023-11-01,ST104,P3347,33.0,15,0
2023-11-01,ST104,P3465,38.0,5,0
2023-11-01,ST104,P3006,30.0,20,0
2023-11-01,ST104,P3212,35.0,5,0
2023-11-01,ST104,P3205,29.0,10,0
2023-11-01,ST105,P3277,41.0,5,0
2023-11-01,ST105,P3048,46.0,10,0
2023-11-01,ST105,P3431,35.0,20,0
2023-11-01,ST105,P3137,34.0,10,0
2023-11-01,ST105,P3356,48.0,5,0
2023-11-01,ST105,P3375,27.0,5,0
2023-11-01,ST105,P3230,33.0,10,0
2023-11-01,ST105,P3357,42.0,10,0
2023-11-01,ST105,P3221,33.0,5,0
2023-11-01,ST105,P3331,35.0,5,0
2023-11-01,ST105,P3305,37.0,5,0
2023-11-01,ST105,P3126,37.0,20,0
2023-11-01,ST105,P3037,34.0,10,0
2023-11-01,ST105,P3186,35.0,5,0
2023-11-01,ST105,P3233,24.0,20,0
2023-11-01,ST105,P3422,33.0,5,0
2023-11-01,ST105,P3075,44.0,5,0
2023-11-01,ST105,P3259,38.0,5,0
2023-11-01,ST105,P3403,20.0,15,0
2023-11-01,ST105,P3089,40.0,5,0
2023-11-01,ST105,P3394,41.0,20,0
2023-11-01,ST105,P3228,26.0,10,0
2023-11-01,ST105,P3387,24.0,15,0
2023-11-01,ST105,P3215,30.0,20,0
2023-11-01,ST105,P3337,33.0,15,0
2023-11-01,ST105,P3381,40.0,15,0
2023-11-01,ST105,P3044,35.0,20,0
2023-11-01,ST105,P3080,38.0,20,0
2023-11-01,ST105,P3195,30.0,10,0
2023-11-01,ST105,P3437,40.0,20,0
2023-11-01,ST105,P3057,34.0,10,0
2023-11-01,ST105,P3275,47.0,5,0
2023-11-01,ST105,P3513,38.0,5,0
2023-11-01,ST105,P3074,34.0,10,0
2023-11-01,ST105,P3040,38.0,5,0
2023-11-01,ST105,P3318,38.0,5,0
2023-11-01,ST105,P3105,28.0,10,0
2023-11-01,ST105,P3273,37.0,15,0
2023-11-01,ST105,P3386,36.0,5,0
2023-11-01,ST105,P3011,42.0,10,0
2023-11-01,ST105,P3139,36.0,20,0
2023-11-01,ST105,P3026,32.0,5,0
2023-11-01,ST105,P3100,40.0,20,0
2023-11-01,ST105,P3274,31.0,20,0
2023-11-01,ST105,P3160,32.0,5,0
2023-11-01,ST105,P3166,38.0,15,0
2023-11-01,ST105,P3465,43.0,5,0
2023-11-01,ST105,P3416,50.0,15,0
2023-11-01,ST105,P3289,32.0,20,0
2023-11-01,ST105,P3495,29.0,20,0
2023-11-01,ST105,P3196,28.0,5,0
2023-11-01,ST105,P3268,30.0,10,0
2023-11-01,ST105,P3030,39.0,20,0
2023-11-01,ST105,P3064,35.0,5,0
2023-11-01,ST105,P3280,30.0,20,0
2023-11-01,ST105,P3094,46.0,15,0
2023-11-01,ST105,P3369,45.0,10,0
2023-11-01,ST105,P3181,36.0,20,0
2023-11-01,ST105,P3039,25.0,15,0
2023-11-01,ST105,P3108,41.0,10,0
2023-11-01,ST106,P3243,35.0,10,0
2023-11-01,ST106,P3138,37.0,15,0
2023-11-01,ST106,P3353,31.0,5,0
2023-11-01,ST106,P3492,46.0,20,0
2023-11-01,ST106,P3278,45.0,15,0
2023-11-01,ST106,P3161,36.0,20,0
2023-11-01,ST106,P3068,40.0,20,0
2023-11-01,ST106,P3076,42.0,5,0
2023-11-01,ST106,P3123,39.0,15,0
2023-11-01,ST106,P3248,36.0,10,0
2023-11-01,ST106,P3088,38.0,20,0
2023-11-01,ST106,P3432,28.0,20,0
2023-11-01,ST106,P3254,36.0,10,0
2023-11-01,ST106,P3043,43.0,20,0
2023-11-01,ST106,P3319,42.0,15,0
2023-11-01,ST106,P3378,20.0,5,0
2023-11-01,ST106,P3455,40.0,5,0
2023-11-01,ST106,P3082,36.0,10,0
2023-11-01,ST106,P3129,38.0,20,0
2023-11-01,ST106,P3403,33.0,5,0
2023-11-01,ST106,P3343,43.0,5,0
2023-11-01,ST106,P3395,33.0,20,0
2023-11-01,ST106,P3185,33.0,20,0
2023-11-01,ST106,P3029,37.0,20,0
2023-11-01,ST106,P3006,45.0,20,0
2023-11-01,ST106,P3375,42.0,20,0
2023-11-01,ST106,P3422,38.0,15,0
2023-11-01,ST106,P3102,36.0,5,0
2023-11-01,ST106,P3246,34.0,10,0
2023-11-01,ST106,P3010,38.0,15,0
2023-11-01,ST106,P3431,33.0,10,0
2023-11-01,ST106,P3016,31.0,10,0
2023-11-01,ST106,P3316,35.0,20,0
2023-11-01,ST106,P3070,42.0,10,0
2023-11-01,ST106,P3241,36.0,10,0
2023-11-01,ST106,P3074,41.0,15,0
2023-11-01,ST106,P3335,38.0,10,0
2023-11-01,ST106,P3148,32.0,5,0
2023-11-01,ST106,P3094,40.0,10,0
2023-11-01,ST106,P3224,36.0,20,0
2023-11-01,ST106,P3465,32.0,20,0
2023-11-01,ST106,P3239,32.0,10,0
2023-11-01,ST106,P3190,37.0,10,0
2023-11-01,ST106,P3147,44.0,15,0
2023-11-01,ST106,P3235,28.0,5,0
2023-11-01,ST106,P3122,33.0,20,0
2023-11-01,ST106,P3314,39.0,5,0
2023-11-01,ST106,P3165,34.0,15,0
2023-11-01,ST106,P3363,37.0,20,0
2023-11-01,ST106,P3257,32.0,10,0
2023-11-01,ST106,P3144,28.0,20,0
2023-11-01,ST106,P3498,36.0,20,0
2023-11-01,ST106,P3151,33.0,5,0
2023-11-01,ST106,P3049,34.0,10,0
2023-11-01,ST106,P3128,45.0,5,0
2023-11-01,ST106,P3406,39.0,10,0
2023-11-01,ST106,P3095,41.0,15,0
2023-11-01,ST106,P3430,31.0,10,0
2023-11-01,ST106,P3451,42.0,5,0
2023-11-01,ST106,P3143,44.0,10,0
2023-11-01,ST107,P3282,26.0,5,0
2023-11-01,ST107,P3002,29.0,20,0
2023-11-01,ST107,P3342,35.0,20,0
2023-11-01,ST107,P3078,37.0,5,0
2023-11-01,ST107,P3247,42.0,5,0
2023-11-01,ST107,P3255,42.0,20,0
2023-11-01,ST107,P3197,33.0,10,0
2023-11-01,ST107,P3076,42.0,15,0
2023-11-01,ST107,P3434,22.0,10,0
2023-11-01,ST107,P3238,33.0,15,0
2023-11-01,ST107,P3250,25.0,5,0
2023-11-01,ST107,P3251,34.0,5,0
2023-11-01,ST107,P3360,37.0,15,0
2023-11-01,ST107,P3461,45.0,20,0
2023-11-01,ST107,P3180,44.0,10,0
2023-11-01,ST107,P3271,46.0,10,0
2023-11-01,ST107,P3292,41.0,15,0
2023-11-01,ST107,P3035,31.0,15,0
2023-11-01,ST107,P3382,35.0,15,0
2023-11-01,ST107,P3190,39.0,10,0
2023-11-01,ST107,P3502,36.0,20,0
2023-11-01,ST107,P3297,43.0,15,0
2023-11-01,ST107,P3351,34.0,15,0
2023-11-01,ST107,P3444,,20,0
2023-11-01,ST107,P3082,32.0,15,0
2023-11-01,ST107,P3294,37.0,20,0
2023-11-01,ST107,P3378,40.0,20,0
2023-11-01,ST107,P3114,50.0,15,0
2023-11-01,ST107,P3296,36.0,5,0
2023-11-01,ST107,P3344,33.0,15,0
2023-11-01,ST107,P3477,36.0,20,0
2023-11-01,ST107,P3364,35.0,10,0
2023-11-01,ST107,P3183,34.0,20,0
2023-11-01,ST107,P3110,41.0,15,0
2023-11-01,ST107,P3038,35.0,15,0
2023-11-01,ST107,P3226,39.0,15,0
2023-11-01,ST107,P3160,42.0,10,0
2023-11-01,ST107,P3254,38.0,15,0
2023-11-01,ST107,P3025,26.0,5,0
2023-11-01,ST107,P3210,38.0,10,0
2023-11-01,ST107,P3193,36.0,15,0
2023-11-01,ST107,P3200,40.0,5,0
2023-11-01,ST107,P3157,35.0,5,0
2023-11-01,ST107,P3309,40.0,20,0
2023-11-01,ST107,P3338,26.0,10,0
2023-11-01,ST107,P3279,41.0,20,0
2023-11-01,ST107,P3490,35.0,15,0
2023-11-01,ST107,P3399,35.0,5,0
2023-11-01,ST107,P3387,36.0,10,0
2023-11-01,ST107,P3437,42.0,20,0
2023-11-01,ST107,P3100,37.0,15,0
2023-11-01,ST107,P3301,38.0,15,0
2023-11-01,ST107,P3315,40.0,10,0
2023-11-01,ST107,P3184,31.0,10,0
2023-11-01,ST107,P3163,34.0,10,0
2023-11-01,ST107,P3248,44.0,5,0
2023-11-01,ST107,P3389,38.0,20,0
2023-11-01,ST107,P3328,40.0,15,0
2023-11-01,ST107,P3158,33.0,20,0
2023-11-01,ST107,P3372,34.0,10,0
2023-11-01,ST108,P3066,25.0,10,0
2023-11-01,ST108,P3466,29.0,10,0
2023-11-01,ST108,P3484,32.0,15,0
2023-11-01,ST108,P3038,22.0,20,0
2023-11-01,ST108,P3210,27.0,5,0
2023-11-01,ST108,P3241,24.0,5,0
2023-11-01,ST108,P3017,36.0,5,0
2023-11-01,ST108,P3405,35.0,15,0
2023-11-01,ST108,P3256,29.0,15,0
2023-11-01,ST108,P3381,34.0,15,0
2023-11-01,ST108,P3368,30.0,15,0
2023-11-01,ST108,P3308,39.0,20,0
2023-11-01,ST108,P3042,49.0,20,0
2023-11-01,ST108,P3417,33.0,5,0
2023-11-01,ST108,P3107,32.0,5,0
2023-11-01,ST108,P3121,27.0,20,0
2023-11-01,ST108,P3340,31.0,15,0
2023-11-01,ST108,P3453,36.0,10,0
2023-11-01,ST108,P3030,34.0,10,0
2023-11-01,ST108,P3058,33.0,10,0
2023-11-01,ST108,P3334,34.0,5,0
2023-11-01,ST108,P3244,37.0,20,0
2023-11-01,ST108,P3118,22.0,20,0
2023-11-01,ST108,P3329,34.0,5,0
2023-11-01,ST108,P3330,37.0,5,0
2023-11-01,ST108,P3320,40.0,5,0
2023-11-01,ST108,P3261,26.0,5,0
2023-11-01,ST108,P3298,35.0,20,0
2023-11-01,ST108,P3009,38.0,20,0
2023-11-01,ST108,P3360,42.0,15,0
2023-11-01,ST108,P3225,37.0,10,0
2023-11-01,ST108,P3074,24.0,20,0
2023-11-01,ST108,P3054,35.0,20,0
2023-11-01,ST108,P3336,31.0,15,0
2023-11-01,ST108,P3459,40.0,10,0
2023-11-01,ST108,P3133,35.0,10,0
2023-11-01,ST108,P3386,46.0,20,0
2023-11-01,ST108,P3393,28.0,20,0
2023-11-01,ST108,P3010,34.0,5,0
2023-11-01,ST108,P3490,36.0,20,0
2023-11-01,ST108,P3235,44.0,5,0
2023-11-01,ST108,P3342,49.0,15,0
2023-11-01,ST108,P3200,38.0,15,0
2023-11-01,ST108,P3018,37.0,5,0
2023-11-01,ST108,P3176,46.0,10,0
2023-11-01,ST108,P3479,31.0,5,0
2023-11-01,ST108,P3199,36.0,5,0
2023-11-01,ST108,P3096,27.0,20,0
2023-11-01,ST108,P3444,36.0,5,0
2023-11-01,ST108,P3229,29.0,5,0
2023-11-01,ST108,P3447,40.0,20,0
2023-11-01,ST108,P3008,40.0,5,0
2023-11-01,ST108,P3201,33.0,10,0
2023-11-01,ST108,P3265,46.0,15,0
2023-11-01,ST108,P3311,46.0,20,0
2023-11-01,ST108,P3143,30.0,20,0
2023-11-01,ST108,P3062,25.0,10,0
2023-11-01,ST108,P3053,44.0,20,0
2023-11-01,ST108,P3181,33.0,10,0
2023-11-01,ST108,P3165,31.0,5,0
2023-11-01,ST109,P3514,37.0,10,0
2023-11-01,ST109,P3124,36.0,10,0
2023-11-01,ST109,P3416,39.0,15,0
2023-11-01,ST109,P3460,34.0,10,0
2023-11-01,ST109,P3380,34.0,15,0
2023-11-01,ST109,P3046,38.0,10,0
2023-11-01,ST109,P3148,30.0,10,0
2023-11-01,ST109,P3067,34.0,15,0
2023-11-01,ST109,P3034,36.0,5,0
2023-11-01,ST109,P3163,41.0,10,0
2023-11-01,ST109,P3128,46.0,20,0
2023-11-01,ST109,P3371,36.0,10,0
2023-11-01,ST109,P3165,37.0,10,0
2023-11-01,ST109,P3004,34.0,20,0
2023-11-01,ST109,P3335,33.0,5,0
2023-11-01,ST109,P3350,37.0,20,0
2023-11-01,ST109,P3379,42.0,10,0
2023-11-01,ST109,P3147,40.0,5,0
2023-11-01,ST109,P3327,31.0,20,0
2023-11-01,ST109,P3494,26.0,15,0
2023-11-01,ST109,P3466,38.0,20,0
2023-11-01,ST109,P3229,30.0,15,0
2023-11-01,ST109,P3322,31.0,20,0
2023-11-01,ST109,P3017,35.0,10,0
2023-11-01,ST109,P3012,38.0,15,0
2023-11-01,ST109,P3333,29.0,20,0
2023-11-01,ST109,P3389,30.0,20,0
2023-11-01,ST109,P3199,45.0,20,0
2023-11-01,ST109,P3468,35.0,15,0
2023-11-01,ST109,P3346,42.0,5,0
2023-11-01,ST109,P3413,42.0,15,0
2023-11-01,ST109,P3082,42.0,20,0
2023-11-01,ST109,P3102,40.0,20,0
2023-11-01,ST109,P3228,25.0,5,0
2023-11-01,ST109,P3257,39.0,5,0
2023-11-01,ST109,P3200,37.0,20,0
2023-11-01,ST109,P3480,35.0,20,0
2023-11-01,ST109,P3258,38.0,10,0
2023-11-01,ST109,P3060,31.0,20,0
2023-11-01,ST109,P3110,35.0,5,0
2023-11-01,ST109,P3290,32.0,10,0
2023-11-01,ST109,P3007,26.0,20,0
2023-11-01,ST109,P3369,32.0,20,0
2023-11-01,ST109,P3357,40.0,15,0
2023-11-01,ST109,P3453,39.0,5,0
2023-11-01,ST109,P3423,40.0,5,0
2023-11-01,ST109,P3307,30.0,20,0
2023-11-01,ST109,P3156,30.0,10,0
2023-11-01,ST109,P3059,37.0,20,0
2023-11-01,ST109,P3477,40.0,15,0
2023-11-01,ST109,P3447,28.0,5,0
2023-11-01,ST109,P3265,33.0,5,0
2023-11-01,ST109,P3470,24.0,10,0
2023-11-01,ST109,P3422,28.0,10,0
2023-11-01,ST109,P3196,36.0,20,0
2023-11-01,ST109,P3188,43.0,5,0
2023-11-01,ST109,P3211,30.0,5,0
2023-11-01,ST109,P3129,39.0,5,0
2023-11-01,ST109,P3041,27.0,20,0
2023-11-01,ST109,P3284,39.0,10,0
2023-11-01,ST110,P3119,33.0,5,0
2023-11-01,ST110,P3460,26.0,20,0
2023-11-01,ST110,P3128,32.0,5,0
2023-11-01,ST110,P3308,35.0,10,0
2023-11-01,ST110,P3248,36.0,5,0
2023-11-01,ST110,P3431,38.0,10,0
2023-11-01,ST110,P3181,33.0,15,0
2023-11-01,ST110,P3136,25.0,15,0
2023-11-01,ST110,P3019,31.0,15,0
2023-11-01,ST110,P3203,43.0,5,0
2023-11-01,ST110,P3349,37.0,5,0
2023-11-01,ST110,P3124,24.0,5,0
2023-11-01,ST110,P3456,36.0,20,0
2023-11-01,ST110,P3200,28.0,20,0
2023-11-01,ST110,P3484,23.0,20,0
2023-11-01,ST110,P3182,32.0,5,0
2023-11-01,ST110,P3389,34.0,20,0
2023-11-01,ST110,P3010,28.0,5,0
2023-11-01,ST110,P3179,35.0,10,0
2023-11-01,ST110,P3411,28.0,10,0
2023-11-01,ST110,P3066,33.0,20,0
2023-11-01,ST110,P3332,26.0,20,0
2023-11-01,ST110,P3206,35.0,20,0
2023-11-01,ST110,P3147,36.0,5,0
2023-11-01,ST110,P3116,44.0,20,0
2023-11-01,ST110,P3018,25.0,20,0
2023-11-01,ST110,P3300,37.0,20,0
2023-11-01,ST110,P3059,36.0,5,0
2023-11-01,ST110,P3410,26.0,10,0
2023-11-01,ST110,P3516,34.0,10,0
2023-11-01,ST110,P3394,41.0,15,0
2023-11-01,ST110,P3401,33.0,10,0
2023-11-01,ST110,P3228,27.0,20,0
2023-11-01,ST110,P3357,39.0,15,0
2023-11-01,ST110,P3148,31.0,15,0
2023-11-01,ST110,P3439,32.0,20,0
2023-11-01,ST110,P3355,38.0,15,0
2023-11-01,ST110,P3125,32.0,10,0
2023-11-01,ST110,P3377,29.0,10,0
2023-11-01,ST110,P3317,38.0,5,0
2023-11-01,ST110,P3321,38.0,20,0
2023-11-01,ST110,P3395,37.0,20,0
2023-11-01,ST110,P3252,41.0,10,0
2023-11-01,ST110,P3340,32.0,10,0
2023-11-01,ST110,P3457,39.0,15,0
2023-11-01,ST110,P3438,29.0,10,0
2023-11-01,ST110,P3264,35.0,15,0
2023-11-01,ST110,P3386,34.0,15,0
2023-11-01,ST110,P3473,43.0,5,0
2023-11-01,ST110,P3256,32.0,10,0
2023-11-01,ST110,P3299,43.0,5,0
2023-11-01,ST110,P3322,29.0,20,0
2023-11-01,ST110,P3263,31.0,5,0
2023-11-01,ST110,P3141,32.0,20,0
2023-11-01,ST110,P3069,34.0,5,0
2023-11-01,ST110,P3497,34.0,20,0
2023-11-01,ST110,P3295,36.0,15,0
2023-11-01,ST110,P3425,41.0,20,0
2023-11-01,ST110,P3041,38.0,15,0
2023-11-01,ST110,P3173,50.0,20,0
2023-11-01,ST111,P3082,46.0,15,0
2023-11-01,ST111,P3126,34.0,10,0
2023-11-01,ST111,P3105,32.0,10,0
2023-11-01,ST111,P3094,40.0,5,0
2023-11-01,ST111,P3245,22.0,10,0
2023-11-01,ST111,P3322,23.0,5,0
2023-11-01,ST111,P3256,52.0,5,0
2023-11-01,ST111,P3008,40.0,10,0
2023-11-01,ST111,P3148,26.0,20,0
2023-11-01,ST111,P3004,33.0,20,0
2023-11-01,ST111,P3184,31.0,20,0
2023-11-01,ST111,P3187,29.0,5,0
2023-11-01,ST111,P3402,35.0,5,0
2023-11-01,ST111,P3433,29.0,10,0
2023-11-01,ST111,P3494,32.0,10,0
2023-11-01,ST111,P3360,40.0,10,0
2023-11-01,ST111,P3306,36.0,20,0
2023-11-01,ST111,P3136,38.0,20,0
2023-11-01,ST111,P3106,44.0,15,0
2023-11-01,ST111,P3078,34.0,10,0
2023-11-01,ST111,P3409,40.0,20,0
2023-11-01,ST111,P3091,40.0,10,0
2023-11-01,ST111,P3314,29.0,10,0
2023-11-01,ST111,P3413,38.0,5,0
2023-11-01,ST111,P3312,32.0,5,0
2023-11-01,ST111,P3202,21.0,20,0
2023-11-01,ST111,P3500,29.0,10,0
2023-11-01,ST111,P3018,32.0,5,0
2023-11-01,ST111,P3166,45.0,15,0
2023-11-01,ST111,P3497,45.0,10,0
2023-11-01,ST111,P3069,36.0,10,0
2023-11-01,ST111,P3186,32.0,5,0
2023-11-01,ST111,P3086,40.0,10,0
2023-11-01,ST111,P3072,33.0,20,0
2023-11-01,ST111,P3492,39.0,20,0
2023-11-01,ST111,P3027,52.0,15,0
2023-11-01,ST111,P3515,39.0,20,0
2023-11-01,ST111,P3159,35.0,20,0
2023-11-01,ST111,P3250,32.0,10,0
2023-11-01,ST111,P3276,34.0,10,0
2023-11-01,ST111,P3455,35.0,10,0
2023-11-01,ST111,P3364,41.0,20,0
2023-11-01,ST111,P3412,27.0,10,0
2023-11-01,ST111,P3060,43.0,5,0
2023-11-01,ST111,P3161,45.0,15,0
2023-11-01,ST111,P3452,37.0,20,0
2023-11-01,ST111,P3035,36.0,15,0
2023-11-01,ST111,P3063,27.0,10,0
2023-11-01,ST111,P3229,36.0,15,0
2023-11-01,ST111,P3127,31.0,20,0
2023-11-01,ST111,P3029,37.0,15,0
2023-11-01,ST111,P3418,32.0,15,0
2023-11-01,ST111,P3236,37.0,20,0
2023-11-01,ST111,P3125,31.0,20,0
2023-11-01,ST111,P3421,34.0,5,0
2023-11-01,ST111,P3057,24.0,5,0
2023-11-01,ST111,P3165,26.0,20,0
2023-11-01,ST111,P3305,30.0,15,0
2023-11-01,ST111,P3147,41.0,15,0
2023-11-01,ST111,P3319,35.0,20,0
2023-11-01,ST112,P3242,39.0,10,0
2023-11-01,ST112,P3164,35.0,10,0
2023-11-01,ST112,P3309,33.0,5,0
2023-11-01,ST112,P3342,38.0,10,0
2023-11-01,ST112,P3347,36.0,15,0
2023-11-01,ST112,P3492,40.0,15,0
2023-11-01,ST112,P3336,31.0,15,0
2023-11-01,ST112,P3258,44.0,15,0
2023-11-01,ST112,P3272,28.0,15,0
2023-11-01,ST112,P3358,37.0,10,0
2023-11-01,ST112,P3119,34.0,15,0
2023-11-01,ST112,P3031,39.0,5,0
2023-11-01,ST112,P3211,28.0,15,0
2023-11-01,ST112,P3343,37.0,10,0
2023-11-01,ST112,P3103,36.0,15,0
2023-11-01,ST112,P3227,31.0,10,0
2023-11-01,ST112,P3288,29.0,20,0
2023-11-01,ST112,P3096,37.0,15,0
2023-11-01,ST112,P3285,41.0,10,0
2023-11-01,ST112,P3441,51.0,5,0
2023-11-01,ST112,P3224,29.0,15,0
2023-11-01,ST112,P3185,37.0,5,0
2023-11-01,ST112,P3398,33.0,10,0
2023-11-01,ST112,P3507,35.0,15,0
2023-11-01,ST112,P3192,27.0,20,0
2023-11-01,ST112,P3014,37.0,20,0
2023-11-01,ST112,P3515,34.0,20,0
2023-11-01,ST112,P3511,32.0,20,0
2023-11-01,ST112,P3475,29.0,5,0
2023-11-01,ST112,P3337,35.0,5,0
2023-11-01,ST112,P3069,38.0,20,0
2023-11-01,ST112,P3322,37.0,20,0
2023-11-01,ST112,P3117,43.0,20,0
2023-11-01,ST112,P3323,30.0,10,0
2023-11-01,ST112,P3074,24.0,15,0
2023-11-01,ST112,P3501,32.0,10,0
2023-11-01,ST112,P3503,34.0,5,0
2023-11-01,ST112,P3070,37.0,20,0
2023-11-01,ST112,P3133,44.0,10,0
2023-11-01,ST112,P3201,,5,0
2023-11-01,ST112,P3207,25.0,5,0
2023-11-01,ST112,P3513,36.0,10,0
2023-11-01,ST112,P3003,38.0,10,0
2023-11-01,ST112,P3325,40.0,5,0
2023-11-01,ST112,P3198,35.0,20,0
2023-11-01,ST112,P3210,32.0,5,0
2023-11-01,ST112,P3107,26.0,15,0
2023-11-01,ST112,P3517,46.0,5,0
2023-11-01,ST112,P3134,38.0,10,0
2023-11-01,ST112,P3245,28.0,10,0
2023-11-01,ST112,P3478,24.0,10,0
2023-11-01,ST112,P3313,45.0,10,0
2023-11-01,ST112,P3191,37.0,15,0
2023-11-01,ST112,P3067,33.0,15,0
2023-11-01,ST112,P3267,37.0,20,0
2023-11-01,ST112,P3465,17.0,15,0
2023-11-01,ST112,P3271,36.0,20,0
2023-11-01,ST112,P3498,34.0,15,0
2023-11-01,ST112,P3495,28.0,10,0
2023-11-01,ST112,P3420,27.0,15,0
2023-11-01,ST113,P3394,31.0,15,0
2023-11-01,ST113,P3139,36.0,15,0
2023-11-01,ST113,P3519,40.0,20,0
2023-11-01,ST113,P3190,29.0,15,0
2023-11-01,ST113,P3275,31.0,5,0
2023-11-01,ST113,P3413,33.0,20,0
2023-11-01,ST113,P3069,38.0,10,0
2023-11-01,ST113,P3434,37.0,10,0
2023-11-01,ST113,P3168,40.0,5,0
2023-11-01,ST113,P3001,41.0,10,0
2023-11-01,ST113,P3284,33.0,5,0
2023-11-01,ST113,P3381,38.0,10,0
2023-11-01,ST113,P3028,28.0,5,0
2023-11-01,ST113,P3310,32.0,20,0
2023-11-01,ST113,P3261,27.0,10,0
2023-11-01,ST113,P3113,42.0,15,0
2023-11-01,ST113,P3237,42.0,5,0
2023-11-01,ST113,P3408,36.0,5,0
2023-11-01,ST113,P3336,36.0,5,0
2023-11-01,ST113,P3196,29.0,5,0
2023-11-01,ST113,P3422,31.0,5,0
2023-11-01,ST113,P3399,37.0,5,0
2023-11-01,ST113,P3074,42.0,15,0
2023-11-01,ST113,P3044,39.0,20,0
2023-11-01,ST113,P3511,44.0,20,0
2023-11-01,ST113,P3212,26.0,5,0
2023-11-01,ST113,P3244,31.0,10,0
2023-11-01,ST113,P3514,41.0,10,0
2023-11-01,ST113,P3226,43.0,15,0
2023-11-01,ST113,P3488,25.0,10,0
2023-11-01,ST113,P3463,42.0,10,0
2023-11-01,ST113,P3460,39.0,20,0
2023-11-01,ST113,P3256,24.0,5,0
2023-11-01,ST113,P3499,28.0,20,0
2023-11-01,ST113,P3327,42.0,10,0
2023-11-01,ST113,P3111,41.0,20,0
2023-11-01,ST113,P3376,46.0,20,0
2023-11-01,ST113,P3283,34.0,15,0
2023-11-01,ST113,P3349,39.0,5,0
2023-11-01,ST113,P3029,35.0,5,0
2023-11-01,ST113,P3227,38.0,5,0
2023-11-01,ST113,P3024,49.0,5,0
2023-11-01,ST113,P3410,32.0,10,0
2023-11-01,ST113,P3108,47.0,20,0
2023-11-01,ST113,P3251,33.0,20,0
2023-11-01,ST113,P3409,28.0,10,0
2023-11-01,ST113,P3389,25.0,10,0
2023-11-01,ST113,P3037,27.0,10,0
2023-11-01,ST113,P3079,47.0,5,0
2023-11-01,ST113,P3369,36.0,5,0
2023-11-01,ST113,P3250,46.0,15,0
2023-11-01,ST113,P3122,42.0,10,0
2023-11-01,ST113,P3124,34.0,15,0
2023-11-01,ST113,P3255,28.0,5,0
2023-11-01,ST113,P3484,29.0,5,0
2023-11-01,ST113,P3160,38.0,5,0
2023-11-01,ST113,P3127,29.0,15,0
2023-11-01,ST113,P3307,36.0,20,0
2023-11-01,ST113,P3156,42.0,10,0
2023-11-01,ST113,P3339,,15,0
2023-11-01,ST114,P3128,37.0,15,0
2023-11-01,ST114,P3106,30.0,5,0
2023-11-01,ST114,P3421,38.0,15,0
2023-11-01,ST114,P3132,43.0,10,0
2023-11-01,ST114,P3433,31.0,10,0
2023-11-01,ST114,P3458,31.0,15,0
2023-11-01,ST114,P3025,37.0,10,0
2023-11-01,ST114,P3467,35.0,15,0
2023-11-01,ST114,P3064,33.0,15,0
2023-11-01,ST114,P3479,39.0,15,0
2023-11-01,ST114,P3228,35.0,20,0
2023-11-01,ST114,P3277,29.0,5,0
2023-11-01,ST114,P3177,26.0,5,0
2023-11-01,ST114,P3390,37.0,15,0
2023-11-01,ST114,P3393,41.0,5,0
2023-11-01,ST114,P3072,32.0,20,0
2023-11-01,ST114,P3477,30.0,5,0
2023-11-01,ST114,P3121,39.0,20,0
2023-11-01,ST114,P3450,31.0,10,0
2023-11-01,ST114,P3252,36.0,5,0
2023-11-01,ST114,P3020,32.0,5,0
2023-11-01,ST114,P3372,37.0,20,0
2023-11-01,ST114,P3495,42.0,10,0
2023-11-01,ST114,P3497,47.0,10,0
2023-11-01,ST114,P3321,33.0,20,0
2023-11-01,ST114,P3163,35.0,10,0
2023-11-01,ST114,P3381,30.0,5,0
2023-11-01,ST114,P3192,33.0,10,0
2023-11-01,ST114,P3220,45.0,10,0
2023-11-01,ST114,P3295,43.0,10,0
2023-11-01,ST114,P3353,33.0,10,0
2023-11-01,ST114,P3092,30.0,20,0
2023-11-01,ST114,P3478,38.0,5,0
2023-11-01,ST114,P3212,38.0,10,0
2023-11-01,ST114,P3338,37.0,5,0
2023-11-01,ST114,P3392,27.0,20,0
2023-11-01,ST114,P3096,35.0,10,0
2023-11-01,ST114,P3241,32.0,20,0
2023-11-01,ST114,P3199,34.0,5,0
2023-11-01,ST114,P3262,31.0,5,0
2023-11-01,ST114,P3002,31.0,20,0
2023-11-01,ST114,P3332,28.0,20,0
2023-11-01,ST114,P3081,28.0,15,0
2023-11-01,ST114,P3182,31.0,20,0
2023-11-01,ST114,P3116,41.0,20,0
2023-11-01,ST114,P3431,27.0,15,0
2023-11-01,ST114,P3029,36.0,20,0
2023-11-01,ST114,P3453,29.0,10,0
2023-11-01,ST114,P3463,43.0,5,0
2023-11-01,ST114,P3055,40.0,5,0
2023-11-01,ST114,P3078,37.0,5,0
2023-11-01,ST114,P3162,39.0,20,0
2023-11-01,ST114,P3491,38.0,5,0
2023-11-01,ST114,P3444,22.0,10,0
2023-11-01,ST114,P3008,42.0,15,0
2023-11-01,ST114,P3082,37.0,10,0
2023-11-01,ST114,P3148,39.0,5,0
2023-11-01,ST114,P3196,38.0,20,0
2023-11-01,ST114,P3107,25.0,10,0
2023-11-01,ST114,P3218,29.0,15,0
2023-11-01,ST115,P3096,33.0,5,0
2023-11-01,ST115,P3287,39.0,10,0
2023-11-01,ST115,P3215,43.0,10,0
2023-11-01,ST115,P3059,29.0,20,0
2023-11-01,ST115,P3284,39.0,10,0
2023-11-01,ST115,P3324,30.0,10,0
2023-11-01,ST115,P3242,35.0,10,0
2023-11-01,ST115,P3405,36.0,15,0
2023-11-01,ST115,P3378,38.0,10,0
2023-11-01,ST115,P3313,29.0,5,0
2023-11-01,ST115,P3246,28.0,10,0
2023-11-01,ST115,P3252,31.0,5,0
2023-11-01,ST115,P3237,37.0,10,0
2023-11-01,ST115,P3438,37.0,10,0
2023-11-01,ST115,P3460,34.0,15,0
2023-11-01,ST115,P3099,32.0,20,0
2023-11-01,ST115,P3445,44.0,15,0
2023-11-01,ST115,P3419,44.0,5,0
2023-11-01,ST115,P3518,43.0,20,0
2023-11-01,ST115,P3073,40.0,15,0
2023-11-01,ST115,P3128,33.0,15,0
2023-11-01,ST115,P3354,34.0,20,0
2023-11-01,ST115,P3050,38.0,20,0
2023-11-01,ST115,P3190,42.0,20,0
2023-11-01,ST115,P3508,33.0,10,0
2023-11-01,ST115,P3061,26.0,10,0
2023-11-01,ST115,P3208,27.0,10,0
2023-11-01,ST115,P3443,41.0,10,0
2023-11-01,ST115,P3057,43.0,15,0
2023-11-01,ST115,P3306,32.0,20,0
2023-11-01,ST115,P3351,43.0,10,0
2023-11-01,ST115,P3464,38.0,15,0
2023-11-01,ST115,P3513,43.0,15,0
2023-11-01,ST115,P3255,44.0,10,0
2023-11-01,ST115,P3383,36.0,10,0
2023-11-01,ST115,P3192,39.0,20,0
2023-11-01,ST115,P3325,30.0,10,0
2023-11-01,ST115,P3382,44.0,15,0
2023-11-01,ST115,P3162,30.0,15,0
2023-11-01,ST115,P3309,35.0,5,0
2023-11-01,ST115,P3015,37.0,5,0
2023-11-01,ST115,P3206,36.0,20,0
2023-11-01,ST115,P3317,31.0,20,0
2023-11-01,ST115,P3257,39.0,20,0
2023-11-01,ST115,P3086,27.0,5,0
2023-11-01,ST115,P3293,34.0,10,0
2023-11-01,ST115,P3055,34.0,20,0
2023-11-01,ST115,P3040,37.0,15,0
2023-11-01,ST115,P3139,32.0,5,0
2023-11-01,ST115,P3379,33.0,15,0
2023-11-01,ST115,P3369,30.0,20,0
2023-11-01,ST115,P3432,36.0,10,0
2023-11-01,ST115,P3466,28.0,5,0
2023-11-01,ST115,P3467,43.0,15,0
2023-11-01,ST115,P3024,40.0,5,0
2023-11-01,ST115,P3169,30.0,5,0
2023-11-01,ST115,P3386,36.0,5,0
2023-11-01,ST115,P3412,31.0,15,0
2023-11-01,ST115,P3453,33.0,10,0
2023-11-01,ST115,P3487,31.0,20,0
2023-11-01,ST116,P3515,40.0,15,0
2023-11-01,ST116,P3311,34.0,15,0
2023-11-01,ST116,P3069,30.0,5,0
2023-11-01,ST116,P3029,30.0,20,0
2023-11-01,ST116,P3479,31.0,15,0
2023-11-01,ST116,P3501,26.0,15,0
2023-11-01,ST116,P3384,33.0,5,0
2023-11-01,ST116,P3184,46.0,20,0
2023-11-01,ST116,P3172,31.0,5,0
2023-11-01,ST116,P3148,28.0,5,0
2023-11-01,ST116,P3478,35.0,20,0
2023-11-01,ST116,P3423,26.0,15,0
2023-11-01,ST116,P3143,30.0,15,0
2023-11-01,ST116,P3042,47.0,10,0
2023-11-01,ST116,P3395,33.0,15,0
2023-11-01,ST116,P3280,39.0,10,0
2023-11-01,ST116,P3508,38.0,10,0
2023-11-01,ST116,P3451,39.0,15,0
2023-11-01,ST116,P3428,34.0,10,0
2023-11-01,ST116,P3287,38.0,10,0
2023-11-01,ST116,P3220,38.0,15,0
2023-11-01,ST116,P3101,44.0,15,0
2023-11-01,ST116,P3141,25.0,5,0
2023-11-01,ST116,P3096,37.0,5,0
2023-11-01,ST116,P3444,32.0,10,0
2023-11-01,ST116,P3125,24.0,20,0
2023-11-01,ST116,P3204,33.0,20,0
2023-11-01,ST116,P3086,38.0,15,0
2023-11-01,ST116,P3500,28.0,5,0
2023-11-01,ST116,P3208,28.0,15,0
2023-11-01,ST116,P3359,29.0,10,0
2023-11-01,ST116,P3400,31.0,15,0
2023-11-01,ST116,P3039,29.0,10,0
2023-11-01,ST116,P3238,38.0,20,0
2023-11-01,ST116,P3516,32.0,10,0
2023-11-01,ST116,P3207,29.0,10,0
2023-11-01,ST116,P3102,28.0,20,0
2023-11-01,ST116,P3417,33.0,20,0
2023-11-01,ST116,P3116,38.0,5,0
2023-11-01,ST116,P3166,38.0,15,0
2023-11-01,ST116,P3323,38.0,10,0
2023-11-01,ST116,P3325,36.0,10,0
2023-11-01,ST116,P3061,41.0,20,0
2023-11-01,ST116,P3135,28.0,5,0
2023-11-01,ST116,P3420,41.0,15,0
2023-11-01,ST116,P3388,37.0,10,0
2023-11-01,ST116,P3126,38.0,5,0
2023-11-01,ST116,P3003,32.0,5,0
2023-11-01,ST116,P3447,30.0,20,0
2023-11-01,ST116,P3162,33.0,5,0
2023-11-01,ST116,P3489,43.0,15,0
2023-11-01,ST116,P3183,30.0,5,0
2023-11-01,ST116,P3415,35.0,15,0
2023-11-01,ST116,P3209,35.0,15,0
2023-11-01,ST116,P3114,44.0,10,0
2023-11-01,ST116,P3390,39.0,5,0
2023-11-01,ST116,P3023,37.0,15,0
2023-11-01,ST116,P3267,28.0,15,0
2023-11-01,ST116,P3436,38.0,15,0
2023-11-01,ST116,P3090,27.0,5,0
2023-11-01,ST117,P3471,46.0,5,0
2023-11-01,ST117,P3131,31.0,20,0
2023-11-01,ST117,P3021,35.0,20,0
2023-11-01,ST117,P3453,30.0,15,0
2023-11-01,ST117,P3226,20.0,10,0
2023-11-01,ST117,P3481,50.0,5,0
2023-11-01,ST117,P3499,29.0,20,0
2023-11-01,ST117,P3457,40.0,15,0
2023-11-01,ST117,P3305,25.0,20,0
2023-11-01,ST117,P3214,28.0,5,0
2023-11-01,ST117,P3255,34.0,20,0
2023-11-01,ST117,P3192,26.0,5,0
2023-11-01,ST117,P3237,34.0,20,0
2023-11-01,ST117,P3208,28.0,15,0
2023-11-01,ST117,P3196,29.0,20,0
2023-11-01,ST117,P3459,48.0,10,0
2023-11-01,ST117,P3164,31.0,20,0
2023-11-01,ST117,P3004,38.0,10,0
2023-11-01,ST117,P3362,24.0,15,0
2023-11-01,ST117,P3017,29.0,15,0
2023-11-01,ST117,P3285,25.0,10,0
2023-11-01,ST117,P3089,29.0,15,0
2023-11-01,ST117,P3367,36.0,15,0
2023-11-01,ST117,P3384,36.0,20,0
2023-11-01,ST117,P3424,33.0,10,0
2023-11-01,ST117,P3194,39.0,5,0
2023-11-01,ST117,P3290,29.0,20,0
2023-11-01,ST117,P3141,38.0,15,0
2023-11-01,ST117,P3043,27.0,20,0
2023-11-01,ST117,P3287,43.0,5,0
2023-11-01,ST117,P3489,29.0,20,0
2023-11-01,ST117,P3452,33.0,15,0
2023-11-01,ST117,P3266,38.0,5,0
2023-11-01,ST117,P3390,39.0,20,0
2023-11-01,ST117,P3480,31.0,15,0
2023-11-01,ST117,P3377,40.0,15,0
2023-11-01,ST117,P3064,32.0,15,0
2023-11-01,ST117,P3149,36.0,20,0
2023-11-01,ST117,P3059,29.0,20,0
2023-11-01,ST117,P3081,45.0,5,0
2023-11-01,ST117,P3048,44.0,10,0
2023-11-01,ST117,P3074,30.0,20,0
2023-11-01,ST117,P3277,37.0,5,0
2023-11-01,ST117,P3124,40.0,10,0
2023-11-01,ST117,P3126,34.0,15,0
2023-11-01,ST117,P3267,36.0,20,0
2023-11-01,ST117,P3138,47.0,10,0
2023-11-01,ST117,P3213,34.0,15,0
2023-11-01,ST117,P3398,39.0,5,0
2023-11-01,ST117,P3111,30.0,20,0
2023-11-01,ST117,P3464,32.0,5,0
2023-11-01,ST117,P3444,33.0,10,0
2023-11-01,ST117,P3295,39.0,5,0
2023-11-01,ST117,P3450,28.0,5,0
2023-11-01,ST117,P3125,35.0,15,0
2023-11-01,ST117,P3485,30.0,20,0
2023-11-01,ST117,P3404,32.0,15,0
2023-11-01,ST117,P3076,40.0,15,0
2023-11-01,ST117,P3096,36.0,10,0
2023-11-01,ST117,P3347,42.0,20,0
2023-11-01,ST118,P3047,35.0,20,0
2023-11-01,ST118,P3162,41.0,20,0
2023-11-01,ST118,P3153,32.0,15,0
2023-11-01,ST118,P3307,42.0,15,0
2023-11-01,ST118,P3243,31.0,10,0
2023-11-01,ST118,P3365,31.0,15,0
2023-11-01,ST118,P3335,38.0,15,0
2023-11-01,ST118,P3148,31.0,20,0
2023-11-01,ST118,P3072,30.0,5,0
2023-11-01,ST118,P3184,30.0,20,0
2023-11-01,ST118,P3100,40.0,15,0
2023-11-01,ST118,P3027,30.0,10,0
2023-11-01,ST118,P3114,48.0,20,0
2023-11-01,ST118,P3020,34.0,5,0
2023-11-01,ST118,P3227,37.0,5,0
2023-11-01,ST118,P3412,21.0,20,0
2023-11-01,ST118,P3252,35.0,10,0
2023-11-01,ST118,P3156,37.0,20,0
2023-11-01,ST118,P3488,29.0,10,0
2023-11-01,ST118,P3270,36.0,10,0
2023-11-01,ST118,P3204,43.0,20,0
2023-11-01,ST118,P3235,36.0,5,0
2023-11-01,ST118,P3323,30.0,5,0
2023-11-01,ST118,P3374,39.0,10,0
2023-11-01,ST118,P3403,30.0,20,0
2023-11-01,ST118,P3354,36.0,15,0
2023-11-01,ST118,P3077,37.0,15,0
2023-11-01,ST118,P3316,27.0,20,0
2023-11-01,ST118,P3244,35.0,20,0
2023-11-01,ST118,P3206,33.0,10,0
2023-11-01,ST118,P3189,37.0,10,0
2023-11-01,ST118,P3066,31.0,5,0
2023-11-01,ST118,P3355,40.0,10,0
2023-11-01,ST118,P3277,23.0,15,0
2023-11-01,ST118,P3228,31.0,20,0
2023-11-01,ST118,P3097,35.0,20,0
2023-11-01,ST118,P3157,43.0,15,0
2023-11-01,ST118,P3203,41.0,20,0
2023-11-01,ST118,P3138,27.0,10,0
2023-11-01,ST118,P3107,38.0,10,0
2023-11-01,ST118,P3164,24.0,20,0
2023-11-01,ST118,P3318,46.0,10,0
2023-11-01,ST118,P3291,34.0,20,0
2023-11-01,ST118,P3414,37.0,5,0
2023-11-01,ST118,P3275,35.0,15,0
2023-11-01,ST118,P3440,27.0,15,0
2023-11-01,ST118,P3328,29.0,15,0
2023-11-01,ST118,P3036,42.0,5,0
2023-11-01,ST118,P3432,38.0,5,0
2023-11-01,ST118,P3309,47.0,10,0
2023-11-01,ST118,P3212,36.0,5,0
2023-11-01,ST118,P3176,25.0,10,0
2023-11-01,ST118,P3468,28.0,15,0
2023-11-01,ST118,P3479,36.0,20,0
2023-11-01,ST118,P3382,43.0,15,0
2023-11-01,ST118,P3334,29.0,10,0
2023-11-01,ST118,P3041,32.0,15,0
2023-11-01,ST118,P3063,34.0,10,0
2023-11-01,ST118,P3438,38.0,20,0
2023-11-01,ST118,P3085,39.0,5,0
2023-12-01,ST101,P3162,29.0,15,0
2023-12-01,ST101,P3088,31.0,15,0
2023-12-01,ST101,P3195,27.0,5,0
2023-12-01,ST101,P3300,36.0,15,0
2023-12-01,ST101,P3096,38.0,20,0
2023-12-01,ST101,P3174,26.0,15,0
2023-12-01,ST101,P3144,25.0,20,0
2023-12-01,ST101,P3287,40.0,20,0
2023-12-01,ST101,P3412,35.0,10,0
2023-12-01,ST101,P3187,30.0,15,0
2023-12-01,ST101,P3033,32.0,5,0
2023-12-01,ST101,P3145,38.0,15,0
2023-12-01,ST101,P3428,38.0,15,0
2023-12-01,ST101,P3395,40.0,5,0
2023-12-01,ST101,P3375,47.0,15,0
2023-12-01,ST101,P3373,28.0,10,0
2023-12-01,ST101,P3351,35.0,15,0
2023-12-01,ST101,P3143,41.0,20,0
2023-12-01,ST101,P3304,52.0,10,0
2023-12-01,ST101,P3362,35.0,10,0
2023-12-01,ST101,P3407,36.0,10,0
2023-12-01,ST101,P3007,34.0,15,0
2023-12-01,ST101,P3242,38.0,15,0
2023-12-01,ST101,P3349,23.0,10,0
2023-12-01,ST101,P3232,31.0,10,0
2023-12-01,ST101,P3036,31.0,20,0
2023-12-01,ST101,P3424,38.0,10,0
2023-12-01,ST101,P3487,37.0,5,0
2023-12-01,ST101,P3111,38.0,10,0
2023-12-01,ST101,P3158,35.0,5,0
2023-12-01,ST101,P3327,29.0,20,0
2023-12-01,ST101,P3207,35.0,5,0
2023-12-01,ST101,P3330,32.0,15,0
2023-12-01,ST101,P3052,42.0,15,0
2023-12-01,ST101,P3080,32.0,10,0
2023-12-01,ST101,P3082,37.0,10,0
2023-12-01,ST101,P3270,37.0,5,0
2023-12-01,ST101,P3333,37.0,5,0
2023-12-01,ST101,P3453,25.0,5,0
2023-12-01,ST101,P3348,41.0,15,0
2023-12-01,ST101,P3267,31.0,15,0
2023-12-01,ST101,P3493,24.0,20,0
2023-12-01,ST101,P3149,26.0,20,0
2023-12-01,ST101,P3486,35.0,15,0
2023-12-01,ST101,P3077,38.0,10,0
2023-12-01,ST101,P3109,39.0,15,0
2023-12-01,ST101,P3020,29.0,5,0
2023-12-01,ST101,P3420,39.0,15,0
2023-12-01,ST101,P3423,29.0,20,0
2023-12-01,ST101,P3476,27.0,20,0
2023-12-01,ST101,P3116,33.0,15,0
2023-12-01,ST101,P3469,25.0,10,0
2023-12-01,ST101,P3431,40.0,5,0
2023-12-01,ST101,P3083,25.0,10,0
2023-12-01,ST101,P3489,32.0,10,0
2023-12-01,ST101,P3011,32.0,5,0
2023-12-01,ST101,P3017,46.0,20,0
2023-12-01,ST101,P3060,30.0,5,0
2023-12-01,ST101,P3334,31.0,15,0
2023-12-01,ST101,P3200,40.0,10,0
2023-12-01,ST102,P3118,36.0,15,0
2023-12-01,ST102,P3100,32.0,20,0
2023-12-01,ST102,P3481,37.0,5,0
2023-12-01,ST102,P3219,20.0,20,0
2023-12-01,ST102,P3330,32.0,20,0
2023-12-01,ST102,P3315,27.0,15,0
2023-12-01,ST102,P3358,33.0,15,0
2023-12-01,ST102,P3362,41.0,10,0
2023-12-01,ST102,P3506,26.0,20,0
2023-12-01,ST102,P3195,32.0,15,0
2023-12-01,ST102,P3446,43.0,5,0
2023-12-01,ST102,P3292,38.0,5,0
2023-12-01,ST102,P3032,40.0,15,0
2023-12-01,ST102,P3317,41.0,15,0
2023-12-01,ST102,P3428,36.0,20,0
2023-12-01,ST102,P3241,43.0,5,0
2023-12-01,ST102,P3127,24.0,10,0
2023-12-01,ST102,P3269,36.0,20,0
2023-12-01,ST102,P3342,33.0,20,0
2023-12-01,ST102,P3410,34.0,15,0
2023-12-01,ST102,P3122,20.0,20,0
2023-12-01,ST102,P3013,35.0,10,0
2023-12-01,ST102,P3426,39.0,15,0
2023-12-01,ST102,P3063,41.0,20,0
2023-12-01,ST102,P3226,28.0,15,0
2023-12-01,ST102,P3060,32.0,15,0
2023-12-01,ST102,P3507,33.0,15,0
2023-12-01,ST102,P3208,53.0,20,0
2023-12-01,ST102,P3154,31.0,5,0
2023-12-01,ST102,P3059,23.0,10,0
2023-12-01,ST102,P3433,28.0,10,0
2023-12-01,ST102,P3339,36.0,20,0
2023-12-01,ST102,P3406,40.0,15,0
2023-12-01,ST102,P3067,38.0,5,0
2023-12-01,ST102,P3485,35.0,15,0
2023-12-01,ST102,P3383,37.0,20,0
2023-12-01,ST102,P3050,29.0,15,0
2023-12-01,ST102,P3263,37.0,5,0
2023-12-01,ST102,P3236,35.0,15,0
2023-12-01,ST102,P3510,34.0,5,0
2023-12-01,ST102,P3427,36.0,10,0
2023-12-01,ST102,P3061,31.0,20,0
2023-12-01,ST102,P3429,31.0,15,0
2023-12-01,ST102,P3058,35.0,10,0
2023-12-01,ST102,P3206,41.0,5,0
2023-12-01,ST102,P3023,32.0,20,0
2023-12-01,ST102,P3353,33.0,15,0
2023-12-01,ST102,P3202,36.0,20,0
2023-12-01,ST102,P3159,33.0,20,0
2023-12-01,ST102,P3157,34.0,10,0
2023-12-01,ST102,P3314,44.0,15,0
2023-12-01,ST102,P3332,39.0,15,0
2023-12-01,ST102,P3394,40.0,10,0
2023-12-01,ST102,P3306,27.0,20,0
2023-12-01,ST102,P3116,37.0,5,0
2023-12-01,ST102,P3086,38.0,20,0
2023-12-01,ST102,P3483,27.0,15,0
2023-12-01,ST102,P3285,33.0,20,0
2023-12-01,ST102,P3132,32.0,10,0
2023-12-01,ST102,P3239,25.0,10,0
2023-12-01,ST103,P3342,44.0,10,0
2023-12-01,ST103,P3314,36.0,5,0
2023-12-01,ST103,P3343,29.0,10,0
2023-12-01,ST103,P3132,30.0,5,0
2023-12-01,ST103,P3446,28.0,10,0
2023-12-01,ST103,P3317,35.0,5,0
2023-12-01,ST103,P3330,28.0,5,0
2023-12-01,ST103,P3318,,10,0
2023-12-01,ST103,P3512,27.0,15,0
2023-12-01,ST103,P3315,32.0,5,0
2023-12-01,ST103,P3474,29.0,20,0
2023-12-01,ST103,P3416,43.0,10,0
2023-12-01,ST103,P3436,34.0,5,0
2023-12-01,ST103,P3459,37.0,20,0
2023-12-01,ST103,P3096,29.0,15,0
2023-12-01,ST103,P3004,38.0,5,0
2023-12-01,ST103,P3031,35.0,10,0
2023-12-01,ST103,P3310,40.0,5,0
2023-12-01,ST103,P3467,34.0,20,0
2023-12-01,ST103,P3022,33.0,20,0
2023-12-01,ST103,P3037,41.0,20,0
2023-12-01,ST103,P3194,53.0,20,0
2023-12-01,ST103,P3520,31.0,15,0
2023-12-01,ST103,P3015,39.0,15,0
2023-12-01,ST103,P3388,51.0,10,0
2023-12-01,ST103,P3468,32.0,20,0
2023-12-01,ST103,P3304,39.0,15,0
2023-12-01,ST103,P3322,33.0,5,0
2023-12-01,ST103,P3147,27.0,20,0
2023-12-01,ST103,P3401,38.0,20,0
2023-12-01,ST103,P3301,38.0,15,0
2023-12-01,ST103,P3026,38.0,15,0
2023-12-01,ST103,P3088,31.0,5,0
2023-12-01,ST103,P3079,33.0,5,0
2023-12-01,ST103,P3407,29.0,10,0
2023-12-01,ST103,P3374,38.0,15,0
2023-12-01,ST103,P3217,35.0,10,0
2023-12-01,ST103,P3126,43.0,5,0
2023-12-01,ST103,P3344,37.0,15,0
2023-12-01,ST103,P3339,34.0,15,0
2023-12-01,ST103,P3235,32.0,5,0
2023-12-01,ST103,P3108,35.0,20,0
2023-12-01,ST103,P3283,30.0,20,0
2023-12-01,ST103,P3181,31.0,15,0
2023-12-01,ST103,P3434,36.0,5,0
2023-12-01,ST103,P3246,44.0,5,0
2023-12-01,ST103,P3120,38.0,10,0
2023-12-01,ST103,P3122,30.0,15,0
2023-12-01,ST103,P3103,23.0,15,0
2023-12-01,ST103,P3044,27.0,5,0
2023-12-01,ST103,P3045,30.0,5,0
2023-12-01,ST103,P3163,29.0,10,0
2023-12-01,ST103,P3082,36.0,5,0
2023-12-01,ST103,P3490,32.0,10,0
2023-12-01,ST103,P3225,39.0,15,0
2023-12-01,ST103,P3227,39.0,15,0
2023-12-01,ST103,P3427,36.0,15,0
2023-12-01,ST103,P3373,33.0,20,0
2023-12-01,ST103,P3216,34.0,20,0
2023-12-01,ST103,P3476,26.0,15,0
2023-12-01,ST104,P3296,33.0,15,0
2023-12-01,ST104,P3362,24.0,20,0
2023-12-01,ST104,P3055,31.0,20,0
2023-12-01,ST104,P3125,35.0,20,0
2023-12-01,ST104,P3386,34.0,15,0
2023-12-01,ST104,P3343,37.0,10,0
2023-12-01,ST104,P3099,31.0,10,0
2023-12-01,ST104,P3293,25.0,15,0
2023-12-01,ST104,P3110,43.0,20,0
2023-12-01,ST104,P3260,36.0,15,0
2023-12-01,ST104,P3282,33.0,20,0
2023-12-01,ST104,P3026,36.0,15,0
2023-12-01,ST104,P3233,43.0,5,0
2023-12-01,ST104,P3151,37.0,20,0
2023-12-01,ST104,P3369,30.0,10,0
2023-12-01,ST104,P3407,32.0,10,0
2023-12-01,ST104,P3417,51.0,10,0
2023-12-01,ST104,P3333,28.0,10,0
2023-12-01,ST104,P3020,38.0,10,0
2023-12-01,ST104,P3315,19.0,5,0
2023-12-01,ST104,P3261,33.0,10,0
2023-12-01,ST104,P3049,28.0,15,0
2023-12-01,ST104,P3145,40.0,5,0
2023-12-01,ST104,P3129,39.0,10,0
2023-12-01,ST104,P3480,34.0,10,0
2023-12-01,ST104,P3147,48.0,5,0
2023-12-01,ST104,P3035,33.0,5,0
2023-12-01,ST104,P3077,41.0,5,0
2023-12-01,ST104,P3378,34.0,10,0
2023-12-01,ST104,P3461,26.0,15,0
2023-12-01,ST104,P3406,35.0,10,0
2023-12-01,ST104,P3460,29.0,15,0
2023-12-01,ST104,P3344,36.0,10,0
2023-12-01,ST104,P3221,42.0,10,0
2023-12-01,ST104,P3209,42.0,15,0
2023-12-01,ST104,P3304,28.0,15,0
2023-12-01,ST104,P3405,34.0,10,0
2023-12-01,ST104,P3437,27.0,5,0
2023-12-01,ST104,P3306,48.0,20,0
2023-12-01,ST104,P3002,43.0,5,0
2023-12-01,ST104,P3280,28.0,15,0
2023-12-01,ST104,P3370,39.0,5,0
2023-12-01,ST104,P3290,24.0,15,0
2023-12-01,ST104,P3445,38.0,15,0
2023-12-01,ST104,P3171,55.0,15,0
2023-12-01,ST104,P3030,,20,0
2023-12-01,ST104,P3070,42.0,15,0
2023-12-01,ST104,P3135,35.0,5,0
2023-12-01,ST104,P3038,45.0,20,0
2023-12-01,ST104,P3326,47.0,10,0
2023-12-01,ST104,P3482,41.0,5,0
2023-12-01,ST104,P3259,30.0,15,0
2023-12-01,ST104,P3447,26.0,15,0
2023-12-01,ST104,P3016,36.0,15,0
2023-12-01,ST104,P3404,37.0,10,0
2023-12-01,ST104,P3123,43.0,10,0
2023-12-01,ST104,P3481,44.0,20,0
2023-12-01,ST104,P3096,44.0,20,0
2023-12-01,ST104,P3237,39.0,20,0
2023-12-01,ST104,P3158,36.0,20,0
2023-12-01,ST105,P3396,30.0,20,0
2023-12-01,ST105,P3383,41.0,5,0
2023-12-01,ST105,P3394,35.0,10,0
2023-12-01,ST105,P3195,26.0,5,0
2023-12-01,ST105,P3186,31.0,10,0
2023-12-01,ST105,P3216,31.0,10,0
2023-12-01,ST105,P3408,48.0,20,0
2023-12-01,ST105,P3018,28.0,10,0
2023-12-01,ST105,P3076,33.0,15,0
2023-12-01,ST105,P3011,36.0,10,0
2023-12-01,ST105,P3437,38.0,5,0
2023-12-01,ST105,P3123,33.0,15,0
2023-12-01,ST105,P3029,42.0,15,0
2023-12-01,ST105,P3326,33.0,15,0
2023-12-01,ST105,P3129,36.0,15,0
2023-12-01,ST105,P3173,32.0,10,0
2023-12-01,ST105,P3505,37.0,15,0
2023-12-01,ST105,P3482,25.0,10,0
2023-12-01,ST105,P3243,30.0,10,0
2023-12-01,ST105,P3191,50.0,20,0
2023-12-01,ST105,P3279,35.0,5,0
2023-12-01,ST105,P3010,35.0,15,0
2023-12-01,ST105,P3197,43.0,15,0
2023-12-01,ST105,P3454,51.0,10,0
2023-12-01,ST105,P3273,35.0,5,0
2023-12-01,ST105,P3084,41.0,10,0
2023-12-01,ST105,P3185,23.0,10,0
2023-12-01,ST105,P3303,33.0,5,0
2023-12-01,ST105,P3487,38.0,15,0
2023-12-01,ST105,P3305,32.0,5,0
2023-12-01,ST105,P3425,36.0,10,0
2023-12-01,ST105,P3378,37.0,10,0
2023-12-01,ST105,P3030,24.0,20,0
2023-12-01,ST105,P3215,41.0,20,0
2023-12-01,ST105,P3047,29.0,5,0
2023-12-01,ST105,P3044,30.0,5,0
2023-12-01,ST105,P3520,39.0,20,0
2023-12-01,ST105,P3211,37.0,15,0
2023-12-01,ST105,P3205,26.0,5,0
2023-12-01,ST105,P3380,38.0,15,0
2023-12-01,ST105,P3070,32.0,10,0
2023-12-01,ST105,P3445,39.0,15,0
2023-12-01,ST105,P3412,43.0,10,0
2023-12-01,ST105,P3440,25.0,10,0
2023-12-01,ST105,P3271,34.0,20,0
2023-12-01,ST105,P3118,31.0,15,0
2023-12-01,ST105,P3111,34.0,20,0
2023-12-01,ST105,P3297,46.0,5,0
2023-12-01,ST105,P3021,33.0,15,0
2023-12-01,ST105,P3094,29.0,20,0
2023-12-01,ST105,P3476,41.0,10,0
2023-12-01,ST105,P3068,34.0,20,0
2023-12-01,ST105,P3064,32.0,10,0
2023-12-01,ST105,P3502,33.0,10,0
2023-12-01,ST105,P3235,28.0,10,0
2023-12-01,ST105,P3317,31.0,5,0
2023-12-01,ST105,P3247,31.0,15,0
2023-12-01,ST105,P3096,40.0,5,0
2023-12-01,ST105,P3019,38.0,15,0
2023-12-01,ST105,P3457,29.0,5,0
2023-12-01,ST106,P3071,35.0,10,0
2023-12-01,ST106,P3463,30.0,20,0
2023-12-01,ST106,P3323,27.0,5,0
2023-12-01,ST106,P3267,35.0,20,0
2023-12-01,ST106,P3098,32.0,10,0
2023-12-01,ST106,P3054,31.0,20,0
2023-12-01,ST106,P3128,37.0,5,0
2023-12-01,ST106,P3009,33.0,15,0
2023-12-01,ST106,P3480,45.0,5,0
2023-12-01,ST106,P3289,49.0,10,0
2023-12-01,ST106,P3424,34.0,20,0
2023-12-01,ST106,P3330,35.0,10,0
2023-12-01,ST106,P3046,31.0,20,0
2023-12-01,ST106,P3274,43.0,10,0
2023-12-01,ST106,P3306,30.0,20,0
2023-12-01,ST106,P3092,34.0,15,0
2023-12-01,ST106,P3297,36.0,15,0
2023-12-01,ST106,P3248,30.0,10,0
2023-12-01,ST106,P3131,42.0,10,0
2023-12-01,ST106,P3335,35.0,15,0
2023-12-01,ST106,P3086,26.0,5,0
2023-12-01,ST106,P3188,31.0,5,0
2023-12-01,ST106,P3407,38.0,5,0
2023-12-01,ST106,P3233,40.0,10,0
2023-12-01,ST106,P3421,32.0,5,0
2023-12-01,ST106,P3105,36.0,5,0
2023-12-01,ST106,P3159,35.0,5,0
2023-12-01,ST106,P3433,34.0,5,0
2023-12-01,ST106,P3497,38.0,5,0
2023-12-01,ST106,P3331,29.0,10,0
2023-12-01,ST106,P3207,34.0,15,0
2023-12-01,ST106,P3030,33.0,10,0
2023-12-01,ST106,P3272,36.0,15,0
2023-12-01,ST106,P3148,32.0,15,0
2023-12-01,ST106,P3167,37.0,15,0
2023-12-01,ST106,P3378,37.0,5,0
2023-12-01,ST106,P3451,34.0,10,0
2023-12-01,ST106,P3361,39.0,5,0
2023-12-01,ST106,P3174,36.0,5,0
2023-12-01,ST106,P3033,35.0,5,0
2023-12-01,ST106,P3332,47.0,5,0
2023-12-01,ST106,P3057,35.0,5,0
2023-12-01,ST106,P3004,20.0,10,0
2023-12-01,ST106,P3261,43.0,10,0
2023-12-01,ST106,P3055,37.0,15,0
2023-12-01,ST106,P3180,38.0,20,0
2023-12-01,ST106,P3045,48.0,10,0
2023-12-01,ST106,P3225,29.0,5,0
2023-12-01,ST106,P3182,38.0,20,0
2023-12-01,ST106,P3050,36.0,10,0
2023-12-01,ST106,P3440,34.0,15,0
2023-12-01,ST106,P3438,37.0,20,0
2023-12-01,ST106,P3508,39.0,5,0
2023-12-01,ST106,P3399,31.0,10,0
2023-12-01,ST106,P3343,36.0,20,0
2023-12-01,ST106,P3293,41.0,15,0
2023-12-01,ST106,P3430,35.0,10,0
2023-12-01,ST106,P3496,39.0,20,0
2023-12-01,ST106,P3002,38.0,15,0
2023-12-01,ST106,P3238,40.0,5,0
2023-12-01,ST107,P3501,42.0,20,0
2023-12-01,ST107,P3059,37.0,10,0
2023-12-01,ST107,P3368,25.0,10,0
2023-12-01,ST107,P3277,40.0,15,0
2023-12-01,ST107,P3280,50.0,5,0
2023-12-01,ST107,P3268,35.0,20,0
2023-12-01,ST107,P3139,45.0,10,0
2023-12-01,ST107,P3075,32.0,15,0
2023-12-01,ST107,P3208,34.0,15,0
2023-12-01,ST107,P3114,37.0,15,0
2023-12-01,ST107,P3191,30.0,5,0
2023-12-01,ST107,P3025,29.0,10,0
2023-12-01,ST107,P3041,31.0,5,0
2023-12-01,ST107,P3424,28.0,10,0
2023-12-01,ST107,P3294,35.0,15,0
2023-12-01,ST107,P3030,40.0,15,0
2023-12-01,ST107,P3433,32.0,5,0
2023-12-01,ST107,P3057,35.0,5,0
2023-12-01,ST107,P3154,44.0,5,0
2023-12-01,ST107,P3332,35.0,10,0
2023-12-01,ST107,P3061,29.0,10,0
2023-12-01,ST107,P3487,30.0,5,0
2023-12-01,ST107,P3111,38.0,15,0
2023-12-01,ST107,P3323,36.0,10,0
2023-12-01,ST107,P3247,33.0,5,0
2023-12-01,ST107,P3058,28.0,5,0
2023-12-01,ST107,P3516,30.0,20,0
2023-12-01,ST107,P3095,36.0,10,0
2023-12-01,ST107,P3410,33.0,20,0
2023-12-01,ST107,P3500,21.0,5,0
2023-12-01,ST107,P3384,35.0,20,0
2023-12-01,ST107,P3439,27.0,15,0
2023-12-01,ST107,P3449,26.0,20,0
2023-12-01,ST107,P3296,30.0,10,0
2023-12-01,ST107,P3385,32.0,15,0
2023-12-01,ST107,P3073,38.0,10,0
2023-12-01,ST107,P3132,35.0,15,0
2023-12-01,ST107,P3171,38.0,15,0
2023-12-01,ST107,P3125,33.0,10,0
2023-12-01,ST107,P3203,24.0,20,0
2023-12-01,ST107,P3430,41.0,20,0
2023-12-01,ST107,P3260,31.0,5,0
2023-12-01,ST107,P3518,34.0,15,0
2023-12-01,ST107,P3072,33.0,15,0
2023-12-01,ST107,P3110,45.0,5,0
2023-12-01,ST107,P3135,32.0,15,0
2023-12-01,ST107,P3227,26.0,5,0
2023-12-01,ST107,P3372,29.0,20,0
2023-12-01,ST107,P3519,38.0,5,0
2023-12-01,ST107,P3050,42.0,20,0
2023-12-01,ST107,P3303,33.0,5,0
2023-12-01,ST107,P3463,36.0,20,0
2023-12-01,ST107,P3046,39.0,10,0
2023-12-01,ST107,P3375,44.0,10,0
2023-12-01,ST107,P3411,30.0,15,0
2023-12-01,ST107,P3161,41.0,10,0
2023-12-01,ST107,P3172,31.0,10,0
2023-12-01,ST107,P3170,31.0,5,0
2023-12-01,ST107,P3343,33.0,5,0
2023-12-01,ST107,P3089,43.0,20,0
2023-12-01,ST108,P3427,28.0,15,0
2023-12-01,ST108,P3445,44.0,15,0
2023-12-01,ST108,P3294,28.0,5,0
2023-12-01,ST108,P3178,32.0,15,0
2023-12-01,ST108,P3128,45.0,10,0
2023-12-01,ST108,P3479,43.0,20,0
2023-12-01,ST108,P3048,30.0,5,0
2023-12-01,ST108,P3173,40.0,20,0
2023-12-01,ST108,P3066,28.0,20,0
2023-12-01,ST108,P3088,26.0,15,0
2023-12-01,ST108,P3430,41.0,15,0
2023-12-01,ST108,P3210,30.0,10,0
2023-12-01,ST108,P3193,32.0,20,0
2023-12-01,ST108,P3212,26.0,20,0
2023-12-01,ST108,P3371,35.0,15,0
2023-12-01,ST108,P3061,25.0,5,0
2023-12-01,ST108,P3235,27.0,20,0
2023-12-01,ST108,P3325,28.0,15,0
2023-12-01,ST108,P3272,35.0,5,0
2023-12-01,ST108,P3356,32.0,15,0
2023-12-01,ST108,P3320,29.0,20,0
2023-12-01,ST108,P3376,34.0,20,0
2023-12-01,ST108,P3362,28.0,15,0
2023-12-01,ST108,P3406,36.0,5,0
2023-12-01,ST108,P3493,48.0,15,0
2023-12-01,ST108,P3351,33.0,10,0
2023-12-01,ST108,P3420,38.0,5,0
2023-12-01,ST108,P3392,32.0,15,0
2023-12-01,ST108,P3129,36.0,20,0
2023-12-01,ST108,P3015,28.0,20,0
2023-12-01,ST108,P3041,33.0,5,0
2023-12-01,ST108,P3216,33.0,20,0
2023-12-01,ST108,P3314,24.0,15,0
2023-12-01,ST108,P3094,31.0,20,0
2023-12-01,ST108,P3058,32.0,10,0
2023-12-01,ST108,P3082,41.0,20,0
2023-12-01,ST108,P3349,33.0,15,0
2023-12-01,ST108,P3350,23.0,10,0
2023-12-01,ST108,P3501,35.0,10,0
2023-12-01,ST108,P3284,39.0,15,0
2023-12-01,ST108,P3512,43.0,20,0
2023-12-01,ST108,P3097,46.0,10,0
2023-12-01,ST108,P3386,40.0,20,0
2023-12-01,ST108,P3207,31.0,20,0
2023-12-01,ST108,P3385,36.0,10,0
2023-12-01,ST108,P3486,46.0,20,0
2023-12-01,ST108,P3507,45.0,10,0
2023-12-01,ST108,P3107,36.0,10,0
2023-12-01,ST108,P3467,32.0,10,0
2023-12-01,ST108,P3353,28.0,20,0
2023-12-01,ST108,P3116,42.0,20,0
2023-12-01,ST108,P3426,33.0,10,0
2023-12-01,ST108,P3192,42.0,20,0
2023-12-01,ST108,P3016,43.0,20,0
2023-12-01,ST108,P3416,35.0,20,0
2023-12-01,ST108,P3488,56.0,10,0
2023-12-01,ST108,P3045,34.0,10,0
2023-12-01,ST108,P3327,38.0,5,0
2023-12-01,ST108,P3439,38.0,5,0
2023-12-01,ST108,P3146,30.0,20,0
2023-12-01,ST109,P3494,43.0,15,0
2023-12-01,ST109,P3483,40.0,15,0
2023-12-01,ST109,P3433,60.0,5,0
2023-12-01,ST109,P3397,47.0,5,0
2023-12-01,ST109,P3328,33.0,15,0
2023-12-01,ST109,P3172,36.0,5,0
2023-12-01,ST109,P3477,39.0,5,0
2023-12-01,ST109,P3232,42.0,10,0
2023-12-01,ST109,P3489,35.0,10,0
2023-12-01,ST109,P3377,31.0,5,0
2023-12-01,ST109,P3075,38.0,5,0
2023-12-01,ST109,P3401,40.0,20,0
2023-12-01,ST109,P3013,38.0,20,0
2023-12-01,ST109,P3478,36.0,5,0
2023-12-01,ST109,P3502,44.0,20,0
2023-12-01,ST109,P3519,32.0,5,0
2023-12-01,ST109,P3490,29.0,15,0
2023-12-01,ST109,P3179,40.0,20,0
2023-12-01,ST109,P3297,33.0,10,0
2023-12-01,ST109,P3514,29.0,15,0
2023-12-01,ST109,P3141,39.0,15,0
2023-12-01,ST109,P3503,43.0,20,0
2023-12-01,ST109,P3511,37.0,10,0
2023-12-01,ST109,P3250,39.0,5,0
2023-12-01,ST109,P3370,45.0,10,0
2023-12-01,ST109,P3312,39.0,15,0
2023-12-01,ST109,P3237,26.0,20,0
2023-12-01,ST109,P3409,34.0,15,0
2023-12-01,ST109,P3308,51.0,20,0
2023-12-01,ST109,P3017,27.0,20,0
2023-12-01,ST109,P3025,39.0,5,0
2023-12-01,ST109,P3411,38.0,15,0
2023-12-01,ST109,P3366,33.0,10,0
2023-12-01,ST109,P3132,42.0,15,0
2023-12-01,ST109,P3219,37.0,15,0
2023-12-01,ST109,P3177,31.0,10,0
2023-12-01,ST109,P3072,22.0,15,0
2023-12-01,ST109,P3155,32.0,20,0
2023-12-01,ST109,P3459,37.0,5,0
2023-12-01,ST109,P3091,,5,0
2023-12-01,ST109,P3382,32.0,10,0
2023-12-01,ST109,P3437,37.0,15,0
2023-12-01,ST109,P3047,33.0,10,0
2023-12-01,ST109,P3238,41.0,15,0
2023-12-01,ST109,P3110,34.0,20,0
2023-12-01,ST109,P3051,21.0,10,0
2023-12-01,ST109,P3508,39.0,15,0
2023-12-01,ST109,P3352,33.0,20,0
2023-12-01,ST109,P3124,33.0,5,0
2023-12-01,ST109,P3183,38.0,5,0
2023-12-01,ST109,P3258,34.0,20,0
2023-12-01,ST109,P3305,31.0,20,0
2023-12-01,ST109,P3158,33.0,15,0
2023-12-01,ST109,P3378,22.0,10,0
2023-12-01,ST109,P3135,35.0,5,0
2023-12-01,ST109,P3404,31.0,5,0
2023-12-01,ST109,P3436,29.0,20,0
2023-12-01,ST109,P3365,31.0,10,0
2023-12-01,ST109,P3014,25.0,20,0
2023-12-01,ST109,P3475,20.0,15,0
2023-12-01,ST110,P3177,38.0,15,0
2023-12-01,ST110,P3387,34.0,20,0
2023-12-01,ST110,P3173,27.0,15,0
2023-12-01,ST110,P3289,36.0,20,0
2023-12-01,ST110,P3123,39.0,10,0
2023-12-01,ST110,P3264,36.0,15,0
2023-12-01,ST110,P3324,40.0,10,0
2023-12-01,ST110,P3112,33.0,10,0
2023-12-01,ST110,P3459,28.0,10,0
2023-12-01,ST110,P3366,33.0,20,0
2023-12-01,ST110,P3265,38.0,15,0
2023-12-01,ST110,P3135,39.0,15,0
2023-12-01,ST110,P3508,40.0,5,0
2023-12-01,ST110,P3297,44.0,10,0
2023-12-01,ST110,P3486,32.0,15,0
2023-12-01,ST110,P3247,30.0,5,0
2023-12-01,ST110,P3119,33.0,10,0
2023-12-01,ST110,P3018,25.0,5,0
2023-12-01,ST110,P3298,37.0,15,0
2023-12-01,ST110,P3165,28.0,10,0
2023-12-01,ST110,P3241,29.0,20,0
2023-12-01,ST110,P3163,30.0,20,0
2023-12-01,ST110,P3169,31.0,5,0
2023-12-01,ST110,P3252,33.0,15,0
2023-12-01,ST110,P3084,28.0,5,0
2023-12-01,ST110,P3426,33.0,15,0
2023-12-01,ST110,P3235,30.0,15,0
2023-12-01,ST110,P3301,36.0,15,0
2023-12-01,ST110,P3065,32.0,10,0
2023-12-01,ST110,P3073,45.0,15,0
2023-12-01,ST110,P3332,26.0,10,0
2023-12-01,ST110,P3430,37.0,15,0
2023-12-01,ST110,P3369,38.0,10,0
2023-12-01,ST110,P3145,34.0,10,0
2023-12-01,ST110,P3452,28.0,5,0
2023-12-01,ST110,P3258,42.0,5,0
2023-12-01,ST110,P3483,36.0,5,0
2023-12-01,ST110,P3071,42.0,10,0
2023-12-01,ST110,P3067,31.0,15,0
2023-12-01,ST110,P3170,37.0,20,0
2023-12-01,ST110,P3359,29.0,10,0
2023-12-01,ST110,P3481,32.0,15,0
2023-12-01,ST110,P3147,37.0,20,0
2023-12-01,ST110,P3048,41.0,20,0
2023-12-01,ST110,P3162,32.0,5,0
2023-12-01,ST110,P3225,31.0,15,0
2023-12-01,ST110,P3337,31.0,20,0
2023-12-01,ST110,P3390,43.0,15,0
2023-12-01,ST110,P3432,32.0,10,0
2023-12-01,ST110,P3125,28.0,5,0
2023-12-01,ST110,P3429,30.0,20,0
2023-12-01,ST110,P3499,30.0,15,0
2023-12-01,ST110,P3126,36.0,5,0
2023-12-01,ST110,P3437,43.0,15,0
2023-12-01,ST110,P3322,42.0,10,0
2023-12-01,ST110,P3388,,15,0
2023-12-01,ST110,P3186,40.0,15,0
2023-12-01,ST110,P3488,34.0,10,0
2023-12-01,ST110,P3431,33.0,10,0
2023-12-01,ST110,P3345,29.0,20,0
2023-12-01,ST111,P3354,31.0,15,0
2023-12-01,ST111,P3429,26.0,5,0
2023-12-01,ST111,P3448,27.0,10,0
2023-12-01,ST111,P3434,42.0,10,0
2023-12-01,ST111,P3447,44.0,20,0
2023-12-01,ST111,P3176,31.0,20,0
2023-12-01,ST111,P3319,35.0,5,0
2023-12-01,ST111,P3311,40.0,10,0
2023-12-01,ST111,P3123,34.0,15,0
2023-12-01,ST111,P3426,34.0,15,0
2023-12-01,ST111,P3105,41.0,20,0
2023-12-01,ST111,P3342,37.0,10,0
2023-12-01,ST111,P3499,41.0,5,0
2023-12-01,ST111,P3136,28.0,20,0
2023-12-01,ST111,P3481,28.0,20,0
2023-12-01,ST111,P3334,29.0,10,0
2023-12-01,ST111,P3133,38.0,15,0
2023-12-01,ST111,P3501,33.0,5,0
2023-12-01,ST111,P3106,48.0,20,0
2023-12-01,ST111,P3168,34.0,5,0
2023-12-01,ST111,P3395,24.0,10,0
2023-12-01,ST111,P3440,40.0,20,0
2023-12-01,ST111,P3196,31.0,15,0
2023-12-01,ST111,P3178,37.0,15,0
2023-12-01,ST111,P3310,35.0,15,0
2023-12-01,ST111,P3179,29.0,10,0
2023-12-01,ST111,P3433,31.0,15,0
2023-12-01,ST111,P3359,47.0,20,0
2023-12-01,ST111,P3377,36.0,5,0
2023-12-01,ST111,P3309,29.0,20,0
2023-12-01,ST111,P3363,40.0,15,0
2023-12-01,ST111,P3291,34.0,15,0
2023-12-01,ST111,P3085,25.0,20,0
2023-12-01,ST111,P3076,28.0,15,0
2023-12-01,ST111,P3344,31.0,15,0
2023-12-01,ST111,P3462,27.0,10,0
2023-12-01,ST111,P3287,37.0,20,0
2023-12-01,ST111,P3266,37.0,20,0
2023-12-01,ST111,P3368,29.0,10,0
2023-12-01,ST111,P3361,32.0,20,0
2023-12-01,ST111,P3104,30.0,15,0
2023-12-01,ST111,P3406,29.0,5,0
2023-12-01,ST111,P3078,33.0,5,0
2023-12-01,ST111,P3199,37.0,20,0
2023-12-01,ST111,P3453,26.0,10,0
2023-12-01,ST111,P3142,34.0,10,0
2023-12-01,ST111,P3490,32.0,15,0
2023-12-01,ST111,P3491,39.0,10,0
2023-12-01,ST111,P3181,31.0,15,0
2023-12-01,ST111,P3008,36.0,5,0
2023-12-01,ST111,P3220,25.0,5,0
2023-12-01,ST111,P3180,37.0,5,0
2023-12-01,ST111,P3217,33.0,20,0
2023-12-01,ST111,P3256,40.0,10,0
2023-12-01,ST111,P3191,39.0,10,0
2023-12-01,ST111,P3289,35.0,20,0
2023-12-01,ST111,P3407,37.0,10,0
2023-12-01,ST111,P3001,38.0,5,0
2023-12-01,ST111,P3399,36.0,10,0
2023-12-01,ST111,P3512,32.0,10,0
2023-12-01,ST112,P3506,34.0,5,0
2023-12-01,ST112,P3047,38.0,5,0
2023-12-01,ST112,P3265,37.0,5,0
2023-12-01,ST112,P3428,31.0,5,0
2023-12-01,ST112,P3423,34.0,20,0
2023-12-01,ST112,P3360,34.0,5,0
2023-12-01,ST112,P3280,30.0,15,0
2023-12-01,ST112,P3157,44.0,5,0
2023-12-01,ST112,P3456,36.0,15,0
2023-12-01,ST112,P3334,42.0,20,0
2023-12-01,ST112,P3017,35.0,15,0
2023-12-01,ST112,P3459,38.0,5,0
2023-12-01,ST112,P3089,40.0,20,0
2023-12-01,ST112,P3396,44.0,10,0
2023-12-01,ST112,P3434,39.0,10,0
2023-12-01,ST112,P3082,34.0,10,0
2023-12-01,ST112,P3038,22.0,5,0
2023-12-01,ST112,P3169,31.0,10,0
2023-12-01,ST112,P3331,34.0,20,0
2023-12-01,ST112,P3164,44.0,5,0
2023-12-01,ST112,P3247,35.0,10,0
2023-12-01,ST112,P3246,36.0,20,0
2023-12-01,ST112,P3286,32.0,15,0
2023-12-01,ST112,P3406,38.0,10,0
2023-12-01,ST112,P3123,37.0,20,0
2023-12-01,ST112,P3140,28.0,20,0
2023-12-01,ST112,P3107,26.0,5,0
2023-12-01,ST112,P3313,41.0,5,0
2023-12-01,ST112,P3130,36.0,5,0
2023-12-01,ST112,P3049,31.0,15,0
2023-12-01,ST112,P3054,32.0,15,0
2023-12-01,ST112,P3085,25.0,5,0
2023-12-01,ST112,P3368,43.0,15,0
2023-12-01,ST112,P3187,38.0,5,0
2023-12-01,ST112,P3276,35.0,20,0
2023-12-01,ST112,P3468,32.0,20,0
2023-12-01,ST112,P3517,33.0,20,0
2023-12-01,ST112,P3415,34.0,5,0
2023-12-01,ST112,P3416,27.0,5,0
2023-12-01,ST112,P3300,38.0,5,0
2023-12-01,ST112,P3480,38.0,10,0
2023-12-01,ST112,P3109,33.0,10,0
2023-12-01,ST112,P3285,34.0,10,0
2023-12-01,ST112,P3435,37.0,5,0
2023-12-01,ST112,P3190,43.0,10,0
2023-12-01,ST112,P3450,42.0,15,0
2023-12-01,ST112,P3324,38.0,15,0
2023-12-01,ST112,P3173,27.0,15,0
2023-12-01,ST112,P3262,38.0,10,0
2023-12-01,ST112,P3391,26.0,5,0
2023-12-01,ST112,P3012,34.0,20,0
2023-12-01,ST112,P3152,36.0,15,0
2023-12-01,ST112,P3083,39.0,10,0
2023-12-01,ST112,P3296,30.0,10,0
2023-12-01,ST112,P3240,33.0,15,0
2023-12-01,ST112,P3442,41.0,5,0
2023-12-01,ST112,P3052,28.0,20,0
2023-12-01,ST112,P3046,48.0,15,0
2023-12-01,ST112,P3206,40.0,20,0
2023-12-01,ST112,P3074,36.0,10,0
2023-12-01,ST113,P3039,35.0,15,0
2023-12-01,ST113,P3157,26.0,15,0
2023-12-01,ST113,P3422,35.0,5,0
2023-12-01,ST113,P3507,33.0,15,0
2023-12-01,ST113,P3118,35.0,20,0
2023-12-01,ST113,P3091,37.0,10,0
2023-12-01,ST113,P3087,38.0,5,0
2023-12-01,ST113,P3007,24.0,10,0
2023-12-01,ST113,P3325,41.0,10,0
2023-12-01,ST113,P3151,39.0,15,0
2023-12-01,ST113,P3049,24.0,15,0
2023-12-01,ST113,P3406,35.0,15,0
2023-12-01,ST113,P3261,32.0,10,0
2023-12-01,ST113,P3364,38.0,5,0
2023-12-01,ST113,P3270,33.0,10,0
2023-12-01,ST113,P3032,29.0,10,0
2023-12-01,ST113,P3474,42.0,10,0
2023-12-01,ST113,P3333,35.0,20,0
2023-12-01,ST113,P3041,29.0,20,0
2023-12-01,ST113,P3430,22.0,5,0
2023-12-01,ST113,P3221,43.0,15,0
2023-12-01,ST113,P3350,38.0,15,0
2023-12-01,ST113,P3331,40.0,5,0
2023-12-01,ST113,P3171,41.0,5,0
2023-12-01,ST113,P3481,29.0,20,0
2023-12-01,ST113,P3280,26.0,15,0
2023-12-01,ST113,P3405,35.0,20,0
2023-12-01,ST113,P3385,37.0,10,0
2023-12-01,ST113,P3167,45.0,10,0
2023-12-01,ST113,P3006,47.0,20,0
2023-12-01,ST113,P3516,24.0,20,0
2023-12-01,ST113,P3465,38.0,15,0
2023-12-01,ST113,P3392,,15,0
2023-12-01,ST113,P3316,34.0,5,0
2023-12-01,ST113,P3514,35.0,10,0
2023-12-01,ST113,P3417,34.0,20,0
2023-12-01,ST113,P3404,35.0,15,0
2023-12-01,ST113,P3309,24.0,15,0
2023-12-01,ST113,P3354,36.0,5,0
2023-12-01,ST113,P3328,29.0,15,0
2023-12-01,ST113,P3291,35.0,20,0
2023-12-01,ST113,P3287,24.0,10,0
2023-12-01,ST113,P3484,50.0,5,0
2023-12-01,ST113,P3145,39.0,10,0
2023-12-01,ST113,P3203,32.0,15,0
2023-12-01,ST113,P3005,35.0,20,0
2023-12-01,ST113,P3455,33.0,15,0
2023-12-01,ST113,P3327,42.0,20,0
2023-12-01,ST113,P3519,35.0,15,0
2023-12-01,ST113,P3072,38.0,15,0
2023-12-01,ST113,P3037,40.0,5,0
2023-12-01,ST113,P3376,36.0,5,0
2023-12-01,ST113,P3506,43.0,10,0
2023-12-01,ST113,P3341,34.0,10,0
2023-12-01,ST113,P3473,33.0,20,0
2023-12-01,ST113,P3001,37.0,10,0
2023-12-01,ST113,P3081,37.0,15,0
2023-12-01,ST113,P3187,40.0,20,0
2023-12-01,ST113,P3391,25.0,15,0
2023-12-01,ST113,P3222,34.0,10,0
2023-12-01,ST114,P3182,36.0,20,0
2023-12-01,ST114,P3505,36.0,10,0
2023-12-01,ST114,P3433,41.0,15,0
2023-12-01,ST114,P3214,46.0,20,0
2023-12-01,ST114,P3484,43.0,10,0
2023-12-01,ST114,P3144,31.0,20,0
2023-12-01,ST114,P3314,34.0,5,0
2023-12-01,ST114,P3026,26.0,5,0
2023-12-01,ST114,P3063,36.0,5,0
2023-12-01,ST114,P3110,39.0,20,0
2023-12-01,ST114,P3357,31.0,5,0
2023-12-01,ST114,P3303,32.0,20,0
2023-12-01,ST114,P3460,45.0,15,0
2023-12-01,ST114,P3220,32.0,15,0
2023-12-01,ST114,P3364,27.0,20,0
2023-12-01,ST114,P3126,36.0,5,0
2023-12-01,ST114,P3180,32.0,15,0
2023-12-01,ST114,P3178,39.0,15,0
2023-12-01,ST114,P3237,35.0,15,0
2023-12-01,ST114,P3385,42.0,15,0
2023-12-01,ST114,P3419,39.0,10,0
2023-12-01,ST114,P3393,35.0,20,0
2023-12-01,ST114,P3082,29.0,20,0
2023-12-01,ST114,P3067,34.0,20,0
2023-12-01,ST114,P3362,37.0,10,0
2023-12-01,ST114,P3087,39.0,5,0
2023-12-01,ST114,P3378,41.0,20,0
2023-12-01,ST114,P3391,34.0,20,0
2023-12-01,ST114,P3285,25.0,20,0
2023-12-01,ST114,P3228,30.0,15,0
2023-12-01,ST114,P3347,32.0,5,0
2023-12-01,ST114,P3169,40.0,20,0
2023-12-01,ST114,P3309,27.0,15,0
2023-12-01,ST114,P3021,37.0,20,0
2023-12-01,ST114,P3121,36.0,5,0
2023-12-01,ST114,P3359,41.0,5,0
2023-12-01,ST114,P3405,27.0,10,0
2023-12-01,ST114,P3313,38.0,10,0
2023-12-01,ST114,P3085,25.0,5,0
2023-12-01,ST114,P3294,34.0,5,0
2023-12-01,ST114,P3299,43.0,5,0
2023-12-01,ST114,P3439,44.0,10,0
2023-12-01,ST114,P3120,28.0,15,0
2023-12-01,ST114,P3088,39.0,10,0
2023-12-01,ST114,P3249,28.0,15,0
2023-12-01,ST114,P3300,30.0,15,0
2023-12-01,ST114,P3517,36.0,10,0
2023-12-01,ST114,P3227,32.0,5,0
2023-12-01,ST114,P3155,,20,0
2023-12-01,ST114,P3245,38.0,15,0
2023-12-01,ST114,P3039,28.0,20,0
2023-12-01,ST114,P3163,31.0,20,0
2023-12-01,ST114,P3297,27.0,10,0
2023-12-01,ST114,P3062,32.0,15,0
2023-12-01,ST114,P3466,30.0,10,0
2023-12-01,ST114,P3059,42.0,5,0
2023-12-01,ST114,P3060,35.0,5,0
2023-12-01,ST114,P3256,32.0,20,0
2023-12-01,ST114,P3444,28.0,20,0
2023-12-01,ST114,P3268,31.0,15,0
2023-12-01,ST115,P3246,30.0,5,0
2023-12-01,ST115,P3025,38.0,20,0
2023-12-01,ST115,P3387,38.0,15,0
2023-12-01,ST115,P3284,30.0,20,0
2023-12-01,ST115,P3051,36.0,10,0
2023-12-01,ST115,P3274,39.0,10,0
2023-12-01,ST115,P3434,33.0,5,0
2023-12-01,ST115,P3090,44.0,5,0
2023-12-01,ST115,P3158,30.0,15,0
2023-12-01,ST115,P3091,33.0,20,0
2023-12-01,ST115,P3395,29.0,10,0
2023-12-01,ST115,P3044,33.0,10,0
2023-12-01,ST115,P3379,35.0,10,0
2023-12-01,ST115,P3300,30.0,10,0
2023-12-01,ST115,P3362,37.0,5,0
2023-12-01,ST115,P3393,33.0,15,0
2023-12-01,ST115,P3183,42.0,20,0
2023-12-01,ST115,P3259,29.0,5,0
2023-12-01,ST115,P3050,31.0,5,0
2023-12-01,ST115,P3171,39.0,20,0
2023-12-01,ST115,P3511,36.0,10,0
2023-12-01,ST115,P3318,,10,0
2023-12-01,ST115,P3480,36.0,5,0
2023-12-01,ST115,P3084,39.0,15,0
2023-12-01,ST115,P3492,28.0,5,0
2023-12-01,ST115,P3240,31.0,20,0
2023-12-01,ST115,P3039,37.0,15,0
2023-12-01,ST115,P3431,53.0,5,0
2023-12-01,ST115,P3032,51.0,10,0
2023-12-01,ST115,P3148,38.0,20,0
2023-12-01,ST115,P3448,29.0,15,0
2023-12-01,ST115,P3105,40.0,20,0
2023-12-01,ST115,P3369,29.0,10,0
2023-12-01,ST115,P3410,33.0,15,0
2023-12-01,ST115,P3482,38.0,20,0
2023-12-01,ST115,P3113,42.0,15,0
2023-12-01,ST115,P3248,43.0,10,0
2023-12-01,ST115,P3052,32.0,20,0
2023-12-01,ST115,P3115,41.0,20,0
2023-12-01,ST115,P3251,28.0,10,0
2023-12-01,ST115,P3166,34.0,10,0
2023-12-01,ST115,P3252,35.0,20,0
2023-12-01,ST115,P3204,37.0,15,0
2023-12-01,ST115,P3176,28.0,5,0
2023-12-01,ST115,P3014,32.0,20,0
2023-12-01,ST115,P3293,35.0,20,0
2023-12-01,ST115,P3358,40.0,5,0
2023-12-01,ST115,P3303,38.0,15,0
2023-12-01,ST115,P3003,30.0,5,0
2023-12-01,ST115,P3087,45.0,10,0
2023-12-01,ST115,P3211,34.0,5,0
2023-12-01,ST115,P3239,34.0,15,0
2023-12-01,ST115,P3299,43.0,5,0
2023-12-01,ST115,P3388,32.0,5,0
2023-12-01,ST115,P3450,35.0,15,0
2023-12-01,ST115,P3330,46.0,15,0
2023-12-01,ST115,P3164,45.0,10,0
2023-12-01,ST115,P3348,31.0,20,0
2023-12-01,ST115,P3313,33.0,5,0
2023-12-01,ST115,P3446,32.0,10,0
2023-12-01,ST116,P3275,42.0,5,0
2023-12-01,ST116,P3216,33.0,20,0
2023-12-01,ST116,P3318,43.0,10,0
2023-12-01,ST116,P3056,37.0,5,0
2023-12-01,ST116,P3516,32.0,20,0
2023-12-01,ST116,P3430,33.0,10,0
2023-12-01,ST116,P3400,37.0,20,0
2023-12-01,ST116,P3343,25.0,10,0
2023-12-01,ST116,P3142,40.0,5,0
2023-12-01,ST116,P3239,33.0,20,0
2023-12-01,ST116,P3332,34.0,10,0
2023-12-01,ST116,P3274,28.0,5,0
2023-12-01,ST116,P3381,31.0,10,0
2023-12-01,ST116,P3464,30.0,10,0
2023-12-01,ST116,P3514,33.0,5,0
2023-12-01,ST116,P3511,27.0,10,0
2023-12-01,ST116,P3447,33.0,10,0
2023-12-01,ST116,P3069,21.0,10,0
2023-12-01,ST116,P3323,36.0,5,0
2023-12-01,ST116,P3356,29.0,5,0
2023-12-01,ST116,P3372,29.0,10,0
2023-12-01,ST116,P3431,28.0,5,0
2023-12-01,ST116,P3113,33.0,10,0
2023-12-01,ST116,P3045,37.0,10,0
2023-12-01,ST116,P3393,29.0,15,0
2023-12-01,ST116,P3055,31.0,20,0
2023-12-01,ST116,P3419,31.0,10,0
2023-12-01,ST116,P3386,44.0,20,0
2023-12-01,ST116,P3246,42.0,5,0
2023-12-01,ST116,P3046,39.0,20,0
2023-12-01,ST116,P3005,34.0,10,0
2023-12-01,ST116,P3183,39.0,20,0
2023-12-01,ST116,P3457,37.0,10,0
2023-12-01,ST116,P3287,26.0,10,0
2023-12-01,ST116,P3290,37.0,5,0
2023-12-01,ST116,P3345,32.0,15,0
2023-12-01,ST116,P3286,39.0,5,0
2023-12-01,ST116,P3467,40.0,5,0
2023-12-01,ST116,P3320,41.0,15,0
2023-12-01,ST116,P3104,36.0,10,0
2023-12-01,ST116,P3118,37.0,5,0
2023-12-01,ST116,P3276,43.0,20,0
2023-12-01,ST116,P3202,35.0,10,0
2023-12-01,ST116,P3451,39.0,5,0
2023-12-01,ST116,P3037,36.0,20,0
2023-12-01,ST116,P3107,41.0,15,0
2023-12-01,ST116,P3136,34.0,20,0
2023-12-01,ST116,P3085,30.0,20,0
2023-12-01,ST116,P3169,37.0,15,0
2023-12-01,ST116,P3491,41.0,20,0
2023-12-01,ST116,P3018,41.0,20,0
2023-12-01,ST116,P3265,36.0,20,0
2023-12-01,ST116,P3461,28.0,10,0
2023-12-01,ST116,P3022,35.0,10,0
2023-12-01,ST116,P3507,29.0,20,0
2023-12-01,ST116,P3378,32.0,15,0
2023-12-01,ST116,P3422,33.0,15,0
2023-12-01,ST116,P3288,44.0,15,0
2023-12-01,ST116,P3200,25.0,5,0
2023-12-01,ST116,P3057,43.0,15,0
2023-12-01,ST117,P3113,36.0,20,0
2023-12-01,ST117,P3458,28.0,10,0
2023-12-01,ST117,P3354,29.0,5,0
2023-12-01,ST117,P3213,30.0,15,0
2023-12-01,ST117,P3248,35.0,15,0
2023-12-01,ST117,P3437,35.0,5,0
2023-12-01,ST117,P3150,39.0,15,0
2023-12-01,ST117,P3409,32.0,10,0
2023-12-01,ST117,P3059,35.0,15,0
2023-12-01,ST117,P3185,30.0,15,0
2023-12-01,ST117,P3370,38.0,15,0
2023-12-01,ST117,P3081,28.0,5,0
2023-12-01,ST117,P3077,41.0,20,0
2023-12-01,ST117,P3400,29.0,15,0
2023-12-01,ST117,P3066,,20,0
2023-12-01,ST117,P3264,37.0,15,0
2023-12-01,ST117,P3220,24.0,5,0
2023-12-01,ST117,P3063,33.0,10,0
2023-12-01,ST117,P3449,40.0,10,0
2023-12-01,ST117,P3121,30.0,10,0
2023-12-01,ST117,P3175,42.0,20,0
2023-12-01,ST117,P3495,42.0,20,0
2023-12-01,ST117,P3030,35.0,20,0
2023-12-01,ST117,P3356,33.0,20,0
2023-12-01,ST117,P3447,37.0,10,0
2023-12-01,ST117,P3379,37.0,20,0
2023-12-01,ST117,P3477,33.0,20,0
2023-12-01,ST117,P3407,30.0,5,0
2023-12-01,ST117,P3089,26.0,5,0
2023-12-01,ST117,P3515,31.0,5,0
2023-12-01,ST117,P3503,33.0,5,0
2023-12-01,ST117,P3395,38.0,15,0
2023-12-01,ST117,P3266,40.0,10,0
2023-12-01,ST117,P3440,29.0,15,0
2023-12-01,ST117,P3475,41.0,5,0
2023-12-01,ST117,P3457,39.0,10,0
2023-12-01,ST117,P3430,35.0,20,0
2023-12-01,ST117,P3120,36.0,5,0
2023-12-01,ST117,P3235,47.0,20,0
2023-12-01,ST117,P3259,36.0,20,0
2023-12-01,ST117,P3141,33.0,10,0
2023-12-01,ST117,P3116,38.0,10,0
2023-12-01,ST117,P3054,31.0,20,0
2023-12-01,ST117,P3459,35.0,10,0
2023-12-01,ST117,P3029,37.0,5,0
2023-12-01,ST117,P3135,42.0,20,0
2023-12-01,ST117,P3426,37.0,5,0
2023-12-01,ST117,P3131,27.0,15,0
2023-12-01,ST117,P3243,31.0,15,0
2023-12-01,ST117,P3324,39.0,20,0
2023-12-01,ST117,P3468,31.0,15,0
2023-12-01,ST117,P3067,39.0,10,0
2023-12-01,ST117,P3056,34.0,15,0
2023-12-01,ST117,P3307,27.0,10,0
2023-12-01,ST117,P3017,32.0,15,0
2023-12-01,ST117,P3045,28.0,20,0
2023-12-01,ST117,P3101,29.0,10,0
2023-12-01,ST117,P3271,37.0,5,0
2023-12-01,ST117,P3021,43.0,15,0
2023-12-01,ST117,P3411,34.0,5,0
2023-12-01,ST118,P3382,41.0,10,0
2023-12-01,ST118,P3010,40.0,10,0
2023-12-01,ST118,P3084,30.0,15,0
2023-12-01,ST118,P3441,39.0,10,0
2023-12-01,ST118,P3260,30.0,20,0
2023-12-01,ST118,P3182,44.0,20,0
2023-12-01,ST118,P3267,37.0,5,0
2023-12-01,ST118,P3398,31.0,15,0
2023-12-01,ST118,P3315,30.0,15,0
2023-12-01,ST118,P3171,26.0,10,0
2023-12-01,ST118,P3259,41.0,10,0
2023-12-01,ST118,P3337,41.0,20,0
2023-12-01,ST118,P3254,31.0,10,0
2023-12-01,ST118,P3038,31.0,15,0
2023-12-01,ST118,P3287,41.0,15,0
2023-12-01,ST118,P3115,50.0,10,0
2023-12-01,ST118,P3420,47.0,15,0
2023-12-01,ST118,P3114,33.0,15,0
2023-12-01,ST118,P3362,37.0,5,0
2023-12-01,ST118,P3483,27.0,10,0
2023-12-01,ST118,P3216,36.0,20,0
2023-12-01,ST118,P3433,37.0,20,0
2023-12-01,ST118,P3195,39.0,5,0
2023-12-01,ST118,P3210,36.0,5,0
2023-12-01,ST118,P3427,42.0,20,0
2023-12-01,ST118,P3190,41.0,5,0
2023-12-01,ST118,P3180,35.0,10,0
2023-12-01,ST118,P3475,37.0,15,0
2023-12-01,ST118,P3217,44.0,5,0
2023-12-01,ST118,P3357,36.0,20,0
2023-12-01,ST118,P3515,39.0,15,0
2023-12-01,ST118,P3017,36.0,20,0
2023-12-01,ST118,P3448,28.0,15,0
2023-12-01,ST118,P3297,37.0,10,0
2023-12-01,ST118,P3366,35.0,10,0
2023-12-01,ST118,P3486,39.0,15,0
2023-12-01,ST118,P3294,36.0,20,0
2023-12-01,ST118,P3063,34.0,10,0
2023-12-01,ST118,P3067,27.0,20,0
2023-12-01,ST118,P3207,31.0,5,0
2023-12-01,ST118,P3520,33.0,20,0
2023-12-01,ST118,P3371,39.0,20,0
2023-12-01,ST118,P3491,32.0,20,0
2023-12-01,ST118,P3480,29.0,15,0
2023-12-01,ST118,P3050,40.0,15,0
2023-12-01,ST118,P3392,32.0,20,0
2023-12-01,ST118,P3175,41.0,5,0
2023-12-01,ST118,P3186,32.0,20,0
2023-12-01,ST118,P3339,33.0,20,0
2023-12-01,ST118,P3056,39.0,20,0
2023-12-01,ST118,P3163,38.0,20,0
2023-12-01,ST118,P3364,36.0,20,0
2023-12-01,ST118,P3199,24.0,15,0
2023-12-01,ST118,P3159,36.0,5,0
2023-12-01,ST118,P3162,35.0,5,0
2023-12-01,ST118,P3041,27.0,15,0
2023-12-01,ST118,P3468,33.0,10,0
2023-12-01,ST118,P3422,24.0,20,0
2023-12-01,ST118,P3492,32.0,20,0
2023-12-01,ST118,P3054,46.0,5,0
2024-01-01,ST101,P3061,31.0,15,0
2024-01-01,ST101,P3200,39.0,20,0
2024-01-01,ST101,P3504,38.0,5,0
2024-01-01,ST101,P3455,34.0,10,0
2024-01-01,ST101,P3033,36.0,20,0
2024-01-01,ST101,P3465,37.0,15,0
2024-01-01,ST101,P3205,28.0,10,0
2024-01-01,ST101,P3210,35.0,15,0
2024-01-01,ST101,P3420,33.0,5,0
2024-01-01,ST101,P3483,31.0,10,0
2024-01-01,ST101,P3253,32.0,20,0
2024-01-01,ST101,P3299,25.0,15,0
2024-01-01,ST101,P3085,34.0,20,0
2024-01-01,ST101,P3005,37.0,20,0
2024-01-01,ST101,P3380,33.0,5,0
2024-01-01,ST101,P3470,27.0,5,0
2024-01-01,ST101,P3133,39.0,5,0
2024-01-01,ST101,P3377,41.0,15,0
2024-01-01,ST101,P3103,36.0,15,0
2024-01-01,ST101,P3449,34.0,5,0
2024-01-01,ST101,P3050,30.0,20,0
2024-01-01,ST101,P3186,36.0,15,0
2024-01-01,ST101,P3388,41.0,20,0
2024-01-01,ST101,P3305,27.0,15,0
2024-01-01,ST101,P3065,31.0,20,0
2024-01-01,ST101,P3469,34.0,5,0
2024-01-01,ST101,P3018,24.0,15,0
2024-01-01,ST101,P3448,26.0,15,0
2024-01-01,ST101,P3105,29.0,20,0
2024-01-01,ST101,P3266,45.0,5,0
2024-01-01,ST101,P3410,30.0,15,0
2024-01-01,ST101,P3494,31.0,20,0
2024-01-01,ST101,P3360,39.0,15,0
2024-01-01,ST101,P3168,34.0,5,0
2024-01-01,ST101,P3304,38.0,10,0
2024-01-01,ST101,P3296,39.0,5,0
2024-01-01,ST101,P3181,32.0,20,0
2024-01-01,ST101,P3335,40.0,10,0
2024-01-01,ST101,P3115,33.0,10,0
2024-01-01,ST101,P3280,41.0,10,0
2024-01-01,ST101,P3245,40.0,5,0
2024-01-01,ST101,P3243,33.0,10,0
2024-01-01,ST101,P3495,37.0,15,0
2024-01-01,ST101,P3435,38.0,5,0
2024-01-01,ST101,P3466,40.0,20,0
2024-01-01,ST101,P3453,34.0,15,0
2024-01-01,ST101,P3446,30.0,10,0
2024-01-01,ST101,P3189,34.0,10,0
2024-01-01,ST101,P3412,30.0,20,0
2024-01-01,ST101,P3157,34.0,20,0
2024-01-01,ST101,P3300,36.0,5,0
2024-01-01,ST101,P3191,35.0,15,0
2024-01-01,ST101,P3513,32.0,10,0
2024-01-01,ST101,P3434,45.0,15,0
2024-01-01,ST101,P3252,29.0,5,0
2024-01-01,ST101,P3202,20.0,10,0
2024-01-01,ST101,P3083,42.0,10,0
2024-01-01,ST101,P3204,46.0,10,0
2024-01-01,ST101,P3352,35.0,20,0
2024-01-01,ST101,P3242,29.0,20,0
2024-01-01,ST102,P3305,38.0,15,0
2024-01-01,ST102,P3275,29.0,15,0
2024-01-01,ST102,P3351,41.0,15,0
2024-01-01,ST102,P3005,43.0,15,0
2024-01-01,ST102,P3226,46.0,10,0
2024-01-01,ST102,P3235,25.0,15,0
2024-01-01,ST102,P3308,30.0,20,0
2024-01-01,ST102,P3384,38.0,10,0
2024-01-01,ST102,P3123,35.0,15,0
2024-01-01,ST102,P3074,44.0,20,0
2024-01-01,ST102,P3067,31.0,10,0
2024-01-01,ST102,P3166,28.0,5,0
2024-01-01,ST102,P3155,24.0,15,0
2024-01-01,ST102,P3517,30.0,15,0
2024-01-01,ST102,P3136,37.0,20,0
2024-01-01,ST102,P3099,31.0,5,0
2024-01-01,ST102,P3507,33.0,10,0
2024-01-01,ST102,P3259,29.0,5,0
2024-01-01,ST102,P3086,35.0,10,0
2024-01-01,ST102,P3405,42.0,5,0
2024-01-01,ST102,P3439,33.0,15,0
2024-01-01,ST102,P3287,25.0,10,0
2024-01-01,ST102,P3239,41.0,10,0
2024-01-01,ST102,P3483,22.0,15,0
2024-01-01,ST102,P3148,34.0,20,0
2024-01-01,ST102,P3064,38.0,20,0
2024-01-01,ST102,P3030,34.0,15,0
2024-01-01,ST102,P3215,34.0,20,0
2024-01-01,ST102,P3251,39.0,10,0
2024-01-01,ST102,P3472,30.0,5,0
2024-01-01,ST102,P3211,34.0,15,0
2024-01-01,ST102,P3285,38.0,15,0
2024-01-01,ST102,P3359,43.0,20,0
2024-01-01,ST102,P3098,29.0,5,0
2024-01-01,ST102,P3141,49.0,20,0
2024-01-01,ST102,P3062,38.0,20,0
2024-01-01,ST102,P3413,37.0,10,0
2024-01-01,ST102,P3167,35.0,5,0
2024-01-01,ST102,P3183,32.0,15,0
2024-01-01,ST102,P3184,32.0,20,0
2024-01-01,ST102,P3303,25.0,20,0
2024-01-01,ST102,P3069,40.0,15,0
2024-01-01,ST102,P3049,34.0,5,0
2024-01-01,ST102,P3335,34.0,20,0
2024-01-01,ST102,P3327,31.0,5,0
2024-01-01,ST102,P3363,31.0,5,0
2024-01-01,ST102,P3497,23.0,5,0
2024-01-01,ST102,P3292,46.0,10,0
2024-01-01,ST102,P3022,27.0,10,0
2024-01-01,ST102,P3261,39.0,15,0
2024-01-01,ST102,P3126,33.0,15,0
2024-01-01,ST102,P3409,31.0,15,0
2024-01-01,ST102,P3083,37.0,20,0
2024-01-01,ST102,P3140,39.0,10,0
2024-01-01,ST102,P3095,35.0,15,0
2024-01-01,ST102,P3229,37.0,10,0
2024-01-01,ST102,P3478,41.0,20,0
2024-01-01,ST102,P3190,29.0,20,0
2024-01-01,ST102,P3410,36.0,5,0
2024-01-01,ST102,P3063,39.0,10,0
2024-01-01,ST103,P3272,45.0,5,0
2024-01-01,ST103,P3194,36.0,15,0
2024-01-01,ST103,P3009,35.0,15,0
2024-01-01,ST103,P3173,29.0,10,0
2024-01-01,ST103,P3215,27.0,20,0
2024-01-01,ST103,P3368,38.0,5,0
2024-01-01,ST103,P3488,41.0,20,0
2024-01-01,ST103,P3510,27.0,5,0
2024-01-01,ST103,P3148,38.0,20,0
2024-01-01,ST103,P3062,36.0,10,0
2024-01-01,ST103,P3127,36.0,5,0
2024-01-01,ST103,P3465,50.0,5,0
2024-01-01,ST103,P3334,31.0,20,0
2024-01-01,ST103,P3270,18.0,10,0
2024-01-01,ST103,P3092,29.0,10,0
2024-01-01,ST103,P3374,45.0,15,0
2024-01-01,ST103,P3511,33.0,15,0
2024-01-01,ST103,P3317,31.0,5,0
2024-01-01,ST103,P3069,31.0,20,0
2024-01-01,ST103,P3461,26.0,10,0
2024-01-01,ST103,P3271,40.0,5,0
2024-01-01,ST103,P3380,37.0,5,0
2024-01-01,ST103,P3217,37.0,10,0
2024-01-01,ST103,P3304,35.0,20,0
2024-01-01,ST103,P3242,35.0,20,0
2024-01-01,ST103,P3499,37.0,20,0
2024-01-01,ST103,P3181,29.0,5,0
2024-01-01,ST103,P3052,37.0,5,0
2024-01-01,ST103,P3479,31.0,5,0
2024-01-01,ST103,P3113,23.0,10,0
2024-01-01,ST103,P3085,33.0,10,0
2024-01-01,ST103,P3262,37.0,10,0
2024-01-01,ST103,P3249,30.0,5,0
2024-01-01,ST103,P3293,39.0,10,0
2024-01-01,ST103,P3169,31.0,20,0
2024-01-01,ST103,P3005,19.0,5,0
2024-01-01,ST103,P3274,39.0,5,0
2024-01-01,ST103,P3450,29.0,20,0
2024-01-01,ST103,P3192,27.0,10,0
2024-01-01,ST103,P3232,34.0,15,0
2024-01-01,ST103,P3065,35.0,20,0
2024-01-01,ST103,P3409,36.0,20,0
2024-01-01,ST103,P3212,39.0,15,0
2024-01-01,ST103,P3351,28.0,5,0
2024-01-01,ST103,P3117,29.0,10,0
2024-01-01,ST103,P3054,46.0,20,0
2024-01-01,ST103,P3408,34.0,15,0
2024-01-01,ST103,P3363,36.0,5,0
2024-01-01,ST103,P3075,36.0,5,0
2024-01-01,ST103,P3231,33.0,20,0
2024-01-01,ST103,P3237,35.0,10,0
2024-01-01,ST103,P3126,23.0,5,0
2024-01-01,ST103,P3086,34.0,5,0
2024-01-01,ST103,P3485,32.0,20,0
2024-01-01,ST103,P3208,38.0,20,0
2024-01-01,ST103,P3419,47.0,20,0
2024-01-01,ST103,P3303,33.0,5,0
2024-01-01,ST103,P3166,39.0,20,0
2024-01-01,ST103,P3281,28.0,15,0
2024-01-01,ST103,P3018,42.0,15,0
2024-01-01,ST104,P3139,39.0,5,0
2024-01-01,ST104,P3393,39.0,5,0
2024-01-01,ST104,P3430,40.0,20,0
2024-01-01,ST104,P3470,34.0,10,0
2024-01-01,ST104,P3098,33.0,20,0
2024-01-01,ST104,P3385,42.0,10,0
2024-01-01,ST104,P3024,35.0,10,0
2024-01-01,ST104,P3352,42.0,15,0
2024-01-01,ST104,P3386,39.0,10,0
2024-01-01,ST104,P3407,33.0,5,0
2024-01-01,ST104,P3159,36.0,5,0
2024-01-01,ST104,P3201,33.0,15,0
2024-01-01,ST104,P3042,36.0,15,0
2024-01-01,ST104,P3513,36.0,10,0
2024-01-01,ST104,P3075,47.0,20,0
2024-01-01,ST104,P3108,39.0,5,0
2024-01-01,ST104,P3411,34.0,15,0
2024-01-01,ST104,P3031,44.0,15,0
2024-01-01,ST104,P3292,36.0,20,0
2024-01-01,ST104,P3356,34.0,10,0
2024-01-01,ST104,P3245,40.0,20,0
2024-01-01,ST104,P3461,30.0,15,0
2024-01-01,ST104,P3311,31.0,15,0
2024-01-01,ST104,P3132,34.0,15,0
2024-01-01,ST104,P3251,39.0,20,0
2024-01-01,ST104,P3262,27.0,20,0
2024-01-01,ST104,P3254,35.0,5,0
2024-01-01,ST104,P3296,30.0,20,0
2024-01-01,ST104,P3148,30.0,15,0
2024-01-01,ST104,P3181,32.0,15,0
2024-01-01,ST104,P3234,34.0,20,0
2024-01-01,ST104,P3441,35.0,15,0
2024-01-01,ST104,P3417,41.0,20,0
2024-01-01,ST104,P3301,35.0,20,0
2024-01-01,ST104,P3143,24.0,5,0
2024-01-01,ST104,P3162,36.0,20,0
2024-01-01,ST104,P3146,36.0,15,0
2024-01-01,ST104,P3015,39.0,5,0
2024-01-01,ST104,P3020,38.0,20,0
2024-01-01,ST104,P3318,34.0,20,0
2024-01-01,ST104,P3171,39.0,20,0
2024-01-01,ST104,P3345,33.0,10,0
2024-01-01,ST104,P3446,40.0,15,0
2024-01-01,ST104,P3325,37.0,10,0
2024-01-01,ST104,P3410,32.0,5,0
2024-01-01,ST104,P3260,35.0,20,0
2024-01-01,ST104,P3478,32.0,5,0
2024-01-01,ST104,P3467,40.0,10,0
2024-01-01,ST104,P3414,43.0,5,0
2024-01-01,ST104,P3290,35.0,20,0
2024-01-01,ST104,P3178,30.0,20,0
2024-01-01,ST104,P3509,33.0,10,0
2024-01-01,ST104,P3230,41.0,5,0
2024-01-01,ST104,P3317,45.0,10,0
2024-01-01,ST104,P3073,35.0,15,0
2024-01-01,ST104,P3482,34.0,10,0
2024-01-01,ST104,P3396,29.0,10,0
2024-01-01,ST104,P3190,42.0,10,0
2024-01-01,ST104,P3341,33.0,10,0
2024-01-01,ST104,P3084,36.0,10,0
2024-01-01,ST105,P3085,34.0,5,0
2024-01-01,ST105,P3247,46.0,10,0
2024-01-01,ST105,P3011,31.0,5,0
2024-01-01,ST105,P3179,38.0,15,0
2024-01-01,ST105,P3462,38.0,10,0
2024-01-01,ST105,P3392,36.0,10,0
2024-01-01,ST105,P3336,32.0,20,0
2024-01-01,ST105,P3014,23.0,10,0
2024-01-01,ST105,P3187,31.0,5,0
2024-01-01,ST105,P3413,29.0,5,0
2024-01-01,ST105,P3157,35.0,20,0
2024-01-01,ST105,P3306,31.0,5,0
2024-01-01,ST105,P3277,35.0,20,0
2024-01-01,ST105,P3372,29.0,10,0
2024-01-01,ST105,P3509,38.0,5,0
2024-01-01,ST105,P3196,42.0,20,0
2024-01-01,ST105,P3338,42.0,10,0
2024-01-01,ST105,P3114,43.0,20,0
2024-01-01,ST105,P3378,30.0,15,0
2024-01-01,ST105,P3369,28.0,20,0
2024-01-01,ST105,P3506,27.0,5,0
2024-01-01,ST105,P3265,34.0,20,0
2024-01-01,ST105,P3418,41.0,20,0
2024-01-01,ST105,P3450,31.0,10,0
2024-01-01,ST105,P3053,40.0,10,0
2024-01-01,ST105,P3495,30.0,15,0
2024-01-01,ST105,P3431,23.0,20,0
2024-01-01,ST105,P3136,30.0,15,0
2024-01-01,ST105,P3302,39.0,20,0
2024-01-01,ST105,P3161,37.0,15,0
2024-01-01,ST105,P3489,,5,0
2024-01-01,ST105,P3403,30.0,20,0
2024-01-01,ST105,P3301,26.0,5,0
2024-01-01,ST105,P3454,30.0,15,0
2024-01-01,ST105,P3089,36.0,5,0
2024-01-01,ST105,P3288,42.0,5,0
2024-01-01,ST105,P3004,43.0,5,0
2024-01-01,ST105,P3310,42.0,10,0
2024-01-01,ST105,P3170,44.0,5,0
2024-01-01,ST105,P3251,23.0,20,0
2024-01-01,ST105,P3326,48.0,20,0
2024-01-01,ST105,P3498,39.0,10,0
2024-01-01,ST105,P3444,33.0,15,0
2024-01-01,ST105,P3363,31.0,15,0
2024-01-01,ST105,P3343,39.0,20,0
2024-01-01,ST105,P3360,30.0,15,0
2024-01-01,ST105,P3291,29.0,15,0
2024-01-01,ST105,P3087,41.0,20,0
2024-01-01,ST105,P3442,38.0,15,0
2024-01-01,ST105,P3101,33.0,10,0
2024-01-01,ST105,P3267,34.0,15,0
2024-01-01,ST105,P3244,46.0,5,0
2024-01-01,ST105,P3255,31.0,15,0
2024-01-01,ST105,P3329,38.0,10,0
2024-01-01,ST105,P3365,34.0,15,0
2024-01-01,ST105,P3422,36.0,15,0
2024-01-01,ST105,P3421,29.0,5,0
2024-01-01,ST105,P3417,43.0,5,0
2024-01-01,ST105,P3226,42.0,10,0
2024-01-01,ST105,P3159,34.0,10,0
2024-01-01,ST106,P3114,40.0,10,0
2024-01-01,ST106,P3184,51.0,20,0
2024-01-01,ST106,P3254,30.0,5,0
2024-01-01,ST106,P3105,30.0,15,0
2024-01-01,ST106,P3135,43.0,10,0
2024-01-01,ST106,P3301,27.0,10,0
2024-01-01,ST106,P3073,22.0,5,0
2024-01-01,ST106,P3022,29.0,5,0
2024-01-01,ST106,P3047,26.0,5,0
2024-01-01,ST106,P3031,35.0,20,0
2024-01-01,ST106,P3174,32.0,15,0
2024-01-01,ST106,P3180,33.0,5,0
2024-01-01,ST106,P3338,39.0,20,0
2024-01-01,ST106,P3028,28.0,20,0
2024-01-01,ST106,P3266,33.0,10,0
2024-01-01,ST106,P3083,33.0,10,0
2024-01-01,ST106,P3010,40.0,5,0
2024-01-01,ST106,P3517,38.0,10,0
2024-01-01,ST106,P3182,39.0,20,0
2024-01-01,ST106,P3482,29.0,15,0
2024-01-01,ST106,P3369,34.0,20,0
2024-01-01,ST106,P3471,40.0,20,0
2024-01-01,ST106,P3412,,20,0
2024-01-01,ST106,P3067,21.0,20,0
2024-01-01,ST106,P3283,30.0,20,0
2024-01-01,ST106,P3197,42.0,5,0
2024-01-01,ST106,P3095,47.0,20,0
2024-01-01,ST106,P3156,31.0,15,0
2024-01-01,ST106,P3396,36.0,10,0
2024-01-01,ST106,P3383,40.0,15,0
2024-01-01,ST106,P3387,34.0,15,0
2024-01-01,ST106,P3089,40.0,10,0
2024-01-01,ST106,P3345,37.0,20,0
2024-01-01,ST106,P3038,28.0,15,0
2024-01-01,ST106,P3012,40.0,5,0
2024-01-01,ST106,P3390,37.0,15,0
2024-01-01,ST106,P3310,34.0,10,0
2024-01-01,ST106,P3487,36.0,10,0
2024-01-01,ST106,P3416,48.0,15,0
2024-01-01,ST106,P3335,41.0,10,0
2024-01-01,ST106,P3110,41.0,5,0
2024-01-01,ST106,P3153,33.0,5,0
2024-01-01,ST106,P3272,28.0,15,0
2024-01-01,ST106,P3466,41.0,5,0
2024-01-01,ST106,P3326,32.0,10,0
2024-01-01,ST106,P3340,37.0,15,0
2024-01-01,ST106,P3145,41.0,20,0
2024-01-01,ST106,P3467,34.0,5,0
2024-01-01,ST106,P3179,35.0,15,0
2024-01-01,ST106,P3300,30.0,20,0
2024-01-01,ST106,P3066,37.0,15,0
2024-01-01,ST106,P3106,37.0,5,0
2024-01-01,ST106,P3204,32.0,10,0
2024-01-01,ST106,P3157,26.0,10,0
2024-01-01,ST106,P3081,39.0,15,0
2024-01-01,ST106,P3029,30.0,5,0
2024-01-01,ST106,P3210,35.0,5,0
2024-01-01,ST106,P3025,28.0,15,0
2024-01-01,ST106,P3494,44.0,20,0
2024-01-01,ST106,P3498,32.0,20,0
2024-01-01,ST107,P3058,29.0,10,0
2024-01-01,ST107,P3132,38.0,20,0
2024-01-01,ST107,P3299,28.0,15,0
2024-01-01,ST107,P3510,38.0,20,0
2024-01-01,ST107,P3220,36.0,5,0
2024-01-01,ST107,P3202,25.0,20,0
2024-01-01,ST107,P3221,34.0,15,0
2024-01-01,ST107,P3341,37.0,20,0
2024-01-01,ST107,P3394,43.0,15,0
2024-01-01,ST107,P3354,40.0,15,0
2024-01-01,ST107,P3124,35.0,20,0
2024-01-01,ST107,P3189,37.0,20,0
2024-01-01,ST107,P3033,44.0,5,0
2024-01-01,ST107,P3315,30.0,10,0
2024-01-01,ST107,P3380,31.0,15,0
2024-01-01,ST107,P3422,25.0,10,0
2024-01-01,ST107,P3049,35.0,10,0
2024-01-01,ST107,P3139,38.0,20,0
2024-01-01,ST107,P3065,34.0,10,0
2024-01-01,ST107,P3113,30.0,15,0
2024-01-01,ST107,P3034,42.0,5,0
2024-01-01,ST107,P3284,28.0,20,0
2024-01-01,ST107,P3217,40.0,5,0
2024-01-01,ST107,P3356,22.0,15,0
2024-01-01,ST107,P3093,43.0,20,0
2024-01-01,ST107,P3067,34.0,10,0
2024-01-01,ST107,P3432,35.0,15,0
2024-01-01,ST107,P3027,39.0,10,0
2024-01-01,ST107,P3502,26.0,5,0
2024-01-01,ST107,P3329,31.0,5,0
2024-01-01,ST107,P3158,37.0,10,0
2024-01-01,ST107,P3340,26.0,15,0
2024-01-01,ST107,P3406,36.0,15,0
2024-01-01,ST107,P3412,42.0,15,0
2024-01-01,ST107,P3259,29.0,5,0
2024-01-01,ST107,P3520,36.0,20,0
2024-01-01,ST107,P3497,40.0,15,0
2024-01-01,ST107,P3306,39.0,5,0
2024-01-01,ST107,P3292,34.0,15,0
2024-01-01,ST107,P3031,42.0,5,0
2024-01-01,ST107,P3276,36.0,5,0
2024-01-01,ST107,P3172,32.0,10,0
2024-01-01,ST107,P3334,38.0,20,0
2024-01-01,ST107,P3025,45.0,15,0
2024-01-01,ST107,P3301,45.0,5,0
2024-01-01,ST107,P3078,33.0,5,0
2024-01-01,ST107,P3446,39.0,20,0
2024-01-01,ST107,P3219,33.0,10,0
2024-01-01,ST107,P3397,46.0,10,0
2024-01-01,ST107,P3012,30.0,5,0
2024-01-01,ST107,P3029,35.0,20,0
2024-01-01,ST107,P3152,35.0,10,0
2024-01-01,ST107,P3477,26.0,10,0
2024-01-01,ST107,P3290,40.0,15,0
2024-01-01,ST107,P3109,35.0,20,0
2024-01-01,ST107,P3052,25.0,20,0
2024-01-01,ST107,P3087,24.0,15,0
2024-01-01,ST107,P3508,31.0,15,0
2024-01-01,ST107,P3235,48.0,5,0
2024-01-01,ST107,P3419,34.0,20,0
2024-01-01,ST108,P3309,40.0,15,0
2024-01-01,ST108,P3259,39.0,5,0
2024-01-01,ST108,P3490,41.0,5,0
2024-01-01,ST108,P3458,38.0,5,0
2024-01-01,ST108,P3299,38.0,15,0
2024-01-01,ST108,P3405,36.0,10,0
2024-01-01,ST108,P3238,34.0,20,0
2024-01-01,ST108,P3516,30.0,15,0
2024-01-01,ST108,P3511,37.0,20,0
2024-01-01,ST108,P3398,27.0,20,0
2024-01-01,ST108,P3269,34.0,5,0
2024-01-01,ST108,P3455,39.0,10,0
2024-01-01,ST108,P3338,33.0,10,0
2024-01-01,ST108,P3452,32.0,20,0
2024-01-01,ST108,P3223,28.0,10,0
2024-01-01,ST108,P3417,28.0,10,0
2024-01-01,ST108,P3418,32.0,20,0
2024-01-01,ST108,P3158,40.0,10,0
2024-01-01,ST108,P3322,31.0,10,0
2024-01-01,ST108,P3279,30.0,15,0
2024-01-01,ST108,P3039,40.0,20,0
2024-01-01,ST108,P3170,35.0,10,0
2024-01-01,ST108,P3296,30.0,5,0
2024-01-01,ST108,P3407,34.0,10,0
2024-01-01,ST108,P3481,38.0,10,0
2024-01-01,ST108,P3042,,10,0
2024-01-01,ST108,P3468,34.0,5,0
2024-01-01,ST108,P3211,39.0,5,0
2024-01-01,ST108,P3059,43.0,15,0
2024-01-01,ST108,P3332,34.0,10,0
2024-01-01,ST108,P3339,36.0,10,0
2024-01-01,ST108,P3133,25.0,20,0
2024-01-01,ST108,P3518,40.0,10,0
2024-01-01,ST108,P3066,33.0,15,0
2024-01-01,ST108,P3100,32.0,5,0
2024-01-01,ST108,P3010,27.0,15,0
2024-01-01,ST108,P3439,37.0,20,0
2024-01-01,ST108,P3036,37.0,10,0
2024-01-01,ST108,P3031,27.0,15,0
2024-01-01,ST108,P3395,42.0,20,0
2024-01-01,ST108,P3462,29.0,15,0
2024-01-01,ST108,P3366,35.0,20,0
2024-01-01,ST108,P3052,39.0,10,0
2024-01-01,ST108,P3137,29.0,15,0
2024-01-01,ST108,P3377,35.0,15,0
2024-01-01,ST108,P3029,34.0,20,0
2024-01-01,ST108,P3473,40.0,10,0
2024-01-01,ST108,P3176,40.0,5,0
2024-01-01,ST108,P3186,34.0,10,0
2024-01-01,ST108,P3461,29.0,5,0
2024-01-01,ST108,P3112,37.0,15,0
2024-01-01,ST108,P3080,40.0,20,0
2024-01-01,ST108,P3132,38.0,15,0
2024-01-01,ST108,P3278,39.0,20,0
2024-01-01,ST108,P3004,38.0,20,0
2024-01-01,ST108,P3438,45.0,10,0
2024-01-01,ST108,P3343,45.0,15,0
2024-01-01,ST108,P3135,27.0,10,0
2024-01-01,ST108,P3317,37.0,5,0
2024-01-01,ST108,P3222,34.0,20,0
2024-01-01,ST109,P3446,32.0,20,0
2024-01-01,ST109,P3188,38.0,5,0
2024-01-01,ST109,P3509,33.0,15,0
2024-01-01,ST109,P3449,39.0,10,0
2024-01-01,ST109,P3485,34.0,10,0
2024-01-01,ST109,P3259,41.0,10,0
2024-01-01,ST109,P3269,36.0,15,0
2024-01-01,ST109,P3381,24.0,15,0
2024-01-01,ST109,P3287,31.0,10,0
2024-01-01,ST109,P3458,42.0,20,0
2024-01-01,ST109,P3152,30.0,5,0
2024-01-01,ST109,P3447,40.0,20,0
2024-01-01,ST109,P3445,30.0,10,0
2024-01-01,ST109,P3477,32.0,5,0
2024-01-01,ST109,P3392,26.0,15,0
2024-01-01,ST109,P3469,33.0,5,0
2024-01-01,ST109,P3490,41.0,20,0
2024-01-01,ST109,P3318,28.0,15,0
2024-01-01,ST109,P3501,39.0,5,0
2024-01-01,ST109,P3268,46.0,15,0
2024-01-01,ST109,P3393,36.0,5,0
2024-01-01,ST109,P3095,35.0,10,0
2024-01-01,ST109,P3027,41.0,5,0
2024-01-01,ST109,P3183,42.0,10,0
2024-01-01,ST109,P3037,33.0,5,0
2024-01-01,ST109,P3177,32.0,10,0
2024-01-01,ST109,P3034,25.0,15,0
2024-01-01,ST109,P3372,31.0,15,0
2024-01-01,ST109,P3377,31.0,5,0
2024-01-01,ST109,P3466,34.0,20,0
2024-01-01,ST109,P3370,38.0,10,0
2024-01-01,ST109,P3041,40.0,20,0
2024-01-01,ST109,P3008,34.0,5,0
2024-01-01,ST109,P3349,33.0,20,0
2024-01-01,ST109,P3400,40.0,15,0
2024-01-01,ST109,P3190,32.0,20,0
2024-01-01,ST109,P3455,29.0,5,0
2024-01-01,ST109,P3026,37.0,20,0
2024-01-01,ST109,P3107,38.0,10,0
2024-01-01,ST109,P3292,23.0,10,0
2024-01-01,ST109,P3052,34.0,15,0
2024-01-01,ST109,P3427,37.0,15,0
2024-01-01,ST109,P3339,30.0,10,0
2024-01-01,ST109,P3251,32.0,15,0
2024-01-01,ST109,P3298,30.0,20,0
2024-01-01,ST109,P3321,31.0,10,0
2024-01-01,ST109,P3117,29.0,5,0
2024-01-01,ST109,P3248,40.0,15,0
2024-01-01,ST109,P3118,33.0,10,0
2024-01-01,ST109,P3197,34.0,15,0
2024-01-01,ST109,P3015,39.0,15,0
2024-01-01,ST109,P3147,23.0,15,0
2024-01-01,ST109,P3093,24.0,5,0
2024-01-01,ST109,P3516,37.0,15,0
2024-01-01,ST109,P3247,39.0,5,0
2024-01-01,ST109,P3056,40.0,15,0
2024-01-01,ST109,P3089,31.0,20,0
2024-01-01,ST109,P3153,36.0,5,0
2024-01-01,ST109,P3090,36.0,10,0
2024-01-01,ST109,P3229,29.0,15,0
2024-01-01,ST110,P3470,31.0,20,0
2024-01-01,ST110,P3050,43.0,5,0
2024-01-01,ST110,P3303,30.0,10,0
2024-01-01,ST110,P3339,41.0,20,0
2024-01-01,ST110,P3060,,10,0
2024-01-01,ST110,P3145,30.0,5,0
2024-01-01,ST110,P3261,35.0,15,0
2024-01-01,ST110,P3148,32.0,5,0
2024-01-01,ST110,P3460,32.0,15,0
2024-01-01,ST110,P3255,41.0,10,0
2024-01-01,ST110,P3092,27.0,10,0
2024-01-01,ST110,P3134,31.0,15,0
2024-01-01,ST110,P3318,41.0,15,0
2024-01-01,ST110,P3487,47.0,15,0
2024-01-01,ST110,P3110,35.0,20,0
2024-01-01,ST110,P3208,41.0,10,0
2024-01-01,ST110,P3191,29.0,20,0
2024-01-01,ST110,P3305,47.0,10,0
2024-01-01,ST110,P3506,32.0,10,0
2024-01-01,ST110,P3238,29.0,10,0
2024-01-01,ST110,P3165,24.0,15,0
2024-01-01,ST110,P3136,34.0,20,0
2024-01-01,ST110,P3431,28.0,15,0
2024-01-01,ST110,P3075,32.0,10,0
2024-01-01,ST110,P3014,44.0,5,0
2024-01-01,ST110,P3378,43.0,5,0
2024-01-01,ST110,P3081,27.0,5,0
2024-01-01,ST110,P3123,47.0,10,0
2024-01-01,ST110,P3483,28.0,10,0
2024-01-01,ST110,P3517,39.0,20,0
2024-01-01,ST110,P3393,40.0,5,0
2024-01-01,ST110,P3448,35.0,20,0
2024-01-01,ST110,P3079,46.0,15,0
2024-01-01,ST110,P3360,38.0,10,0
2024-01-01,ST110,P3167,32.0,15,0
2024-01-01,ST110,P3242,28.0,15,0
2024-01-01,ST110,P3388,39.0,5,0
2024-01-01,ST110,P3445,49.0,20,0
2024-01-01,ST110,P3453,39.0,5,0
2024-01-01,ST110,P3490,37.0,15,0
2024-01-01,ST110,P3071,27.0,20,0
2024-01-01,ST110,P3011,34.0,10,0
2024-01-01,ST110,P3330,34.0,10,0
2024-01-01,ST110,P3069,41.0,15,0
2024-01-01,ST110,P3286,47.0,5,0
2024-01-01,ST110,P3335,28.0,10,0
2024-01-01,ST110,P3231,44.0,15,0
2024-01-01,ST110,P3163,49.0,15,0
2024-01-01,ST110,P3427,42.0,20,0
2024-01-01,ST110,P3149,40.0,20,0
2024-01-01,ST110,P3070,36.0,10,0
2024-01-01,ST110,P3168,33.0,5,0
2024-01-01,ST110,P3275,34.0,5,0
2024-01-01,ST110,P3350,28.0,15,0
2024-01-01,ST110,P3289,29.0,15,0
2024-01-01,ST110,P3041,37.0,5,0
2024-01-01,ST110,P3235,29.0,20,0
2024-01-01,ST110,P3262,40.0,20,0
2024-01-01,ST110,P3225,34.0,5,0
2024-01-01,ST110,P3334,36.0,10,0
2024-01-01,ST111,P3099,26.0,20,0
2024-01-01,ST111,P3147,20.0,5,0
2024-01-01,ST111,P3266,36.0,5,0
2024-01-01,ST111,P3324,39.0,10,0
2024-01-01,ST111,P3481,31.0,15,0
2024-01-01,ST111,P3366,27.0,20,0
2024-01-01,ST111,P3292,34.0,5,0
2024-01-01,ST111,P3480,39.0,5,0
2024-01-01,ST111,P3294,30.0,5,0
2024-01-01,ST111,P3159,35.0,10,0
2024-01-01,ST111,P3180,32.0,10,0
2024-01-01,ST111,P3113,37.0,10,0
2024-01-01,ST111,P3111,34.0,5,0
2024-01-01,ST111,P3475,31.0,5,0
2024-01-01,ST111,P3363,31.0,10,0
2024-01-01,ST111,P3352,45.0,15,0
2024-01-01,ST111,P3412,46.0,10,0
2024-01-01,ST111,P3047,29.0,20,0
2024-01-01,ST111,P3069,42.0,5,0
2024-01-01,ST111,P3143,46.0,5,0
2024-01-01,ST111,P3230,41.0,10,0
2024-01-01,ST111,P3435,27.0,5,0
2024-01-01,ST111,P3193,36.0,5,0
2024-01-01,ST111,P3327,34.0,10,0
2024-01-01,ST111,P3156,31.0,10,0
2024-01-01,ST111,P3399,33.0,15,0
2024-01-01,ST111,P3158,36.0,5,0
2024-01-01,ST111,P3511,28.0,5,0
2024-01-01,ST111,P3387,26.0,15,0
2024-01-01,ST111,P3517,41.0,20,0
2024-01-01,ST111,P3267,28.0,5,0
2024-01-01,ST111,P3277,47.0,5,0
2024-01-01,ST111,P3411,33.0,15,0
2024-01-01,ST111,P3228,29.0,10,0
2024-01-01,ST111,P3370,40.0,15,0
2024-01-01,ST111,P3493,36.0,10,0
2024-01-01,ST111,P3038,36.0,20,0
2024-01-01,ST111,P3367,32.0,15,0
2024-01-01,ST111,P3470,29.0,10,0
2024-01-01,ST111,P3368,39.0,15,0
2024-01-01,ST111,P3220,28.0,10,0
2024-01-01,ST111,P3516,41.0,5,0
2024-01-01,ST111,P3290,35.0,15,0
2024-01-01,ST111,P3264,42.0,5,0
2024-01-01,ST111,P3021,38.0,5,0
2024-01-01,ST111,P3199,34.0,5,0
2024-01-01,ST111,P3306,34.0,15,0
2024-01-01,ST111,P3211,37.0,10,0
2024-01-01,ST111,P3186,27.0,15,0
2024-01-01,ST111,P3308,42.0,5,0
2024-01-01,ST111,P3173,30.0,15,0
2024-01-01,ST111,P3417,31.0,15,0
2024-01-01,ST111,P3447,41.0,15,0
2024-01-01,ST111,P3257,28.0,10,0
2024-01-01,ST111,P3400,31.0,5,0
2024-01-01,ST111,P3440,27.0,5,0
2024-01-01,ST111,P3129,40.0,15,0
2024-01-01,ST111,P3007,41.0,20,0
2024-01-01,ST111,P3487,33.0,15,0
2024-01-01,ST111,P3050,35.0,15,0
2024-01-01,ST112,P3397,26.0,10,0
2024-01-01,ST112,P3491,32.0,20,0
2024-01-01,ST112,P3187,36.0,20,0
2024-01-01,ST112,P3210,37.0,15,0
2024-01-01,ST112,P3233,41.0,20,0
2024-01-01,ST112,P3199,25.0,10,0
2024-01-01,ST112,P3154,25.0,5,0
2024-01-01,ST112,P3433,28.0,20,0
2024-01-01,ST112,P3261,30.0,15,0
2024-01-01,ST112,P3395,29.0,20,0
2024-01-01,ST112,P3184,39.0,10,0
2024-01-01,ST112,P3442,38.0,15,0
2024-01-01,ST112,P3408,40.0,5,0
2024-01-01,ST112,P3007,23.0,15,0
2024-01-01,ST112,P3364,27.0,20,0
2024-01-01,ST112,P3085,33.0,20,0
2024-01-01,ST112,P3117,33.0,15,0
2024-01-01,ST112,P3296,51.0,20,0
2024-01-01,ST112,P3214,43.0,15,0
2024-01-01,ST112,P3313,33.0,10,0
2024-01-01,ST112,P3112,31.0,10,0
2024-01-01,ST112,P3224,26.0,5,0
2024-01-01,ST112,P3167,37.0,10,0
2024-01-01,ST112,P3258,32.0,20,0
2024-01-01,ST112,P3103,37.0,5,0
2024-01-01,ST112,P3051,32.0,10,0
2024-01-01,ST112,P3039,29.0,20,0
2024-01-01,ST112,P3017,33.0,10,0
2024-01-01,ST112,P3418,30.0,20,0
2024-01-01,ST112,P3221,33.0,20,0
2024-01-01,ST112,P3037,29.0,5,0
2024-01-01,ST112,P3045,33.0,20,0
2024-01-01,ST112,P3341,47.0,20,0
2024-01-01,ST112,P3267,26.0,20,0
2024-01-01,ST112,P3099,32.0,10,0
2024-01-01,ST112,P3495,45.0,5,0
2024-01-01,ST112,P3410,32.0,20,0
2024-01-01,ST112,P3276,34.0,15,0
2024-01-01,ST112,P3236,37.0,5,0
2024-01-01,ST112,P3196,30.0,10,0
2024-01-01,ST112,P3424,31.0,10,0
2024-01-01,ST112,P3400,31.0,5,0
2024-01-01,ST112,P3338,39.0,10,0
2024-01-01,ST112,P3213,30.0,5,0
2024-01-01,ST112,P3171,34.0,15,0
2024-01-01,ST112,P3488,26.0,15,0
2024-01-01,ST112,P3067,38.0,20,0
2024-01-01,ST112,P3205,36.0,15,0
2024-01-01,ST112,P3021,,5,0
2024-01-01,ST112,P3347,30.0,15,0
2024-01-01,ST112,P3250,39.0,15,0
2024-01-01,ST112,P3035,34.0,5,0
2024-01-01,ST112,P3064,29.0,5,0
2024-01-01,ST112,P3284,25.0,20,0
2024-01-01,ST112,P3445,28.0,5,0
2024-01-01,ST112,P3446,37.0,20,0
2024-01-01,ST112,P3462,28.0,5,0
2024-01-01,ST112,P3421,33.0,15,0
2024-01-01,ST112,P3090,36.0,15,0
2024-01-01,ST112,P3070,39.0,15,0
2024-01-01,ST113,P3341,33.0,10,0
2024-01-01,ST113,P3068,34.0,10,0
2024-01-01,ST113,P3082,30.0,10,0
2024-01-01,ST113,P3402,41.0,10,0
2024-01-01,ST113,P3022,32.0,15,0
2024-01-01,ST113,P3088,34.0,5,0
2024-01-01,ST113,P3494,34.0,5,0
2024-01-01,ST113,P3159,27.0,20,0
2024-01-01,ST113,P3125,32.0,10,0
2024-01-01,ST113,P3482,37.0,15,0
2024-01-01,ST113,P3253,51.0,15,0
2024-01-01,ST113,P3049,30.0,5,0
2024-01-01,ST113,P3168,34.0,15,0
2024-01-01,ST113,P3476,38.0,10,0
2024-01-01,ST113,P3382,39.0,15,0
2024-01-01,ST113,P3474,31.0,10,0
2024-01-01,ST113,P3038,36.0,10,0
2024-01-01,ST113,P3192,22.0,10,0
2024-01-01,ST113,P3226,42.0,5,0
2024-01-01,ST113,P3431,33.0,10,0
2024-01-01,ST113,P3063,21.0,10,0
2024-01-01,ST113,P3403,35.0,15,0
2024-01-01,ST113,P3083,38.0,20,0
2024-01-01,ST113,P3163,38.0,20,0
2024-01-01,ST113,P3444,32.0,20,0
2024-01-01,ST113,P3046,33.0,15,0
2024-01-01,ST113,P3366,44.0,15,0
2024-01-01,ST113,P3334,34.0,20,0
2024-01-01,ST113,P3175,30.0,5,0
2024-01-01,ST113,P3284,32.0,5,0
2024-01-01,ST113,P3233,43.0,5,0
2024-01-01,ST113,P3496,40.0,10,0
2024-01-01,ST113,P3459,36.0,10,0
2024-01-01,ST113,P3042,34.0,15,0
2024-01-01,ST113,P3072,33.0,10,0
2024-01-01,ST113,P3505,26.0,10,0
2024-01-01,ST113,P3406,30.0,5,0
2024-01-01,ST113,P3354,43.0,10,0
2024-01-01,ST113,P3016,37.0,15,0
2024-01-01,ST113,P3442,36.0,5,0
2024-01-01,ST113,P3323,34.0,15,0
2024-01-01,ST113,P3126,33.0,20,0
2024-01-01,ST113,P3516,30.0,5,0
2024-01-01,ST113,P3451,30.0,10,0
2024-01-01,ST113,P3405,34.0,20,0
2024-01-01,ST113,P3004,36.0,5,0
2024-01-01,ST113,P3173,31.0,15,0
2024-01-01,ST113,P3119,35.0,15,0
2024-01-01,ST113,P3470,32.0,10,0
2024-01-01,ST113,P3481,41.0,15,0
2024-01-01,ST113,P3466,25.0,10,0
2024-01-01,ST113,P3110,34.0,15,0
2024-01-01,ST113,P3177,27.0,5,0
2024-01-01,ST113,P3066,34.0,20,0
2024-01-01,ST113,P3330,31.0,20,0
2024-01-01,ST113,P3248,42.0,20,0
2024-01-01,ST113,P3454,38.0,5,0
2024-01-01,ST113,P3498,32.0,15,0
2024-01-01,ST113,P3338,27.0,5,0
2024-01-01,ST113,P3011,42.0,10,0
2024-01-01,ST114,P3132,34.0,10,0
2024-01-01,ST114,P3008,43.0,5,0
2024-01-01,ST114,P3179,38.0,5,0
2024-01-01,ST114,P3392,30.0,10,0
2024-01-01,ST114,P3376,38.0,5,0
2024-01-01,ST114,P3163,32.0,20,0
2024-01-01,ST114,P3190,24.0,10,0
2024-01-01,ST114,P3039,34.0,20,0
2024-01-01,ST114,P3252,36.0,15,0
2024-01-01,ST114,P3478,31.0,15,0
2024-01-01,ST114,P3337,26.0,15,0
2024-01-01,ST114,P3235,30.0,10,0
2024-01-01,ST114,P3434,29.0,10,0
2024-01-01,ST114,P3298,38.0,20,0
2024-01-01,ST114,P3433,33.0,20,0
2024-01-01,ST114,P3088,36.0,10,0
2024-01-01,ST114,P3218,33.0,10,0
2024-01-01,ST114,P3067,36.0,15,0
2024-01-01,ST114,P3109,34.0,20,0
2024-01-01,ST114,P3242,32.0,20,0
2024-01-01,ST114,P3345,37.0,10,0
2024-01-01,ST114,P3437,45.0,20,0
2024-01-01,ST114,P3195,27.0,5,0
2024-01-01,ST114,P3030,31.0,10,0
2024-01-01,ST114,P3181,39.0,5,0
2024-01-01,ST114,P3223,40.0,20,0
2024-01-01,ST114,P3496,38.0,15,0
2024-01-01,ST114,P3208,42.0,10,0
2024-01-01,ST114,P3013,34.0,10,0
2024-01-01,ST114,P3138,29.0,15,0
2024-01-01,ST114,P3071,35.0,20,0
2024-01-01,ST114,P3075,30.0,10,0
2024-01-01,ST114,P3350,30.0,15,0
2024-01-01,ST114,P3498,41.0,10,0
2024-01-01,ST114,P3224,30.0,5,0
2024-01-01,ST114,P3049,28.0,15,0
2024-01-01,ST114,P3063,26.0,20,0
2024-01-01,ST114,P3469,21.0,10,0
2024-01-01,ST114,P3117,36.0,15,0
2024-01-01,ST114,P3194,28.0,10,0
2024-01-01,ST114,P3395,36.0,20,0
2024-01-01,ST114,P3002,32.0,15,0
2024-01-01,ST114,P3105,36.0,5,0
2024-01-01,ST114,P3162,29.0,5,0
2024-01-01,ST114,P3046,29.0,5,0
2024-01-01,ST114,P3155,30.0,5,0
2024-01-01,ST114,P3323,31.0,15,0
2024-01-01,ST114,P3450,29.0,5,0
2024-01-01,ST114,P3514,37.0,5,0
2024-01-01,ST114,P3175,43.0,5,0
2024-01-01,ST114,P3443,23.0,10,0
2024-01-01,ST114,P3318,30.0,10,0
2024-01-01,ST114,P3357,34.0,15,0
2024-01-01,ST114,P3334,32.0,15,0
2024-01-01,ST114,P3033,31.0,20,0
2024-01-01,ST114,P3248,38.0,15,0
2024-01-01,ST114,P3308,41.0,10,0
2024-01-01,ST114,P3291,31.0,20,0
2024-01-01,ST114,P3385,42.0,5,0
2024-01-01,ST114,P3247,40.0,15,0
2024-01-01,ST115,P3193,44.0,20,0
2024-01-01,ST115,P3018,40.0,10,0
2024-01-01,ST115,P3049,33.0,5,0
2024-01-01,ST115,P3158,28.0,20,0
2024-01-01,ST115,P3474,31.0,20,0
2024-01-01,ST115,P3041,33.0,20,0
2024-01-01,ST115,P3361,32.0,5,0
2024-01-01,ST115,P3255,36.0,10,0
2024-01-01,ST115,P3197,27.0,10,0
2024-01-01,ST115,P3452,32.0,15,0
2024-01-01,ST115,P3234,40.0,15,0
2024-01-01,ST115,P3243,33.0,20,0
2024-01-01,ST115,P3152,37.0,10,0
2024-01-01,ST115,P3046,31.0,20,0
2024-01-01,ST115,P3070,30.0,10,0
2024-01-01,ST115,P3482,26.0,10,0
2024-01-01,ST115,P3342,31.0,5,0
2024-01-01,ST115,P3252,47.0,15,0
2024-01-01,ST115,P3458,38.0,10,0
2024-01-01,ST115,P3166,31.0,5,0
2024-01-01,ST115,P3435,33.0,15,0
2024-01-01,ST115,P3506,41.0,15,0
2024-01-01,ST115,P3246,39.0,10,0
2024-01-01,ST115,P3431,36.0,20,0
2024-01-01,ST115,P3383,31.0,5,0
2024-01-01,ST115,P3450,35.0,5,0
2024-01-01,ST115,P3073,39.0,10,0
2024-01-01,ST115,P3495,38.0,10,0
2024-01-01,ST115,P3146,25.0,20,0
2024-01-01,ST115,P3093,24.0,15,0
2024-01-01,ST115,P3357,42.0,10,0
2024-01-01,ST115,P3155,36.0,5,0
2024-01-01,ST115,P3183,40.0,10,0
2024-01-01,ST115,P3332,45.0,15,0
2024-01-01,ST115,P3503,33.0,20,0
2024-01-01,ST115,P3125,28.0,15,0
2024-01-01,ST115,P3071,26.0,5,0
2024-01-01,ST115,P3341,40.0,15,0
2024-01-01,ST115,P3319,28.0,15,0
2024-01-01,ST115,P3111,28.0,5,0
2024-01-01,ST115,P3089,40.0,5,0
2024-01-01,ST115,P3349,32.0,5,0
2024-01-01,ST115,P3254,31.0,10,0
2024-01-01,ST115,P3232,35.0,20,0
2024-01-01,ST115,P3287,35.0,5,0
2024-01-01,ST115,P3050,30.0,5,0
2024-01-01,ST115,P3442,38.0,15,0
2024-01-01,ST115,P3081,32.0,10,0
2024-01-01,ST115,P3147,33.0,10,0
2024-01-01,ST115,P3086,19.0,15,0
2024-01-01,ST115,P3335,37.0,10,0
2024-01-01,ST115,P3150,31.0,10,0
2024-01-01,ST115,P3520,33.0,10,0
2024-01-01,ST115,P3329,26.0,15,0
2024-01-01,ST115,P3317,41.0,15,0
2024-01-01,ST115,P3507,36.0,5,0
2024-01-01,ST115,P3405,37.0,5,0
2024-01-01,ST115,P3303,31.0,10,0
2024-01-01,ST115,P3100,32.0,15,0
2024-01-01,ST115,P3515,50.0,10,0
2024-01-01,ST116,P3066,35.0,5,0
2024-01-01,ST116,P3125,44.0,15,0
2024-01-01,ST116,P3267,38.0,20,0
2024-01-01,ST116,P3347,36.0,10,0
2024-01-01,ST116,P3004,47.0,20,0
2024-01-01,ST116,P3040,39.0,20,0
2024-01-01,ST116,P3012,33.0,10,0
2024-01-01,ST116,P3474,40.0,15,0
2024-01-01,ST116,P3389,32.0,15,0
2024-01-01,ST116,P3300,43.0,20,0
2024-01-01,ST116,P3445,30.0,10,0
2024-01-01,ST116,P3019,21.0,5,0
2024-01-01,ST116,P3231,43.0,5,0
2024-01-01,ST116,P3294,39.0,10,0
2024-01-01,ST116,P3424,32.0,10,0
2024-01-01,ST116,P3202,29.0,10,0
2024-01-01,ST116,P3146,23.0,15,0
2024-01-01,ST116,P3387,38.0,5,0
2024-01-01,ST116,P3027,34.0,15,0
2024-01-01,ST116,P3363,40.0,20,0
2024-01-01,ST116,P3058,34.0,20,0
2024-01-01,ST116,P3006,32.0,10,0
2024-01-01,ST116,P3137,33.0,10,0
2024-01-01,ST116,P3279,31.0,10,0
2024-01-01,ST116,P3002,21.0,20,0
2024-01-01,ST116,P3342,33.0,20,0
2024-01-01,ST116,P3073,33.0,10,0
2024-01-01,ST116,P3236,37.0,10,0
2024-01-01,ST116,P3307,29.0,5,0
2024-01-01,ST116,P3500,37.0,10,0
2024-01-01,ST116,P3226,37.0,5,0
2024-01-01,ST116,P3466,45.0,15,0
2024-01-01,ST116,P3042,31.0,15,0
2024-01-01,ST116,P3204,43.0,15,0
2024-01-01,ST116,P3170,42.0,15,0
2024-01-01,ST116,P3075,20.0,20,0
2024-01-01,ST116,P3259,27.0,5,0
2024-01-01,ST116,P3430,31.0,10,0
2024-01-01,ST116,P3130,50.0,10,0
2024-01-01,ST116,P3188,45.0,10,0
2024-01-01,ST116,P3284,35.0,15,0
2024-01-01,ST116,P3317,34.0,5,0
2024-01-01,ST116,P3234,31.0,10,0
2024-01-01,ST116,P3176,44.0,10,0
2024-01-01,ST116,P3074,35.0,5,0
2024-01-01,ST116,P3218,27.0,20,0
2024-01-01,ST116,P3191,44.0,10,0
2024-01-01,ST116,P3052,29.0,5,0
2024-01-01,ST116,P3101,32.0,10,0
2024-01-01,ST116,P3360,38.0,20,0
2024-01-01,ST116,P3067,27.0,5,0
2024-01-01,ST116,P3313,36.0,15,0
2024-01-01,ST116,P3426,33.0,10,0
2024-01-01,ST116,P3245,19.0,5,0
2024-01-01,ST116,P3249,42.0,10,0
2024-01-01,ST116,P3336,37.0,15,0
2024-01-01,ST116,P3293,26.0,20,0
2024-01-01,ST116,P3158,41.0,10,0
2024-01-01,ST116,P3008,37.0,10,0
2024-01-01,ST116,P3453,44.0,10,0
2024-01-01,ST117,P3111,31.0,20,0
2024-01-01,ST117,P3160,28.0,15,0
2024-01-01,ST117,P3165,41.0,10,0
2024-01-01,ST117,P3400,38.0,5,0
2024-01-01,ST117,P3281,30.0,5,0
2024-01-01,ST117,P3518,40.0,10,0
2024-01-01,ST117,P3014,23.0,20,0
2024-01-01,ST117,P3338,25.0,20,0
2024-01-01,ST117,P3222,42.0,15,0
2024-01-01,ST117,P3077,37.0,15,0
2024-01-01,ST117,P3238,40.0,10,0
2024-01-01,ST117,P3057,32.0,10,0
2024-01-01,ST117,P3101,43.0,5,0
2024-01-01,ST117,P3437,33.0,5,0
2024-01-01,ST117,P3472,42.0,10,0
2024-01-01,ST117,P3487,39.0,10,0
2024-01-01,ST117,P3016,37.0,15,0
2024-01-01,ST117,P3106,37.0,15,0
2024-01-01,ST117,P3398,39.0,20,0
2024-01-01,ST117,P3209,50.0,20,0
2024-01-01,ST117,P3300,29.0,15,0
2024-01-01,ST117,P3062,38.0,20,0
2024-01-01,ST117,P3474,40.0,10,0
2024-01-01,ST117,P3271,30.0,10,0
2024-01-01,ST117,P3092,34.0,15,0
2024-01-01,ST117,P3323,27.0,20,0
2024-01-01,ST117,P3292,35.0,15,0
2024-01-01,ST117,P3310,37.0,10,0
2024-01-01,ST117,P3288,47.0,5,0
2024-01-01,ST117,P3210,31.0,10,0
2024-01-01,ST117,P3374,33.0,5,0
2024-01-01,ST117,P3004,41.0,5,0
2024-01-01,ST117,P3068,29.0,5,0
2024-01-01,ST117,P3503,34.0,15,0
2024-01-01,ST117,P3069,34.0,10,0
2024-01-01,ST117,P3279,27.0,20,0
2024-01-01,ST117,P3334,27.0,10,0
2024-01-01,ST117,P3117,38.0,10,0
2024-01-01,ST117,P3042,32.0,5,0
2024-01-01,ST117,P3137,31.0,10,0
2024-01-01,ST117,P3316,39.0,5,0
2024-01-01,ST117,P3193,31.0,20,0
2024-01-01,ST117,P3151,28.0,15,0
2024-01-01,ST117,P3278,33.0,20,0
2024-01-01,ST117,P3163,35.0,20,0
2024-01-01,ST117,P3212,37.0,20,0
2024-01-01,ST117,P3005,42.0,5,0
2024-01-01,ST117,P3039,37.0,15,0
2024-01-01,ST117,P3244,35.0,15,0
2024-01-01,ST117,P3105,48.0,15,0
2024-01-01,ST117,P3154,35.0,15,0
2024-01-01,ST117,P3380,33.0,15,0
2024-01-01,ST117,P3217,36.0,20,0
2024-01-01,ST117,P3481,45.0,10,0
2024-01-01,ST117,P3112,34.0,10,0
2024-01-01,ST117,P3157,40.0,20,0
2024-01-01,ST117,P3373,33.0,10,0
2024-01-01,ST117,P3496,40.0,5,0
2024-01-01,ST117,P3345,37.0,20,0
2024-01-01,ST117,P3121,27.0,15,0
2024-01-01,ST118,P3507,38.0,5,0
2024-01-01,ST118,P3197,27.0,15,0
2024-01-01,ST118,P3179,44.0,15,0
2024-01-01,ST118,P3256,37.0,5,0
2024-01-01,ST118,P3491,29.0,5,0
2024-01-01,ST118,P3360,35.0,20,0
2024-01-01,ST118,P3047,29.0,5,0
2024-01-01,ST118,P3119,37.0,20,0
2024-01-01,ST118,P3257,40.0,5,0
2024-01-01,ST118,P3006,35.0,15,0
2024-01-01,ST118,P3242,41.0,10,0
2024-01-01,ST118,P3001,21.0,20,0
2024-01-01,ST118,P3163,34.0,20,0
2024-01-01,ST118,P3513,42.0,5,0
2024-01-01,ST118,P3419,31.0,10,0
2024-01-01,ST118,P3207,34.0,5,0
2024-01-01,ST118,P3399,34.0,5,0
2024-01-01,ST118,P3438,36.0,10,0
2024-01-01,ST118,P3503,34.0,20,0
2024-01-01,ST118,P3490,33.0,10,0
2024-01-01,ST118,P3404,32.0,10,0
2024-01-01,ST118,P3140,37.0,20,0
2024-01-01,ST118,P3323,36.0,15,0
2024-01-01,ST118,P3311,30.0,5,0
2024-01-01,ST118,P3095,43.0,5,0
2024-01-01,ST118,P3066,29.0,5,0
2024-01-01,ST118,P3485,41.0,5,0
2024-01-01,ST118,P3250,30.0,5,0
2024-01-01,ST118,P3117,30.0,10,0
2024-01-01,ST118,P3189,30.0,5,0
2024-01-01,ST118,P3073,31.0,10,0
2024-01-01,ST118,P3099,27.0,10,0
2024-01-01,ST118,P3356,38.0,20,0
2024-01-01,ST118,P3133,23.0,15,0
2024-01-01,ST118,P3391,30.0,15,0
2024-01-01,ST118,P3369,35.0,20,0
2024-01-01,ST118,P3276,28.0,20,0
2024-01-01,ST118,P3520,28.0,15,0
2024-01-01,ST118,P3378,43.0,10,0
2024-01-01,ST118,P3477,36.0,15,0
2024-01-01,ST118,P3079,28.0,10,0
2024-01-01,ST118,P3211,29.0,15,0
2024-01-01,ST118,P3269,44.0,5,0
2024-01-01,ST118,P3004,27.0,10,0
2024-01-01,ST118,P3316,28.0,5,0
2024-01-01,ST118,P3135,48.0,15,0
2024-01-01,ST118,P3248,35.0,5,0
2024-01-01,ST118,P3300,32.0,10,0
2024-01-01,ST118,P3183,37.0,5,0
2024-01-01,ST118,P3433,37.0,20,0
2024-01-01,ST118,P3265,35.0,5,0
2024-01-01,ST118,P3142,34.0,5,0
2024-01-01,ST118,P3382,36.0,15,0
2024-01-01,ST118,P3239,43.0,10,0
2024-01-01,ST118,P3347,39.0,10,0
2024-01-01,ST118,P3172,23.0,20,0
2024-01-01,ST118,P3357,30.0,5,0
2024-01-01,ST118,P3246,20.0,10,0
2024-01-01,ST118,P3447,30.0,5,0
2024-01-01,ST118,P3028,30.0,20,0
2024-02-01,ST101,P3107,41.0,10,0
2024-02-01,ST101,P3502,34.0,20,0
2024-02-01,ST101,P3214,39.0,15,0
2024-02-01,ST101,P3068,44.0,15,0
2024-02-01,ST101,P3119,33.0,10,0
2024-02-01,ST101,P3189,26.0,15,0
2024-02-01,ST101,P3071,43.0,20,0
2024-02-01,ST101,P3064,30.0,15,0
2024-02-01,ST101,P3342,35.0,20,0
2024-02-01,ST101,P3267,32.0,20,0
2024-02-01,ST101,P3240,42.0,15,0
2024-02-01,ST101,P3051,39.0,20,0
2024-02-01,ST101,P3105,42.0,15,0
2024-02-01,ST101,P3256,37.0,5,0
2024-02-01,ST101,P3046,30.0,10,0
2024-02-01,ST101,P3451,26.0,15,0
2024-02-01,ST101,P3057,40.0,5,0
2024-02-01,ST101,P3050,39.0,10,0
2024-02-01,ST101,P3081,31.0,5,0
2024-02-01,ST101,P3005,29.0,10,0
2024-02-01,ST101,P3230,36.0,20,0
2024-02-01,ST101,P3155,41.0,15,0
2024-02-01,ST101,P3391,33.0,15,0
2024-02-01,ST101,P3449,34.0,20,0
2024-02-01,ST101,P3271,40.0,20,0
2024-02-01,ST101,P3460,34.0,5,0
2024-02-01,ST101,P3377,42.0,5,0
2024-02-01,ST101,P3299,40.0,10,0
2024-02-01,ST101,P3396,24.0,20,0
2024-02-01,ST101,P3389,32.0,5,0
2024-02-01,ST101,P3379,31.0,15,0
2024-02-01,ST101,P3007,33.0,20,0
2024-02-01,ST101,P3278,39.0,20,0
2024-02-01,ST101,P3210,40.0,20,0
2024-02-01,ST101,P3263,45.0,5,0
2024-02-01,ST101,P3117,36.0,10,0
2024-02-01,ST101,P3094,49.0,10,0
2024-02-01,ST101,P3120,33.0,20,0
2024-02-01,ST101,P3169,39.0,15,0
2024-02-01,ST101,P3221,25.0,15,0
2024-02-01,ST101,P3136,38.0,10,0
2024-02-01,ST101,P3313,31.0,15,0
2024-02-01,ST101,P3387,42.0,15,0
2024-02-01,ST101,P3305,27.0,10,0
2024-02-01,ST101,P3021,26.0,15,0
2024-02-01,ST101,P3505,31.0,20,0
2024-02-01,ST101,P3437,25.0,15,0
2024-02-01,ST101,P3445,42.0,20,0
2024-02-01,ST101,P3474,33.0,10,0
2024-02-01,ST101,P3253,28.0,20,0
2024-02-01,ST101,P3466,31.0,5,0
2024-02-01,ST101,P3001,34.0,15,0
2024-02-01,ST101,P3422,34.0,5,0
2024-02-01,ST101,P3150,30.0,5,0
2024-02-01,ST101,P3186,20.0,5,0
2024-02-01,ST101,P3130,21.0,5,0
2024-02-01,ST101,P3238,33.0,15,0
2024-02-01,ST101,P3063,29.0,5,0
2024-02-01,ST101,P3002,37.0,15,0
2024-02-01,ST101,P3178,38.0,20,0
2024-02-01,ST102,P3089,36.0,15,0
2024-02-01,ST102,P3027,26.0,20,0
2024-02-01,ST102,P3190,38.0,10,0
2024-02-01,ST102,P3018,33.0,5,0
2024-02-01,ST102,P3258,35.0,15,0
2024-02-01,ST102,P3053,37.0,15,0
2024-02-01,ST102,P3504,42.0,5,0
2024-02-01,ST102,P3511,34.0,5,0
2024-02-01,ST102,P3068,38.0,10,0
2024-02-01,ST102,P3164,33.0,5,0
2024-02-01,ST102,P3218,30.0,15,0
2024-02-01,ST102,P3074,35.0,20,0
2024-02-01,ST102,P3421,42.0,15,0
2024-02-01,ST102,P3076,50.0,20,0
2024-02-01,ST102,P3143,36.0,5,0
2024-02-01,ST102,P3295,33.0,15,0
2024-02-01,ST102,P3278,31.0,5,0
2024-02-01,ST102,P3092,36.0,10,0
2024-02-01,ST102,P3389,40.0,20,0
2024-02-01,ST102,P3220,40.0,10,0
2024-02-01,ST102,P3399,41.0,10,0
2024-02-01,ST102,P3155,37.0,5,0
2024-02-01,ST102,P3130,37.0,20,0
2024-02-01,ST102,P3077,41.0,20,0
2024-02-01,ST102,P3455,34.0,20,0
2024-02-01,ST102,P3240,42.0,20,0
2024-02-01,ST102,P3306,35.0,20,0
2024-02-01,ST102,P3406,35.0,10,0
2024-02-01,ST102,P3184,31.0,15,0
2024-02-01,ST102,P3229,32.0,20,0
2024-02-01,ST102,P3200,40.0,15,0
2024-02-01,ST102,P3289,29.0,5,0
2024-02-01,ST102,P3371,28.0,15,0
2024-02-01,ST102,P3121,31.0,15,0
2024-02-01,ST102,P3505,35.0,5,0
2024-02-01,ST102,P3182,34.0,15,0
2024-02-01,ST102,P3020,33.0,20,0
2024-02-01,ST102,P3432,29.0,5,0
2024-02-01,ST102,P3296,43.0,10,0
2024-02-01,ST102,P3124,28.0,5,0
2024-02-01,ST102,P3269,35.0,10,0
2024-02-01,ST102,P3140,42.0,15,0
2024-02-01,ST102,P3380,34.0,20,0
2024-02-01,ST102,P3451,29.0,5,0
2024-02-01,ST102,P3390,39.0,15,0
2024-02-01,ST102,P3002,32.0,5,0
2024-02-01,ST102,P3215,37.0,20,0
2024-02-01,ST102,P3318,32.0,20,0
2024-02-01,ST102,P3333,27.0,5,0
2024-02-01,ST102,P3114,30.0,10,0
2024-02-01,ST102,P3495,36.0,5,0
2024-02-01,ST102,P3464,24.0,5,0
2024-02-01,ST102,P3203,39.0,20,0
2024-02-01,ST102,P3373,41.0,15,0
2024-02-01,ST102,P3108,41.0,10,0
2024-02-01,ST102,P3156,31.0,20,0
2024-02-01,ST102,P3037,35.0,5,0
2024-02-01,ST102,P3059,38.0,20,0
2024-02-01,ST102,P3173,25.0,5,0
2024-02-01,ST102,P3228,33.0,20,0
2024-02-01,ST103,P3505,39.0,10,0
2024-02-01,ST103,P3451,33.0,5,0
2024-02-01,ST103,P3136,42.0,10,0
2024-02-01,ST103,P3239,33.0,15,0
2024-02-01,ST103,P3267,21.0,10,0
2024-02-01,ST103,P3330,32.0,20,0
2024-02-01,ST103,P3386,36.0,15,0
2024-02-01,ST103,P3309,35.0,5,0
2024-02-01,ST103,P3218,38.0,15,0
2024-02-01,ST103,P3519,33.0,15,0
2024-02-01,ST103,P3404,35.0,20,0
2024-02-01,ST103,P3394,34.0,10,0
2024-02-01,ST103,P3126,30.0,10,0
2024-02-01,ST103,P3374,34.0,10,0
2024-02-01,ST103,P3400,40.0,20,0
2024-02-01,ST103,P3465,32.0,20,0
2024-02-01,ST103,P3269,40.0,10,0
2024-02-01,ST103,P3198,41.0,5,0
2024-02-01,ST103,P3215,42.0,10,0
2024-02-01,ST103,P3276,31.0,10,0
2024-02-01,ST103,P3479,42.0,10,0
2024-02-01,ST103,P3054,29.0,15,0
2024-02-01,ST103,P3484,33.0,20,0
2024-02-01,ST103,P3087,39.0,20,0
2024-02-01,ST103,P3103,37.0,10,0
2024-02-01,ST103,P3014,33.0,15,0
2024-02-01,ST103,P3516,40.0,10,0
2024-02-01,ST103,P3348,33.0,15,0
2024-02-01,ST103,P3144,30.0,5,0
2024-02-01,ST103,P3360,41.0,15,0
2024-02-01,ST103,P3009,37.0,15,0
2024-02-01,ST103,P3392,40.0,10,0
2024-02-01,ST103,P3426,32.0,10,0
2024-02-01,ST103,P3375,23.0,20,0
2024-02-01,ST103,P3196,28.0,10,0
2024-02-01,ST103,P3049,33.0,15,0
2024-02-01,ST103,P3429,32.0,10,0
2024-02-01,ST103,P3301,33.0,20,0
2024-02-01,ST103,P3442,37.0,10,0
2024-02-01,ST103,P3437,36.0,10,0
2024-02-01,ST103,P3161,27.0,20,0
2024-02-01,ST103,P3314,38.0,5,0
2024-02-01,ST103,P3230,36.0,15,0
2024-02-01,ST103,P3349,40.0,15,0
2024-02-01,ST103,P3345,37.0,20,0
2024-02-01,ST103,P3434,34.0,10,0
2024-02-01,ST103,P3483,38.0,20,0
2024-02-01,ST103,P3445,45.0,15,0
2024-02-01,ST103,P3436,34.0,15,0
2024-02-01,ST103,P3242,45.0,20,0
2024-02-01,ST103,P3504,34.0,10,0
2024-02-01,ST103,P3227,31.0,5,0
2024-02-01,ST103,P3302,28.0,5,0
2024-02-01,ST103,P3410,39.0,5,0
2024-02-01,ST103,P3476,30.0,10,0
2024-02-01,ST103,P3308,38.0,15,0
2024-02-01,ST103,P3347,36.0,15,0
2024-02-01,ST103,P3333,43.0,5,0
2024-02-01,ST103,P3084,28.0,10,0
2024-02-01,ST103,P3463,37.0,15,0
2024-02-01,ST104,P3155,39.0,10,0
2024-02-01,ST104,P3133,44.0,5,0
2024-02-01,ST104,P3501,42.0,15,0
2024-02-01,ST104,P3326,31.0,20,0
2024-02-01,ST104,P3031,29.0,5,0
2024-02-01,ST104,P3261,39.0,10,0
2024-02-01,ST104,P3331,30.0,15,0
2024-02-01,ST104,P3052,29.0,20,0
2024-02-01,ST104,P3224,60.0,10,0
2024-02-01,ST104,P3194,30.0,20,0
2024-02-01,ST104,P3259,26.0,5,0
2024-02-01,ST104,P3303,39.0,10,0
2024-02-01,ST104,P3440,37.0,10,0
2024-02-01,ST104,P3276,28.0,10,0
2024-02-01,ST104,P3472,39.0,5,0
2024-02-01,ST104,P3495,33.0,10,0
2024-02-01,ST104,P3338,46.0,10,0
2024-02-01,ST104,P3502,41.0,15,0
2024-02-01,ST104,P3025,34.0,15,0
2024-02-01,ST104,P3507,36.0,5,0
2024-02-01,ST104,P3228,37.0,10,0
2024-02-01,ST104,P3308,29.0,10,0
2024-02-01,ST104,P3511,28.0,5,0
2024-02-01,ST104,P3189,36.0,15,0
2024-02-01,ST104,P3145,33.0,20,0
2024-02-01,ST104,P3168,37.0,20,0
2024-02-01,ST104,P3391,27.0,5,0
2024-02-01,ST104,P3429,40.0,20,0
2024-02-01,ST104,P3448,33.0,20,0
2024-02-01,ST104,P3417,53.0,15,0
2024-02-01,ST104,P3142,31.0,15,0
2024-02-01,ST104,P3008,33.0,15,0
2024-02-01,ST104,P3515,34.0,15,0
2024-02-01,ST104,P3075,46.0,20,0
2024-02-01,ST104,P3304,38.0,10,0
2024-02-01,ST104,P3067,35.0,15,0
2024-02-01,ST104,P3490,33.0,20,0
2024-02-01,ST104,P3267,32.0,5,0
2024-02-01,ST104,P3461,38.0,10,0
2024-02-01,ST104,P3270,24.0,10,0
2024-02-01,ST104,P3471,43.0,10,0
2024-02-01,ST104,P3196,41.0,20,0
2024-02-01,ST104,P3172,34.0,10,0
2024-02-01,ST104,P3084,40.0,15,0
2024-02-01,ST104,P3199,33.0,5,0
2024-02-01,ST104,P3290,41.0,10,0
2024-02-01,ST104,P3190,36.0,10,0
2024-02-01,ST104,P3315,39.0,10,0
2024-02-01,ST104,P3248,42.0,20,0
2024-02-01,ST104,P3044,42.0,10,0
2024-02-01,ST104,P3002,40.0,5,0
2024-02-01,ST104,P3362,37.0,5,0
2024-02-01,ST104,P3026,35.0,5,0
2024-02-01,ST104,P3054,24.0,20,0
2024-02-01,ST104,P3231,38.0,15,0
2024-02-01,ST104,P3442,34.0,10,0
2024-02-01,ST104,P3360,30.0,5,0
2024-02-01,ST104,P3316,41.0,20,0
2024-02-01,ST104,P3177,32.0,10,0
2024-02-01,ST104,P3258,53.0,15,0
2024-02-01,ST105,P3113,39.0,15,0
2024-02-01,ST105,P3092,40.0,15,0
2024-02-01,ST105,P3149,25.0,15,0
2024-02-01,ST105,P3055,26.0,5,0
2024-02-01,ST105,P3104,43.0,15,0
2024-02-01,ST105,P3472,37.0,5,0
2024-02-01,ST105,P3087,30.0,10,0
2024-02-01,ST105,P3020,42.0,10,0
2024-02-01,ST105,P3444,26.0,10,0
2024-02-01,ST105,P3174,33.0,10,0
2024-02-01,ST105,P3386,45.0,15,0
2024-02-01,ST105,P3002,36.0,20,0
2024-02-01,ST105,P3461,25.0,5,0
2024-02-01,ST105,P3181,34.0,5,0
2024-02-01,ST105,P3265,46.0,5,0
2024-02-01,ST105,P3139,30.0,10,0
2024-02-01,ST105,P3365,28.0,10,0
2024-02-01,ST105,P3408,30.0,5,0
2024-02-01,ST105,P3085,28.0,10,0
2024-02-01,ST105,P3432,31.0,5,0
2024-02-01,ST105,P3382,23.0,5,0
2024-02-01,ST105,P3460,33.0,5,0
2024-02-01,ST105,P3398,35.0,20,0
2024-02-01,ST105,P3317,30.0,10,0
2024-02-01,ST105,P3209,36.0,10,0
2024-02-01,ST105,P3238,30.0,20,0
2024-02-01,ST105,P3506,33.0,20,0
2024-02-01,ST105,P3321,27.0,10,0
2024-02-01,ST105,P3010,36.0,15,0
2024-02-01,ST105,P3227,39.0,20,0
2024-02-01,ST105,P3399,41.0,20,0
2024-02-01,ST105,P3397,35.0,20,0
2024-02-01,ST105,P3247,44.0,15,0
2024-02-01,ST105,P3182,30.0,20,0
2024-02-01,ST105,P3038,36.0,15,0
2024-02-01,ST105,P3497,32.0,20,0
2024-02-01,ST105,P3374,40.0,10,0
2024-02-01,ST105,P3250,41.0,5,0
2024-02-01,ST105,P3006,28.0,20,0
2024-02-01,ST105,P3132,37.0,20,0
2024-02-01,ST105,P3494,31.0,15,0
2024-02-01,ST105,P3044,42.0,5,0
2024-02-01,ST105,P3308,29.0,15,0
2024-02-01,ST105,P3467,36.0,15,0
2024-02-01,ST105,P3334,33.0,10,0
2024-02-01,ST105,P3237,40.0,10,0
2024-02-01,ST105,P3186,40.0,5,0
2024-02-01,ST105,P3013,32.0,15,0
2024-02-01,ST105,P3491,31.0,10,0
2024-02-01,ST105,P3383,35.0,5,0
2024-02-01,ST105,P3513,37.0,15,0
2024-02-01,ST105,P3029,40.0,15,0
2024-02-01,ST105,P3228,38.0,10,0
2024-02-01,ST105,P3518,26.0,20,0
2024-02-01,ST105,P3422,27.0,15,0
2024-02-01,ST105,P3336,24.0,5,0
2024-02-01,ST105,P3047,24.0,20,0
2024-02-01,ST105,P3511,34.0,10,0
2024-02-01,ST105,P3261,32.0,15,0
2024-02-01,ST105,P3473,36.0,20,0
2024-02-01,ST106,P3466,29.0,10,0
2024-02-01,ST106,P3243,32.0,5,0
2024-02-01,ST106,P3230,41.0,10,0
2024-02-01,ST106,P3099,30.0,5,0
2024-02-01,ST106,P3171,40.0,10,0
2024-02-01,ST106,P3457,34.0,15,0
2024-02-01,ST106,P3111,27.0,5,0
2024-02-01,ST106,P3508,39.0,15,0
2024-02-01,ST106,P3369,39.0,10,0
2024-02-01,ST106,P3299,43.0,5,0
2024-02-01,ST106,P3237,29.0,20,0
2024-02-01,ST106,P3456,52.0,5,0
2024-02-01,ST106,P3234,33.0,15,0
2024-02-01,ST106,P3381,33.0,15,0
2024-02-01,ST106,P3357,33.0,10,0
2024-02-01,ST106,P3145,34.0,20,0
2024-02-01,ST106,P3063,35.0,15,0
2024-02-01,ST106,P3235,39.0,10,0
2024-02-01,ST106,P3241,36.0,5,0
2024-02-01,ST106,P3136,29.0,10,0
2024-02-01,ST106,P3173,42.0,15,0
2024-02-01,ST106,P3292,36.0,5,0
2024-02-01,ST106,P3378,39.0,20,0
2024-02-01,ST106,P3133,26.0,15,0
2024-02-01,ST106,P3410,43.0,20,0
2024-02-01,ST106,P3030,16.0,10,0
2024-02-01,ST106,P3467,37.0,5,0
2024-02-01,ST106,P3096,40.0,5,0
2024-02-01,ST106,P3493,34.0,20,0
2024-02-01,ST106,P3163,36.0,15,0
2024-02-01,ST106,P3311,48.0,5,0
2024-02-01,ST106,P3309,29.0,10,0
2024-02-01,ST106,P3220,36.0,20,0
2024-02-01,ST106,P3109,37.0,5,0
2024-02-01,ST106,P3320,33.0,10,0
2024-02-01,ST106,P3260,36.0,10,0
2024-02-01,ST106,P3210,36.0,15,0
2024-02-01,ST106,P3182,40.0,15,0
2024-02-01,ST106,P3445,28.0,15,0
2024-02-01,ST106,P3281,38.0,10,0
2024-02-01,ST106,P3301,33.0,20,0
2024-02-01,ST106,P3004,36.0,20,0
2024-02-01,ST106,P3112,36.0,15,0
2024-02-01,ST106,P3501,34.0,15,0
2024-02-01,ST106,P3506,33.0,15,0
2024-02-01,ST106,P3386,33.0,20,0
2024-02-01,ST106,P3119,34.0,10,0
2024-02-01,ST106,P3512,49.0,20,0
2024-02-01,ST106,P3129,35.0,10,0
2024-02-01,ST106,P3414,33.0,20,0
2024-02-01,ST106,P3060,37.0,5,0
2024-02-01,ST106,P3203,30.0,15,0
2024-02-01,ST106,P3222,,10,0
2024-02-01,ST106,P3216,44.0,20,0
2024-02-01,ST106,P3259,37.0,20,0
2024-02-01,ST106,P3196,34.0,5,0
2024-02-01,ST106,P3438,27.0,20,0
2024-02-01,ST106,P3244,46.0,20,0
2024-02-01,ST106,P3206,26.0,15,0
2024-02-01,ST106,P3001,41.0,10,0
2024-02-01,ST107,P3230,35.0,20,0
2024-02-01,ST107,P3361,40.0,20,0
2024-02-01,ST107,P3358,29.0,15,0
2024-02-01,ST107,P3056,36.0,15,0
2024-02-01,ST107,P3192,32.0,15,0
2024-02-01,ST107,P3081,38.0,20,0
2024-02-01,ST107,P3020,38.0,5,0
2024-02-01,ST107,P3379,25.0,15,0
2024-02-01,ST107,P3467,43.0,20,0
2024-02-01,ST107,P3270,39.0,10,0
2024-02-01,ST107,P3321,33.0,10,0
2024-02-01,ST107,P3150,28.0,5,0
2024-02-01,ST107,P3475,37.0,15,0
2024-02-01,ST107,P3323,34.0,10,0
2024-02-01,ST107,P3359,29.0,20,0
2024-02-01,ST107,P3100,31.0,5,0
2024-02-01,ST107,P3336,35.0,10,0
2024-02-01,ST107,P3416,23.0,10,0
2024-02-01,ST107,P3149,42.0,10,0
2024-02-01,ST107,P3497,49.0,20,0
2024-02-01,ST107,P3447,30.0,20,0
2024-02-01,ST107,P3059,33.0,10,0
2024-02-01,ST107,P3191,42.0,10,0
2024-02-01,ST107,P3136,30.0,10,0
2024-02-01,ST107,P3470,36.0,20,0
2024-02-01,ST107,P3216,31.0,20,0
2024-02-01,ST107,P3428,33.0,20,0
2024-02-01,ST107,P3117,50.0,5,0
2024-02-01,ST107,P3450,37.0,15,0
2024-02-01,ST107,P3310,22.0,5,0
2024-02-01,ST107,P3114,40.0,20,0
2024-02-01,ST107,P3102,46.0,5,0
2024-02-01,ST107,P3486,39.0,20,0
2024-02-01,ST107,P3370,38.0,5,0
2024-02-01,ST107,P3233,31.0,5,0
2024-02-01,ST107,P3074,29.0,15,0
2024-02-01,ST107,P3506,33.0,20,0
2024-02-01,ST107,P3006,28.0,20,0
2024-02-01,ST107,P3498,37.0,15,0
2024-02-01,ST107,P3453,36.0,20,0
2024-02-01,ST107,P3038,39.0,10,0
2024-02-01,ST107,P3503,35.0,10,0
2024-02-01,ST107,P3047,35.0,10,0
2024-02-01,ST107,P3429,34.0,15,0
2024-02-01,ST107,P3315,33.0,20,0
2024-02-01,ST107,P3362,49.0,15,0
2024-02-01,ST107,P3276,48.0,20,0
2024-02-01,ST107,P3311,40.0,15,0
2024-02-01,ST107,P3463,39.0,20,0
2024-02-01,ST107,P3142,30.0,10,0
2024-02-01,ST107,P3113,32.0,5,0
2024-02-01,ST107,P3196,34.0,5,0
2024-02-01,ST107,P3480,26.0,10,0
2024-02-01,ST107,P3125,41.0,10,0
2024-02-01,ST107,P3094,27.0,10,0
2024-02-01,ST107,P3324,34.0,5,0
2024-02-01,ST107,P3250,32.0,10,0
2024-02-01,ST107,P3378,34.0,20,0
2024-02-01,ST107,P3014,,10,0
2024-02-01,ST107,P3147,35.0,20,0
2024-02-01,ST108,P3455,36.0,20,0
2024-02-01,ST108,P3401,28.0,20,0
2024-02-01,ST108,P3327,42.0,15,0
2024-02-01,ST108,P3461,35.0,5,0
2024-02-01,ST108,P3267,40.0,10,0
2024-02-01,ST108,P3106,43.0,10,0
2024-02-01,ST108,P3375,41.0,15,0
2024-02-01,ST108,P3230,35.0,15,0
2024-02-01,ST108,P3167,33.0,15,0
2024-02-01,ST108,P3309,32.0,20,0
2024-02-01,ST108,P3002,30.0,10,0
2024-02-01,ST108,P3014,28.0,5,0
2024-02-01,ST108,P3170,35.0,20,0
2024-02-01,ST108,P3304,30.0,20,0
2024-02-01,ST108,P3365,39.0,10,0
2024-02-01,ST108,P3089,34.0,5,0
2024-02-01,ST108,P3050,34.0,10,0
2024-02-01,ST108,P3070,40.0,15,0
2024-02-01,ST108,P3109,36.0,15,0
2024-02-01,ST108,P3321,24.0,20,0
2024-02-01,ST108,P3246,27.0,5,0
2024-02-01,ST108,P3493,38.0,10,0
2024-02-01,ST108,P3100,28.0,5,0
2024-02-01,ST108,P3245,35.0,20,0
2024-02-01,ST108,P3326,36.0,20,0
2024-02-01,ST108,P3141,52.0,5,0
2024-02-01,ST108,P3279,35.0,20,0
2024-02-01,ST108,P3427,37.0,15,0
2024-02-01,ST108,P3018,40.0,15,0
2024-02-01,ST108,P3264,35.0,15,0
2024-02-01,ST108,P3175,35.0,5,0
2024-02-01,ST108,P3040,40.0,15,0
2024-02-01,ST108,P3046,34.0,10,0
2024-02-01,ST108,P3442,37.0,10,0
2024-02-01,ST108,P3472,27.0,15,0
2024-02-01,ST108,P3447,35.0,10,0
2024-02-01,ST108,P3514,41.0,15,0
2024-02-01,ST108,P3048,33.0,15,0
2024-02-01,ST108,P3084,34.0,5,0
2024-02-01,ST108,P3145,36.0,10,0
2024-02-01,ST108,P3334,38.0,20,0
2024-02-01,ST108,P3163,23.0,20,0
2024-02-01,ST108,P3149,29.0,20,0
2024-02-01,ST108,P3251,32.0,10,0
2024-02-01,ST108,P3239,30.0,15,0
2024-02-01,ST108,P3120,49.0,15,0
2024-02-01,ST108,P3288,38.0,20,0
2024-02-01,ST108,P3386,36.0,20,0
2024-02-01,ST108,P3508,35.0,10,0
2024-02-01,ST108,P3225,33.0,5,0
2024-02-01,ST108,P3281,35.0,15,0
2024-02-01,ST108,P3215,38.0,15,0
2024-02-01,ST108,P3248,32.0,15,0
2024-02-01,ST108,P3399,37.0,5,0
2024-02-01,ST108,P3019,45.0,10,0
2024-02-01,ST108,P3280,33.0,5,0
2024-02-01,ST108,P3518,27.0,15,0
2024-02-01,ST108,P3287,29.0,20,0
2024-02-01,ST108,P3342,34.0,20,0
2024-02-01,ST108,P3221,40.0,5,0
2024-02-01,ST109,P3037,23.0,15,0
2024-02-01,ST109,P3166,31.0,10,0
2024-02-01,ST109,P3096,31.0,20,0
2024-02-01,ST109,P3107,30.0,5,0
2024-02-01,ST109,P3342,27.0,15,0
2024-02-01,ST109,P3028,38.0,5,0
2024-02-01,ST109,P3063,35.0,20,0
2024-02-01,ST109,P3124,35.0,20,0
2024-02-01,ST109,P3008,32.0,15,0
2024-02-01,ST109,P3112,28.0,10,0
2024-02-01,ST109,P3300,38.0,5,0
2024-02-01,ST109,P3321,35.0,15,0
2024-02-01,ST109,P3134,31.0,10,0
2024-02-01,ST109,P3516,39.0,5,0
2024-02-01,ST109,P3252,44.0,20,0
2024-02-01,ST109,P3053,37.0,10,0
2024-02-01,ST109,P3430,40.0,15,0
2024-02-01,ST109,P3401,30.0,20,0
2024-02-01,ST109,P3236,31.0,15,0
2024-02-01,ST109,P3511,52.0,5,0
2024-02-01,ST109,P3267,43.0,10,0
2024-02-01,ST109,P3508,43.0,10,0
2024-02-01,ST109,P3275,29.0,10,0
2024-02-01,ST109,P3233,41.0,5,0
2024-02-01,ST109,P3338,35.0,20,0
2024-02-01,ST109,P3420,27.0,15,0
2024-02-01,ST109,P3029,33.0,5,0
2024-02-01,ST109,P3081,39.0,15,0
2024-02-01,ST109,P3129,32.0,10,0
2024-02-01,ST109,P3194,43.0,15,0
2024-02-01,ST109,P3512,29.0,5,0
2024-02-01,ST109,P3478,37.0,10,0
2024-02-01,ST109,P3276,24.0,10,0
2024-02-01,ST109,P3015,41.0,10,0
2024-02-01,ST109,P3271,39.0,10,0
2024-02-01,ST109,P3292,34.0,15,0
2024-02-01,ST109,P3350,34.0,5,0
2024-02-01,ST109,P3238,39.0,15,0
2024-02-01,ST109,P3495,53.0,15,0
2024-02-01,ST109,P3303,37.0,20,0
2024-02-01,ST109,P3449,31.0,5,0
2024-02-01,ST109,P3444,31.0,20,0
2024-02-01,ST109,P3450,36.0,20,0
2024-02-01,ST109,P3414,28.0,10,0
2024-02-01,ST109,P3316,31.0,5,0
2024-02-01,ST109,P3216,30.0,10,0
2024-02-01,ST109,P3049,40.0,20,0
2024-02-01,ST109,P3366,29.0,10,0
2024-02-01,ST109,P3488,36.0,20,0
2024-02-01,ST109,P3133,31.0,5,0
2024-02-01,ST109,P3177,33.0,10,0
2024-02-01,ST109,P3297,31.0,20,0
2024-02-01,ST109,P3065,29.0,15,0
2024-02-01,ST109,P3380,39.0,10,0
2024-02-01,ST109,P3044,39.0,10,0
2024-02-01,ST109,P3057,27.0,10,0
2024-02-01,ST109,P3312,37.0,15,0
2024-02-01,ST109,P3020,21.0,5,0
2024-02-01,ST109,P3099,37.0,15,0
2024-02-01,ST109,P3027,38.0,15,0
2024-02-01,ST110,P3392,23.0,15,0
2024-02-01,ST110,P3260,28.0,10,0
2024-02-01,ST110,P3298,29.0,5,0
2024-02-01,ST110,P3172,35.0,15,0
2024-02-01,ST110,P3151,41.0,10,0
2024-02-01,ST110,P3434,33.0,10,0
2024-02-01,ST110,P3439,38.0,10,0
2024-02-01,ST110,P3246,29.0,15,0
2024-02-01,ST110,P3462,39.0,10,0
2024-02-01,ST110,P3218,34.0,15,0
2024-02-01,ST110,P3347,41.0,10,0
2024-02-01,ST110,P3121,30.0,10,0
2024-02-01,ST110,P3357,39.0,5,0
2024-02-01,ST110,P3399,38.0,15,0
2024-02-01,ST110,P3507,34.0,15,0
2024-02-01,ST110,P3397,38.0,10,0
2024-02-01,ST110,P3231,40.0,20,0
2024-02-01,ST110,P3184,37.0,10,0
2024-02-01,ST110,P3071,38.0,10,0
2024-02-01,ST110,P3304,20.0,20,0
2024-02-01,ST110,P3335,30.0,15,0
2024-02-01,ST110,P3428,35.0,10,0
2024-02-01,ST110,P3117,46.0,20,0
2024-02-01,ST110,P3345,35.0,15,0
2024-02-01,ST110,P3128,33.0,15,0
2024-02-01,ST110,P3173,40.0,15,0
2024-02-01,ST110,P3324,30.0,10,0
2024-02-01,ST110,P3104,41.0,20,0
2024-02-01,ST110,P3008,31.0,20,0
2024-02-01,ST110,P3147,48.0,5,0
2024-02-01,ST110,P3332,23.0,10,0
2024-02-01,ST110,P3001,31.0,20,0
2024-02-01,ST110,P3393,32.0,10,0
2024-02-01,ST110,P3344,24.0,10,0
2024-02-01,ST110,P3389,44.0,15,0
2024-02-01,ST110,P3487,38.0,10,0
2024-02-01,ST110,P3205,31.0,20,0
2024-02-01,ST110,P3377,33.0,10,0
2024-02-01,ST110,P3369,38.0,15,0
2024-02-01,ST110,P3131,43.0,5,0
2024-02-01,ST110,P3250,29.0,20,0
2024-02-01,ST110,P3018,36.0,20,0
2024-02-01,ST110,P3233,52.0,10,0
2024-02-01,ST110,P3266,37.0,5,0
2024-02-01,ST110,P3500,39.0,5,0
2024-02-01,ST110,P3078,40.0,5,0
2024-02-01,ST110,P3148,31.0,15,0
2024-02-01,ST110,P3054,30.0,10,0
2024-02-01,ST110,P3038,46.0,20,0
2024-02-01,ST110,P3132,35.0,20,0
2024-02-01,ST110,P3168,35.0,20,0
2024-02-01,ST110,P3113,29.0,20,0
2024-02-01,ST110,P3016,45.0,5,0
2024-02-01,ST110,P3175,38.0,10,0
2024-02-01,ST110,P3072,36.0,15,0
2024-02-01,ST110,P3496,31.0,10,0
2024-02-01,ST110,P3120,28.0,15,0
2024-02-01,ST110,P3408,28.0,5,0
2024-02-01,ST110,P3079,33.0,10,0
2024-02-01,ST110,P3277,34.0,10,0
2024-02-01,ST111,P3298,48.0,20,0
2024-02-01,ST111,P3149,29.0,10,0
2024-02-01,ST111,P3046,35.0,5,0
2024-02-01,ST111,P3140,32.0,10,0
2024-02-01,ST111,P3141,28.0,20,0
2024-02-01,ST111,P3420,41.0,15,0
2024-02-01,ST111,P3351,36.0,10,0
2024-02-01,ST111,P3084,39.0,15,0
2024-02-01,ST111,P3309,41.0,10,0
2024-02-01,ST111,P3142,35.0,5,0
2024-02-01,ST111,P3364,24.0,5,0
2024-02-01,ST111,P3223,29.0,15,0
2024-02-01,ST111,P3441,38.0,15,0
2024-02-01,ST111,P3194,27.0,15,0
2024-02-01,ST111,P3175,38.0,5,0
2024-02-01,ST111,P3056,27.0,10,0
2024-02-01,ST111,P3440,34.0,5,0
2024-02-01,ST111,P3399,38.0,5,0
2024-02-01,ST111,P3153,31.0,10,0
2024-02-01,ST111,P3037,34.0,10,0
2024-02-01,ST111,P3105,36.0,15,0
2024-02-01,ST111,P3461,30.0,15,0
2024-02-01,ST111,P3405,36.0,15,0
2024-02-01,ST111,P3370,35.0,20,0
2024-02-01,ST111,P3349,26.0,10,0
2024-02-01,ST111,P3271,38.0,20,0
2024-02-01,ST111,P3516,35.0,15,0
2024-02-01,ST111,P3082,34.0,15,0
2024-02-01,ST111,P3036,34.0,20,0
2024-02-01,ST111,P3396,30.0,10,0
2024-02-01,ST111,P3110,41.0,15,0
2024-02-01,ST111,P3243,43.0,5,0
2024-02-01,ST111,P3123,27.0,10,0
2024-02-01,ST111,P3146,31.0,5,0
2024-02-01,ST111,P3103,29.0,20,0
2024-02-01,ST111,P3496,24.0,15,0
2024-02-01,ST111,P3038,53.0,10,0
2024-02-01,ST111,P3390,35.0,20,0
2024-02-01,ST111,P3466,32.0,15,0
2024-02-01,ST111,P3363,36.0,20,0
2024-02-01,ST111,P3288,36.0,20,0
2024-02-01,ST111,P3375,45.0,20,0
2024-02-01,ST111,P3190,36.0,5,0
2024-02-01,ST111,P3404,29.0,15,0
2024-02-01,ST111,P3051,32.0,5,0
2024-02-01,ST111,P3200,36.0,10,0
2024-02-01,ST111,P3418,34.0,5,0
2024-02-01,ST111,P3504,37.0,20,0
2024-02-01,ST111,P3285,31.0,20,0
2024-02-01,ST111,P3347,30.0,15,0
2024-02-01,ST111,P3196,31.0,15,0
2024-02-01,ST111,P3068,36.0,10,0
2024-02-01,ST111,P3336,40.0,15,0
2024-02-01,ST111,P3204,36.0,15,0
2024-02-01,ST111,P3303,22.0,15,0
2024-02-01,ST111,P3449,34.0,20,0
2024-02-01,ST111,P3487,33.0,5,0
2024-02-01,ST111,P3247,37.0,20,0
2024-02-01,ST111,P3211,31.0,20,0
2024-02-01,ST111,P3422,31.0,5,0
2024-02-01,ST112,P3010,21.0,20,0
2024-02-01,ST112,P3321,40.0,10,0
2024-02-01,ST112,P3386,36.0,10,0
2024-02-01,ST112,P3054,46.0,5,0
2024-02-01,ST112,P3262,33.0,15,0
2024-02-01,ST112,P3430,36.0,20,0
2024-02-01,ST112,P3318,35.0,15,0
2024-02-01,ST112,P3082,38.0,10,0
2024-02-01,ST112,P3454,35.0,15,0
2024-02-01,ST112,P3198,45.0,20,0
2024-02-01,ST112,P3093,35.0,20,0
2024-02-01,ST112,P3078,40.0,20,0
2024-02-01,ST112,P3179,24.0,5,0
2024-02-01,ST112,P3197,38.0,5,0
2024-02-01,ST112,P3167,41.0,5,0
2024-02-01,ST112,P3253,36.0,15,0
2024-02-01,ST112,P3513,37.0,20,0
2024-02-01,ST112,P3340,40.0,10,0
2024-02-01,ST112,P3004,33.0,5,0
2024-02-01,ST112,P3012,38.0,10,0
2024-02-01,ST112,P3345,47.0,5,0
2024-02-01,ST112,P3173,29.0,20,0
2024-02-01,ST112,P3016,28.0,20,0
2024-02-01,ST112,P3504,29.0,15,0
2024-02-01,ST112,P3137,34.0,5,0
2024-02-01,ST112,P3292,31.0,20,0
2024-02-01,ST112,P3312,31.0,5,0
2024-02-01,ST112,P3090,39.0,20,0
2024-02-01,ST112,P3514,40.0,5,0
2024-02-01,ST112,P3096,23.0,10,0
2024-02-01,ST112,P3287,34.0,5,0
2024-02-01,ST112,P3176,39.0,5,0
2024-02-01,ST112,P3014,34.0,15,0
2024-02-01,ST112,P3117,29.0,20,0
2024-02-01,ST112,P3075,40.0,10,0
2024-02-01,ST112,P3046,40.0,10,0
2024-02-01,ST112,P3152,43.0,10,0
2024-02-01,ST112,P3278,32.0,10,0
2024-02-01,ST112,P3060,34.0,15,0
2024-02-01,ST112,P3086,42.0,20,0
2024-02-01,ST112,P3231,34.0,5,0
2024-02-01,ST112,P3363,42.0,10,0
2024-02-01,ST112,P3070,26.0,15,0
2024-02-01,ST112,P3027,37.0,15,0
2024-02-01,ST112,P3059,40.0,20,0
2024-02-01,ST112,P3425,32.0,10,0
2024-02-01,ST112,P3476,43.0,15,0
2024-02-01,ST112,P3467,33.0,10,0
2024-02-01,ST112,P3052,36.0,20,0
2024-02-01,ST112,P3220,29.0,5,0
2024-02-01,ST112,P3517,28.0,5,0
2024-02-01,ST112,P3388,41.0,15,0
2024-02-01,ST112,P3381,35.0,5,0
2024-02-01,ST112,P3416,30.0,10,0
2024-02-01,ST112,P3203,29.0,5,0
2024-02-01,ST112,P3248,42.0,15,0
2024-02-01,ST112,P3118,30.0,5,0
2024-02-01,ST112,P3355,34.0,20,0
2024-02-01,ST112,P3410,37.0,10,0
2024-02-01,ST112,P3153,32.0,10,0
2024-02-01,ST113,P3422,27.0,20,0
2024-02-01,ST113,P3098,30.0,10,0
2024-02-01,ST113,P3484,30.0,20,0
2024-02-01,ST113,P3045,36.0,15,0
2024-02-01,ST113,P3075,34.0,10,0
2024-02-01,ST113,P3061,34.0,10,0
2024-02-01,ST113,P3464,33.0,10,0
2024-02-01,ST113,P3177,33.0,15,0
2024-02-01,ST113,P3150,24.0,15,0
2024-02-01,ST113,P3145,39.0,5,0
2024-02-01,ST113,P3230,31.0,15,0
2024-02-01,ST113,P3060,33.0,20,0
2024-02-01,ST113,P3064,47.0,10,0
2024-02-01,ST113,P3451,31.0,20,0
2024-02-01,ST113,P3471,41.0,5,0
2024-02-01,ST113,P3226,36.0,15,0
2024-02-01,ST113,P3243,31.0,10,0
2024-02-01,ST113,P3269,35.0,20,0
2024-02-01,ST113,P3410,30.0,15,0
2024-02-01,ST113,P3059,32.0,10,0
2024-02-01,ST113,P3412,37.0,10,0
2024-02-01,ST113,P3172,35.0,5,0
2024-02-01,ST113,P3236,38.0,20,0
2024-02-01,ST113,P3435,43.0,20,0
2024-02-01,ST113,P3376,31.0,15,0
2024-02-01,ST113,P3024,43.0,5,0
2024-02-01,ST113,P3184,37.0,20,0
2024-02-01,ST113,P3132,40.0,20,0
2024-02-01,ST113,P3004,37.0,20,0
2024-02-01,ST113,P3068,30.0,20,0
2024-02-01,ST113,P3308,47.0,10,0
2024-02-01,ST113,P3247,45.0,5,0
2024-02-01,ST113,P3263,37.0,5,0
2024-02-01,ST113,P3287,36.0,10,0
2024-02-01,ST113,P3225,37.0,10,0
2024-02-01,ST113,P3367,43.0,5,0
2024-02-01,ST113,P3268,27.0,15,0
2024-02-01,ST113,P3411,37.0,15,0
2024-02-01,ST113,P3121,41.0,15,0
2024-02-01,ST113,P3382,39.0,5,0
2024-02-01,ST113,P3169,39.0,20,0
2024-02-01,ST113,P3042,35.0,15,0
2024-02-01,ST113,P3520,31.0,20,0
2024-02-01,ST113,P3043,38.0,20,0
2024-02-01,ST113,P3301,29.0,15,0
2024-02-01,ST113,P3147,27.0,20,0
2024-02-01,ST113,P3170,25.0,15,0
2024-02-01,ST113,P3273,26.0,20,0
2024-02-01,ST113,P3157,32.0,10,0
2024-02-01,ST113,P3217,28.0,20,0
2024-02-01,ST113,P3194,43.0,5,0
2024-02-01,ST113,P3374,34.0,20,0
2024-02-01,ST113,P3016,45.0,15,0
2024-02-01,ST113,P3330,41.0,20,0
2024-02-01,ST113,P3261,42.0,5,0
2024-02-01,ST113,P3364,38.0,15,0
2024-02-01,ST113,P3394,39.0,20,0
2024-02-01,ST113,P3119,37.0,5,0
2024-02-01,ST113,P3141,25.0,10,0
2024-02-01,ST113,P3211,24.0,20,0
2024-02-01,ST114,P3254,35.0,20,0
2024-02-01,ST114,P3119,34.0,15,0
2024-02-01,ST114,P3399,37.0,10,0
2024-02-01,ST114,P3447,28.0,10,0
2024-02-01,ST114,P3385,33.0,10,0
2024-02-01,ST114,P3167,29.0,10,0
2024-02-01,ST114,P3261,38.0,10,0
2024-02-01,ST114,P3383,32.0,5,0
2024-02-01,ST114,P3451,39.0,10,0
2024-02-01,ST114,P3140,30.0,20,0
2024-02-01,ST114,P3218,37.0,5,0
2024-02-01,ST114,P3078,31.0,10,0
2024-02-01,ST114,P3436,35.0,10,0
2024-02-01,ST114,P3381,32.0,15,0
2024-02-01,ST114,P3040,28.0,10,0
2024-02-01,ST114,P3336,44.0,10,0
2024-02-01,ST114,P3484,24.0,10,0
2024-02-01,ST114,P3422,35.0,15,0
2024-02-01,ST114,P3001,40.0,15,0
2024-02-01,ST114,P3264,34.0,5,0
2024-02-01,ST114,P3467,36.0,20,0
2024-02-01,ST114,P3333,31.0,5,0
2024-02-01,ST114,P3014,40.0,15,0
2024-02-01,ST114,P3456,31.0,20,0
2024-02-01,ST114,P3519,33.0,15,0
2024-02-01,ST114,P3390,36.0,10,0
2024-02-01,ST114,P3166,31.0,15,0
2024-02-01,ST114,P3289,28.0,20,0
2024-02-01,ST114,P3226,34.0,10,0
2024-02-01,ST114,P3462,35.0,10,0
2024-02-01,ST114,P3089,41.0,15,0
2024-02-01,ST114,P3483,28.0,20,0
2024-02-01,ST114,P3074,33.0,10,0
2024-02-01,ST114,P3314,31.0,15,0
2024-02-01,ST114,P3150,33.0,5,0
2024-02-01,ST114,P3367,40.0,20,0
2024-02-01,ST114,P3002,31.0,10,0
2024-02-01,ST114,P3096,34.0,15,0
2024-02-01,ST114,P3290,36.0,10,0
2024-02-01,ST114,P3498,33.0,10,0
2024-02-01,ST114,P3133,40.0,10,0
2024-02-01,ST114,P3118,46.0,20,0
2024-02-01,ST114,P3364,29.0,15,0
2024-02-01,ST114,P3232,37.0,10,0
2024-02-01,ST114,P3326,40.0,5,0
2024-02-01,ST114,P3082,45.0,20,0
2024-02-01,ST114,P3277,29.0,10,0
2024-02-01,ST114,P3155,42.0,5,0
2024-02-01,ST114,P3184,38.0,15,0
2024-02-01,ST114,P3485,30.0,20,0
2024-02-01,ST114,P3282,32.0,10,0
2024-02-01,ST114,P3389,28.0,10,0
2024-02-01,ST114,P3488,48.0,10,0
2024-02-01,ST114,P3115,26.0,15,0
2024-02-01,ST114,P3091,41.0,10,0
2024-02-01,ST114,P3179,41.0,10,0
2024-02-01,ST114,P3204,40.0,5,0
2024-02-01,ST114,P3003,39.0,20,0
2024-02-01,ST114,P3255,38.0,20,0
2024-02-01,ST114,P3243,32.0,5,0
2024-02-01,ST115,P3331,24.0,20,0
2024-02-01,ST115,P3350,42.0,20,0
2024-02-01,ST115,P3150,35.0,15,0
2024-02-01,ST115,P3414,43.0,5,0
2024-02-01,ST115,P3193,32.0,15,0
2024-02-01,ST115,P3327,31.0,10,0
2024-02-01,ST115,P3412,28.0,15,0
2024-02-01,ST115,P3330,36.0,5,0
2024-02-01,ST115,P3087,25.0,10,0
2024-02-01,ST115,P3353,29.0,10,0
2024-02-01,ST115,P3434,32.0,20,0
2024-02-01,ST115,P3486,26.0,10,0
2024-02-01,ST115,P3131,38.0,10,0
2024-02-01,ST115,P3235,39.0,10,0
2024-02-01,ST115,P3166,41.0,15,0
2024-02-01,ST115,P3309,32.0,5,0
2024-02-01,ST115,P3147,34.0,15,0
2024-02-01,ST115,P3273,29.0,20,0
2024-02-01,ST115,P3367,43.0,5,0
2024-02-01,ST115,P3146,39.0,5,0
2024-02-01,ST115,P3192,37.0,20,0
2024-02-01,ST115,P3140,36.0,5,0
2024-02-01,ST115,P3510,28.0,20,0
2024-02-01,ST115,P3129,28.0,5,0
2024-02-01,ST115,P3117,27.0,10,0
2024-02-01,ST115,P3068,35.0,10,0
2024-02-01,ST115,P3480,33.0,20,0
2024-02-01,ST115,P3463,32.0,15,0
2024-02-01,ST115,P3272,34.0,15,0
2024-02-01,ST115,P3206,49.0,20,0
2024-02-01,ST115,P3104,34.0,20,0
2024-02-01,ST115,P3502,26.0,20,0
2024-02-01,ST115,P3402,33.0,10,0
2024-02-01,ST115,P3169,38.0,10,0
2024-02-01,ST115,P3475,33.0,20,0
2024-02-01,ST115,P3045,34.0,5,0
2024-02-01,ST115,P3079,35.0,5,0
2024-02-01,ST115,P3440,34.0,10,0
2024-02-01,ST115,P3286,23.0,5,0
2024-02-01,ST115,P3056,43.0,20,0
2024-02-01,ST115,P3124,46.0,20,0
2024-02-01,ST115,P3518,45.0,5,0
2024-02-01,ST115,P3189,46.0,10,0
2024-02-01,ST115,P3179,40.0,10,0
2024-02-01,ST115,P3384,43.0,5,0
2024-02-01,ST115,P3022,42.0,20,0
2024-02-01,ST115,P3394,28.0,15,0
2024-02-01,ST115,P3127,36.0,5,0
2024-02-01,ST115,P3358,24.0,15,0
2024-02-01,ST115,P3188,41.0,20,0
2024-02-01,ST115,P3246,31.0,15,0
2024-02-01,ST115,P3149,36.0,10,0
2024-02-01,ST115,P3391,49.0,10,0
2024-02-01,ST115,P3180,41.0,15,0
2024-02-01,ST115,P3222,35.0,10,0
2024-02-01,ST115,P3469,35.0,10,0
2024-02-01,ST115,P3329,28.0,10,0
2024-02-01,ST115,P3085,25.0,10,0
2024-02-01,ST115,P3160,30.0,15,0
2024-02-01,ST115,P3280,36.0,15,0
2024-02-01,ST116,P3282,37.0,5,0
2024-02-01,ST116,P3388,32.0,20,0
2024-02-01,ST116,P3472,41.0,10,0
2024-02-01,ST116,P3187,38.0,20,0
2024-02-01,ST116,P3372,32.0,20,0
2024-02-01,ST116,P3061,34.0,10,0
2024-02-01,ST116,P3463,44.0,20,0
2024-02-01,ST116,P3507,28.0,5,0
2024-02-01,ST116,P3410,31.0,10,0
2024-02-01,ST116,P3389,35.0,20,0
2024-02-01,ST116,P3473,35.0,20,0
2024-02-01,ST116,P3306,36.0,10,0
2024-02-01,ST116,P3505,31.0,5,0
2024-02-01,ST116,P3209,27.0,10,0
2024-02-01,ST116,P3448,46.0,5,0
2024-02-01,ST116,P3040,39.0,20,0
2024-02-01,ST116,P3304,39.0,15,0
2024-02-01,ST116,P3310,43.0,5,0
2024-02-01,ST116,P3298,40.0,20,0
2024-02-01,ST116,P3284,44.0,5,0
2024-02-01,ST116,P3355,32.0,15,0
2024-02-01,ST116,P3489,38.0,10,0
2024-02-01,ST116,P3377,36.0,10,0
2024-02-01,ST116,P3316,29.0,10,0
2024-02-01,ST116,P3323,31.0,5,0
2024-02-01,ST116,P3302,41.0,15,0
2024-02-01,ST116,P3467,29.0,5,0
2024-02-01,ST116,P3271,35.0,5,0
2024-02-01,ST116,P3094,33.0,15,0
2024-02-01,ST116,P3028,34.0,10,0
2024-02-01,ST116,P3185,31.0,15,0
2024-02-01,ST116,P3060,32.0,20,0
2024-02-01,ST116,P3487,31.0,10,0
2024-02-01,ST116,P3238,24.0,20,0
2024-02-01,ST116,P3233,30.0,15,0
2024-02-01,ST116,P3477,34.0,5,0
2024-02-01,ST116,P3057,30.0,10,0
2024-02-01,ST116,P3493,43.0,10,0
2024-02-01,ST116,P3121,31.0,10,0
2024-02-01,ST116,P3413,36.0,5,0
2024-02-01,ST116,P3346,37.0,20,0
2024-02-01,ST116,P3158,45.0,5,0
2024-02-01,ST116,P3092,38.0,5,0
2024-02-01,ST116,P3012,32.0,15,0
2024-02-01,ST116,P3486,22.0,20,0
2024-02-01,ST116,P3156,19.0,5,0
2024-02-01,ST116,P3446,38.0,5,0
2024-02-01,ST116,P3055,46.0,15,0
2024-02-01,ST116,P3196,35.0,5,0
2024-02-01,ST116,P3361,37.0,10,0
2024-02-01,ST116,P3438,31.0,5,0
2024-02-01,ST116,P3464,26.0,10,0
2024-02-01,ST116,P3400,29.0,5,0
2024-02-01,ST116,P3007,28.0,20,0
2024-02-01,ST116,P3044,33.0,10,0
2024-02-01,ST116,P3029,38.0,5,0
2024-02-01,ST116,P3292,32.0,20,0
2024-02-01,ST116,P3492,40.0,15,0
2024-02-01,ST116,P3412,41.0,15,0
2024-02-01,ST116,P3022,34.0,20,0
2024-02-01,ST117,P3067,42.0,10,0
2024-02-01,ST117,P3288,37.0,20,0
2024-02-01,ST117,P3198,20.0,10,0
2024-02-01,ST117,P3005,30.0,15,0
2024-02-01,ST117,P3427,35.0,15,0
2024-02-01,ST117,P3143,35.0,15,0
2024-02-01,ST117,P3111,20.0,10,0
2024-02-01,ST117,P3064,26.0,5,0
2024-02-01,ST117,P3013,34.0,15,0
2024-02-01,ST117,P3259,32.0,15,0
2024-02-01,ST117,P3208,32.0,5,0
2024-02-01,ST117,P3193,37.0,15,0
2024-02-01,ST117,P3485,34.0,5,0
2024-02-01,ST117,P3170,40.0,20,0
2024-02-01,ST117,P3206,31.0,15,0
2024-02-01,ST117,P3304,33.0,10,0
2024-02-01,ST117,P3258,35.0,10,0
2024-02-01,ST117,P3045,33.0,20,0
2024-02-01,ST117,P3137,17.0,20,0
2024-02-01,ST117,P3496,33.0,15,0
2024-02-01,ST117,P3158,31.0,5,0
2024-02-01,ST117,P3488,42.0,20,0
2024-02-01,ST117,P3081,23.0,15,0
2024-02-01,ST117,P3305,29.0,20,0
2024-02-01,ST117,P3161,31.0,5,0
2024-02-01,ST117,P3499,30.0,15,0
2024-02-01,ST117,P3353,45.0,5,0
2024-02-01,ST117,P3329,34.0,15,0
2024-02-01,ST117,P3127,38.0,15,0
2024-02-01,ST117,P3002,35.0,20,0
2024-02-01,ST117,P3387,38.0,10,0
2024-02-01,ST117,P3150,48.0,10,0
2024-02-01,ST117,P3436,32.0,10,0
2024-02-01,ST117,P3357,36.0,15,0
2024-02-01,ST117,P3493,23.0,15,0
2024-02-01,ST117,P3052,45.0,20,0
2024-02-01,ST117,P3092,36.0,20,0
2024-02-01,ST117,P3428,35.0,5,0
2024-02-01,ST117,P3084,37.0,15,0
2024-02-01,ST117,P3093,39.0,20,0
2024-02-01,ST117,P3031,28.0,10,0
2024-02-01,ST117,P3008,35.0,15,0
2024-02-01,ST117,P3133,26.0,20,0
2024-02-01,ST117,P3202,43.0,20,0
2024-02-01,ST117,P3069,40.0,20,0
2024-02-01,ST117,P3040,32.0,5,0
2024-02-01,ST117,P3026,23.0,20,0
2024-02-01,ST117,P3352,35.0,15,0
2024-02-01,ST117,P3388,30.0,20,0
2024-02-01,ST117,P3470,43.0,5,0
2024-02-01,ST117,P3323,44.0,10,0
2024-02-01,ST117,P3233,29.0,15,0
2024-02-01,ST117,P3271,41.0,15,0
2024-02-01,ST117,P3210,31.0,20,0
2024-02-01,ST117,P3171,32.0,15,0
2024-02-01,ST117,P3163,46.0,20,0
2024-02-01,ST117,P3248,35.0,10,0
2024-02-01,ST117,P3338,39.0,5,0
2024-02-01,ST117,P3408,42.0,10,0
2024-02-01,ST117,P3401,28.0,5,0
2024-02-01,ST118,P3036,35.0,20,0
2024-02-01,ST118,P3283,25.0,5,0
2024-02-01,ST118,P3464,41.0,10,0
2024-02-01,ST118,P3345,39.0,20,0
2024-02-01,ST118,P3314,30.0,20,0
2024-02-01,ST118,P3073,35.0,15,0
2024-02-01,ST118,P3094,45.0,15,0
2024-02-01,ST118,P3498,39.0,10,0
2024-02-01,ST118,P3084,42.0,15,0
2024-02-01,ST118,P3136,24.0,5,0
2024-02-01,ST118,P3272,38.0,10,0
2024-02-01,ST118,P3503,27.0,5,0
2024-02-01,ST118,P3101,45.0,15,0
2024-02-01,ST118,P3400,46.0,20,0
2024-02-01,ST118,P3468,31.0,15,0
2024-02-01,ST118,P3203,40.0,15,0
2024-02-01,ST118,P3241,34.0,5,0
2024-02-01,ST118,P3261,35.0,15,0
2024-02-01,ST118,P3451,25.0,5,0
2024-02-01,ST118,P3467,21.0,15,0
2024-02-01,ST118,P3471,14.0,20,0
2024-02-01,ST118,P3431,33.0,10,0
2024-02-01,ST118,P3290,37.0,20,0
2024-02-01,ST118,P3061,37.0,10,0
2024-02-01,ST118,P3426,26.0,20,0
2024-02-01,ST118,P3246,28.0,5,0
2024-02-01,ST118,P3410,33.0,10,0
2024-02-01,ST118,P3170,46.0,10,0
2024-02-01,ST118,P3158,42.0,10,0
2024-02-01,ST118,P3139,30.0,5,0
2024-02-01,ST118,P3269,30.0,10,0
2024-02-01,ST118,P3127,27.0,15,0
2024-02-01,ST118,P3198,30.0,10,0
2024-02-01,ST118,P3492,32.0,20,0
2024-02-01,ST118,P3387,24.0,15,0
2024-02-01,ST118,P3104,42.0,15,0
2024-02-01,ST118,P3068,49.0,5,0
2024-02-01,ST118,P3391,41.0,15,0
2024-02-01,ST118,P3368,44.0,15,0
2024-02-01,ST118,P3150,28.0,15,0
2024-02-01,ST118,P3140,37.0,10,0
2024-02-01,ST118,P3421,31.0,10,0
2024-02-01,ST118,P3080,30.0,10,0
2024-02-01,ST118,P3077,37.0,5,0
2024-02-01,ST118,P3416,26.0,10,0
2024-02-01,ST118,P3462,50.0,5,0
2024-02-01,ST118,P3275,35.0,15,0
2024-02-01,ST118,P3312,44.0,20,0
2024-02-01,ST118,P3219,33.0,5,0
2024-02-01,ST118,P3487,36.0,20,0
2024-02-01,ST118,P3053,36.0,5,0
2024-02-01,ST118,P3417,40.0,20,0
2024-02-01,ST118,P3074,33.0,10,0
2024-02-01,ST118,P3245,24.0,20,0
2024-02-01,ST118,P3201,49.0,10,0
2024-02-01,ST118,P3002,37.0,10,0
2024-02-01,ST118,P3060,43.0,5,0
2024-02-01,ST118,P3497,27.0,10,0
2024-02-01,ST118,P3389,44.0,20,0
2024-02-01,ST118,P3404,29.0,5,0
2024-03-01,ST101,P3428,37.0,5,0
2024-03-01,ST101,P3024,31.0,15,0
2024-03-01,ST101,P3086,40.0,15,0
2024-03-01,ST101,P3469,30.0,10,0
2024-03-01,ST101,P3151,36.0,20,0
2024-03-01,ST101,P3215,26.0,20,0
2024-03-01,ST101,P3098,37.0,20,0
2024-03-01,ST101,P3398,46.0,15,0
2024-03-01,ST101,P3157,34.0,5,0
2024-03-01,ST101,P3354,43.0,5,0
2024-03-01,ST101,P3204,28.0,5,0
2024-03-01,ST101,P3339,37.0,5,0
2024-03-01,ST101,P3413,38.0,5,0
2024-03-01,ST101,P3056,34.0,10,0
2024-03-01,ST101,P3029,29.0,10,0
2024-03-01,ST101,P3336,32.0,10,0
2024-03-01,ST101,P3434,34.0,20,0
2024-03-01,ST101,P3490,33.0,10,0
2024-03-01,ST101,P3259,39.0,15,0
2024-03-01,ST101,P3466,38.0,20,0
2024-03-01,ST101,P3018,34.0,10,0
2024-03-01,ST101,P3014,33.0,10,0
2024-03-01,ST101,P3174,30.0,20,0
2024-03-01,ST101,P3070,44.0,15,0
2024-03-01,ST101,P3033,28.0,15,0
2024-03-01,ST101,P3191,32.0,10,0
2024-03-01,ST101,P3371,34.0,10,0
2024-03-01,ST101,P3326,35.0,10,0
2024-03-01,ST101,P3192,29.0,20,0
2024-03-01,ST101,P3491,44.0,20,0
2024-03-01,ST101,P3344,38.0,15,0
2024-03-01,ST101,P3332,39.0,20,0
2024-03-01,ST101,P3028,33.0,15,0
2024-03-01,ST101,P3149,38.0,10,0
2024-03-01,ST101,P3262,32.0,5,0
2024-03-01,ST101,P3250,37.0,10,0
2024-03-01,ST101,P3034,32.0,5,0
2024-03-01,ST101,P3401,40.0,15,0
2024-03-01,ST101,P3459,30.0,5,0
2024-03-01,ST101,P3102,30.0,5,0
2024-03-01,ST101,P3085,30.0,5,0
2024-03-01,ST101,P3329,43.0,20,0
2024-03-01,ST101,P3120,30.0,20,0
2024-03-01,ST101,P3203,27.0,5,0
2024-03-01,ST101,P3433,28.0,15,0
2024-03-01,ST101,P3122,34.0,5,0
2024-03-01,ST101,P3361,38.0,10,0
2024-03-01,ST101,P3111,28.0,10,0
2024-03-01,ST101,P3496,31.0,10,0
2024-03-01,ST101,P3482,42.0,15,0
2024-03-01,ST101,P3116,25.0,10,0
2024-03-01,ST101,P3205,40.0,15,0
2024-03-01,ST101,P3035,38.0,15,0
2024-03-01,ST101,P3142,37.0,15,0
2024-03-01,ST101,P3363,25.0,10,0
2024-03-01,ST101,P3184,33.0,15,0
2024-03-01,ST101,P3255,33.0,10,0
2024-03-01,ST101,P3290,36.0,10,0
2024-03-01,ST101,P3150,37.0,10,0
2024-03-01,ST101,P3062,22.0,20,0
2024-03-01,ST102,P3102,37.0,20,0
2024-03-01,ST102,P3143,35.0,10,0
2024-03-01,ST102,P3324,39.0,20,0
2024-03-01,ST102,P3031,32.0,15,0
2024-03-01,ST102,P3194,33.0,15,0
2024-03-01,ST102,P3051,30.0,20,0
2024-03-01,ST102,P3224,46.0,5,0
2024-03-01,ST102,P3276,42.0,15,0
2024-03-01,ST102,P3017,40.0,5,0
2024-03-01,ST102,P3041,31.0,5,0
2024-03-01,ST102,P3295,37.0,20,0
2024-03-01,ST102,P3217,39.0,20,0
2024-03-01,ST102,P3016,29.0,20,0
2024-03-01,ST102,P3082,25.0,15,0
2024-03-01,ST102,P3513,39.0,5,0
2024-03-01,ST102,P3180,44.0,15,0
2024-03-01,ST102,P3094,39.0,10,0
2024-03-01,ST102,P3430,41.0,10,0
2024-03-01,ST102,P3081,40.0,20,0
2024-03-01,ST102,P3001,37.0,5,0
2024-03-01,ST102,P3422,37.0,15,0
2024-03-01,ST102,P3519,24.0,10,0
2024-03-01,ST102,P3185,32.0,10,0
2024-03-01,ST102,P3076,38.0,15,0
2024-03-01,ST102,P3305,37.0,15,0
2024-03-01,ST102,P3517,39.0,10,0
2024-03-01,ST102,P3147,27.0,10,0
2024-03-01,ST102,P3036,49.0,15,0
2024-03-01,ST102,P3470,31.0,10,0
2024-03-01,ST102,P3409,33.0,20,0
2024-03-01,ST102,P3275,31.0,10,0
2024-03-01,ST102,P3425,36.0,5,0
2024-03-01,ST102,P3301,38.0,15,0
2024-03-01,ST102,P3260,33.0,10,0
2024-03-01,ST102,P3498,38.0,5,0
2024-03-01,ST102,P3134,32.0,5,0
2024-03-01,ST102,P3494,42.0,10,0
2024-03-01,ST102,P3175,35.0,10,0
2024-03-01,ST102,P3125,38.0,20,0
2024-03-01,ST102,P3027,34.0,10,0
2024-03-01,ST102,P3220,37.0,5,0
2024-03-01,ST102,P3365,51.0,10,0
2024-03-01,ST102,P3259,32.0,15,0
2024-03-01,ST102,P3181,24.0,5,0
2024-03-01,ST102,P3243,39.0,15,0
2024-03-01,ST102,P3024,31.0,15,0
2024-03-01,ST102,P3431,44.0,15,0
2024-03-01,ST102,P3193,33.0,10,0
2024-03-01,ST102,P3235,34.0,10,0
2024-03-01,ST102,P3316,32.0,10,0
2024-03-01,ST102,P3446,36.0,15,0
2024-03-01,ST102,P3332,40.0,5,0
2024-03-01,ST102,P3172,34.0,5,0
2024-03-01,ST102,P3474,26.0,15,0
2024-03-01,ST102,P3182,44.0,10,0
2024-03-01,ST102,P3013,32.0,15,0
2024-03-01,ST102,P3216,,15,0
2024-03-01,ST102,P3054,28.0,5,0
2024-03-01,ST102,P3347,37.0,10,0
2024-03-01,ST102,P3154,28.0,10,0
2024-03-01,ST103,P3480,34.0,20,0
2024-03-01,ST103,P3073,48.0,5,0
2024-03-01,ST103,P3256,29.0,15,0
2024-03-01,ST103,P3414,38.0,10,0
2024-03-01,ST103,P3502,41.0,20,0
2024-03-01,ST103,P3107,39.0,15,0
2024-03-01,ST103,P3380,27.0,15,0
2024-03-01,ST103,P3289,33.0,15,0
2024-03-01,ST103,P3178,28.0,10,0
2024-03-01,ST103,P3085,30.0,15,0
2024-03-01,ST103,P3294,31.0,20,0
2024-03-01,ST103,P3304,42.0,20,0
2024-03-01,ST103,P3065,43.0,20,0
2024-03-01,ST103,P3364,35.0,15,0
2024-03-01,ST103,P3479,34.0,10,0
2024-03-01,ST103,P3511,27.0,10,0
2024-03-01,ST103,P3286,34.0,20,0
2024-03-01,ST103,P3371,40.0,20,0
2024-03-01,ST103,P3244,34.0,15,0
2024-03-01,ST103,P3209,27.0,20,0
2024-03-01,ST103,P3106,34.0,5,0
2024-03-01,ST103,P3411,36.0,10,0
2024-03-01,ST103,P3173,41.0,10,0
2024-03-01,ST103,P3202,42.0,20,0
2024-03-01,ST103,P3489,49.0,20,0
2024-03-01,ST103,P3407,38.0,15,0
2024-03-01,ST103,P3322,34.0,15,0
2024-03-01,ST103,P3100,32.0,10,0
2024-03-01,ST103,P3519,28.0,5,0
2024-03-01,ST103,P3290,42.0,20,0
2024-03-01,ST103,P3492,25.0,15,0
2024-03-01,ST103,P3044,33.0,15,0
2024-03-01,ST103,P3421,33.0,20,0
2024-03-01,ST103,P3458,27.0,5,0
2024-03-01,ST103,P3430,26.0,15,0
2024-03-01,ST103,P3056,42.0,15,0
2024-03-01,ST103,P3261,31.0,10,0
2024-03-01,ST103,P3445,34.0,5,0
2024-03-01,ST103,P3072,33.0,20,0
2024-03-01,ST103,P3337,32.0,5,0
2024-03-01,ST103,P3254,20.0,10,0
2024-03-01,ST103,P3358,47.0,10,0
2024-03-01,ST103,P3112,29.0,10,0
2024-03-01,ST103,P3325,30.0,20,0
2024-03-01,ST103,P3086,35.0,10,0
2024-03-01,ST103,P3051,38.0,10,0
2024-03-01,ST103,P3118,34.0,5,0
2024-03-01,ST103,P3028,38.0,10,0
2024-03-01,ST103,P3312,42.0,10,0
2024-03-01,ST103,P3074,32.0,20,0
2024-03-01,ST103,P3097,34.0,20,0
2024-03-01,ST103,P3284,43.0,15,0
2024-03-01,ST103,P3512,39.0,15,0
2024-03-01,ST103,P3190,48.0,10,0
2024-03-01,ST103,P3194,33.0,5,0
2024-03-01,ST103,P3183,42.0,15,0
2024-03-01,ST103,P3409,37.0,15,0
2024-03-01,ST103,P3328,33.0,20,0
2024-03-01,ST103,P3021,27.0,15,0
2024-03-01,ST103,P3283,31.0,5,0
2024-03-01,ST104,P3374,34.0,10,0
2024-03-01,ST104,P3249,41.0,20,0
2024-03-01,ST104,P3022,35.0,20,0
2024-03-01,ST104,P3502,36.0,10,0
2024-03-01,ST104,P3008,31.0,10,0
2024-03-01,ST104,P3301,40.0,20,0
2024-03-01,ST104,P3291,34.0,5,0
2024-03-01,ST104,P3216,29.0,10,0
2024-03-01,ST104,P3126,48.0,5,0
2024-03-01,ST104,P3049,35.0,5,0
2024-03-01,ST104,P3251,40.0,20,0
2024-03-01,ST104,P3461,37.0,5,0
2024-03-01,ST104,P3092,26.0,10,0
2024-03-01,ST104,P3372,37.0,20,0
2024-03-01,ST104,P3441,40.0,5,0
2024-03-01,ST104,P3173,39.0,5,0
2024-03-01,ST104,P3399,33.0,20,0
2024-03-01,ST104,P3206,42.0,10,0
2024-03-01,ST104,P3053,36.0,5,0
2024-03-01,ST104,P3012,34.0,10,0
2024-03-01,ST104,P3081,37.0,20,0
2024-03-01,ST104,P3149,44.0,20,0
2024-03-01,ST104,P3141,37.0,15,0
2024-03-01,ST104,P3423,31.0,20,0
2024-03-01,ST104,P3501,35.0,10,0
2024-03-01,ST104,P3134,29.0,20,0
2024-03-01,ST104,P3411,38.0,20,0
2024-03-01,ST104,P3277,27.0,10,0
2024-03-01,ST104,P3485,25.0,15,0
2024-03-01,ST104,P3219,36.0,5,0
2024-03-01,ST104,P3425,32.0,15,0
2024-03-01,ST104,P3161,36.0,5,0
2024-03-01,ST104,P3205,43.0,15,0
2024-03-01,ST104,P3368,27.0,20,0
2024-03-01,ST104,P3386,37.0,5,0
2024-03-01,ST104,P3164,30.0,5,0
2024-03-01,ST104,P3302,27.0,10,0
2024-03-01,ST104,P3466,35.0,20,0
2024-03-01,ST104,P3412,36.0,5,0
2024-03-01,ST104,P3048,36.0,10,0
2024-03-01,ST104,P3367,38.0,15,0
2024-03-01,ST104,P3250,29.0,20,0
2024-03-01,ST104,P3240,36.0,15,0
2024-03-01,ST104,P3223,44.0,5,0
2024-03-01,ST104,P3261,37.0,5,0
2024-03-01,ST104,P3424,40.0,20,0
2024-03-01,ST104,P3440,36.0,15,0
2024-03-01,ST104,P3496,34.0,15,0
2024-03-01,ST104,P3146,37.0,20,0
2024-03-01,ST104,P3171,39.0,20,0
2024-03-01,ST104,P3237,28.0,5,0
2024-03-01,ST104,P3042,33.0,5,0
2024-03-01,ST104,P3504,27.0,5,0
2024-03-01,ST104,P3172,29.0,5,0
2024-03-01,ST104,P3013,34.0,15,0
2024-03-01,ST104,P3131,39.0,5,0
2024-03-01,ST104,P3344,38.0,15,0
2024-03-01,ST104,P3066,44.0,5,0
2024-03-01,ST104,P3292,38.0,5,0
2024-03-01,ST104,P3101,34.0,10,0
2024-03-01,ST105,P3416,40.0,10,0
2024-03-01,ST105,P3097,23.0,5,0
2024-03-01,ST105,P3261,29.0,20,0
2024-03-01,ST105,P3138,33.0,5,0
2024-03-01,ST105,P3367,26.0,10,0
2024-03-01,ST105,P3492,47.0,5,0
2024-03-01,ST105,P3012,41.0,20,0
2024-03-01,ST105,P3027,29.0,10,0
2024-03-01,ST105,P3007,40.0,20,0
2024-03-01,ST105,P3013,33.0,20,0
2024-03-01,ST105,P3088,34.0,5,0
2024-03-01,ST105,P3020,35.0,5,0
2024-03-01,ST105,P3422,30.0,5,0
2024-03-01,ST105,P3420,43.0,20,0
2024-03-01,ST105,P3091,32.0,10,0
2024-03-01,ST105,P3329,35.0,20,0
2024-03-01,ST105,P3301,35.0,5,0
2024-03-01,ST105,P3256,38.0,5,0
2024-03-01,ST105,P3201,35.0,5,0
2024-03-01,ST105,P3423,39.0,15,0
2024-03-01,ST105,P3166,33.0,10,0
2024-03-01,ST105,P3456,41.0,5,0
2024-03-01,ST105,P3421,45.0,20,0
2024-03-01,ST105,P3477,39.0,20,0
2024-03-01,ST105,P3344,23.0,20,0
2024-03-01,ST105,P3507,37.0,10,0
2024-03-01,ST105,P3221,35.0,10,0
2024-03-01,ST105,P3504,31.0,15,0
2024-03-01,ST105,P3228,32.0,15,0
2024-03-01,ST105,P3121,28.0,5,0
2024-03-01,ST105,P3476,37.0,15,0
2024-03-01,ST105,P3471,37.0,20,0
2024-03-01,ST105,P3490,33.0,15,0
2024-03-01,ST105,P3218,43.0,15,0
2024-03-01,ST105,P3440,35.0,5,0
2024-03-01,ST105,P3386,52.0,20,0
2024-03-01,ST105,P3015,26.0,10,0
2024-03-01,ST105,P3322,36.0,15,0
2024-03-01,ST105,P3333,32.0,15,0
2024-03-01,ST105,P3079,43.0,5,0
2024-03-01,ST105,P3094,40.0,5,0
2024-03-01,ST105,P3050,37.0,5,0
2024-03-01,ST105,P3488,29.0,10,0
2024-03-01,ST105,P3159,33.0,20,0
2024-03-01,ST105,P3253,42.0,20,0
2024-03-01,ST105,P3119,44.0,10,0
2024-03-01,ST105,P3282,35.0,10,0
2024-03-01,ST105,P3248,30.0,20,0
2024-03-01,ST105,P3066,34.0,20,0
2024-03-01,ST105,P3176,29.0,5,0
2024-03-01,ST105,P3474,45.0,10,0
2024-03-01,ST105,P3039,36.0,10,0
2024-03-01,ST105,P3512,28.0,15,0
2024-03-01,ST105,P3005,30.0,10,0
2024-03-01,ST105,P3045,39.0,15,0
2024-03-01,ST105,P3217,48.0,20,0
2024-03-01,ST105,P3388,34.0,5,0
2024-03-01,ST105,P3182,41.0,15,0
2024-03-01,ST105,P3481,40.0,15,0
2024-03-01,ST105,P3147,34.0,15,0
2024-03-01,ST106,P3382,27.0,10,0
2024-03-01,ST106,P3237,27.0,15,0
2024-03-01,ST106,P3361,29.0,20,0
2024-03-01,ST106,P3488,32.0,5,0
2024-03-01,ST106,P3211,30.0,10,0
2024-03-01,ST106,P3516,37.0,20,0
2024-03-01,ST106,P3032,45.0,15,0
2024-03-01,ST106,P3462,47.0,10,0
2024-03-01,ST106,P3118,26.0,10,0
2024-03-01,ST106,P3243,37.0,5,0
2024-03-01,ST106,P3320,31.0,5,0
2024-03-01,ST106,P3494,38.0,20,0
2024-03-01,ST106,P3513,36.0,15,0
2024-03-01,ST106,P3465,33.0,15,0
2024-03-01,ST106,P3129,22.0,15,0
2024-03-01,ST106,P3180,36.0,20,0
2024-03-01,ST106,P3098,25.0,5,0
2024-03-01,ST106,P3033,38.0,10,0
2024-03-01,ST106,P3378,33.0,10,0
2024-03-01,ST106,P3108,32.0,5,0
2024-03-01,ST106,P3270,37.0,20,0
2024-03-01,ST106,P3290,35.0,5,0
2024-03-01,ST106,P3012,31.0,10,0
2024-03-01,ST106,P3084,44.0,20,0
2024-03-01,ST106,P3360,33.0,15,0
2024-03-01,ST106,P3154,,10,0
2024-03-01,ST106,P3190,44.0,10,0
2024-03-01,ST106,P3194,31.0,5,0
2024-03-01,ST106,P3469,33.0,5,0
2024-03-01,ST106,P3059,39.0,10,0
2024-03-01,ST106,P3376,35.0,10,0
2024-03-01,ST106,P3205,37.0,5,0
2024-03-01,ST106,P3293,45.0,15,0
2024-03-01,ST106,P3049,29.0,5,0
2024-03-01,ST106,P3504,43.0,10,0
2024-03-01,ST106,P3383,35.0,10,0
2024-03-01,ST106,P3124,34.0,20,0
2024-03-01,ST106,P3456,33.0,15,0
2024-03-01,ST106,P3222,40.0,15,0
2024-03-01,ST106,P3132,31.0,10,0
2024-03-01,ST106,P3269,40.0,5,0
2024-03-01,ST106,P3080,31.0,15,0
2024-03-01,ST106,P3073,30.0,15,0
2024-03-01,ST106,P3313,41.0,20,0
2024-03-01,ST106,P3423,34.0,10,0
2024-03-01,ST106,P3329,28.0,5,0
2024-03-01,ST106,P3040,23.0,10,0
2024-03-01,ST106,P3255,25.0,10,0
2024-03-01,ST106,P3008,27.0,20,0
2024-03-01,ST106,P3155,34.0,20,0
2024-03-01,ST106,P3343,30.0,5,0
2024-03-01,ST106,P3314,41.0,5,0
2024-03-01,ST106,P3506,29.0,10,0
2024-03-01,ST106,P3466,26.0,5,0
2024-03-01,ST106,P3483,26.0,10,0
2024-03-01,ST106,P3005,34.0,20,0
2024-03-01,ST106,P3394,43.0,5,0
2024-03-01,ST106,P3306,35.0,5,0
2024-03-01,ST106,P3006,33.0,15,0
2024-03-01,ST106,P3308,39.0,15,0
2024-03-01,ST107,P3431,36.0,10,0
2024-03-01,ST107,P3032,35.0,5,0
2024-03-01,ST107,P3378,,20,0
2024-03-01,ST107,P3165,25.0,15,0
2024-03-01,ST107,P3326,37.0,5,0
2024-03-01,ST107,P3386,28.0,10,0
2024-03-01,ST107,P3242,47.0,15,0
2024-03-01,ST107,P3046,29.0,20,0
2024-03-01,ST107,P3474,32.0,20,0
2024-03-01,ST107,P3338,44.0,20,0
2024-03-01,ST107,P3510,33.0,15,0
2024-03-01,ST107,P3459,37.0,20,0
2024-03-01,ST107,P3505,45.0,20,0
2024-03-01,ST107,P3205,34.0,10,0
2024-03-01,ST107,P3362,37.0,10,0
2024-03-01,ST107,P3070,29.0,15,0
2024-03-01,ST107,P3297,35.0,15,0
2024-03-01,ST107,P3220,41.0,5,0
2024-03-01,ST107,P3029,37.0,20,0
2024-03-01,ST107,P3425,43.0,10,0
2024-03-01,ST107,P3053,40.0,10,0
2024-03-01,ST107,P3201,43.0,10,0
2024-03-01,ST107,P3258,35.0,10,0
2024-03-01,ST107,P3183,33.0,20,0
2024-03-01,ST107,P3160,27.0,20,0
2024-03-01,ST107,P3212,35.0,10,0
2024-03-01,ST107,P3273,34.0,15,0
2024-03-01,ST107,P3255,39.0,20,0
2024-03-01,ST107,P3103,30.0,10,0
2024-03-01,ST107,P3141,31.0,10,0
2024-03-01,ST107,P3077,38.0,10,0
2024-03-01,ST107,P3461,45.0,15,0
2024-03-01,ST107,P3478,44.0,5,0
2024-03-01,ST107,P3397,33.0,20,0
2024-03-01,ST107,P3328,34.0,5,0
2024-03-01,ST107,P3192,38.0,5,0
2024-03-01,ST107,P3277,37.0,15,0
2024-03-01,ST107,P3132,47.0,10,0
2024-03-01,ST107,P3451,28.0,15,0
2024-03-01,ST107,P3062,26.0,20,0
2024-03-01,ST107,P3304,33.0,10,0
2024-03-01,ST107,P3365,33.0,10,0
2024-03-01,ST107,P3231,22.0,15,0
2024-03-01,ST107,P3137,34.0,10,0
2024-03-01,ST107,P3415,33.0,10,0
2024-03-01,ST107,P3202,51.0,5,0
2024-03-01,ST107,P3311,36.0,5,0
2024-03-01,ST107,P3244,39.0,20,0
2024-03-01,ST107,P3288,41.0,15,0
2024-03-01,ST107,P3021,36.0,15,0
2024-03-01,ST107,P3458,28.0,20,0
2024-03-01,ST107,P3491,35.0,20,0
2024-03-01,ST107,P3307,37.0,5,0
2024-03-01,ST107,P3516,40.0,15,0
2024-03-01,ST107,P3486,31.0,10,0
2024-03-01,ST107,P3452,26.0,5,0
2024-03-01,ST107,P3291,40.0,5,0
2024-03-01,ST107,P3092,23.0,5,0
2024-03-01,ST107,P3308,30.0,10,0
2024-03-01,ST107,P3197,26.0,15,0
2024-03-01,ST108,P3470,43.0,15,0
2024-03-01,ST108,P3216,28.0,15,0
2024-03-01,ST108,P3091,27.0,10,0
2024-03-01,ST108,P3446,42.0,20,0
2024-03-01,ST108,P3402,32.0,20,0
2024-03-01,ST108,P3252,40.0,20,0
2024-03-01,ST108,P3112,33.0,15,0
2024-03-01,ST108,P3034,35.0,10,0
2024-03-01,ST108,P3113,34.0,20,0
2024-03-01,ST108,P3384,31.0,20,0
2024-03-01,ST108,P3517,28.0,20,0
2024-03-01,ST108,P3081,33.0,5,0
2024-03-01,ST108,P3475,30.0,10,0
2024-03-01,ST108,P3245,37.0,5,0
2024-03-01,ST108,P3128,37.0,15,0
2024-03-01,ST108,P3370,39.0,10,0
2024-03-01,ST108,P3016,34.0,20,0
2024-03-01,ST108,P3401,34.0,5,0
2024-03-01,ST108,P3148,30.0,20,0
2024-03-01,ST108,P3179,40.0,20,0
2024-03-01,ST108,P3099,37.0,15,0
2024-03-01,ST108,P3250,24.0,5,0
2024-03-01,ST108,P3305,35.0,5,0
2024-03-01,ST108,P3266,32.0,15,0
2024-03-01,ST108,P3262,37.0,10,0
2024-03-01,ST108,P3094,35.0,20,0
2024-03-01,ST108,P3382,28.0,20,0
2024-03-01,ST108,P3056,37.0,10,0
2024-03-01,ST108,P3479,29.0,5,0
2024-03-01,ST108,P3481,40.0,20,0
2024-03-01,ST108,P3265,39.0,5,0
2024-03-01,ST108,P3323,36.0,5,0
2024-03-01,ST108,P3027,35.0,10,0
2024-03-01,ST108,P3510,39.0,20,0
2024-03-01,ST108,P3478,35.0,10,0
2024-03-01,ST108,P3205,42.0,20,0
2024-03-01,ST108,P3374,28.0,20,0
2024-03-01,ST108,P3482,31.0,10,0
2024-03-01,ST108,P3141,35.0,15,0
2024-03-01,ST108,P3351,33.0,20,0
2024-03-01,ST108,P3182,28.0,10,0
2024-03-01,ST108,P3514,23.0,20,0
2024-03-01,ST108,P3211,29.0,10,0
2024-03-01,ST108,P3283,27.0,5,0
2024-03-01,ST108,P3254,33.0,15,0
2024-03-01,ST108,P3460,26.0,10,0
2024-03-01,ST108,P3289,38.0,15,0
2024-03-01,ST108,P3136,40.0,5,0
2024-03-01,ST108,P3500,36.0,20,0
2024-03-01,ST108,P3184,29.0,20,0
2024-03-01,ST108,P3101,32.0,10,0
2024-03-01,ST108,P3030,37.0,20,0
2024-03-01,ST108,P3259,32.0,5,0
2024-03-01,ST108,P3405,33.0,15,0
2024-03-01,ST108,P3054,31.0,20,0
2024-03-01,ST108,P3315,43.0,20,0
2024-03-01,ST108,P3130,25.0,15,0
2024-03-01,ST108,P3161,25.0,10,0
2024-03-01,ST108,P3304,32.0,20,0
2024-03-01,ST108,P3490,38.0,20,0
2024-03-01,ST109,P3372,32.0,15,0
2024-03-01,ST109,P3403,32.0,10,0
2024-03-01,ST109,P3395,44.0,10,0
2024-03-01,ST109,P3356,36.0,15,0
2024-03-01,ST109,P3125,49.0,15,0
2024-03-01,ST109,P3075,24.0,5,0
2024-03-01,ST109,P3428,24.0,5,0
2024-03-01,ST109,P3453,35.0,5,0
2024-03-01,ST109,P3178,51.0,5,0
2024-03-01,ST109,P3481,28.0,5,0
2024-03-01,ST109,P3301,33.0,10,0
2024-03-01,ST109,P3497,38.0,15,0
2024-03-01,ST109,P3062,29.0,5,0
2024-03-01,ST109,P3277,39.0,20,0
2024-03-01,ST109,P3197,33.0,5,0
2024-03-01,ST109,P3512,45.0,20,0
2024-03-01,ST109,P3173,35.0,20,0
2024-03-01,ST109,P3156,32.0,20,0
2024-03-01,ST109,P3126,30.0,15,0
2024-03-01,ST109,P3307,42.0,10,0
2024-03-01,ST109,P3133,39.0,5,0
2024-03-01,ST109,P3436,34.0,20,0
2024-03-01,ST109,P3515,34.0,10,0
2024-03-01,ST109,P3499,40.0,20,0
2024-03-01,ST109,P3412,37.0,5,0
2024-03-01,ST109,P3293,31.0,5,0
2024-03-01,ST109,P3287,36.0,10,0
2024-03-01,ST109,P3195,30.0,20,0
2024-03-01,ST109,P3071,35.0,10,0
2024-03-01,ST109,P3270,33.0,15,0
2024-03-01,ST109,P3020,32.0,5,0
2024-03-01,ST109,P3059,41.0,5,0
2024-03-01,ST109,P3038,40.0,5,0
2024-03-01,ST109,P3409,47.0,10,0
2024-03-01,ST109,P3012,35.0,10,0
2024-03-01,ST109,P3401,30.0,10,0
2024-03-01,ST109,P3192,41.0,20,0
2024-03-01,ST109,P3239,36.0,10,0
2024-03-01,ST109,P3200,33.0,15,0
2024-03-01,ST109,P3121,31.0,15,0
2024-03-01,ST109,P3296,39.0,5,0
2024-03-01,ST109,P3348,26.0,15,0
2024-03-01,ST109,P3083,35.0,5,0
2024-03-01,ST109,P3256,24.0,20,0
2024-03-01,ST109,P3502,25.0,5,0
2024-03-01,ST109,P3030,31.0,5,0
2024-03-01,ST109,P3232,28.0,20,0
2024-03-01,ST109,P3472,36.0,5,0
2024-03-01,ST109,P3268,41.0,5,0
2024-03-01,ST109,P3321,43.0,10,0
2024-03-01,ST109,P3381,41.0,15,0
2024-03-01,ST109,P3484,32.0,10,0
2024-03-01,ST109,P3055,32.0,20,0
2024-03-01,ST109,P3446,37.0,5,0
2024-03-01,ST109,P3203,34.0,15,0
2024-03-01,ST109,P3180,40.0,10,0
2024-03-01,ST109,P3355,29.0,5,0
2024-03-01,ST109,P3110,35.0,20,0
2024-03-01,ST109,P3479,34.0,20,0
2024-03-01,ST109,P3490,45.0,5,0
2024-03-01,ST110,P3311,25.0,10,0
2024-03-01,ST110,P3340,44.0,5,0
2024-03-01,ST110,P3277,36.0,15,0
2024-03-01,ST110,P3305,40.0,20,0
2024-03-01,ST110,P3062,36.0,5,0
2024-03-01,ST110,P3307,35.0,15,0
2024-03-01,ST110,P3246,35.0,15,0
2024-03-01,ST110,P3211,30.0,20,0
2024-03-01,ST110,P3290,49.0,15,0
2024-03-01,ST110,P3060,37.0,20,0
2024-03-01,ST110,P3136,30.0,20,0
2024-03-01,ST110,P3401,32.0,5,0
2024-03-01,ST110,P3058,40.0,15,0
2024-03-01,ST110,P3147,36.0,15,0
2024-03-01,ST110,P3130,26.0,5,0
2024-03-01,ST110,P3431,23.0,10,0
2024-03-01,ST110,P3510,34.0,5,0
2024-03-01,ST110,P3388,35.0,20,0
2024-03-01,ST110,P3016,43.0,5,0
2024-03-01,ST110,P3245,45.0,15,0
2024-03-01,ST110,P3375,35.0,20,0
2024-03-01,ST110,P3076,33.0,15,0
2024-03-01,ST110,P3360,31.0,15,0
2024-03-01,ST110,P3009,29.0,20,0
2024-03-01,ST110,P3127,27.0,20,0
2024-03-01,ST110,P3017,39.0,5,0
2024-03-01,ST110,P3129,29.0,20,0
2024-03-01,ST110,P3361,26.0,15,0
2024-03-01,ST110,P3220,40.0,20,0
2024-03-01,ST110,P3118,36.0,10,0
2024-03-01,ST110,P3190,43.0,15,0
2024-03-01,ST110,P3424,31.0,5,0
2024-03-01,ST110,P3288,26.0,20,0
2024-03-01,ST110,P3382,41.0,5,0
2024-03-01,ST110,P3332,36.0,10,0
2024-03-01,ST110,P3198,36.0,15,0
2024-03-01,ST110,P3517,37.0,15,0
2024-03-01,ST110,P3479,25.0,5,0
2024-03-01,ST110,P3231,41.0,15,0
2024-03-01,ST110,P3253,33.0,10,0
2024-03-01,ST110,P3032,37.0,15,0
2024-03-01,ST110,P3183,36.0,20,0
2024-03-01,ST110,P3185,43.0,10,0
2024-03-01,ST110,P3153,32.0,10,0
2024-03-01,ST110,P3386,41.0,5,0
2024-03-01,ST110,P3090,48.0,5,0
2024-03-01,ST110,P3458,37.0,20,0
2024-03-01,ST110,P3125,41.0,10,0
2024-03-01,ST110,P3228,48.0,20,0
2024-03-01,ST110,P3481,47.0,5,0
2024-03-01,ST110,P3132,40.0,20,0
2024-03-01,ST110,P3337,32.0,10,0
2024-03-01,ST110,P3384,33.0,15,0
2024-03-01,ST110,P3119,36.0,20,0
2024-03-01,ST110,P3236,34.0,20,0
2024-03-01,ST110,P3298,38.0,5,0
2024-03-01,ST110,P3201,29.0,5,0
2024-03-01,ST110,P3490,36.0,5,0
2024-03-01,ST110,P3354,26.0,10,0
2024-03-01,ST110,P3500,33.0,5,0
2024-03-01,ST111,P3061,40.0,15,0
2024-03-01,ST111,P3245,38.0,10,0
2024-03-01,ST111,P3135,30.0,10,0
2024-03-01,ST111,P3458,43.0,5,0
2024-03-01,ST111,P3151,32.0,20,0
2024-03-01,ST111,P3212,35.0,20,0
2024-03-01,ST111,P3081,36.0,5,0
2024-03-01,ST111,P3509,28.0,5,0
2024-03-01,ST111,P3019,44.0,5,0
2024-03-01,ST111,P3163,46.0,10,0
2024-03-01,ST111,P3302,44.0,20,0
2024-03-01,ST111,P3305,43.0,15,0
2024-03-01,ST111,P3473,,15,0
2024-03-01,ST111,P3062,27.0,10,0
2024-03-01,ST111,P3222,28.0,10,0
2024-03-01,ST111,P3487,45.0,5,0
2024-03-01,ST111,P3429,36.0,15,0
2024-03-01,ST111,P3322,38.0,5,0
2024-03-01,ST111,P3175,37.0,10,0
2024-03-01,ST111,P3039,29.0,10,0
2024-03-01,ST111,P3082,38.0,10,0
2024-03-01,ST111,P3016,22.0,20,0
2024-03-01,ST111,P3491,43.0,20,0
2024-03-01,ST111,P3283,32.0,20,0
2024-03-01,ST111,P3313,33.0,10,0
2024-03-01,ST111,P3165,35.0,5,0
2024-03-01,ST111,P3407,32.0,10,0
2024-03-01,ST111,P3068,33.0,15,0
2024-03-01,ST111,P3110,30.0,10,0
2024-03-01,ST111,P3220,35.0,20,0
2024-03-01,ST111,P3170,20.0,5,0
2024-03-01,ST111,P3460,25.0,15,0
2024-03-01,ST111,P3171,27.0,20,0
2024-03-01,ST111,P3125,44.0,10,0
2024-03-01,ST111,P3357,25.0,5,0
2024-03-01,ST111,P3067,35.0,10,0
2024-03-01,ST111,P3323,44.0,20,0
2024-03-01,ST111,P3028,36.0,5,0
2024-03-01,ST111,P3308,34.0,10,0
2024-03-01,ST111,P3097,33.0,20,0
2024-03-01,ST111,P3251,40.0,15,0
2024-03-01,ST111,P3437,37.0,15,0
2024-03-01,ST111,P3063,45.0,5,0
2024-03-01,ST111,P3127,40.0,10,0
2024-03-01,ST111,P3435,29.0,5,0
2024-03-01,ST111,P3124,36.0,10,0
2024-03-01,ST111,P3196,22.0,15,0
2024-03-01,ST111,P3122,42.0,5,0
2024-03-01,ST111,P3517,40.0,20,0
2024-03-01,ST111,P3395,45.0,5,0
2024-03-01,ST111,P3406,33.0,5,0
2024-03-01,ST111,P3289,36.0,5,0
2024-03-01,ST111,P3442,45.0,10,0
2024-03-01,ST111,P3410,34.0,5,0
2024-03-01,ST111,P3335,36.0,10,0
2024-03-01,ST111,P3156,42.0,10,0
2024-03-01,ST111,P3498,41.0,5,0
2024-03-01,ST111,P3131,25.0,10,0
2024-03-01,ST111,P3432,33.0,10,0
2024-03-01,ST111,P3369,34.0,5,0
2024-03-01,ST112,P3334,35.0,20,0
2024-03-01,ST112,P3242,36.0,10,0
2024-03-01,ST112,P3449,35.0,20,0
2024-03-01,ST112,P3078,41.0,15,0
2024-03-01,ST112,P3059,37.0,20,0
2024-03-01,ST112,P3351,38.0,20,0
2024-03-01,ST112,P3170,33.0,5,0
2024-03-01,ST112,P3141,37.0,20,0
2024-03-01,ST112,P3438,36.0,20,0
2024-03-01,ST112,P3275,26.0,5,0
2024-03-01,ST112,P3457,34.0,15,0
2024-03-01,ST112,P3410,30.0,20,0
2024-03-01,ST112,P3140,40.0,10,0
2024-03-01,ST112,P3030,39.0,5,0
2024-03-01,ST112,P3309,34.0,15,0
2024-03-01,ST112,P3011,33.0,15,0
2024-03-01,ST112,P3339,30.0,10,0
2024-03-01,ST112,P3003,28.0,15,0
2024-03-01,ST112,P3412,28.0,20,0
2024-03-01,ST112,P3192,44.0,5,0
2024-03-01,ST112,P3485,40.0,10,0
2024-03-01,ST112,P3212,34.0,15,0
2024-03-01,ST112,P3079,33.0,5,0
2024-03-01,ST112,P3001,35.0,10,0
2024-03-01,ST112,P3482,23.0,10,0
2024-03-01,ST112,P3345,26.0,10,0
2024-03-01,ST112,P3488,29.0,10,0
2024-03-01,ST112,P3396,27.0,15,0
2024-03-01,ST112,P3209,31.0,10,0
2024-03-01,ST112,P3391,32.0,5,0
2024-03-01,ST112,P3074,32.0,5,0
2024-03-01,ST112,P3119,36.0,5,0
2024-03-01,ST112,P3048,30.0,15,0
2024-03-01,ST112,P3385,30.0,20,0
2024-03-01,ST112,P3196,30.0,5,0
2024-03-01,ST112,P3178,26.0,15,0
2024-03-01,ST112,P3452,30.0,20,0
2024-03-01,ST112,P3214,46.0,10,0
2024-03-01,ST112,P3470,43.0,20,0
2024-03-01,ST112,P3102,27.0,5,0
2024-03-01,ST112,P3012,46.0,5,0
2024-03-01,ST112,P3439,41.0,20,0
2024-03-01,ST112,P3423,28.0,20,0
2024-03-01,ST112,P3502,47.0,20,0
2024-03-01,ST112,P3390,38.0,15,0
2024-03-01,ST112,P3017,35.0,20,0
2024-03-01,ST112,P3229,42.0,20,0
2024-03-01,ST112,P3509,31.0,15,0
2024-03-01,ST112,P3191,35.0,10,0
2024-03-01,ST112,P3517,35.0,20,0
2024-03-01,ST112,P3290,33.0,10,0
2024-03-01,ST112,P3310,29.0,20,0
2024-03-01,ST112,P3055,40.0,10,0
2024-03-01,ST112,P3260,40.0,5,0
2024-03-01,ST112,P3403,43.0,20,0
2024-03-01,ST112,P3428,39.0,10,0
2024-03-01,ST112,P3147,41.0,10,0
2024-03-01,ST112,P3341,32.0,5,0
2024-03-01,ST112,P3429,40.0,5,0
2024-03-01,ST112,P3213,24.0,15,0
2024-03-01,ST113,P3123,39.0,10,0
2024-03-01,ST113,P3164,38.0,20,0
2024-03-01,ST113,P3320,35.0,5,0
2024-03-01,ST113,P3131,34.0,5,0
2024-03-01,ST113,P3322,35.0,20,0
2024-03-01,ST113,P3378,33.0,5,0
2024-03-01,ST113,P3229,48.0,10,0
2024-03-01,ST113,P3358,33.0,20,0
2024-03-01,ST113,P3415,42.0,15,0
2024-03-01,ST113,P3289,45.0,5,0
2024-03-01,ST113,P3511,32.0,5,0
2024-03-01,ST113,P3389,40.0,10,0
2024-03-01,ST113,P3077,30.0,20,0
2024-03-01,ST113,P3341,41.0,10,0
2024-03-01,ST113,P3013,27.0,15,0
2024-03-01,ST113,P3144,37.0,10,0
2024-03-01,ST113,P3383,21.0,10,0
2024-03-01,ST113,P3413,33.0,5,0
2024-03-01,ST113,P3200,35.0,5,0
2024-03-01,ST113,P3326,24.0,5,0
2024-03-01,ST113,P3366,28.0,5,0
2024-03-01,ST113,P3169,38.0,5,0
2024-03-01,ST113,P3210,32.0,10,0
2024-03-01,ST113,P3455,31.0,20,0
2024-03-01,ST113,P3297,39.0,10,0
2024-03-01,ST113,P3363,36.0,10,0
2024-03-01,ST113,P3273,31.0,10,0
2024-03-01,ST113,P3491,31.0,10,0
2024-03-01,ST113,P3445,35.0,15,0
2024-03-01,ST113,P3203,38.0,5,0
2024-03-01,ST113,P3420,34.0,5,0
2024-03-01,ST113,P3402,34.0,10,0
2024-03-01,ST113,P3396,29.0,20,0
2024-03-01,ST113,P3463,34.0,20,0
2024-03-01,ST113,P3187,39.0,10,0
2024-03-01,ST113,P3030,35.0,10,0
2024-03-01,ST113,P3442,37.0,15,0
2024-03-01,ST113,P3097,47.0,5,0
2024-03-01,ST113,P3272,19.0,20,0
2024-03-01,ST113,P3014,41.0,20,0
2024-03-01,ST113,P3052,35.0,10,0
2024-03-01,ST113,P3285,25.0,20,0
2024-03-01,ST113,P3225,40.0,10,0
2024-03-01,ST113,P3367,26.0,20,0
2024-03-01,ST113,P3260,47.0,20,0
2024-03-01,ST113,P3385,30.0,20,0
2024-03-01,ST113,P3034,36.0,15,0
2024-03-01,ST113,P3495,38.0,10,0
2024-03-01,ST113,P3148,27.0,15,0
2024-03-01,ST113,P3369,26.0,20,0
2024-03-01,ST113,P3331,35.0,10,0
2024-03-01,ST113,P3299,34.0,15,0
2024-03-01,ST113,P3219,21.0,15,0
2024-03-01,ST113,P3170,24.0,10,0
2024-03-01,ST113,P3043,43.0,20,0
2024-03-01,ST113,P3039,40.0,20,0
2024-03-01,ST113,P3024,31.0,10,0
2024-03-01,ST113,P3236,43.0,20,0
2024-03-01,ST113,P3496,38.0,20,0
2024-03-01,ST113,P3448,36.0,15,0
2024-03-01,ST114,P3248,25.0,15,0
2024-03-01,ST114,P3403,25.0,10,0
2024-03-01,ST114,P3322,29.0,10,0
2024-03-01,ST114,P3413,40.0,10,0
2024-03-01,ST114,P3305,39.0,5,0
2024-03-01,ST114,P3471,35.0,15,0
2024-03-01,ST114,P3420,19.0,20,0
2024-03-01,ST114,P3285,26.0,15,0
2024-03-01,ST114,P3400,31.0,5,0
2024-03-01,ST114,P3153,31.0,5,0
2024-03-01,ST114,P3112,44.0,15,0
2024-03-01,ST114,P3145,36.0,15,0
2024-03-01,ST114,P3083,28.0,5,0
2024-03-01,ST114,P3163,40.0,10,0
2024-03-01,ST114,P3207,36.0,10,0
2024-03-01,ST114,P3336,40.0,10,0
2024-03-01,ST114,P3364,41.0,20,0
2024-03-01,ST114,P3279,43.0,20,0
2024-03-01,ST114,P3307,48.0,10,0
2024-03-01,ST114,P3216,32.0,20,0
2024-03-01,ST114,P3068,39.0,5,0
2024-03-01,ST114,P3066,32.0,5,0
2024-03-01,ST114,P3074,46.0,15,0
2024-03-01,ST114,P3247,36.0,20,0
2024-03-01,ST114,P3476,24.0,10,0
2024-03-01,ST114,P3346,39.0,10,0
2024-03-01,ST114,P3266,28.0,10,0
2024-03-01,ST114,P3308,45.0,15,0
2024-03-01,ST114,P3398,39.0,20,0
2024-03-01,ST114,P3059,48.0,10,0
2024-03-01,ST114,P3003,36.0,5,0
2024-03-01,ST114,P3086,38.0,5,0
2024-03-01,ST114,P3104,38.0,20,0
2024-03-01,ST114,P3209,38.0,5,0
2024-03-01,ST114,P3258,33.0,20,0
2024-03-01,ST114,P3255,36.0,20,0
2024-03-01,ST114,P3028,29.0,10,0
2024-03-01,ST114,P3203,33.0,5,0
2024-03-01,ST114,P3329,42.0,15,0
2024-03-01,ST114,P3136,45.0,20,0
2024-03-01,ST114,P3256,46.0,15,0
2024-03-01,ST114,P3316,29.0,5,0
2024-03-01,ST114,P3140,37.0,20,0
2024-03-01,ST114,P3356,24.0,15,0
2024-03-01,ST114,P3386,39.0,15,0
2024-03-01,ST114,P3054,38.0,15,0
2024-03-01,ST114,P3162,34.0,20,0
2024-03-01,ST114,P3011,25.0,15,0
2024-03-01,ST114,P3190,33.0,10,0
2024-03-01,ST114,P3299,28.0,20,0
2024-03-01,ST114,P3197,41.0,5,0
2024-03-01,ST114,P3050,41.0,5,0
2024-03-01,ST114,P3497,45.0,10,0
2024-03-01,ST114,P3419,22.0,5,0
2024-03-01,ST114,P3252,32.0,20,0
2024-03-01,ST114,P3377,31.0,15,0
2024-03-01,ST114,P3309,27.0,5,0
2024-03-01,ST114,P3281,47.0,20,0
2024-03-01,ST114,P3208,47.0,20,0
2024-03-01,ST114,P3426,36.0,20,0
2024-03-01,ST115,P3452,37.0,20,0
2024-03-01,ST115,P3094,36.0,20,0
2024-03-01,ST115,P3362,31.0,20,0
2024-03-01,ST115,P3375,36.0,10,0
2024-03-01,ST115,P3157,30.0,20,0
2024-03-01,ST115,P3296,50.0,10,0
2024-03-01,ST115,P3145,31.0,20,0
2024-03-01,ST115,P3337,35.0,15,0
2024-03-01,ST115,P3309,42.0,5,0
2024-03-01,ST115,P3247,33.0,10,0
2024-03-01,ST115,P3441,43.0,10,0
2024-03-01,ST115,P3223,39.0,15,0
2024-03-01,ST115,P3083,35.0,5,0
2024-03-01,ST115,P3494,37.0,15,0
2024-03-01,ST115,P3114,32.0,10,0
2024-03-01,ST115,P3369,28.0,15,0
2024-03-01,ST115,P3210,40.0,5,0
2024-03-01,ST115,P3358,37.0,10,0
2024-03-01,ST115,P3300,38.0,10,0
2024-03-01,ST115,P3510,38.0,15,0
2024-03-01,ST115,P3122,35.0,10,0
2024-03-01,ST115,P3150,32.0,20,0
2024-03-01,ST115,P3423,45.0,10,0
2024-03-01,ST115,P3437,38.0,20,0
2024-03-01,ST115,P3421,38.0,10,0
2024-03-01,ST115,P3147,34.0,10,0
2024-03-01,ST115,P3361,31.0,20,0
2024-03-01,ST115,P3222,33.0,5,0
2024-03-01,ST115,P3012,31.0,20,0
2024-03-01,ST115,P3043,41.0,15,0
2024-03-01,ST115,P3098,26.0,15,0
2024-03-01,ST115,P3243,38.0,5,0
2024-03-01,ST115,P3339,33.0,5,0
2024-03-01,ST115,P3387,32.0,20,0
2024-03-01,ST115,P3495,23.0,5,0
2024-03-01,ST115,P3220,41.0,10,0
2024-03-01,ST115,P3207,36.0,20,0
2024-03-01,ST115,P3130,42.0,5,0
2024-03-01,ST115,P3353,31.0,10,0
2024-03-01,ST115,P3047,26.0,20,0
2024-03-01,ST115,P3335,34.0,10,0
2024-03-01,ST115,P3189,31.0,5,0
2024-03-01,ST115,P3151,20.0,10,0
2024-03-01,ST115,P3029,24.0,15,0
2024-03-01,ST115,P3020,32.0,20,0
2024-03-01,ST115,P3170,26.0,15,0
2024-03-01,ST115,P3355,38.0,15,0
2024-03-01,ST115,P3191,25.0,15,0
2024-03-01,ST115,P3078,28.0,15,0
2024-03-01,ST115,P3509,34.0,20,0
2024-03-01,ST115,P3301,37.0,10,0
2024-03-01,ST115,P3496,34.0,5,0
2024-03-01,ST115,P3329,34.0,10,0
2024-03-01,ST115,P3307,30.0,5,0
2024-03-01,ST115,P3096,38.0,15,0
2024-03-01,ST115,P3107,32.0,10,0
2024-03-01,ST115,P3324,44.0,15,0
2024-03-01,ST115,P3456,29.0,10,0
2024-03-01,ST115,P3213,42.0,20,0
2024-03-01,ST115,P3110,36.0,5,0
2024-03-01,ST116,P3308,25.0,15,0
2024-03-01,ST116,P3082,33.0,20,0
2024-03-01,ST116,P3453,40.0,10,0
2024-03-01,ST116,P3354,34.0,20,0
2024-03-01,ST116,P3087,34.0,15,0
2024-03-01,ST116,P3509,34.0,5,0
2024-03-01,ST116,P3014,37.0,5,0
2024-03-01,ST116,P3249,38.0,20,0
2024-03-01,ST116,P3258,32.0,15,0
2024-03-01,ST116,P3314,39.0,20,0
2024-03-01,ST116,P3012,50.0,5,0
2024-03-01,ST116,P3292,35.0,5,0
2024-03-01,ST116,P3259,44.0,15,0
2024-03-01,ST116,P3194,42.0,20,0
2024-03-01,ST116,P3310,27.0,5,0
2024-03-01,ST116,P3203,41.0,20,0
2024-03-01,ST116,P3466,37.0,20,0
2024-03-01,ST116,P3419,45.0,10,0
2024-03-01,ST116,P3407,32.0,5,0
2024-03-01,ST116,P3163,34.0,15,0
2024-03-01,ST116,P3391,36.0,5,0
2024-03-01,ST116,P3216,51.0,5,0
2024-03-01,ST116,P3086,30.0,15,0
2024-03-01,ST116,P3046,28.0,15,0
2024-03-01,ST116,P3481,27.0,15,0
2024-03-01,ST116,P3387,38.0,5,0
2024-03-01,ST116,P3427,36.0,5,0
2024-03-01,ST116,P3338,31.0,20,0
2024-03-01,ST116,P3469,35.0,20,0
2024-03-01,ST116,P3267,39.0,20,0
2024-03-01,ST116,P3491,29.0,15,0
2024-03-01,ST116,P3151,35.0,15,0
2024-03-01,ST116,P3339,42.0,5,0
2024-03-01,ST116,P3472,34.0,20,0
2024-03-01,ST116,P3004,41.0,10,0
2024-03-01,ST116,P3036,41.0,20,0
2024-03-01,ST116,P3396,28.0,10,0
2024-03-01,ST116,P3034,49.0,15,0
2024-03-01,ST116,P3094,34.0,20,0
2024-03-01,ST116,P3140,42.0,10,0
2024-03-01,ST116,P3382,44.0,5,0
2024-03-01,ST116,P3444,40.0,5,0
2024-03-01,ST116,P3178,41.0,5,0
2024-03-01,ST116,P3432,20.0,5,0
2024-03-01,ST116,P3230,30.0,15,0
2024-03-01,ST116,P3313,45.0,10,0
2024-03-01,ST116,P3252,36.0,15,0
2024-03-01,ST116,P3274,34.0,5,0
2024-03-01,ST116,P3468,34.0,20,0
2024-03-01,ST116,P3195,30.0,15,0
2024-03-01,ST116,P3344,26.0,10,0
2024-03-01,ST116,P3447,32.0,15,0
2024-03-01,ST116,P3096,34.0,20,0
2024-03-01,ST116,P3459,17.0,5,0
2024-03-01,ST116,P3257,19.0,5,0
2024-03-01,ST116,P3032,30.0,15,0
2024-03-01,ST116,P3173,29.0,20,0
2024-03-01,ST116,P3045,29.0,5,0
2024-03-01,ST116,P3488,26.0,20,0
2024-03-01,ST116,P3347,29.0,20,0
2024-03-01,ST117,P3460,38.0,10,0
2024-03-01,ST117,P3115,31.0,15,0
2024-03-01,ST117,P3368,36.0,10,0
2024-03-01,ST117,P3049,35.0,10,0
2024-03-01,ST117,P3175,32.0,20,0
2024-03-01,ST117,P3131,34.0,10,0
2024-03-01,ST117,P3266,30.0,15,0
2024-03-01,ST117,P3344,20.0,5,0
2024-03-01,ST117,P3187,39.0,10,0
2024-03-01,ST117,P3224,35.0,15,0
2024-03-01,ST117,P3097,37.0,15,0
2024-03-01,ST117,P3222,26.0,15,0
2024-03-01,ST117,P3320,23.0,15,0
2024-03-01,ST117,P3358,41.0,20,0
2024-03-01,ST117,P3156,32.0,10,0
2024-03-01,ST117,P3341,43.0,5,0
2024-03-01,ST117,P3417,37.0,10,0
2024-03-01,ST117,P3291,41.0,15,0
2024-03-01,ST117,P3328,37.0,20,0
2024-03-01,ST117,P3508,35.0,10,0
2024-03-01,ST117,P3364,38.0,5,0
2024-03-01,ST117,P3125,37.0,15,0
2024-03-01,ST117,P3480,31.0,10,0
2024-03-01,ST117,P3307,46.0,20,0
2024-03-01,ST117,P3415,31.0,10,0
2024-03-01,ST117,P3248,39.0,5,0
2024-03-01,ST117,P3443,35.0,20,0
2024-03-01,ST117,P3302,38.0,5,0
2024-03-01,ST117,P3380,42.0,5,0
2024-03-01,ST117,P3253,28.0,10,0
2024-03-01,ST117,P3231,30.0,10,0
2024-03-01,ST117,P3059,50.0,5,0
2024-03-01,ST117,P3470,,15,0
2024-03-01,ST117,P3429,33.0,15,0
2024-03-01,ST117,P3404,34.0,20,0
2024-03-01,ST117,P3084,36.0,20,0
2024-03-01,ST117,P3278,35.0,10,0
2024-03-01,ST117,P3325,26.0,5,0
2024-03-01,ST117,P3151,34.0,10,0
2024-03-01,ST117,P3146,31.0,5,0
2024-03-01,ST117,P3051,30.0,10,0
2024-03-01,ST117,P3388,38.0,20,0
2024-03-01,ST117,P3361,39.0,10,0
2024-03-01,ST117,P3149,31.0,5,0
2024-03-01,ST117,P3310,33.0,5,0
2024-03-01,ST117,P3243,29.0,5,0
2024-03-01,ST117,P3309,32.0,5,0
2024-03-01,ST117,P3232,35.0,10,0
2024-03-01,ST117,P3238,43.0,20,0
2024-03-01,ST117,P3073,39.0,15,0
2024-03-01,ST117,P3076,38.0,15,0
2024-03-01,ST117,P3274,38.0,15,0
2024-03-01,ST117,P3442,43.0,5,0
2024-03-01,ST117,P3066,41.0,5,0
2024-03-01,ST117,P3497,37.0,15,0
2024-03-01,ST117,P3254,39.0,10,0
2024-03-01,ST117,P3437,39.0,5,0
2024-03-01,ST117,P3249,34.0,20,0
2024-03-01,ST117,P3255,30.0,5,0
2024-03-01,ST117,P3250,38.0,20,0
2024-03-01,ST118,P3439,29.0,15,0
2024-03-01,ST118,P3296,34.0,10,0
2024-03-01,ST118,P3019,29.0,15,0
2024-03-01,ST118,P3382,38.0,10,0
2024-03-01,ST118,P3038,41.0,15,0
2024-03-01,ST118,P3261,50.0,20,0
2024-03-01,ST118,P3498,25.0,20,0
2024-03-01,ST118,P3282,34.0,20,0
2024-03-01,ST118,P3423,29.0,15,0
2024-03-01,ST118,P3508,41.0,15,0
2024-03-01,ST118,P3161,39.0,20,0
2024-03-01,ST118,P3204,38.0,10,0
2024-03-01,ST118,P3165,26.0,5,0
2024-03-01,ST118,P3075,41.0,15,0
2024-03-01,ST118,P3264,38.0,5,0
2024-03-01,ST118,P3325,47.0,15,0
2024-03-01,ST118,P3046,26.0,15,0
2024-03-01,ST118,P3319,50.0,10,0
2024-03-01,ST118,P3050,37.0,20,0
2024-03-01,ST118,P3265,33.0,20,0
2024-03-01,ST118,P3335,35.0,5,0
2024-03-01,ST118,P3485,34.0,10,0
2024-03-01,ST118,P3435,35.0,10,0
2024-03-01,ST118,P3036,35.0,10,0
2024-03-01,ST118,P3059,41.0,5,0
2024-03-01,ST118,P3386,44.0,15,0
2024-03-01,ST118,P3142,38.0,10,0
2024-03-01,ST118,P3103,38.0,5,0
2024-03-01,ST118,P3330,31.0,15,0
2024-03-01,ST118,P3201,27.0,15,0
2024-03-01,ST118,P3431,29.0,15,0
2024-03-01,ST118,P3327,32.0,20,0
2024-03-01,ST118,P3119,27.0,20,0
2024-03-01,ST118,P3217,33.0,5,0
2024-03-01,ST118,P3516,38.0,15,0
2024-03-01,ST118,P3211,32.0,10,0
2024-03-01,ST118,P3093,33.0,15,0
2024-03-01,ST118,P3474,31.0,10,0
2024-03-01,ST118,P3311,28.0,15,0
2024-03-01,ST118,P3243,37.0,15,0
2024-03-01,ST118,P3447,33.0,20,0
2024-03-01,ST118,P3374,41.0,20,0
2024-03-01,ST118,P3281,21.0,20,0
2024-03-01,ST118,P3045,29.0,15,0
2024-03-01,ST118,P3310,45.0,20,0
2024-03-01,ST118,P3385,39.0,20,0
2024-03-01,ST118,P3453,23.0,20,0
2024-03-01,ST118,P3390,38.0,20,0
2024-03-01,ST118,P3357,32.0,15,0
2024-03-01,ST118,P3064,38.0,20,0
2024-03-01,ST118,P3499,40.0,5,0
2024-03-01,ST118,P3183,39.0,20,0
2024-03-01,ST118,P3437,30.0,15,0
2024-03-01,ST118,P3360,31.0,10,0
2024-03-01,ST118,P3193,22.0,20,0
2024-03-01,ST118,P3223,35.0,20,0
2024-03-01,ST118,P3116,39.0,10,0
2024-03-01,ST118,P3475,40.0,5,0
2024-03-01,ST118,P3489,22.0,15,0
2024-03-01,ST118,P3488,30.0,20,0
2024-04-01,ST101,P3077,33.0,20,0
2024-04-01,ST101,P3091,32.0,10,0
2024-04-01,ST101,P3357,35.0,20,0
2024-04-01,ST101,P3008,28.0,5,0
2024-04-01,ST101,P3280,32.0,5,0
2024-04-01,ST101,P3176,31.0,10,0
2024-04-01,ST101,P3237,31.0,5,0
2024-04-01,ST101,P3516,36.0,10,0
2024-04-01,ST101,P3219,38.0,20,0
2024-04-01,ST101,P3423,41.0,5,0
2024-04-01,ST101,P3262,36.0,20,0
2024-04-01,ST101,P3197,33.0,15,0
2024-04-01,ST101,P3415,49.0,5,0
2024-04-01,ST101,P3328,35.0,20,0
2024-04-01,ST101,P3408,31.0,15,0
2024-04-01,ST101,P3013,36.0,15,0
2024-04-01,ST101,P3277,34.0,10,0
2024-04-01,ST101,P3317,37.0,20,0
2024-04-01,ST101,P3447,41.0,20,0
2024-04-01,ST101,P3305,37.0,5,0
2024-04-01,ST101,P3234,39.0,15,0
2024-04-01,ST101,P3434,39.0,10,0
2024-04-01,ST101,P3054,25.0,20,0
2024-04-01,ST101,P3059,33.0,20,0
2024-04-01,ST101,P3029,35.0,15,0
2024-04-01,ST101,P3281,38.0,15,0
2024-04-01,ST101,P3028,36.0,10,0
2024-04-01,ST101,P3202,36.0,10,0
2024-04-01,ST101,P3198,34.0,20,0
2024-04-01,ST101,P3422,39.0,5,0
2024-04-01,ST101,P3042,41.0,10,0
2024-04-01,ST101,P3012,37.0,5,0
2024-04-01,ST101,P3499,34.0,10,0
2024-04-01,ST101,P3036,32.0,15,0
2024-04-01,ST101,P3367,24.0,10,0
2024-04-01,ST101,P3290,39.0,10,0
2024-04-01,ST101,P3388,31.0,20,0
2024-04-01,ST101,P3001,43.0,15,0
2024-04-01,ST101,P3143,31.0,15,0
2024-04-01,ST101,P3474,47.0,5,0
2024-04-01,ST101,P3485,41.0,10,0
2024-04-01,ST101,P3016,26.0,20,0
2024-04-01,ST101,P3505,34.0,10,0
2024-04-01,ST101,P3123,32.0,20,0
2024-04-01,ST101,P3313,34.0,10,0
2024-04-01,ST101,P3460,35.0,10,0
2024-04-01,ST101,P3416,33.0,5,0
2024-04-01,ST101,P3495,45.0,20,0
2024-04-01,ST101,P3394,30.0,20,0
2024-04-01,ST101,P3414,28.0,15,0
2024-04-01,ST101,P3196,34.0,15,0
2024-04-01,ST101,P3452,26.0,15,0
2024-04-01,ST101,P3300,25.0,10,0
2024-04-01,ST101,P3080,45.0,10,0
2024-04-01,ST101,P3006,44.0,10,0
2024-04-01,ST101,P3160,38.0,15,0
2024-04-01,ST101,P3150,39.0,15,0
2024-04-01,ST101,P3381,42.0,10,0
2024-04-01,ST101,P3342,36.0,5,0
2024-04-01,ST101,P3128,40.0,20,0
2024-04-01,ST102,P3229,42.0,10,0
2024-04-01,ST102,P3036,28.0,10,0
2024-04-01,ST102,P3135,39.0,10,0
2024-04-01,ST102,P3354,39.0,20,0
2024-04-01,ST102,P3003,24.0,5,0
2024-04-01,ST102,P3467,38.0,5,0
2024-04-01,ST102,P3197,34.0,10,0
2024-04-01,ST102,P3202,35.0,20,0
2024-04-01,ST102,P3279,35.0,15,0
2024-04-01,ST102,P3511,36.0,20,0
2024-04-01,ST102,P3167,38.0,10,0
2024-04-01,ST102,P3248,25.0,10,0
2024-04-01,ST102,P3442,40.0,10,0
2024-04-01,ST102,P3367,43.0,15,0
2024-04-01,ST102,P3185,39.0,20,0
2024-04-01,ST102,P3156,31.0,5,0
2024-04-01,ST102,P3398,42.0,5,0
2024-04-01,ST102,P3409,37.0,20,0
2024-04-01,ST102,P3102,23.0,5,0
2024-04-01,ST102,P3005,36.0,5,0
2024-04-01,ST102,P3432,30.0,15,0
2024-04-01,ST102,P3278,35.0,15,0
2024-04-01,ST102,P3334,37.0,20,0
2024-04-01,ST102,P3312,31.0,5,0
2024-04-01,ST102,P3189,28.0,10,0
2024-04-01,ST102,P3514,33.0,20,0
2024-04-01,ST102,P3380,24.0,10,0
2024-04-01,ST102,P3257,35.0,20,0
2024-04-01,ST102,P3053,50.0,15,0
2024-04-01,ST102,P3169,29.0,10,0
2024-04-01,ST102,P3424,26.0,20,0
2024-04-01,ST102,P3485,32.0,15,0
2024-04-01,ST102,P3504,35.0,15,0
2024-04-01,ST102,P3269,30.0,10,0
2024-04-01,ST102,P3357,38.0,15,0
2024-04-01,ST102,P3498,38.0,20,0
2024-04-01,ST102,P3085,43.0,5,0
2024-04-01,ST102,P3070,42.0,15,0
2024-04-01,ST102,P3421,32.0,20,0
2024-04-01,ST102,P3390,43.0,10,0
2024-04-01,ST102,P3461,45.0,20,0
2024-04-01,ST102,P3505,35.0,5,0
2024-04-01,ST102,P3321,42.0,15,0
2024-04-01,ST102,P3146,38.0,20,0
2024-04-01,ST102,P3287,46.0,5,0
2024-04-01,ST102,P3171,32.0,15,0
2024-04-01,ST102,P3238,42.0,10,0
2024-04-01,ST102,P3313,34.0,5,0
2024-04-01,ST102,P3329,32.0,10,0
2024-04-01,ST102,P3090,38.0,10,0
2024-04-01,ST102,P3063,33.0,15,0
2024-04-01,ST102,P3322,43.0,5,0
2024-04-01,ST102,P3164,28.0,20,0
2024-04-01,ST102,P3433,31.0,15,0
2024-04-01,ST102,P3314,38.0,10,0
2024-04-01,ST102,P3405,40.0,5,0
2024-04-01,ST102,P3268,42.0,20,0
2024-04-01,ST102,P3299,36.0,15,0
2024-04-01,ST102,P3133,39.0,5,0
2024-04-01,ST102,P3495,27.0,10,0
2024-04-01,ST103,P3288,40.0,20,0
2024-04-01,ST103,P3256,47.0,15,0
2024-04-01,ST103,P3489,26.0,5,0
2024-04-01,ST103,P3477,45.0,5,0
2024-04-01,ST103,P3375,30.0,10,0
2024-04-01,ST103,P3152,27.0,20,0
2024-04-01,ST103,P3209,36.0,20,0
2024-04-01,ST103,P3388,29.0,10,0
2024-04-01,ST103,P3207,38.0,5,0
2024-04-01,ST103,P3443,30.0,15,0
2024-04-01,ST103,P3422,32.0,20,0
2024-04-01,ST103,P3506,31.0,5,0
2024-04-01,ST103,P3390,41.0,15,0
2024-04-01,ST103,P3401,34.0,20,0
2024-04-01,ST103,P3379,27.0,15,0
2024-04-01,ST103,P3145,36.0,15,0
2024-04-01,ST103,P3129,34.0,5,0
2024-04-01,ST103,P3315,31.0,15,0
2024-04-01,ST103,P3333,40.0,20,0
2024-04-01,ST103,P3224,34.0,15,0
2024-04-01,ST103,P3066,31.0,10,0
2024-04-01,ST103,P3084,27.0,20,0
2024-04-01,ST103,P3166,34.0,20,0
2024-04-01,ST103,P3291,39.0,15,0
2024-04-01,ST103,P3476,34.0,15,0
2024-04-01,ST103,P3260,30.0,15,0
2024-04-01,ST103,P3165,26.0,10,0
2024-04-01,ST103,P3265,39.0,5,0
2024-04-01,ST103,P3238,39.0,10,0
2024-04-01,ST103,P3261,38.0,10,0
2024-04-01,ST103,P3188,42.0,10,0
2024-04-01,ST103,P3074,31.0,10,0
2024-04-01,ST103,P3302,34.0,15,0
2024-04-01,ST103,P3123,48.0,10,0
2024-04-01,ST103,P3090,26.0,10,0
2024-04-01,ST103,P3172,28.0,15,0
2024-04-01,ST103,P3237,32.0,10,0
2024-04-01,ST103,P3061,38.0,5,0
2024-04-01,ST103,P3341,43.0,5,0
2024-04-01,ST103,P3235,39.0,15,0
2024-04-01,ST103,P3384,38.0,10,0
2024-04-01,ST103,P3013,45.0,5,0
2024-04-01,ST103,P3104,31.0,10,0
2024-04-01,ST103,P3510,31.0,15,0
2024-04-01,ST103,P3112,30.0,10,0
2024-04-01,ST103,P3509,36.0,15,0
2024-04-01,ST103,P3406,38.0,10,0
2024-04-01,ST103,P3108,29.0,15,0
2024-04-01,ST103,P3054,40.0,15,0
2024-04-01,ST103,P3295,42.0,10,0
2024-04-01,ST103,P3471,36.0,15,0
2024-04-01,ST103,P3171,42.0,10,0
2024-04-01,ST103,P3111,37.0,15,0
2024-04-01,ST103,P3182,38.0,15,0
2024-04-01,ST103,P3024,42.0,15,0
2024-04-01,ST103,P3301,31.0,5,0
2024-04-01,ST103,P3002,28.0,20,0
2024-04-01,ST103,P3296,29.0,15,0
2024-04-01,ST103,P3006,30.0,5,0
2024-04-01,ST103,P3499,43.0,15,0
2024-04-01,ST104,P3080,27.0,5,0
2024-04-01,ST104,P3170,37.0,15,0
2024-04-01,ST104,P3228,35.0,5,0
2024-04-01,ST104,P3195,29.0,5,0
2024-04-01,ST104,P3359,28.0,20,0
2024-04-01,ST104,P3506,37.0,10,0
2024-04-01,ST104,P3519,36.0,20,0
2024-04-01,ST104,P3384,27.0,5,0
2024-04-01,ST104,P3208,30.0,20,0
2024-04-01,ST104,P3257,29.0,10,0
2024-04-01,ST104,P3179,37.0,20,0
2024-04-01,ST104,P3188,26.0,20,0
2024-04-01,ST104,P3322,32.0,20,0
2024-04-01,ST104,P3421,33.0,5,0
2024-04-01,ST104,P3097,31.0,10,0
2024-04-01,ST104,P3164,38.0,5,0
2024-04-01,ST104,P3084,33.0,20,0
2024-04-01,ST104,P3017,39.0,5,0
2024-04-01,ST104,P3226,29.0,10,0
2024-04-01,ST104,P3259,34.0,5,0
2024-04-01,ST104,P3129,43.0,20,0
2024-04-01,ST104,P3295,39.0,5,0
2024-04-01,ST104,P3497,37.0,15,0
2024-04-01,ST104,P3004,35.0,15,0
2024-04-01,ST104,P3291,35.0,20,0
2024-04-01,ST104,P3302,39.0,15,0
2024-04-01,ST104,P3163,38.0,15,0
2024-04-01,ST104,P3057,39.0,15,0
2024-04-01,ST104,P3115,27.0,10,0
2024-04-01,ST104,P3145,44.0,15,0
2024-04-01,ST104,P3356,30.0,10,0
2024-04-01,ST104,P3270,33.0,5,0
2024-04-01,ST104,P3008,29.0,5,0
2024-04-01,ST104,P3500,35.0,10,0
2024-04-01,ST104,P3230,31.0,20,0
2024-04-01,ST104,P3456,36.0,20,0
2024-04-01,ST104,P3279,35.0,10,0
2024-04-01,ST104,P3338,41.0,10,0
2024-04-01,ST104,P3283,36.0,10,0
2024-04-01,ST104,P3160,39.0,20,0
2024-04-01,ST104,P3319,32.0,5,0
2024-04-01,ST104,P3398,36.0,15,0
2024-04-01,ST104,P3034,46.0,10,0
2024-04-01,ST104,P3225,43.0,5,0
2024-04-01,ST104,P3002,38.0,15,0
2024-04-01,ST104,P3458,34.0,15,0
2024-04-01,ST104,P3165,40.0,20,0
2024-04-01,ST104,P3335,33.0,10,0
2024-04-01,ST104,P3437,38.0,15,0
2024-04-01,ST104,P3178,34.0,15,0
2024-04-01,ST104,P3472,26.0,5,0
2024-04-01,ST104,P3479,42.0,20,0
2024-04-01,ST104,P3212,37.0,10,0
2024-04-01,ST104,P3358,33.0,10,0
2024-04-01,ST104,P3024,33.0,10,0
2024-04-01,ST104,P3027,32.0,20,0
2024-04-01,ST104,P3314,38.0,20,0
2024-04-01,ST104,P3323,42.0,15,0
2024-04-01,ST104,P3036,41.0,5,0
2024-04-01,ST104,P3186,32.0,5,0
2024-04-01,ST105,P3068,30.0,10,0
2024-04-01,ST105,P3400,32.0,20,0
2024-04-01,ST105,P3405,34.0,20,0
2024-04-01,ST105,P3287,32.0,5,0
2024-04-01,ST105,P3448,34.0,5,0
2024-04-01,ST105,P3377,38.0,10,0
2024-04-01,ST105,P3516,32.0,10,0
2024-04-01,ST105,P3005,42.0,20,0
2024-04-01,ST105,P3515,38.0,10,0
2024-04-01,ST105,P3021,40.0,20,0
2024-04-01,ST105,P3171,24.0,10,0
2024-04-01,ST105,P3124,26.0,20,0
2024-04-01,ST105,P3158,34.0,15,0
2024-04-01,ST105,P3420,42.0,20,0
2024-04-01,ST105,P3205,29.0,15,0
2024-04-01,ST105,P3500,28.0,20,0
2024-04-01,ST105,P3349,29.0,10,0
2024-04-01,ST105,P3357,32.0,15,0
2024-04-01,ST105,P3070,41.0,15,0
2024-04-01,ST105,P3135,40.0,10,0
2024-04-01,ST105,P3465,28.0,10,0
2024-04-01,ST105,P3336,36.0,5,0
2024-04-01,ST105,P3407,43.0,5,0
2024-04-01,ST105,P3128,33.0,15,0
2024-04-01,ST105,P3241,41.0,5,0
2024-04-01,ST105,P3464,38.0,15,0
2024-04-01,ST105,P3079,49.0,20,0
2024-04-01,ST105,P3196,33.0,20,0
2024-04-01,ST105,P3271,41.0,20,0
2024-04-01,ST105,P3096,36.0,5,0
2024-04-01,ST105,P3258,36.0,20,0
2024-04-01,ST105,P3489,32.0,15,0
2024-04-01,ST105,P3339,39.0,10,0
2024-04-01,ST105,P3120,30.0,5,0
2024-04-01,ST105,P3475,26.0,5,0
2024-04-01,ST105,P3293,33.0,20,0
2024-04-01,ST105,P3091,42.0,5,0
2024-04-01,ST105,P3397,33.0,5,0
2024-04-01,ST105,P3166,32.0,15,0
2024-04-01,ST105,P3337,29.0,15,0
2024-04-01,ST105,P3392,28.0,10,0
2024-04-01,ST105,P3067,31.0,5,0
2024-04-01,ST105,P3297,30.0,5,0
2024-04-01,ST105,P3163,39.0,15,0
2024-04-01,ST105,P3111,28.0,20,0
2024-04-01,ST105,P3423,32.0,15,0
2024-04-01,ST105,P3055,46.0,5,0
2024-04-01,ST105,P3244,38.0,5,0
2024-04-01,ST105,P3109,36.0,10,0
2024-04-01,ST105,P3249,29.0,20,0
2024-04-01,ST105,P3037,20.0,10,0
2024-04-01,ST105,P3187,41.0,20,0
2024-04-01,ST105,P3324,36.0,20,0
2024-04-01,ST105,P3227,38.0,15,0
2024-04-01,ST105,P3347,24.0,20,0
2024-04-01,ST105,P3263,35.0,20,0
2024-04-01,ST105,P3284,40.0,10,0
2024-04-01,ST105,P3103,27.0,15,0
2024-04-01,ST105,P3152,33.0,5,0
2024-04-01,ST105,P3232,26.0,10,0
2024-04-01,ST106,P3177,33.0,10,0
2024-04-01,ST106,P3259,29.0,20,0
2024-04-01,ST106,P3064,22.0,15,0
2024-04-01,ST106,P3378,37.0,10,0
2024-04-01,ST106,P3197,32.0,10,0
2024-04-01,ST106,P3425,36.0,10,0
2024-04-01,ST106,P3472,36.0,5,0
2024-04-01,ST106,P3113,36.0,20,0
2024-04-01,ST106,P3300,33.0,5,0
2024-04-01,ST106,P3255,40.0,20,0
2024-04-01,ST106,P3337,34.0,10,0
2024-04-01,ST106,P3394,43.0,20,0
2024-04-01,ST106,P3005,32.0,20,0
2024-04-01,ST106,P3221,30.0,10,0
2024-04-01,ST106,P3116,39.0,10,0
2024-04-01,ST106,P3291,42.0,20,0
2024-04-01,ST106,P3276,30.0,15,0
2024-04-01,ST106,P3006,30.0,5,0
2024-04-01,ST106,P3209,34.0,20,0
2024-04-01,ST106,P3242,34.0,10,0
2024-04-01,ST106,P3353,35.0,10,0
2024-04-01,ST106,P3419,36.0,15,0
2024-04-01,ST106,P3500,35.0,5,0
2024-04-01,ST106,P3506,49.0,10,0
2024-04-01,ST106,P3049,31.0,5,0
2024-04-01,ST106,P3056,29.0,10,0
2024-04-01,ST106,P3327,20.0,15,0
2024-04-01,ST106,P3387,26.0,5,0
2024-04-01,ST106,P3382,23.0,15,0
2024-04-01,ST106,P3518,31.0,20,0
2024-04-01,ST106,P3346,33.0,5,0
2024-04-01,ST106,P3490,43.0,15,0
2024-04-01,ST106,P3401,34.0,5,0
2024-04-01,ST106,P3112,51.0,15,0
2024-04-01,ST106,P3094,34.0,15,0
2024-04-01,ST106,P3171,38.0,10,0
2024-04-01,ST106,P3181,31.0,15,0
2024-04-01,ST106,P3200,25.0,20,0
2024-04-01,ST106,P3437,30.0,20,0
2024-04-01,ST106,P3314,35.0,15,0
2024-04-01,ST106,P3123,33.0,10,0
2024-04-01,ST106,P3389,43.0,15,0
2024-04-01,ST106,P3238,34.0,10,0
2024-04-01,ST106,P3150,32.0,15,0
2024-04-01,ST106,P3118,38.0,5,0
2024-04-01,ST106,P3114,32.0,10,0
2024-04-01,ST106,P3340,43.0,10,0
2024-04-01,ST106,P3254,43.0,15,0
2024-04-01,ST106,P3043,44.0,20,0
2024-04-01,ST106,P3189,32.0,20,0
2024-04-01,ST106,P3009,36.0,15,0
2024-04-01,ST106,P3355,24.0,10,0
2024-04-01,ST106,P3410,33.0,10,0
2024-04-01,ST106,P3505,37.0,10,0
2024-04-01,ST106,P3032,36.0,10,0
2024-04-01,ST106,P3020,36.0,20,0
2024-04-01,ST106,P3513,20.0,15,0
2024-04-01,ST106,P3226,36.0,5,0
2024-04-01,ST106,P3190,32.0,15,0
2024-04-01,ST106,P3428,38.0,5,0
2024-04-01,ST107,P3132,34.0,15,0
2024-04-01,ST107,P3503,30.0,20,0
2024-04-01,ST107,P3121,41.0,10,0
2024-04-01,ST107,P3066,41.0,5,0
2024-04-01,ST107,P3216,25.0,15,0
2024-04-01,ST107,P3337,46.0,20,0
2024-04-01,ST107,P3310,43.0,5,0
2024-04-01,ST107,P3002,36.0,5,0
2024-04-01,ST107,P3078,22.0,20,0
2024-04-01,ST107,P3191,39.0,5,0
2024-04-01,ST107,P3250,45.0,15,0
2024-04-01,ST107,P3479,32.0,15,0
2024-04-01,ST107,P3346,38.0,15,0
2024-04-01,ST107,P3037,41.0,20,0
2024-04-01,ST107,P3273,29.0,5,0
2024-04-01,ST107,P3401,41.0,20,0
2024-04-01,ST107,P3127,32.0,10,0
2024-04-01,ST107,P3257,38.0,5,0
2024-04-01,ST107,P3500,38.0,15,0
2024-04-01,ST107,P3366,38.0,15,0
2024-04-01,ST107,P3349,23.0,10,0
2024-04-01,ST107,P3203,37.0,5,0
2024-04-01,ST107,P3463,28.0,10,0
2024-04-01,ST107,P3142,37.0,20,0
2024-04-01,ST107,P3021,40.0,15,0
2024-04-01,ST107,P3199,32.0,10,0
2024-04-01,ST107,P3422,32.0,10,0
2024-04-01,ST107,P3416,33.0,20,0
2024-04-01,ST107,P3169,35.0,15,0
2024-04-01,ST107,P3428,38.0,15,0
2024-04-01,ST107,P3041,33.0,5,0
2024-04-01,ST107,P3402,29.0,20,0
2024-04-01,ST107,P3271,26.0,20,0
2024-04-01,ST107,P3249,31.0,10,0
2024-04-01,ST107,P3501,36.0,15,0
2024-04-01,ST107,P3291,33.0,10,0
2024-04-01,ST107,P3512,41.0,10,0
2024-04-01,ST107,P3472,,5,0
2024-04-01,ST107,P3488,35.0,10,0
2024-04-01,ST107,P3424,41.0,10,0
2024-04-01,ST107,P3143,29.0,10,0
2024-04-01,ST107,P3365,30.0,10,0
2024-04-01,ST107,P3239,43.0,20,0
2024-04-01,ST107,P3426,46.0,15,0
2024-04-01,ST107,P3418,36.0,5,0
2024-04-01,ST107,P3152,39.0,20,0
2024-04-01,ST107,P3258,40.0,5,0
2024-04-01,ST107,P3516,44.0,10,0
2024-04-01,ST107,P3491,36.0,15,0
2024-04-01,ST107,P3197,40.0,10,0
2024-04-01,ST107,P3475,30.0,15,0
2024-04-01,ST107,P3172,33.0,5,0
2024-04-01,ST107,P3437,38.0,5,0
2024-04-01,ST107,P3220,24.0,10,0
2024-04-01,ST107,P3146,35.0,20,0
2024-04-01,ST107,P3045,,10,0
2024-04-01,ST107,P3224,46.0,10,0
2024-04-01,ST107,P3260,39.0,20,0
2024-04-01,ST107,P3088,35.0,15,0
2024-04-01,ST107,P3119,31.0,5,0
2024-04-01,ST108,P3449,28.0,15,0
2024-04-01,ST108,P3349,25.0,20,0
2024-04-01,ST108,P3362,31.0,20,0
2024-04-01,ST108,P3096,41.0,20,0
2024-04-01,ST108,P3472,33.0,10,0
2024-04-01,ST108,P3406,32.0,10,0
2024-04-01,ST108,P3138,33.0,20,0
2024-04-01,ST108,P3077,31.0,10,0
2024-04-01,ST108,P3490,30.0,15,0
2024-04-01,ST108,P3407,,5,0
2024-04-01,ST108,P3368,37.0,15,0
2024-04-01,ST108,P3176,35.0,5,0
2024-04-01,ST108,P3366,24.0,10,0
2024-04-01,ST108,P3245,39.0,20,0
2024-04-01,ST108,P3229,42.0,15,0
2024-04-01,ST108,P3197,34.0,5,0
2024-04-01,ST108,P3308,30.0,10,0
2024-04-01,ST108,P3469,35.0,15,0
2024-04-01,ST108,P3312,35.0,15,0
2024-04-01,ST108,P3311,34.0,15,0
2024-04-01,ST108,P3313,39.0,5,0
2024-04-01,ST108,P3428,40.0,20,0
2024-04-01,ST108,P3011,38.0,15,0
2024-04-01,ST108,P3072,24.0,10,0
2024-04-01,ST108,P3363,27.0,15,0
2024-04-01,ST108,P3338,35.0,5,0
2024-04-01,ST108,P3184,38.0,10,0
2024-04-01,ST108,P3055,38.0,20,0
2024-04-01,ST108,P3300,40.0,20,0
2024-04-01,ST108,P3295,30.0,20,0
2024-04-01,ST108,P3429,32.0,10,0
2024-04-01,ST108,P3193,38.0,20,0
2024-04-01,ST108,P3289,36.0,15,0
2024-04-01,ST108,P3484,34.0,15,0
2024-04-01,ST108,P3027,43.0,20,0
2024-04-01,ST108,P3510,42.0,10,0
2024-04-01,ST108,P3157,27.0,5,0
2024-04-01,ST108,P3133,38.0,15,0
2024-04-01,ST108,P3089,39.0,10,0
2024-04-01,ST108,P3195,42.0,10,0
2024-04-01,ST108,P3408,31.0,15,0
2024-04-01,ST108,P3175,33.0,20,0
2024-04-01,ST108,P3131,31.0,20,0
2024-04-01,ST108,P3461,46.0,15,0
2024-04-01,ST108,P3094,22.0,20,0
2024-04-01,ST108,P3224,35.0,5,0
2024-04-01,ST108,P3519,41.0,20,0
2024-04-01,ST108,P3450,35.0,5,0
2024-04-01,ST108,P3502,29.0,5,0
2024-04-01,ST108,P3434,36.0,20,0
2024-04-01,ST108,P3348,35.0,20,0
2024-04-01,ST108,P3240,27.0,5,0
2024-04-01,ST108,P3397,35.0,15,0
2024-04-01,ST108,P3045,35.0,10,0
2024-04-01,ST108,P3016,30.0,20,0
2024-04-01,ST108,P3350,28.0,10,0
2024-04-01,ST108,P3137,39.0,10,0
2024-04-01,ST108,P3292,39.0,15,0
2024-04-01,ST108,P3276,37.0,15,0
2024-04-01,ST108,P3080,37.0,5,0
2024-04-01,ST109,P3080,42.0,5,0
2024-04-01,ST109,P3478,33.0,15,0
2024-04-01,ST109,P3324,45.0,15,0
2024-04-01,ST109,P3132,32.0,5,0
2024-04-01,ST109,P3473,37.0,5,0
2024-04-01,ST109,P3325,34.0,5,0
2024-04-01,ST109,P3511,29.0,20,0
2024-04-01,ST109,P3096,41.0,15,0
2024-04-01,ST109,P3115,30.0,10,0
2024-04-01,ST109,P3015,37.0,10,0
2024-04-01,ST109,P3059,28.0,15,0
2024-04-01,ST109,P3388,35.0,15,0
2024-04-01,ST109,P3436,29.0,10,0
2024-04-01,ST109,P3221,32.0,10,0
2024-04-01,ST109,P3023,26.0,10,0
2024-04-01,ST109,P3260,34.0,20,0
2024-04-01,ST109,P3209,36.0,10,0
2024-04-01,ST109,P3399,28.0,20,0
2024-04-01,ST109,P3112,30.0,5,0
2024-04-01,ST109,P3469,24.0,15,0
2024-04-01,ST109,P3406,30.0,10,0
2024-04-01,ST109,P3238,39.0,10,0
2024-04-01,ST109,P3166,27.0,20,0
2024-04-01,ST109,P3224,28.0,10,0
2024-04-01,ST109,P3479,37.0,10,0
2024-04-01,ST109,P3207,33.0,10,0
2024-04-01,ST109,P3215,38.0,10,0
2024-04-01,ST109,P3427,31.0,20,0
2024-04-01,ST109,P3155,36.0,5,0
2024-04-01,ST109,P3403,32.0,15,0
2024-04-01,ST109,P3230,34.0,10,0
2024-04-01,ST109,P3285,36.0,5,0
2024-04-01,ST109,P3186,26.0,10,0
2024-04-01,ST109,P3380,29.0,20,0
2024-04-01,ST109,P3375,30.0,15,0
2024-04-01,ST109,P3228,33.0,15,0
2024-04-01,ST109,P3020,38.0,15,0
2024-04-01,ST109,P3038,36.0,5,0
2024-04-01,ST109,P3429,26.0,5,0
2024-04-01,ST109,P3434,31.0,15,0
2024-04-01,ST109,P3271,34.0,20,0
2024-04-01,ST109,P3159,27.0,20,0
2024-04-01,ST109,P3138,35.0,15,0
2024-04-01,ST109,P3104,31.0,20,0
2024-04-01,ST109,P3008,39.0,10,0
2024-04-01,ST109,P3119,39.0,15,0
2024-04-01,ST109,P3410,35.0,10,0
2024-04-01,ST109,P3219,35.0,10,0
2024-04-01,ST109,P3040,44.0,10,0
2024-04-01,ST109,P3340,34.0,5,0
2024-04-01,ST109,P3244,31.0,20,0
2024-04-01,ST109,P3011,33.0,10,0
2024-04-01,ST109,P3253,51.0,15,0
2024-04-01,ST109,P3273,38.0,15,0
2024-04-01,ST109,P3013,45.0,15,0
2024-04-01,ST109,P3353,45.0,5,0
2024-04-01,ST109,P3493,37.0,10,0
2024-04-01,ST109,P3520,25.0,5,0
2024-04-01,ST109,P3327,40.0,10,0
2024-04-01,ST109,P3236,36.0,15,0
2024-04-01,ST110,P3365,40.0,20,0
2024-04-01,ST110,P3048,28.0,10,0
2024-04-01,ST110,P3168,41.0,20,0
2024-04-01,ST110,P3402,43.0,20,0
2024-04-01,ST110,P3478,24.0,15,0
2024-04-01,ST110,P3227,34.0,10,0
2024-04-01,ST110,P3163,39.0,10,0
2024-04-01,ST110,P3397,38.0,5,0
2024-04-01,ST110,P3069,38.0,10,0
2024-04-01,ST110,P3496,41.0,10,0
2024-04-01,ST110,P3236,27.0,10,0
2024-04-01,ST110,P3415,30.0,20,0
2024-04-01,ST110,P3506,40.0,15,0
2024-04-01,ST110,P3453,26.0,15,0
2024-04-01,ST110,P3191,32.0,15,0
2024-04-01,ST110,P3355,31.0,15,0
2024-04-01,ST110,P3091,43.0,5,0
2024-04-01,ST110,P3029,33.0,20,0
2024-04-01,ST110,P3330,39.0,5,0
2024-04-01,ST110,P3442,30.0,5,0
2024-04-01,ST110,P3180,24.0,15,0
2024-04-01,ST110,P3363,34.0,5,0
2024-04-01,ST110,P3479,31.0,10,0
2024-04-01,ST110,P3279,47.0,15,0
2024-04-01,ST110,P3260,35.0,10,0
2024-04-01,ST110,P3301,43.0,5,0
2024-04-01,ST110,P3005,37.0,5,0
2024-04-01,ST110,P3113,32.0,10,0
2024-04-01,ST110,P3096,44.0,15,0
2024-04-01,ST110,P3323,34.0,20,0
2024-04-01,ST110,P3110,24.0,20,0
2024-04-01,ST110,P3288,35.0,20,0
2024-04-01,ST110,P3064,39.0,5,0
2024-04-01,ST110,P3462,39.0,5,0
2024-04-01,ST110,P3269,35.0,15,0
2024-04-01,ST110,P3242,42.0,20,0
2024-04-01,ST110,P3114,34.0,5,0
2024-04-01,ST110,P3182,21.0,15,0
2024-04-01,ST110,P3205,38.0,5,0
2024-04-01,ST110,P3100,35.0,15,0
2024-04-01,ST110,P3132,27.0,5,0
2024-04-01,ST110,P3391,37.0,10,0
2024-04-01,ST110,P3324,37.0,20,0
2024-04-01,ST110,P3094,39.0,20,0
2024-04-01,ST110,P3352,38.0,10,0
2024-04-01,ST110,P3133,37.0,15,0
2024-04-01,ST110,P3214,34.0,15,0
2024-04-01,ST110,P3178,45.0,5,0
2024-04-01,ST110,P3240,42.0,10,0
2024-04-01,ST110,P3337,28.0,20,0
2024-04-01,ST110,P3423,38.0,20,0
2024-04-01,ST110,P3417,42.0,5,0
2024-04-01,ST110,P3411,39.0,15,0
2024-04-01,ST110,P3093,37.0,5,0
2024-04-01,ST110,P3122,36.0,5,0
2024-04-01,ST110,P3071,39.0,20,0
2024-04-01,ST110,P3070,28.0,15,0
2024-04-01,ST110,P3057,34.0,5,0
2024-04-01,ST110,P3395,32.0,5,0
2024-04-01,ST110,P3518,40.0,5,0
2024-04-01,ST111,P3234,23.0,15,0
2024-04-01,ST111,P3088,31.0,5,0
2024-04-01,ST111,P3444,24.0,10,0
2024-04-01,ST111,P3307,36.0,5,0
2024-04-01,ST111,P3158,29.0,10,0
2024-04-01,ST111,P3261,33.0,15,0
2024-04-01,ST111,P3362,41.0,10,0
2024-04-01,ST111,P3324,19.0,5,0
2024-04-01,ST111,P3475,34.0,15,0
2024-04-01,ST111,P3434,46.0,5,0
2024-04-01,ST111,P3161,35.0,10,0
2024-04-01,ST111,P3173,28.0,10,0
2024-04-01,ST111,P3252,39.0,15,0
2024-04-01,ST111,P3001,36.0,10,0
2024-04-01,ST111,P3333,35.0,20,0
2024-04-01,ST111,P3283,26.0,15,0
2024-04-01,ST111,P3297,37.0,5,0
2024-04-01,ST111,P3163,33.0,5,0
2024-04-01,ST111,P3157,37.0,20,0
2024-04-01,ST111,P3433,42.0,15,0
2024-04-01,ST111,P3299,31.0,20,0
2024-04-01,ST111,P3227,25.0,20,0
2024-04-01,ST111,P3155,31.0,5,0
2024-04-01,ST111,P3257,34.0,15,0
2024-04-01,ST111,P3280,33.0,15,0
2024-04-01,ST111,P3042,36.0,10,0
2024-04-01,ST111,P3317,34.0,15,0
2024-04-01,ST111,P3422,30.0,20,0
2024-04-01,ST111,P3458,33.0,20,0
2024-04-01,ST111,P3238,39.0,5,0
2024-04-01,ST111,P3440,26.0,10,0
2024-04-01,ST111,P3223,37.0,15,0
2024-04-01,ST111,P3235,30.0,5,0
2024-04-01,ST111,P3134,31.0,5,0
2024-04-01,ST111,P3105,,10,0
2024-04-01,ST111,P3363,20.0,5,0
2024-04-01,ST111,P3263,24.0,10,0
2024-04-01,ST111,P3011,35.0,5,0
2024-04-01,ST111,P3300,29.0,10,0
2024-04-01,ST111,P3177,30.0,5,0
2024-04-01,ST111,P3407,32.0,20,0
2024-04-01,ST111,P3413,36.0,15,0
2024-04-01,ST111,P3305,35.0,10,0
2024-04-01,ST111,P3093,43.0,20,0
2024-04-01,ST111,P3208,26.0,5,0
2024-04-01,ST111,P3269,32.0,20,0
2024-04-01,ST111,P3453,40.0,15,0
2024-04-01,ST111,P3290,40.0,15,0
2024-04-01,ST111,P3040,35.0,5,0
2024-04-01,ST111,P3170,42.0,15,0
2024-04-01,ST111,P3106,38.0,15,0
2024-04-01,ST111,P3450,32.0,20,0
2024-04-01,ST111,P3084,36.0,15,0
2024-04-01,ST111,P3190,33.0,15,0
2024-04-01,ST111,P3488,36.0,10,0
2024-04-01,ST111,P3329,30.0,15,0
2024-04-01,ST111,P3401,39.0,20,0
2024-04-01,ST111,P3274,31.0,5,0
2024-04-01,ST111,P3216,38.0,20,0
2024-04-01,ST111,P3188,31.0,20,0
2024-04-01,ST112,P3212,36.0,10,0
2024-04-01,ST112,P3362,46.0,10,0
2024-04-01,ST112,P3281,41.0,20,0
2024-04-01,ST112,P3411,33.0,15,0
2024-04-01,ST112,P3340,28.0,20,0
2024-04-01,ST112,P3049,35.0,10,0
2024-04-01,ST112,P3123,33.0,5,0
2024-04-01,ST112,P3046,38.0,20,0
2024-04-01,ST112,P3347,41.0,10,0
2024-04-01,ST112,P3436,40.0,5,0
2024-04-01,ST112,P3264,38.0,20,0
2024-04-01,ST112,P3257,37.0,10,0
2024-04-01,ST112,P3429,40.0,20,0
2024-04-01,ST112,P3403,37.0,10,0
2024-04-01,ST112,P3032,33.0,5,0
2024-04-01,ST112,P3215,38.0,20,0
2024-04-01,ST112,P3357,40.0,20,0
2024-04-01,ST112,P3351,31.0,5,0
2024-04-01,ST112,P3365,34.0,15,0
2024-04-01,ST112,P3432,38.0,20,0
2024-04-01,ST112,P3084,40.0,5,0
2024-04-01,ST112,P3505,38.0,15,0
2024-04-01,ST112,P3088,27.0,20,0
2024-04-01,ST112,P3253,40.0,20,0
2024-04-01,ST112,P3092,32.0,10,0
2024-04-01,ST112,P3101,33.0,10,0
2024-04-01,ST112,P3086,40.0,5,0
2024-04-01,ST112,P3180,27.0,5,0
2024-04-01,ST112,P3042,35.0,20,0
2024-04-01,ST112,P3473,26.0,10,0
2024-04-01,ST112,P3297,30.0,10,0
2024-04-01,ST112,P3247,38.0,20,0
2024-04-01,ST112,P3379,43.0,5,0
2024-04-01,ST112,P3375,31.0,5,0
2024-04-01,ST112,P3207,27.0,20,0
2024-04-01,ST112,P3330,43.0,15,0
2024-04-01,ST112,P3381,36.0,15,0
2024-04-01,ST112,P3178,34.0,20,0
2024-04-01,ST112,P3361,30.0,5,0
2024-04-01,ST112,P3240,30.0,10,0
2024-04-01,ST112,P3050,40.0,15,0
2024-04-01,ST112,P3368,37.0,5,0
2024-04-01,ST112,P3389,37.0,15,0
2024-04-01,ST112,P3486,41.0,20,0
2024-04-01,ST112,P3460,41.0,5,0
2024-04-01,ST112,P3463,38.0,20,0
2024-04-01,ST112,P3287,33.0,15,0
2024-04-01,ST112,P3162,37.0,15,0
2024-04-01,ST112,P3152,31.0,5,0
2024-04-01,ST112,P3320,24.0,10,0
2024-04-01,ST112,P3153,32.0,10,0
2024-04-01,ST112,P3265,32.0,20,0
2024-04-01,ST112,P3177,46.0,10,0
2024-04-01,ST112,P3196,30.0,10,0
2024-04-01,ST112,P3217,45.0,15,0
2024-04-01,ST112,P3230,41.0,5,0
2024-04-01,ST112,P3179,43.0,5,0
2024-04-01,ST112,P3277,34.0,15,0
2024-04-01,ST112,P3223,52.0,20,0
2024-04-01,ST112,P3311,28.0,5,0
2024-04-01,ST113,P3100,32.0,20,0
2024-04-01,ST113,P3443,34.0,5,0
2024-04-01,ST113,P3262,36.0,10,0
2024-04-01,ST113,P3082,40.0,20,0
2024-04-01,ST113,P3165,44.0,15,0
2024-04-01,ST113,P3447,40.0,15,0
2024-04-01,ST113,P3058,41.0,10,0
2024-04-01,ST113,P3153,29.0,15,0
2024-04-01,ST113,P3073,27.0,15,0
2024-04-01,ST113,P3219,32.0,15,0
2024-04-01,ST113,P3363,34.0,15,0
2024-04-01,ST113,P3452,26.0,15,0
2024-04-01,ST113,P3490,37.0,10,0
2024-04-01,ST113,P3295,,20,0
2024-04-01,ST113,P3028,33.0,5,0
2024-04-01,ST113,P3193,22.0,20,0
2024-04-01,ST113,P3376,39.0,15,0
2024-04-01,ST113,P3133,34.0,15,0
2024-04-01,ST113,P3488,30.0,5,0
2024-04-01,ST113,P3404,36.0,10,0
2024-04-01,ST113,P3277,38.0,5,0
2024-04-01,ST113,P3167,29.0,5,0
2024-04-01,ST113,P3191,36.0,15,0
2024-04-01,ST113,P3111,26.0,5,0
2024-04-01,ST113,P3383,44.0,15,0
2024-04-01,ST113,P3019,34.0,5,0
2024-04-01,ST113,P3030,36.0,10,0
2024-04-01,ST113,P3052,36.0,20,0
2024-04-01,ST113,P3518,30.0,5,0
2024-04-01,ST113,P3207,36.0,5,0
2024-04-01,ST113,P3190,38.0,5,0
2024-04-01,ST113,P3018,36.0,20,0
2024-04-01,ST113,P3450,37.0,10,0
2024-04-01,ST113,P3239,28.0,15,0
2024-04-01,ST113,P3106,25.0,5,0
2024-04-01,ST113,P3282,33.0,15,0
2024-04-01,ST113,P3086,36.0,15,0
2024-04-01,ST113,P3037,25.0,20,0
2024-04-01,ST113,P3362,25.0,10,0
2024-04-01,ST113,P3035,42.0,10,0
2024-04-01,ST113,P3223,35.0,20,0
2024-04-01,ST113,P3014,48.0,15,0
2024-04-01,ST113,P3078,38.0,15,0
2024-04-01,ST113,P3470,35.0,5,0
2024-04-01,ST113,P3514,33.0,10,0
2024-04-01,ST113,P3256,44.0,20,0
2024-04-01,ST113,P3500,27.0,10,0
2024-04-01,ST113,P3038,41.0,20,0
2024-04-01,ST113,P3087,41.0,10,0
2024-04-01,ST113,P3437,42.0,20,0
2024-04-01,ST113,P3441,37.0,15,0
2024-04-01,ST113,P3049,27.0,10,0
2024-04-01,ST113,P3378,26.0,20,0
2024-04-01,ST113,P3435,36.0,10,0
2024-04-01,ST113,P3181,40.0,15,0
2024-04-01,ST113,P3321,33.0,15,0
2024-04-01,ST113,P3287,24.0,5,0
2024-04-01,ST113,P3164,35.0,10,0
2024-04-01,ST113,P3161,33.0,15,0
2024-04-01,ST113,P3261,42.0,15,0
2024-04-01,ST114,P3331,42.0,10,0
2024-04-01,ST114,P3385,29.0,15,0
2024-04-01,ST114,P3221,36.0,20,0
2024-04-01,ST114,P3452,28.0,15,0
2024-04-01,ST114,P3409,29.0,15,0
2024-04-01,ST114,P3225,40.0,15,0
2024-04-01,ST114,P3350,38.0,15,0
2024-04-01,ST114,P3181,39.0,20,0
2024-04-01,ST114,P3368,40.0,20,0
2024-04-01,ST114,P3035,35.0,10,0
2024-04-01,ST114,P3119,38.0,5,0
2024-04-01,ST114,P3046,37.0,5,0
2024-04-01,ST114,P3509,42.0,20,0
2024-04-01,ST114,P3086,31.0,15,0
2024-04-01,ST114,P3473,29.0,20,0
2024-04-01,ST114,P3465,29.0,20,0
2024-04-01,ST114,P3373,23.0,20,0
2024-04-01,ST114,P3118,32.0,15,0
2024-04-01,ST114,P3122,37.0,20,0
2024-04-01,ST114,P3228,30.0,5,0
2024-04-01,ST114,P3090,38.0,20,0
2024-04-01,ST114,P3165,32.0,5,0
2024-04-01,ST114,P3158,48.0,20,0
2024-04-01,ST114,P3218,33.0,15,0
2024-04-01,ST114,P3484,41.0,10,0
2024-04-01,ST114,P3186,35.0,10,0
2024-04-01,ST114,P3209,42.0,15,0
2024-04-01,ST114,P3316,30.0,10,0
2024-04-01,ST114,P3422,43.0,10,0
2024-04-01,ST114,P3262,36.0,5,0
2024-04-01,ST114,P3412,37.0,20,0
2024-04-01,ST114,P3337,34.0,5,0
2024-04-01,ST114,P3170,29.0,5,0
2024-04-01,ST114,P3367,38.0,15,0
2024-04-01,ST114,P3045,35.0,5,0
2024-04-01,ST114,P3134,40.0,20,0
2024-04-01,ST114,P3325,48.0,15,0
2024-04-01,ST114,P3055,41.0,15,0
2024-04-01,ST114,P3013,32.0,10,0
2024-04-01,ST114,P3154,33.0,5,0
2024-04-01,ST114,P3229,51.0,5,0
2024-04-01,ST114,P3088,27.0,15,0
2024-04-01,ST114,P3127,36.0,10,0
2024-04-01,ST114,P3304,32.0,5,0
2024-04-01,ST114,P3018,36.0,20,0
2024-04-01,ST114,P3330,29.0,20,0
2024-04-01,ST114,P3059,37.0,15,0
2024-04-01,ST114,P3236,44.0,15,0
2024-04-01,ST114,P3104,30.0,20,0
2024-04-01,ST114,P3298,30.0,15,0
2024-04-01,ST114,P3437,30.0,5,0
2024-04-01,ST114,P3354,26.0,5,0
2024-04-01,ST114,P3172,41.0,10,0
2024-04-01,ST114,P3335,27.0,20,0
2024-04-01,ST114,P3040,45.0,10,0
2024-04-01,ST114,P3178,27.0,10,0
2024-04-01,ST114,P3418,37.0,10,0
2024-04-01,ST114,P3151,25.0,20,0
2024-04-01,ST114,P3002,30.0,10,0
2024-04-01,ST114,P3392,26.0,20,0
2024-04-01,ST115,P3037,31.0,20,0
2024-04-01,ST115,P3132,30.0,5,0
2024-04-01,ST115,P3248,46.0,20,0
2024-04-01,ST115,P3091,32.0,10,0
2024-04-01,ST115,P3059,42.0,20,0
2024-04-01,ST115,P3259,36.0,5,0
2024-04-01,ST115,P3135,37.0,20,0
2024-04-01,ST115,P3332,33.0,15,0
2024-04-01,ST115,P3324,41.0,10,0
2024-04-01,ST115,P3517,28.0,20,0
2024-04-01,ST115,P3315,39.0,15,0
2024-04-01,ST115,P3319,38.0,10,0
2024-04-01,ST115,P3012,41.0,20,0
2024-04-01,ST115,P3069,46.0,15,0
2024-04-01,ST115,P3478,40.0,5,0
2024-04-01,ST115,P3349,37.0,10,0
2024-04-01,ST115,P3347,32.0,10,0
2024-04-01,ST115,P3061,31.0,20,0
2024-04-01,ST115,P3362,37.0,20,0
2024-04-01,ST115,P3305,38.0,20,0
2024-04-01,ST115,P3342,36.0,15,0
2024-04-01,ST115,P3062,43.0,10,0
2024-04-01,ST115,P3440,28.0,20,0
2024-04-01,ST115,P3108,49.0,10,0
2024-04-01,ST115,P3191,33.0,10,0
2024-04-01,ST115,P3397,41.0,10,0
2024-04-01,ST115,P3468,32.0,15,0
2024-04-01,ST115,P3399,30.0,15,0
2024-04-01,ST115,P3502,35.0,10,0
2024-04-01,ST115,P3038,34.0,5,0
2024-04-01,ST115,P3127,22.0,5,0
2024-04-01,ST115,P3120,24.0,5,0
2024-04-01,ST115,P3233,34.0,5,0
2024-04-01,ST115,P3151,42.0,5,0
2024-04-01,ST115,P3111,35.0,5,0
2024-04-01,ST115,P3463,45.0,10,0
2024-04-01,ST115,P3378,24.0,20,0
2024-04-01,ST115,P3330,39.0,15,0
2024-04-01,ST115,P3364,,5,0
2024-04-01,ST115,P3142,39.0,10,0
2024-04-01,ST115,P3273,36.0,20,0
2024-04-01,ST115,P3133,39.0,5,0
2024-04-01,ST115,P3169,29.0,5,0
2024-04-01,ST115,P3195,36.0,15,0
2024-04-01,ST115,P3288,35.0,15,0
2024-04-01,ST115,P3192,33.0,20,0
2024-04-01,ST115,P3286,38.0,10,0
2024-04-01,ST115,P3366,30.0,15,0
2024-04-01,ST115,P3056,33.0,5,0
2024-04-01,ST115,P3504,41.0,10,0
2024-04-01,ST115,P3493,25.0,15,0
2024-04-01,ST115,P3228,35.0,5,0
2024-04-01,ST115,P3512,36.0,20,0
2024-04-01,ST115,P3105,25.0,15,0
2024-04-01,ST115,P3040,34.0,5,0
2024-04-01,ST115,P3075,31.0,10,0
2024-04-01,ST115,P3320,36.0,15,0
2024-04-01,ST115,P3030,36.0,5,0
2024-04-01,ST115,P3095,36.0,20,0
2024-04-01,ST115,P3067,39.0,10,0
2024-04-01,ST116,P3463,24.0,20,0
2024-04-01,ST116,P3382,40.0,15,0
2024-04-01,ST116,P3268,38.0,5,0
2024-04-01,ST116,P3063,43.0,15,0
2024-04-01,ST116,P3270,32.0,15,0
2024-04-01,ST116,P3396,35.0,5,0
2024-04-01,ST116,P3049,46.0,5,0
2024-04-01,ST116,P3247,40.0,5,0
2024-04-01,ST116,P3470,42.0,15,0
2024-04-01,ST116,P3198,41.0,15,0
2024-04-01,ST116,P3287,29.0,20,0
2024-04-01,ST116,P3234,35.0,15,0
2024-04-01,ST116,P3298,37.0,10,0
2024-04-01,ST116,P3360,37.0,10,0
2024-04-01,ST116,P3149,32.0,15,0
2024-04-01,ST116,P3237,40.0,5,0
2024-04-01,ST116,P3478,38.0,20,0
2024-04-01,ST116,P3476,28.0,20,0
2024-04-01,ST116,P3055,37.0,20,0
2024-04-01,ST116,P3033,47.0,10,0
2024-04-01,ST116,P3296,34.0,10,0
2024-04-01,ST116,P3397,37.0,10,0
2024-04-01,ST116,P3009,42.0,15,0
2024-04-01,ST116,P3127,37.0,5,0
2024-04-01,ST116,P3520,43.0,20,0
2024-04-01,ST116,P3274,31.0,20,0
2024-04-01,ST116,P3076,42.0,5,0
2024-04-01,ST116,P3439,39.0,10,0
2024-04-01,ST116,P3232,39.0,15,0
2024-04-01,ST116,P3096,32.0,15,0
2024-04-01,ST116,P3331,48.0,5,0
2024-04-01,ST116,P3477,36.0,10,0
2024-04-01,ST116,P3213,29.0,10,0
2024-04-01,ST116,P3311,38.0,10,0
2024-04-01,ST116,P3005,38.0,5,0
2024-04-01,ST116,P3338,26.0,5,0
2024-04-01,ST116,P3413,36.0,15,0
2024-04-01,ST116,P3326,29.0,20,0
2024-04-01,ST116,P3134,27.0,10,0
2024-04-01,ST116,P3395,26.0,10,0
2024-04-01,ST116,P3023,32.0,10,0
2024-04-01,ST116,P3098,29.0,5,0
2024-04-01,ST116,P3303,38.0,5,0
2024-04-01,ST116,P3071,29.0,5,0
2024-04-01,ST116,P3299,39.0,10,0
2024-04-01,ST116,P3104,39.0,10,0
2024-04-01,ST116,P3042,35.0,20,0
2024-04-01,ST116,P3105,28.0,15,0
2024-04-01,ST116,P3040,39.0,15,0
2024-04-01,ST116,P3412,45.0,20,0
2024-04-01,ST116,P3008,26.0,20,0
2024-04-01,ST116,P3013,36.0,15,0
2024-04-01,ST116,P3248,30.0,10,0
2024-04-01,ST116,P3324,34.0,5,0
2024-04-01,ST116,P3373,41.0,20,0
2024-04-01,ST116,P3376,24.0,10,0
2024-04-01,ST116,P3366,38.0,5,0
2024-04-01,ST116,P3259,31.0,10,0
2024-04-01,ST116,P3354,39.0,5,0
2024-04-01,ST116,P3090,37.0,15,0
2024-04-01,ST117,P3166,33.0,20,0
2024-04-01,ST117,P3520,33.0,10,0
2024-04-01,ST117,P3175,31.0,10,0
2024-04-01,ST117,P3119,31.0,10,0
2024-04-01,ST117,P3043,36.0,15,0
2024-04-01,ST117,P3114,32.0,5,0
2024-04-01,ST117,P3163,36.0,20,0
2024-04-01,ST117,P3492,27.0,20,0
2024-04-01,ST117,P3048,35.0,10,0
2024-04-01,ST117,P3199,35.0,5,0
2024-04-01,ST117,P3471,46.0,5,0
2024-04-01,ST117,P3133,23.0,5,0
2024-04-01,ST117,P3427,41.0,15,0
2024-04-01,ST117,P3445,28.0,20,0
2024-04-01,ST117,P3248,38.0,15,0
2024-04-01,ST117,P3329,36.0,10,0
2024-04-01,ST117,P3518,37.0,20,0
2024-04-01,ST117,P3336,44.0,15,0
2024-04-01,ST117,P3442,35.0,10,0
2024-04-01,ST117,P3157,40.0,20,0
2024-04-01,ST117,P3447,30.0,10,0
2024-04-01,ST117,P3359,29.0,10,0
2024-04-01,ST117,P3410,42.0,10,0
2024-04-01,ST117,P3394,44.0,10,0
2024-04-01,ST117,P3134,34.0,15,0
2024-04-01,ST117,P3501,34.0,5,0
2024-04-01,ST117,P3055,30.0,20,0
2024-04-01,ST117,P3049,41.0,5,0
2024-04-01,ST117,P3078,43.0,5,0
2024-04-01,ST117,P3278,27.0,10,0
2024-04-01,ST117,P3004,42.0,10,0
2024-04-01,ST117,P3282,28.0,10,0
2024-04-01,ST117,P3320,34.0,20,0
2024-04-01,ST117,P3407,36.0,15,0
2024-04-01,ST117,P3083,36.0,20,0
2024-04-01,ST117,P3001,49.0,5,0
2024-04-01,ST117,P3255,31.0,15,0
2024-04-01,ST117,P3443,37.0,20,0
2024-04-01,ST117,P3424,42.0,5,0
2024-04-01,ST117,P3075,35.0,5,0
2024-04-01,ST117,P3474,32.0,20,0
2024-04-01,ST117,P3212,23.0,20,0
2024-04-01,ST117,P3306,41.0,10,0
2024-04-01,ST117,P3297,38.0,5,0
2024-04-01,ST117,P3486,38.0,15,0
2024-04-01,ST117,P3172,39.0,5,0
2024-04-01,ST117,P3512,40.0,15,0
2024-04-01,ST117,P3196,33.0,10,0
2024-04-01,ST117,P3022,34.0,15,0
2024-04-01,ST117,P3053,40.0,5,0
2024-04-01,ST117,P3002,43.0,15,0
2024-04-01,ST117,P3470,40.0,15,0
2024-04-01,ST117,P3328,27.0,15,0
2024-04-01,ST117,P3011,40.0,10,0
2024-04-01,ST117,P3425,37.0,20,0
2024-04-01,ST117,P3217,41.0,5,0
2024-04-01,ST117,P3270,32.0,10,0
2024-04-01,ST117,P3367,38.0,10,0
2024-04-01,ST117,P3265,35.0,5,0
2024-04-01,ST117,P3383,32.0,20,0
2024-04-01,ST118,P3454,35.0,10,0
2024-04-01,ST118,P3077,27.0,20,0
2024-04-01,ST118,P3359,43.0,10,0
2024-04-01,ST118,P3022,37.0,20,0
2024-04-01,ST118,P3011,37.0,10,0
2024-04-01,ST118,P3150,28.0,20,0
2024-04-01,ST118,P3498,38.0,20,0
2024-04-01,ST118,P3362,30.0,5,0
2024-04-01,ST118,P3438,35.0,10,0
2024-04-01,ST118,P3216,48.0,20,0
2024-04-01,ST118,P3379,33.0,20,0
2024-04-01,ST118,P3285,27.0,10,0
2024-04-01,ST118,P3096,28.0,10,0
2024-04-01,ST118,P3053,35.0,15,0
2024-04-01,ST118,P3066,30.0,15,0
2024-04-01,ST118,P3461,36.0,5,0
2024-04-01,ST118,P3316,36.0,10,0
2024-04-01,ST118,P3176,39.0,10,0
2024-04-01,ST118,P3517,34.0,20,0
2024-04-01,ST118,P3425,47.0,20,0
2024-04-01,ST118,P3508,40.0,15,0
2024-04-01,ST118,P3128,28.0,15,0
2024-04-01,ST118,P3186,37.0,20,0
2024-04-01,ST118,P3148,38.0,15,0
2024-04-01,ST118,P3288,33.0,15,0
2024-04-01,ST118,P3219,34.0,5,0
2024-04-01,ST118,P3106,41.0,10,0
2024-04-01,ST118,P3107,32.0,20,0
2024-04-01,ST118,P3374,38.0,15,0
2024-04-01,ST118,P3200,37.0,15,0
2024-04-01,ST118,P3506,33.0,10,0
2024-04-01,ST118,P3510,40.0,5,0
2024-04-01,ST118,P3146,51.0,10,0
2024-04-01,ST118,P3420,38.0,5,0
2024-04-01,ST118,P3471,25.0,5,0
2024-04-01,ST118,P3234,32.0,5,0
2024-04-01,ST118,P3098,44.0,5,0
2024-04-01,ST118,P3292,39.0,20,0
2024-04-01,ST118,P3319,48.0,20,0
2024-04-01,ST118,P3361,35.0,5,0
2024-04-01,ST118,P3206,37.0,10,0
2024-04-01,ST118,P3151,34.0,20,0
2024-04-01,ST118,P3190,,20,0
2024-04-01,ST118,P3039,31.0,5,0
2024-04-01,ST118,P3452,39.0,10,0
2024-04-01,ST118,P3056,38.0,20,0
2024-04-01,ST118,P3280,30.0,15,0
2024-04-01,ST118,P3034,31.0,10,0
2024-04-01,ST118,P3364,36.0,10,0
2024-04-01,ST118,P3493,,20,0
2024-04-01,ST118,P3125,35.0,10,0
2024-04-01,ST118,P3436,33.0,5,0
2024-04-01,ST118,P3348,28.0,5,0
2024-04-01,ST118,P3417,35.0,5,0
2024-04-01,ST118,P3217,35.0,15,0
2024-04-01,ST118,P3191,32.0,20,0
2024-04-01,ST118,P3308,36.0,10,0
2024-04-01,ST118,P3431,31.0,5,0
2024-04-01,ST118,P3383,34.0,5,0
2024-04-01,ST118,P3135,46.0,20,0
2024-05-01,ST101,P3488,47.0,5,0
2024-05-01,ST101,P3205,30.0,20,0
2024-05-01,ST101,P3470,35.0,20,0
2024-05-01,ST101,P3487,30.0,10,0
2024-05-01,ST101,P3151,34.0,5,0
2024-05-01,ST101,P3313,38.0,10,0
2024-05-01,ST101,P3234,49.0,15,0
2024-05-01,ST101,P3372,32.0,10,0
2024-05-01,ST101,P3334,31.0,15,0
2024-05-01,ST101,P3177,42.0,10,0
2024-05-01,ST101,P3502,31.0,5,0
2024-05-01,ST101,P3308,33.0,10,0
2024-05-01,ST101,P3303,27.0,15,0
2024-05-01,ST101,P3402,40.0,5,0
2024-05-01,ST101,P3131,45.0,5,0
2024-05-01,ST101,P3377,40.0,20,0
2024-05-01,ST101,P3254,41.0,20,0
2024-05-01,ST101,P3217,32.0,5,0
2024-05-01,ST101,P3209,24.0,5,0
2024-05-01,ST101,P3223,31.0,15,0
2024-05-01,ST101,P3232,45.0,15,0
2024-05-01,ST101,P3029,24.0,5,0
2024-05-01,ST101,P3517,40.0,5,0
2024-05-01,ST101,P3355,49.0,5,0
2024-05-01,ST101,P3284,38.0,10,0
2024-05-01,ST101,P3364,36.0,5,0
2024-05-01,ST101,P3422,38.0,5,0
2024-05-01,ST101,P3004,36.0,10,0
2024-05-01,ST101,P3005,53.0,20,0
2024-05-01,ST101,P3346,35.0,20,0
2024-05-01,ST101,P3337,20.0,15,0
2024-05-01,ST101,P3204,33.0,15,0
2024-05-01,ST101,P3472,27.0,15,0
2024-05-01,ST101,P3512,37.0,10,0
2024-05-01,ST101,P3230,38.0,5,0
2024-05-01,ST101,P3311,29.0,5,0
2024-05-01,ST101,P3051,38.0,15,0
2024-05-01,ST101,P3421,35.0,15,0
2024-05-01,ST101,P3406,37.0,5,0
2024-05-01,ST101,P3056,35.0,15,0
2024-05-01,ST101,P3330,39.0,5,0
2024-05-01,ST101,P3295,35.0,10,0
2024-05-01,ST101,P3356,43.0,15,0
2024-05-01,ST101,P3451,50.0,20,0
2024-05-01,ST101,P3494,30.0,10,0
2024-05-01,ST101,P3140,29.0,5,0
2024-05-01,ST101,P3338,36.0,20,0
2024-05-01,ST101,P3485,28.0,10,0
2024-05-01,ST101,P3126,31.0,5,0
2024-05-01,ST101,P3345,31.0,10,0
2024-05-01,ST101,P3412,35.0,20,0
2024-05-01,ST101,P3159,42.0,5,0
2024-05-01,ST101,P3486,33.0,20,0
2024-05-01,ST101,P3099,44.0,5,0
2024-05-01,ST101,P3307,30.0,5,0
2024-05-01,ST101,P3089,39.0,20,0
2024-05-01,ST101,P3482,30.0,15,0
2024-05-01,ST101,P3280,35.0,15,0
2024-05-01,ST101,P3252,26.0,5,0
2024-05-01,ST101,P3458,31.0,5,0
2024-05-01,ST102,P3323,36.0,20,0
2024-05-01,ST102,P3216,30.0,20,0
2024-05-01,ST102,P3276,32.0,5,0
2024-05-01,ST102,P3091,36.0,15,0
2024-05-01,ST102,P3345,20.0,10,0
2024-05-01,ST102,P3065,42.0,20,0
2024-05-01,ST102,P3218,27.0,5,0
2024-05-01,ST102,P3184,37.0,15,0
2024-05-01,ST102,P3168,33.0,15,0
2024-05-01,ST102,P3236,46.0,15,0
2024-05-01,ST102,P3370,25.0,5,0
2024-05-01,ST102,P3400,32.0,20,0
2024-05-01,ST102,P3379,24.0,20,0
2024-05-01,ST102,P3132,38.0,15,0
2024-05-01,ST102,P3296,36.0,5,0
2024-05-01,ST102,P3393,41.0,15,0
2024-05-01,ST102,P3310,38.0,5,0
2024-05-01,ST102,P3120,37.0,20,0
2024-05-01,ST102,P3220,35.0,20,0
2024-05-01,ST102,P3225,42.0,15,0
2024-05-01,ST102,P3439,36.0,5,0
2024-05-01,ST102,P3431,33.0,10,0
2024-05-01,ST102,P3411,41.0,20,0
2024-05-01,ST102,P3359,31.0,15,0
2024-05-01,ST102,P3190,25.0,15,0
2024-05-01,ST102,P3352,30.0,10,0
2024-05-01,ST102,P3311,39.0,5,0
2024-05-01,ST102,P3169,22.0,20,0
2024-05-01,ST102,P3520,36.0,15,0
2024-05-01,ST102,P3299,37.0,15,0
2024-05-01,ST102,P3232,29.0,20,0
2024-05-01,ST102,P3507,27.0,15,0
2024-05-01,ST102,P3304,34.0,15,0
2024-05-01,ST102,P3240,29.0,15,0
2024-05-01,ST102,P3152,35.0,15,0
2024-05-01,ST102,P3118,34.0,10,0
2024-05-01,ST102,P3176,34.0,20,0
2024-05-01,ST102,P3145,37.0,10,0
2024-05-01,ST102,P3415,32.0,20,0
2024-05-01,ST102,P3502,36.0,20,0
2024-05-01,ST102,P3500,39.0,10,0
2024-05-01,ST102,P3334,28.0,20,0
2024-05-01,ST102,P3266,30.0,20,0
2024-05-01,ST102,P3465,36.0,5,0
2024-05-01,ST102,P3211,47.0,15,0
2024-05-01,ST102,P3441,47.0,10,0
2024-05-01,ST102,P3095,38.0,15,0
2024-05-01,ST102,P3508,31.0,5,0
2024-05-01,ST102,P3366,48.0,10,0
2024-05-01,ST102,P3177,37.0,15,0
2024-05-01,ST102,P3357,22.0,5,0
2024-05-01,ST102,P3272,36.0,10,0
2024-05-01,ST102,P3009,37.0,5,0
2024-05-01,ST102,P3289,35.0,15,0
2024-05-01,ST102,P3436,28.0,15,0
2024-05-01,ST102,P3341,32.0,5,0
2024-05-01,ST102,P3373,36.0,5,0
2024-05-01,ST102,P3395,37.0,5,0
2024-05-01,ST102,P3498,21.0,10,0
2024-05-01,ST102,P3420,35.0,10,0
2024-05-01,ST103,P3336,30.0,10,0
2024-05-01,ST103,P3360,37.0,15,0
2024-05-01,ST103,P3273,41.0,20,0
2024-05-01,ST103,P3131,35.0,20,0
2024-05-01,ST103,P3108,27.0,5,0
2024-05-01,ST103,P3516,39.0,5,0
2024-05-01,ST103,P3373,29.0,20,0
2024-05-01,ST103,P3219,17.0,15,0
2024-05-01,ST103,P3115,31.0,15,0
2024-05-01,ST103,P3294,30.0,20,0
2024-05-01,ST103,P3044,39.0,5,0
2024-05-01,ST103,P3326,27.0,15,0
2024-05-01,ST103,P3460,24.0,15,0
2024-05-01,ST103,P3470,28.0,10,0
2024-05-01,ST103,P3091,34.0,10,0
2024-05-01,ST103,P3312,34.0,20,0
2024-05-01,ST103,P3416,36.0,10,0
2024-05-01,ST103,P3454,45.0,20,0
2024-05-01,ST103,P3278,41.0,20,0
2024-05-01,ST103,P3417,26.0,15,0
2024-05-01,ST103,P3364,33.0,10,0
2024-05-01,ST103,P3218,34.0,5,0
2024-05-01,ST103,P3308,37.0,15,0
2024-05-01,ST103,P3371,25.0,5,0
2024-05-01,ST103,P3259,39.0,5,0
2024-05-01,ST103,P3032,30.0,20,0
2024-05-01,ST103,P3408,38.0,15,0
2024-05-01,ST103,P3037,36.0,10,0
2024-05-01,ST103,P3264,37.0,20,0
2024-05-01,ST103,P3012,32.0,20,0
2024-05-01,ST103,P3435,28.0,10,0
2024-05-01,ST103,P3161,39.0,5,0
2024-05-01,ST103,P3400,37.0,15,0
2024-05-01,ST103,P3250,21.0,5,0
2024-05-01,ST103,P3492,42.0,5,0
2024-05-01,ST103,P3502,31.0,5,0
2024-05-01,ST103,P3329,29.0,20,0
2024-05-01,ST103,P3350,27.0,15,0
2024-05-01,ST103,P3461,52.0,20,0
2024-05-01,ST103,P3179,35.0,5,0
2024-05-01,ST103,P3411,35.0,20,0
2024-05-01,ST103,P3194,39.0,20,0
2024-05-01,ST103,P3118,41.0,10,0
2024-05-01,ST103,P3255,31.0,15,0
2024-05-01,ST103,P3063,32.0,20,0
2024-05-01,ST103,P3106,41.0,15,0
2024-05-01,ST103,P3162,31.0,10,0
2024-05-01,ST103,P3124,28.0,15,0
2024-05-01,ST103,P3376,38.0,15,0
2024-05-01,ST103,P3088,44.0,5,0
2024-05-01,ST103,P3047,26.0,15,0
2024-05-01,ST103,P3022,39.0,10,0
2024-05-01,ST103,P3083,36.0,15,0
2024-05-01,ST103,P3215,35.0,15,0
2024-05-01,ST103,P3159,26.0,10,0
2024-05-01,ST103,P3331,32.0,10,0
2024-05-01,ST103,P3413,25.0,15,0
2024-05-01,ST103,P3216,37.0,10,0
2024-05-01,ST103,P3418,30.0,15,0
2024-05-01,ST103,P3261,24.0,15,0
2024-05-01,ST104,P3299,41.0,20,0
2024-05-01,ST104,P3406,38.0,15,0
2024-05-01,ST104,P3484,34.0,10,0
2024-05-01,ST104,P3512,39.0,10,0
2024-05-01,ST104,P3430,37.0,5,0
2024-05-01,ST104,P3492,40.0,20,0
2024-05-01,ST104,P3162,40.0,15,0
2024-05-01,ST104,P3384,34.0,5,0
2024-05-01,ST104,P3472,35.0,20,0
2024-05-01,ST104,P3186,35.0,10,0
2024-05-01,ST104,P3494,34.0,10,0
2024-05-01,ST104,P3334,33.0,20,0
2024-05-01,ST104,P3193,39.0,10,0
2024-05-01,ST104,P3172,34.0,5,0
2024-05-01,ST104,P3008,31.0,5,0
2024-05-01,ST104,P3248,45.0,20,0
2024-05-01,ST104,P3296,31.0,20,0
2024-05-01,ST104,P3090,31.0,5,0
2024-05-01,ST104,P3510,32.0,10,0
2024-05-01,ST104,P3338,44.0,10,0
2024-05-01,ST104,P3046,32.0,5,0
2024-05-01,ST104,P3226,32.0,5,0
2024-05-01,ST104,P3151,35.0,15,0
2024-05-01,ST104,P3129,36.0,10,0
2024-05-01,ST104,P3204,43.0,5,0
2024-05-01,ST104,P3474,33.0,15,0
2024-05-01,ST104,P3307,32.0,10,0
2024-05-01,ST104,P3461,20.0,15,0
2024-05-01,ST104,P3508,21.0,15,0
2024-05-01,ST104,P3181,,20,0
2024-05-01,ST104,P3457,31.0,20,0
2024-05-01,ST104,P3196,40.0,20,0
2024-05-01,ST104,P3073,33.0,5,0
2024-05-01,ST104,P3062,30.0,10,0
2024-05-01,ST104,P3177,41.0,20,0
2024-05-01,ST104,P3132,40.0,20,0
2024-05-01,ST104,P3505,42.0,5,0
2024-05-01,ST104,P3017,37.0,10,0
2024-05-01,ST104,P3128,38.0,15,0
2024-05-01,ST104,P3260,36.0,5,0
2024-05-01,ST104,P3475,34.0,15,0
2024-05-01,ST104,P3403,45.0,5,0
2024-05-01,ST104,P3110,30.0,15,0
2024-05-01,ST104,P3500,34.0,5,0
2024-05-01,ST104,P3462,44.0,15,0
2024-05-01,ST104,P3179,32.0,20,0
2024-05-01,ST104,P3045,33.0,20,0
2024-05-01,ST104,P3092,41.0,20,0
2024-05-01,ST104,P3321,31.0,15,0
2024-05-01,ST104,P3139,22.0,10,0
2024-05-01,ST104,P3397,30.0,5,0
2024-05-01,ST104,P3482,27.0,20,0
2024-05-01,ST104,P3359,37.0,20,0
2024-05-01,ST104,P3442,28.0,15,0
2024-05-01,ST104,P3395,47.0,10,0
2024-05-01,ST104,P3429,30.0,10,0
2024-05-01,ST104,P3182,41.0,5,0
2024-05-01,ST104,P3369,30.0,20,0
2024-05-01,ST104,P3374,33.0,5,0
2024-05-01,ST104,P3143,48.0,20,0
2024-05-01,ST105,P3063,39.0,5,0
2024-05-01,ST105,P3202,30.0,15,0
2024-05-01,ST105,P3459,38.0,5,0
2024-05-01,ST105,P3114,43.0,10,0
2024-05-01,ST105,P3024,33.0,15,0
2024-05-01,ST105,P3277,25.0,5,0
2024-05-01,ST105,P3497,40.0,15,0
2024-05-01,ST105,P3215,42.0,10,0
2024-05-01,ST105,P3090,35.0,5,0
2024-05-01,ST105,P3333,35.0,15,0
2024-05-01,ST105,P3446,43.0,10,0
2024-05-01,ST105,P3189,31.0,5,0
2024-05-01,ST105,P3037,35.0,10,0
2024-05-01,ST105,P3045,32.0,5,0
2024-05-01,ST105,P3377,35.0,20,0
2024-05-01,ST105,P3475,27.0,20,0
2024-05-01,ST105,P3431,35.0,20,0
2024-05-01,ST105,P3404,33.0,10,0
2024-05-01,ST105,P3041,37.0,20,0
2024-05-01,ST105,P3301,34.0,5,0
2024-05-01,ST105,P3178,42.0,20,0
2024-05-01,ST105,P3300,30.0,15,0
2024-05-01,ST105,P3260,40.0,10,0
2024-05-01,ST105,P3060,29.0,15,0
2024-05-01,ST105,P3059,28.0,5,0
2024-05-01,ST105,P3299,29.0,5,0
2024-05-01,ST105,P3255,39.0,15,0
2024-05-01,ST105,P3194,39.0,10,0
2024-05-01,ST105,P3176,32.0,10,0
2024-05-01,ST105,P3421,37.0,15,0
2024-05-01,ST105,P3419,30.0,5,0
2024-05-01,ST105,P3381,28.0,15,0
2024-05-01,ST105,P3506,34.0,5,0
2024-05-01,ST105,P3206,42.0,15,0
2024-05-01,ST105,P3096,33.0,5,0
2024-05-01,ST105,P3347,36.0,15,0
2024-05-01,ST105,P3485,32.0,5,0
2024-05-01,ST105,P3177,34.0,10,0
2024-05-01,ST105,P3237,36.0,5,0
2024-05-01,ST105,P3142,31.0,10,0
2024-05-01,ST105,P3445,29.0,10,0
2024-05-01,ST105,P3474,27.0,20,0
2024-05-01,ST105,P3251,33.0,15,0
2024-05-01,ST105,P3503,42.0,10,0
2024-05-01,ST105,P3181,33.0,20,0
2024-05-01,ST105,P3476,33.0,20,0
2024-05-01,ST105,P3108,28.0,10,0
2024-05-01,ST105,P3306,39.0,20,0
2024-05-01,ST105,P3349,44.0,5,0
2024-05-01,ST105,P3093,32.0,5,0
2024-05-01,ST105,P3488,40.0,5,0
2024-05-01,ST105,P3393,31.0,15,0
2024-05-01,ST105,P3270,49.0,20,0
2024-05-01,ST105,P3118,31.0,15,0
2024-05-01,ST105,P3460,35.0,15,0
2024-05-01,ST105,P3458,32.0,20,0
2024-05-01,ST105,P3501,37.0,20,0
2024-05-01,ST105,P3394,35.0,20,0
2024-05-01,ST105,P3026,41.0,10,0
2024-05-01,ST105,P3100,31.0,20,0
2024-05-01,ST106,P3171,31.0,5,0
2024-05-01,ST106,P3192,22.0,5,0
2024-05-01,ST106,P3342,36.0,20,0
2024-05-01,ST106,P3370,31.0,15,0
2024-05-01,ST106,P3384,23.0,20,0
2024-05-01,ST106,P3092,32.0,20,0
2024-05-01,ST106,P3126,29.0,15,0
2024-05-01,ST106,P3209,40.0,10,0
2024-05-01,ST106,P3331,35.0,5,0
2024-05-01,ST106,P3059,43.0,20,0
2024-05-01,ST106,P3505,34.0,10,0
2024-05-01,ST106,P3022,38.0,5,0
2024-05-01,ST106,P3254,31.0,10,0
2024-05-01,ST106,P3079,25.0,15,0
2024-05-01,ST106,P3125,35.0,15,0
2024-05-01,ST106,P3193,30.0,5,0
2024-05-01,ST106,P3132,48.0,5,0
2024-05-01,ST106,P3350,35.0,20,0
2024-05-01,ST106,P3121,34.0,5,0
2024-05-01,ST106,P3162,32.0,10,0
2024-05-01,ST106,P3207,31.0,5,0
2024-05-01,ST106,P3381,43.0,10,0
2024-05-01,ST106,P3271,34.0,15,0
2024-05-01,ST106,P3137,41.0,20,0
2024-05-01,ST106,P3181,37.0,5,0
2024-05-01,ST106,P3487,44.0,15,0
2024-05-01,ST106,P3253,30.0,10,0
2024-05-01,ST106,P3128,36.0,15,0
2024-05-01,ST106,P3069,30.0,10,0
2024-05-01,ST106,P3479,33.0,10,0
2024-05-01,ST106,P3446,26.0,10,0
2024-05-01,ST106,P3026,36.0,5,0
2024-05-01,ST106,P3212,27.0,10,0
2024-05-01,ST106,P3269,33.0,10,0
2024-05-01,ST106,P3063,32.0,5,0
2024-05-01,ST106,P3014,40.0,15,0
2024-05-01,ST106,P3272,37.0,15,0
2024-05-01,ST106,P3312,35.0,15,0
2024-05-01,ST106,P3052,31.0,10,0
2024-05-01,ST106,P3107,28.0,20,0
2024-05-01,ST106,P3482,36.0,15,0
2024-05-01,ST106,P3145,41.0,10,0
2024-05-01,ST106,P3117,31.0,5,0
2024-05-01,ST106,P3314,32.0,20,0
2024-05-01,ST106,P3520,40.0,10,0
2024-05-01,ST106,P3430,24.0,15,0
2024-05-01,ST106,P3032,33.0,20,0
2024-05-01,ST106,P3369,37.0,20,0
2024-05-01,ST106,P3220,30.0,5,0
2024-05-01,ST106,P3105,40.0,10,0
2024-05-01,ST106,P3349,42.0,15,0
2024-05-01,ST106,P3195,41.0,15,0
2024-05-01,ST106,P3150,31.0,5,0
2024-05-01,ST106,P3234,38.0,15,0
2024-05-01,ST106,P3133,35.0,10,0
2024-05-01,ST106,P3473,39.0,20,0
2024-05-01,ST106,P3310,35.0,20,0
2024-05-01,ST106,P3060,39.0,15,0
2024-05-01,ST106,P3061,25.0,10,0
2024-05-01,ST106,P3109,33.0,10,0
2024-05-01,ST107,P3241,28.0,10,0
2024-05-01,ST107,P3304,33.0,15,0
2024-05-01,ST107,P3115,31.0,15,0
2024-05-01,ST107,P3076,43.0,10,0
2024-05-01,ST107,P3369,26.0,10,0
2024-05-01,ST107,P3330,28.0,5,0
2024-05-01,ST107,P3230,35.0,10,0
2024-05-01,ST107,P3158,38.0,20,0
2024-05-01,ST107,P3202,27.0,10,0
2024-05-01,ST107,P3482,38.0,5,0
2024-05-01,ST107,P3262,39.0,20,0
2024-05-01,ST107,P3131,36.0,10,0
2024-05-01,ST107,P3102,38.0,20,0
2024-05-01,ST107,P3205,43.0,5,0
2024-05-01,ST107,P3428,39.0,15,0
2024-05-01,ST107,P3041,26.0,10,0
2024-05-01,ST107,P3088,36.0,15,0
2024-05-01,ST107,P3346,37.0,5,0
2024-05-01,ST107,P3378,33.0,5,0
2024-05-01,ST107,P3056,21.0,15,0
2024-05-01,ST107,P3295,38.0,15,0
2024-05-01,ST107,P3172,37.0,15,0
2024-05-01,ST107,P3406,34.0,15,0
2024-05-01,ST107,P3321,32.0,10,0
2024-05-01,ST107,P3432,31.0,15,0
2024-05-01,ST107,P3031,37.0,15,0
2024-05-01,ST107,P3211,30.0,10,0
2024-05-01,ST107,P3438,31.0,15,0
2024-05-01,ST107,P3398,31.0,5,0
2024-05-01,ST107,P3421,31.0,10,0
2024-05-01,ST107,P3183,47.0,5,0
2024-05-01,ST107,P3347,36.0,10,0
2024-05-01,ST107,P3365,35.0,20,0
2024-05-01,ST107,P3067,33.0,10,0
2024-05-01,ST107,P3219,24.0,5,0
2024-05-01,ST107,P3228,41.0,5,0
2024-05-01,ST107,P3506,41.0,15,0
2024-05-01,ST107,P3289,32.0,15,0
2024-05-01,ST107,P3436,35.0,20,0
2024-05-01,ST107,P3379,30.0,5,0
2024-05-01,ST107,P3496,44.0,10,0
2024-05-01,ST107,P3087,34.0,10,0
2024-05-01,ST107,P3229,41.0,10,0
2024-05-01,ST107,P3107,35.0,15,0
2024-05-01,ST107,P3023,35.0,20,0
2024-05-01,ST107,P3286,34.0,15,0
2024-05-01,ST107,P3431,31.0,5,0
2024-05-01,ST107,P3196,41.0,5,0
2024-05-01,ST107,P3504,37.0,15,0
2024-05-01,ST107,P3259,32.0,10,0
2024-05-01,ST107,P3447,33.0,15,0
2024-05-01,ST107,P3453,29.0,15,0
2024-05-01,ST107,P3235,31.0,10,0
2024-05-01,ST107,P3390,34.0,10,0
2024-05-01,ST107,P3444,32.0,15,0
2024-05-01,ST107,P3353,42.0,10,0
2024-05-01,ST107,P3258,40.0,10,0
2024-05-01,ST107,P3082,37.0,15,0
2024-05-01,ST107,P3213,30.0,20,0
2024-05-01,ST107,P3418,31.0,5,0
2024-05-01,ST108,P3432,34.0,10,0
2024-05-01,ST108,P3201,36.0,10,0
2024-05-01,ST108,P3333,33.0,15,0
2024-05-01,ST108,P3091,32.0,15,0
2024-05-01,ST108,P3001,22.0,10,0
2024-05-01,ST108,P3289,24.0,20,0
2024-05-01,ST108,P3468,40.0,10,0
2024-05-01,ST108,P3178,32.0,5,0
2024-05-01,ST108,P3311,24.0,5,0
2024-05-01,ST108,P3319,27.0,20,0
2024-05-01,ST108,P3321,29.0,10,0
2024-05-01,ST108,P3217,38.0,20,0
2024-05-01,ST108,P3516,37.0,5,0
2024-05-01,ST108,P3219,35.0,10,0
2024-05-01,ST108,P3047,36.0,20,0
2024-05-01,ST108,P3080,37.0,20,0
2024-05-01,ST108,P3010,38.0,10,0
2024-05-01,ST108,P3062,24.0,15,0
2024-05-01,ST108,P3360,31.0,10,0
2024-05-01,ST108,P3482,28.0,20,0
2024-05-01,ST108,P3072,37.0,20,0
2024-05-01,ST108,P3069,37.0,20,0
2024-05-01,ST108,P3181,34.0,5,0
2024-05-01,ST108,P3261,42.0,20,0
2024-05-01,ST108,P3309,34.0,5,0
2024-05-01,ST108,P3192,35.0,5,0
2024-05-01,ST108,P3050,38.0,10,0
2024-05-01,ST108,P3488,37.0,15,0
2024-05-01,ST108,P3285,35.0,5,0
2024-05-01,ST108,P3109,35.0,5,0
2024-05-01,ST108,P3078,36.0,5,0
2024-05-01,ST108,P3186,36.0,20,0
2024-05-01,ST108,P3124,41.0,5,0
2024-05-01,ST108,P3121,44.0,5,0
2024-05-01,ST108,P3013,32.0,15,0
2024-05-01,ST108,P3166,32.0,20,0
2024-05-01,ST108,P3275,39.0,20,0
2024-05-01,ST108,P3327,24.0,10,0
2024-05-01,ST108,P3332,27.0,5,0
2024-05-01,ST108,P3132,37.0,10,0
2024-05-01,ST108,P3218,43.0,15,0
2024-05-01,ST108,P3322,34.0,20,0
2024-05-01,ST108,P3163,38.0,5,0
2024-05-01,ST108,P3251,45.0,20,0
2024-05-01,ST108,P3127,33.0,10,0
2024-05-01,ST108,P3292,28.0,20,0
2024-05-01,ST108,P3258,38.0,10,0
2024-05-01,ST108,P3460,35.0,15,0
2024-05-01,ST108,P3320,42.0,5,0
2024-05-01,ST108,P3390,41.0,15,0
2024-05-01,ST108,P3025,37.0,15,0
2024-05-01,ST108,P3429,22.0,5,0
2024-05-01,ST108,P3234,41.0,15,0
2024-05-01,ST108,P3278,36.0,5,0
2024-05-01,ST108,P3014,30.0,15,0
2024-05-01,ST108,P3401,37.0,15,0
2024-05-01,ST108,P3262,27.0,20,0
2024-05-01,ST108,P3237,32.0,15,0
2024-05-01,ST108,P3198,29.0,15,0
2024-05-01,ST108,P3196,42.0,20,0
2024-05-01,ST109,P3133,30.0,10,0
2024-05-01,ST109,P3292,33.0,10,0
2024-05-01,ST109,P3493,40.0,15,0
2024-05-01,ST109,P3460,38.0,10,0
2024-05-01,ST109,P3480,41.0,20,0
2024-05-01,ST109,P3478,28.0,5,0
2024-05-01,ST109,P3075,35.0,15,0
2024-05-01,ST109,P3083,32.0,10,0
2024-05-01,ST109,P3208,39.0,15,0
2024-05-01,ST109,P3462,32.0,10,0
2024-05-01,ST109,P3249,35.0,20,0
2024-05-01,ST109,P3158,38.0,5,0
2024-05-01,ST109,P3342,31.0,5,0
2024-05-01,ST109,P3412,29.0,5,0
2024-05-01,ST109,P3453,30.0,5,0
2024-05-01,ST109,P3339,31.0,10,0
2024-05-01,ST109,P3205,29.0,10,0
2024-05-01,ST109,P3400,30.0,5,0
2024-05-01,ST109,P3265,28.0,5,0
2024-05-01,ST109,P3365,49.0,5,0
2024-05-01,ST109,P3351,41.0,15,0
2024-05-01,ST109,P3349,32.0,10,0
2024-05-01,ST109,P3348,35.0,10,0
2024-05-01,ST109,P3469,35.0,10,0
2024-05-01,ST109,P3060,40.0,20,0
2024-05-01,ST109,P3151,35.0,10,0
2024-05-01,ST109,P3499,45.0,20,0
2024-05-01,ST109,P3203,37.0,10,0
2024-05-01,ST109,P3144,34.0,5,0
2024-05-01,ST109,P3097,37.0,10,0
2024-05-01,ST109,P3353,38.0,15,0
2024-05-01,ST109,P3169,36.0,15,0
2024-05-01,ST109,P3404,29.0,10,0
2024-05-01,ST109,P3301,29.0,15,0
2024-05-01,ST109,P3337,28.0,10,0
2024-05-01,ST109,P3013,36.0,15,0
2024-05-01,ST109,P3331,33.0,15,0
2024-05-01,ST109,P3356,29.0,15,0
2024-05-01,ST109,P3378,28.0,20,0
2024-05-01,ST109,P3192,29.0,5,0
2024-05-01,ST109,P3280,35.0,5,0
2024-05-01,ST109,P3145,25.0,10,0
2024-05-01,ST109,P3049,30.0,15,0
2024-05-01,ST109,P3016,27.0,5,0
2024-05-01,ST109,P3183,27.0,15,0
2024-05-01,ST109,P3433,41.0,5,0
2024-05-01,ST109,P3294,37.0,10,0
2024-05-01,ST109,P3011,43.0,15,0
2024-05-01,ST109,P3187,28.0,15,0
2024-05-01,ST109,P3259,40.0,5,0
2024-05-01,ST109,P3245,28.0,15,0
2024-05-01,ST109,P3271,24.0,10,0
2024-05-01,ST109,P3385,37.0,10,0
2024-05-01,ST109,P3087,33.0,20,0
2024-05-01,ST109,P3047,32.0,5,0
2024-05-01,ST109,P3426,27.0,5,0
2024-05-01,ST109,P3170,39.0,20,0
2024-05-01,ST109,P3065,35.0,20,0
2024-05-01,ST109,P3241,36.0,15,0
2024-05-01,ST109,P3095,36.0,10,0
2024-05-01,ST110,P3509,37.0,10,0
2024-05-01,ST110,P3078,42.0,10,0
2024-05-01,ST110,P3289,33.0,10,0
2024-05-01,ST110,P3475,35.0,5,0
2024-05-01,ST110,P3342,36.0,15,0
2024-05-01,ST110,P3044,41.0,15,0
2024-05-01,ST110,P3484,32.0,10,0
2024-05-01,ST110,P3362,46.0,20,0
2024-05-01,ST110,P3110,32.0,10,0
2024-05-01,ST110,P3117,43.0,5,0
2024-05-01,ST110,P3130,35.0,10,0
2024-05-01,ST110,P3138,37.0,20,0
2024-05-01,ST110,P3142,30.0,15,0
2024-05-01,ST110,P3174,31.0,20,0
2024-05-01,ST110,P3293,35.0,5,0
2024-05-01,ST110,P3472,41.0,20,0
2024-05-01,ST110,P3140,37.0,20,0
2024-05-01,ST110,P3057,30.0,5,0
2024-05-01,ST110,P3088,33.0,5,0
2024-05-01,ST110,P3465,39.0,5,0
2024-05-01,ST110,P3021,39.0,10,0
2024-05-01,ST110,P3270,32.0,10,0
2024-05-01,ST110,P3184,34.0,5,0
2024-05-01,ST110,P3121,40.0,10,0
2024-05-01,ST110,P3451,39.0,15,0
2024-05-01,ST110,P3067,35.0,5,0
2024-05-01,ST110,P3079,41.0,15,0
2024-05-01,ST110,P3106,45.0,5,0
2024-05-01,ST110,P3371,34.0,15,0
2024-05-01,ST110,P3467,49.0,15,0
2024-05-01,ST110,P3077,34.0,5,0
2024-05-01,ST110,P3315,29.0,10,0
2024-05-01,ST110,P3317,43.0,15,0
2024-05-01,ST110,P3007,36.0,20,0
2024-05-01,ST110,P3401,50.0,20,0
2024-05-01,ST110,P3359,54.0,15,0
2024-05-01,ST110,P3059,39.0,10,0
2024-05-01,ST110,P3189,37.0,20,0
2024-05-01,ST110,P3352,26.0,10,0
2024-05-01,ST110,P3037,34.0,5,0
2024-05-01,ST110,P3083,34.0,5,0
2024-05-01,ST110,P3213,35.0,15,0
2024-05-01,ST110,P3482,35.0,10,0
2024-05-01,ST110,P3349,45.0,20,0
2024-05-01,ST110,P3309,39.0,5,0
2024-05-01,ST110,P3489,44.0,15,0
2024-05-01,ST110,P3444,42.0,5,0
2024-05-01,ST110,P3251,36.0,20,0
2024-05-01,ST110,P3360,39.0,5,0
2024-05-01,ST110,P3180,37.0,20,0
2024-05-01,ST110,P3250,36.0,5,0
2024-05-01,ST110,P3188,44.0,5,0
2024-05-01,ST110,P3144,42.0,5,0
2024-05-01,ST110,P3012,37.0,20,0
2024-05-01,ST110,P3004,34.0,5,0
2024-05-01,ST110,P3032,28.0,5,0
2024-05-01,ST110,P3449,31.0,20,0
2024-05-01,ST110,P3369,36.0,5,0
2024-05-01,ST110,P3322,36.0,10,0
2024-05-01,ST110,P3440,39.0,10,0
2024-05-01,ST111,P3211,32.0,5,0
2024-05-01,ST111,P3388,37.0,20,0
2024-05-01,ST111,P3067,31.0,20,0
2024-05-01,ST111,P3218,26.0,20,0
2024-05-01,ST111,P3055,37.0,15,0
2024-05-01,ST111,P3034,46.0,15,0
2024-05-01,ST111,P3520,26.0,10,0
2024-05-01,ST111,P3328,35.0,10,0
2024-05-01,ST111,P3471,44.0,20,0
2024-05-01,ST111,P3367,29.0,15,0
2024-05-01,ST111,P3144,34.0,20,0
2024-05-01,ST111,P3510,47.0,20,0
2024-05-01,ST111,P3370,28.0,10,0
2024-05-01,ST111,P3150,37.0,15,0
2024-05-01,ST111,P3223,34.0,10,0
2024-05-01,ST111,P3507,32.0,15,0
2024-05-01,ST111,P3044,33.0,5,0
2024-05-01,ST111,P3221,36.0,5,0
2024-05-01,ST111,P3149,29.0,5,0
2024-05-01,ST111,P3385,39.0,10,0
2024-05-01,ST111,P3494,41.0,15,0
2024-05-01,ST111,P3443,27.0,5,0
2024-05-01,ST111,P3331,39.0,10,0
2024-05-01,ST111,P3108,39.0,10,0
2024-05-01,ST111,P3169,55.0,10,0
2024-05-01,ST111,P3387,23.0,20,0
2024-05-01,ST111,P3478,35.0,5,0
2024-05-01,ST111,P3485,33.0,10,0
2024-05-01,ST111,P3486,36.0,20,0
2024-05-01,ST111,P3413,39.0,10,0
2024-05-01,ST111,P3279,27.0,10,0
2024-05-01,ST111,P3267,36.0,10,0
2024-05-01,ST111,P3057,31.0,5,0
2024-05-01,ST111,P3201,39.0,5,0
2024-05-01,ST111,P3320,28.0,10,0
2024-05-01,ST111,P3061,34.0,10,0
2024-05-01,ST111,P3345,35.0,5,0
2024-05-01,ST111,P3042,28.0,10,0
2024-05-01,ST111,P3141,30.0,5,0
2024-05-01,ST111,P3160,36.0,20,0
2024-05-01,ST111,P3127,36.0,5,0
2024-05-01,ST111,P3123,32.0,15,0
2024-05-01,ST111,P3417,40.0,10,0
2024-05-01,ST111,P3138,30.0,15,0
2024-05-01,ST111,P3137,25.0,20,0
2024-05-01,ST111,P3365,46.0,20,0
2024-05-01,ST111,P3445,46.0,10,0
2024-05-01,ST111,P3263,33.0,10,0
2024-05-01,ST111,P3359,31.0,10,0
2024-05-01,ST111,P3492,35.0,5,0
2024-05-01,ST111,P3483,30.0,20,0
2024-05-01,ST111,P3268,41.0,5,0
2024-05-01,ST111,P3052,23.0,15,0
2024-05-01,ST111,P3447,36.0,10,0
2024-05-01,ST111,P3122,35.0,5,0
2024-05-01,ST111,P3153,25.0,15,0
2024-05-01,ST111,P3260,34.0,20,0
2024-05-01,ST111,P3195,37.0,10,0
2024-05-01,ST111,P3305,39.0,5,0
2024-05-01,ST111,P3422,34.0,15,0
2024-05-01,ST112,P3176,17.0,20,0
2024-05-01,ST112,P3243,29.0,20,0
2024-05-01,ST112,P3456,32.0,20,0
2024-05-01,ST112,P3369,40.0,20,0
2024-05-01,ST112,P3118,34.0,20,0
2024-05-01,ST112,P3269,32.0,20,0
2024-05-01,ST112,P3018,23.0,5,0
2024-05-01,ST112,P3325,28.0,15,0
2024-05-01,ST112,P3384,32.0,20,0
2024-05-01,ST112,P3449,37.0,10,0
2024-05-01,ST112,P3514,45.0,20,0
2024-05-01,ST112,P3026,37.0,5,0
2024-05-01,ST112,P3013,32.0,10,0
2024-05-01,ST112,P3085,42.0,20,0
2024-05-01,ST112,P3357,35.0,20,0
2024-05-01,ST112,P3351,30.0,20,0
2024-05-01,ST112,P3254,26.0,15,0
2024-05-01,ST112,P3472,38.0,5,0
2024-05-01,ST112,P3467,31.0,20,0
2024-05-01,ST112,P3019,38.0,10,0
2024-05-01,ST112,P3431,26.0,15,0
2024-05-01,ST112,P3416,37.0,5,0
2024-05-01,ST112,P3363,37.0,5,0
2024-05-01,ST112,P3217,37.0,5,0
2024-05-01,ST112,P3518,29.0,15,0
2024-05-01,ST112,P3433,29.0,10,0
2024-05-01,ST112,P3119,43.0,5,0
2024-05-01,ST112,P3478,33.0,5,0
2024-05-01,ST112,P3245,33.0,10,0
2024-05-01,ST112,P3513,36.0,10,0
2024-05-01,ST112,P3153,48.0,15,0
2024-05-01,ST112,P3446,38.0,15,0
2024-05-01,ST112,P3175,33.0,5,0
2024-05-01,ST112,P3167,40.0,15,0
2024-05-01,ST112,P3428,30.0,10,0
2024-05-01,ST112,P3307,31.0,10,0
2024-05-01,ST112,P3068,28.0,15,0
2024-05-01,ST112,P3256,34.0,20,0
2024-05-01,ST112,P3091,26.0,10,0
2024-05-01,ST112,P3278,36.0,15,0
2024-05-01,ST112,P3380,39.0,15,0
2024-05-01,ST112,P3042,35.0,5,0
2024-05-01,ST112,P3255,37.0,10,0
2024-05-01,ST112,P3207,35.0,10,0
2024-05-01,ST112,P3203,29.0,5,0
2024-05-01,ST112,P3494,37.0,10,0
2024-05-01,ST112,P3204,40.0,10,0
2024-05-01,ST112,P3355,30.0,15,0
2024-05-01,ST112,P3520,28.0,15,0
2024-05-01,ST112,P3452,35.0,10,0
2024-05-01,ST112,P3034,30.0,15,0
2024-05-01,ST112,P3250,38.0,20,0
2024-05-01,ST112,P3512,34.0,20,0
2024-05-01,ST112,P3237,43.0,5,0
2024-05-01,ST112,P3011,35.0,5,0
2024-05-01,ST112,P3154,39.0,5,0
2024-05-01,ST112,P3317,32.0,10,0
2024-05-01,ST112,P3402,33.0,10,0
2024-05-01,ST112,P3129,42.0,10,0
2024-05-01,ST112,P3248,32.0,20,0
2024-05-01,ST113,P3066,30.0,10,0
2024-05-01,ST113,P3175,37.0,5,0
2024-05-01,ST113,P3281,49.0,15,0
2024-05-01,ST113,P3007,37.0,5,0
2024-05-01,ST113,P3503,32.0,5,0
2024-05-01,ST113,P3016,30.0,10,0
2024-05-01,ST113,P3232,35.0,10,0
2024-05-01,ST113,P3169,35.0,5,0
2024-05-01,ST113,P3055,33.0,20,0
2024-05-01,ST113,P3330,31.0,20,0
2024-05-01,ST113,P3217,44.0,20,0
2024-05-01,ST113,P3386,37.0,20,0
2024-05-01,ST113,P3462,34.0,15,0
2024-05-01,ST113,P3415,34.0,10,0
2024-05-01,ST113,P3009,27.0,15,0
2024-05-01,ST113,P3277,39.0,15,0
2024-05-01,ST113,P3390,35.0,10,0
2024-05-01,ST113,P3480,32.0,15,0
2024-05-01,ST113,P3424,44.0,20,0
2024-05-01,ST113,P3355,42.0,20,0
2024-05-01,ST113,P3410,30.0,15,0
2024-05-01,ST113,P3095,36.0,15,0
2024-05-01,ST113,P3475,39.0,15,0
2024-05-01,ST113,P3389,30.0,5,0
2024-05-01,ST113,P3121,30.0,10,0
2024-05-01,ST113,P3250,26.0,20,0
2024-05-01,ST113,P3466,31.0,20,0
2024-05-01,ST113,P3296,29.0,20,0
2024-05-01,ST113,P3481,38.0,20,0
2024-05-01,ST113,P3451,36.0,15,0
2024-05-01,ST113,P3198,37.0,15,0
2024-05-01,ST113,P3426,52.0,20,0
2024-05-01,ST113,P3188,39.0,10,0
2024-05-01,ST113,P3124,31.0,10,0
2024-05-01,ST113,P3397,36.0,20,0
2024-05-01,ST113,P3459,40.0,20,0
2024-05-01,ST113,P3203,33.0,5,0
2024-05-01,ST113,P3131,29.0,20,0
2024-05-01,ST113,P3334,34.0,20,0
2024-05-01,ST113,P3430,41.0,10,0
2024-05-01,ST113,P3327,35.0,15,0
2024-05-01,ST113,P3338,33.0,15,0
2024-05-01,ST113,P3328,38.0,10,0
2024-05-01,ST113,P3227,29.0,5,0
2024-05-01,ST113,P3014,42.0,20,0
2024-05-01,ST113,P3062,34.0,20,0
2024-05-01,ST113,P3322,29.0,10,0
2024-05-01,ST113,P3378,36.0,10,0
2024-05-01,ST113,P3079,33.0,10,0
2024-05-01,ST113,P3213,34.0,15,0
2024-05-01,ST113,P3297,36.0,20,0
2024-05-01,ST113,P3211,29.0,15,0
2024-05-01,ST113,P3106,41.0,10,0
2024-05-01,ST113,P3200,42.0,20,0
2024-05-01,ST113,P3179,27.0,10,0
2024-05-01,ST113,P3485,38.0,5,0
2024-05-01,ST113,P3195,36.0,5,0
2024-05-01,ST113,P3070,24.0,10,0
2024-05-01,ST113,P3438,33.0,10,0
2024-05-01,ST113,P3187,27.0,15,0
2024-05-01,ST114,P3381,36.0,10,0
2024-05-01,ST114,P3378,33.0,15,0
2024-05-01,ST114,P3007,30.0,20,0
2024-05-01,ST114,P3195,30.0,10,0
2024-05-01,ST114,P3010,39.0,20,0
2024-05-01,ST114,P3174,33.0,15,0
2024-05-01,ST114,P3461,38.0,15,0
2024-05-01,ST114,P3045,35.0,20,0
2024-05-01,ST114,P3063,37.0,20,0
2024-05-01,ST114,P3075,31.0,20,0
2024-05-01,ST114,P3443,45.0,15,0
2024-05-01,ST114,P3175,40.0,20,0
2024-05-01,ST114,P3016,30.0,20,0
2024-05-01,ST114,P3234,27.0,5,0
2024-05-01,ST114,P3019,35.0,20,0
2024-05-01,ST114,P3129,41.0,15,0
2024-05-01,ST114,P3200,39.0,20,0
2024-05-01,ST114,P3053,41.0,20,0
2024-05-01,ST114,P3180,36.0,10,0
2024-05-01,ST114,P3385,30.0,20,0
2024-05-01,ST114,P3501,33.0,5,0
2024-05-01,ST114,P3062,41.0,10,0
2024-05-01,ST114,P3136,36.0,5,0
2024-05-01,ST114,P3098,39.0,5,0
2024-05-01,ST114,P3111,38.0,15,0
2024-05-01,ST114,P3148,36.0,10,0
2024-05-01,ST114,P3432,37.0,15,0
2024-05-01,ST114,P3211,38.0,5,0
2024-05-01,ST114,P3102,42.0,20,0
2024-05-01,ST114,P3142,36.0,20,0
2024-05-01,ST114,P3227,40.0,20,0
2024-05-01,ST114,P3105,34.0,10,0
2024-05-01,ST114,P3080,40.0,20,0
2024-05-01,ST114,P3424,34.0,5,0
2024-05-01,ST114,P3038,38.0,5,0
2024-05-01,ST114,P3363,28.0,15,0
2024-05-01,ST114,P3268,45.0,20,0
2024-05-01,ST114,P3426,34.0,15,0
2024-05-01,ST114,P3078,41.0,5,0
2024-05-01,ST114,P3241,31.0,20,0
2024-05-01,ST114,P3310,44.0,15,0
2024-05-01,ST114,P3437,30.0,20,0
2024-05-01,ST114,P3190,40.0,10,0
2024-05-01,ST114,P3399,38.0,10,0
2024-05-01,ST114,P3203,34.0,15,0
2024-05-01,ST114,P3209,34.0,15,0
2024-05-01,ST114,P3214,25.0,20,0
2024-05-01,ST114,P3320,30.0,15,0
2024-05-01,ST114,P3435,40.0,20,0
2024-05-01,ST114,P3149,39.0,15,0
2024-05-01,ST114,P3288,32.0,10,0
2024-05-01,ST114,P3417,31.0,15,0
2024-05-01,ST114,P3463,29.0,5,0
2024-05-01,ST114,P3092,25.0,5,0
2024-05-01,ST114,P3487,35.0,20,0
2024-05-01,ST114,P3504,35.0,10,0
2024-05-01,ST114,P3394,27.0,15,0
2024-05-01,ST114,P3325,32.0,5,0
2024-05-01,ST114,P3023,35.0,5,0
2024-05-01,ST114,P3187,44.0,20,0
2024-05-01,ST115,P3004,29.0,5,0
2024-05-01,ST115,P3403,34.0,10,0
2024-05-01,ST115,P3157,38.0,15,0
2024-05-01,ST115,P3125,42.0,20,0
2024-05-01,ST115,P3059,36.0,20,0
2024-05-01,ST115,P3516,33.0,10,0
2024-05-01,ST115,P3127,32.0,20,0
2024-05-01,ST115,P3514,30.0,15,0
2024-05-01,ST115,P3164,47.0,5,0
2024-05-01,ST115,P3513,30.0,10,0
2024-05-01,ST115,P3017,34.0,5,0
2024-05-01,ST115,P3412,36.0,20,0
2024-05-01,ST115,P3373,42.0,5,0
2024-05-01,ST115,P3511,39.0,15,0
2024-05-01,ST115,P3515,37.0,10,0
2024-05-01,ST115,P3364,32.0,15,0
2024-05-01,ST115,P3444,34.0,20,0
2024-05-01,ST115,P3149,38.0,10,0
2024-05-01,ST115,P3115,37.0,20,0
2024-05-01,ST115,P3425,36.0,20,0
2024-05-01,ST115,P3297,40.0,15,0
2024-05-01,ST115,P3167,34.0,10,0
2024-05-01,ST115,P3029,32.0,5,0
2024-05-01,ST115,P3103,39.0,5,0
2024-05-01,ST115,P3454,36.0,5,0
2024-05-01,ST115,P3089,42.0,15,0
2024-05-01,ST115,P3295,29.0,10,0
2024-05-01,ST115,P3108,36.0,5,0
2024-05-01,ST115,P3384,33.0,5,0
2024-05-01,ST115,P3410,23.0,20,0
2024-05-01,ST115,P3191,34.0,15,0
2024-05-01,ST115,P3449,28.0,10,0
2024-05-01,ST115,P3193,29.0,10,0
2024-05-01,ST115,P3015,38.0,10,0
2024-05-01,ST115,P3239,46.0,10,0
2024-05-01,ST115,P3428,38.0,5,0
2024-05-01,ST115,P3471,34.0,10,0
2024-05-01,ST115,P3287,44.0,20,0
2024-05-01,ST115,P3075,42.0,15,0
2024-05-01,ST115,P3186,34.0,15,0
2024-05-01,ST115,P3414,41.0,15,0
2024-05-01,ST115,P3382,28.0,15,0
2024-05-01,ST115,P3327,27.0,5,0
2024-05-01,ST115,P3154,36.0,10,0
2024-05-01,ST115,P3314,28.0,20,0
2024-05-01,ST115,P3299,35.0,15,0
2024-05-01,ST115,P3292,30.0,15,0
2024-05-01,ST115,P3457,37.0,15,0
2024-05-01,ST115,P3268,25.0,15,0
2024-05-01,ST115,P3370,36.0,5,0
2024-05-01,ST115,P3130,33.0,5,0
2024-05-01,ST115,P3069,33.0,10,0
2024-05-01,ST115,P3418,26.0,10,0
2024-05-01,ST115,P3011,36.0,20,0
2024-05-01,ST115,P3117,31.0,5,0
2024-05-01,ST115,P3219,32.0,15,0
2024-05-01,ST115,P3276,32.0,15,0
2024-05-01,ST115,P3307,40.0,10,0
2024-05-01,ST115,P3399,27.0,10,0
2024-05-01,ST115,P3502,26.0,15,0
2024-05-01,ST116,P3280,31.0,10,0
2024-05-01,ST116,P3493,43.0,15,0
2024-05-01,ST116,P3412,37.0,5,0
2024-05-01,ST116,P3478,23.0,15,0
2024-05-01,ST116,P3064,35.0,10,0
2024-05-01,ST116,P3435,36.0,15,0
2024-05-01,ST116,P3127,37.0,20,0
2024-05-01,ST116,P3266,36.0,10,0
2024-05-01,ST116,P3382,25.0,20,0
2024-05-01,ST116,P3057,38.0,5,0
2024-05-01,ST116,P3098,25.0,10,0
2024-05-01,ST116,P3376,36.0,10,0
2024-05-01,ST116,P3459,33.0,5,0
2024-05-01,ST116,P3406,30.0,10,0
2024-05-01,ST116,P3426,31.0,20,0
2024-05-01,ST116,P3285,40.0,10,0
2024-05-01,ST116,P3188,38.0,15,0
2024-05-01,ST116,P3130,36.0,15,0
2024-05-01,ST116,P3446,42.0,5,0
2024-05-01,ST116,P3205,42.0,10,0
2024-05-01,ST116,P3124,33.0,5,0
2024-05-01,ST116,P3115,48.0,20,0
2024-05-01,ST116,P3469,34.0,10,0
2024-05-01,ST116,P3244,37.0,15,0
2024-05-01,ST116,P3102,37.0,10,0
2024-05-01,ST116,P3302,46.0,20,0
2024-05-01,ST116,P3297,36.0,15,0
2024-05-01,ST116,P3358,38.0,15,0
2024-05-01,ST116,P3217,35.0,20,0
2024-05-01,ST116,P3316,31.0,20,0
2024-05-01,ST116,P3004,33.0,10,0
2024-05-01,ST116,P3154,37.0,15,0
2024-05-01,ST116,P3005,45.0,10,0
2024-05-01,ST116,P3291,30.0,15,0
2024-05-01,ST116,P3021,28.0,5,0
2024-05-01,ST116,P3025,50.0,15,0
2024-05-01,ST116,P3267,33.0,5,0
2024-05-01,ST116,P3372,42.0,15,0
2024-05-01,ST116,P3086,29.0,15,0
2024-05-01,ST116,P3501,45.0,5,0
2024-05-01,ST116,P3158,32.0,20,0
2024-05-01,ST116,P3246,29.0,5,0
2024-05-01,ST116,P3087,29.0,10,0
2024-05-01,ST116,P3441,33.0,10,0
2024-05-01,ST116,P3408,36.0,20,0
2024-05-01,ST116,P3134,36.0,10,0
2024-05-01,ST116,P3395,30.0,20,0
2024-05-01,ST116,P3027,45.0,5,0
2024-05-01,ST116,P3474,39.0,20,0
2024-05-01,ST116,P3383,35.0,10,0
2024-05-01,ST116,P3477,42.0,5,0
2024-05-01,ST116,P3288,31.0,15,0
2024-05-01,ST116,P3247,31.0,5,0
2024-05-01,ST116,P3191,32.0,5,0
2024-05-01,ST116,P3269,44.0,10,0
2024-05-01,ST116,P3147,39.0,20,0
2024-05-01,ST116,P3157,44.0,20,0
2024-05-01,ST116,P3235,28.0,15,0
2024-05-01,ST116,P3164,39.0,10,0
2024-05-01,ST116,P3002,38.0,20,0
2024-05-01,ST117,P3160,24.0,10,0
2024-05-01,ST117,P3062,30.0,20,0
2024-05-01,ST117,P3253,33.0,20,0
2024-05-01,ST117,P3500,36.0,5,0
2024-05-01,ST117,P3247,33.0,15,0
2024-05-01,ST117,P3349,33.0,5,0
2024-05-01,ST117,P3333,28.0,20,0
2024-05-01,ST117,P3200,33.0,15,0
2024-05-01,ST117,P3300,37.0,10,0
2024-05-01,ST117,P3231,45.0,20,0
2024-05-01,ST117,P3070,48.0,15,0
2024-05-01,ST117,P3020,36.0,15,0
2024-05-01,ST117,P3283,34.0,20,0
2024-05-01,ST117,P3010,37.0,5,0
2024-05-01,ST117,P3467,40.0,15,0
2024-05-01,ST117,P3324,40.0,5,0
2024-05-01,ST117,P3332,50.0,10,0
2024-05-01,ST117,P3284,39.0,10,0
2024-05-01,ST117,P3002,51.0,10,0
2024-05-01,ST117,P3069,32.0,20,0
2024-05-01,ST117,P3207,37.0,10,0
2024-05-01,ST117,P3365,40.0,10,0
2024-05-01,ST117,P3251,23.0,5,0
2024-05-01,ST117,P3445,33.0,10,0
2024-05-01,ST117,P3126,33.0,15,0
2024-05-01,ST117,P3202,33.0,10,0
2024-05-01,ST117,P3273,43.0,20,0
2024-05-01,ST117,P3268,27.0,5,0
2024-05-01,ST117,P3246,40.0,20,0
2024-05-01,ST117,P3015,35.0,20,0
2024-05-01,ST117,P3189,32.0,10,0
2024-05-01,ST117,P3055,25.0,20,0
2024-05-01,ST117,P3393,42.0,20,0
2024-05-01,ST117,P3090,30.0,10,0
2024-05-01,ST117,P3099,45.0,20,0
2024-05-01,ST117,P3403,36.0,20,0
2024-05-01,ST117,P3377,35.0,15,0
2024-05-01,ST117,P3028,35.0,5,0
2024-05-01,ST117,P3064,40.0,15,0
2024-05-01,ST117,P3480,38.0,15,0
2024-05-01,ST117,P3172,27.0,5,0
2024-05-01,ST117,P3308,38.0,15,0
2024-05-01,ST117,P3334,38.0,15,0
2024-05-01,ST117,P3438,28.0,5,0
2024-05-01,ST117,P3085,50.0,10,0
2024-05-01,ST117,P3453,23.0,10,0
2024-05-01,ST117,P3107,30.0,5,0
2024-05-01,ST117,P3035,34.0,5,0
2024-05-01,ST117,P3375,39.0,15,0
2024-05-01,ST117,P3373,41.0,15,0
2024-05-01,ST117,P3372,36.0,5,0
2024-05-01,ST117,P3482,40.0,10,0
2024-05-01,ST117,P3394,33.0,20,0
2024-05-01,ST117,P3396,55.0,5,0
2024-05-01,ST117,P3190,40.0,20,0
2024-05-01,ST117,P3348,24.0,10,0
2024-05-01,ST117,P3021,37.0,15,0
2024-05-01,ST117,P3198,21.0,15,0
2024-05-01,ST117,P3049,29.0,15,0
2024-05-01,ST117,P3180,54.0,20,0
2024-05-01,ST118,P3195,32.0,20,0
2024-05-01,ST118,P3402,36.0,5,0
2024-05-01,ST118,P3449,28.0,10,0
2024-05-01,ST118,P3359,28.0,20,0
2024-05-01,ST118,P3030,34.0,10,0
2024-05-01,ST118,P3355,30.0,5,0
2024-05-01,ST118,P3034,33.0,20,0
2024-05-01,ST118,P3072,38.0,20,0
2024-05-01,ST118,P3087,32.0,15,0
2024-05-01,ST118,P3431,30.0,15,0
2024-05-01,ST118,P3268,33.0,5,0
2024-05-01,ST118,P3470,28.0,15,0
2024-05-01,ST118,P3504,38.0,15,0
2024-05-01,ST118,P3491,35.0,20,0
2024-05-01,ST118,P3023,39.0,15,0
2024-05-01,ST118,P3406,36.0,20,0
2024-05-01,ST118,P3230,42.0,15,0
2024-05-01,ST118,P3468,38.0,10,0
2024-05-01,ST118,P3035,34.0,5,0
2024-05-01,ST118,P3021,35.0,10,0
2024-05-01,ST118,P3451,44.0,5,0
2024-05-01,ST118,P3353,29.0,5,0
2024-05-01,ST118,P3284,27.0,15,0
2024-05-01,ST118,P3252,31.0,5,0
2024-05-01,ST118,P3171,39.0,5,0
2024-05-01,ST118,P3374,30.0,20,0
2024-05-01,ST118,P3282,37.0,10,0
2024-05-01,ST118,P3059,32.0,20,0
2024-05-01,ST118,P3187,50.0,10,0
2024-05-01,ST118,P3078,21.0,5,0
2024-05-01,ST118,P3128,32.0,20,0
2024-05-01,ST118,P3192,35.0,5,0
2024-05-01,ST118,P3123,31.0,15,0
2024-05-01,ST118,P3490,30.0,10,0
2024-05-01,ST118,P3092,43.0,5,0
2024-05-01,ST118,P3369,,10,0
2024-05-01,ST118,P3397,32.0,20,0
2024-05-01,ST118,P3067,36.0,20,0
2024-05-01,ST118,P3307,31.0,5,0
2024-05-01,ST118,P3358,41.0,5,0
2024-05-01,ST118,P3436,34.0,20,0
2024-05-01,ST118,P3456,45.0,15,0
2024-05-01,ST118,P3146,43.0,10,0
2024-05-01,ST118,P3189,43.0,5,0
2024-05-01,ST118,P3340,41.0,5,0
2024-05-01,ST118,P3124,42.0,15,0
2024-05-01,ST118,P3269,32.0,20,0
2024-05-01,ST118,P3121,35.0,20,0
2024-05-01,ST118,P3262,24.0,15,0
2024-05-01,ST118,P3305,38.0,10,0
2024-05-01,ST118,P3313,33.0,20,0
2024-05-01,ST118,P3407,40.0,5,0
2024-05-01,ST118,P3279,30.0,5,0
2024-05-01,ST118,P3101,27.0,5,0
2024-05-01,ST118,P3322,32.0,10,0
2024-05-01,ST118,P3236,38.0,10,0
2024-05-01,ST118,P3493,29.0,5,0
2024-05-01,ST118,P3386,39.0,5,0
2024-05-01,ST118,P3384,24.0,15,0
2024-05-01,ST118,P3217,33.0,20,0
2024-06-01,ST101,P3076,35.0,10,0
2024-06-01,ST101,P3008,37.0,15,0
2024-06-01,ST101,P3199,26.0,20,0
2024-06-01,ST101,P3370,39.0,20,0
2024-06-01,ST101,P3442,,5,0
2024-06-01,ST101,P3026,25.0,15,0
2024-06-01,ST101,P3132,40.0,5,0
2024-06-01,ST101,P3417,33.0,5,0
2024-06-01,ST101,P3275,39.0,20,0
2024-06-01,ST101,P3477,40.0,10,0
2024-06-01,ST101,P3073,33.0,5,0
2024-06-01,ST101,P3330,28.0,5,0
2024-06-01,ST101,P3382,35.0,5,0
2024-06-01,ST101,P3484,32.0,20,0
2024-06-01,ST101,P3037,28.0,5,0
2024-06-01,ST101,P3422,50.0,5,0
2024-06-01,ST101,P3509,42.0,5,0
2024-06-01,ST101,P3237,39.0,15,0
2024-06-01,ST101,P3138,40.0,5,0
2024-06-01,ST101,P3426,37.0,10,0
2024-06-01,ST101,P3085,27.0,10,0
2024-06-01,ST101,P3273,35.0,10,0
2024-06-01,ST101,P3368,31.0,5,0
2024-06-01,ST101,P3300,40.0,15,0
2024-06-01,ST101,P3023,38.0,5,0
2024-06-01,ST101,P3281,31.0,10,0
2024-06-01,ST101,P3200,32.0,5,0
2024-06-01,ST101,P3250,30.0,10,0
2024-06-01,ST101,P3513,40.0,20,0
2024-06-01,ST101,P3362,36.0,15,0
2024-06-01,ST101,P3249,30.0,5,0
2024-06-01,ST101,P3195,29.0,20,0
2024-06-01,ST101,P3289,34.0,10,0
2024-06-01,ST101,P3329,45.0,15,0
2024-06-01,ST101,P3465,33.0,20,0
2024-06-01,ST101,P3033,40.0,5,0
2024-06-01,ST101,P3315,48.0,15,0
2024-06-01,ST101,P3476,32.0,15,0
2024-06-01,ST101,P3494,29.0,20,0
2024-06-01,ST101,P3514,30.0,15,0
2024-06-01,ST101,P3334,44.0,10,0
2024-06-01,ST101,P3304,37.0,10,0
2024-06-01,ST101,P3347,30.0,10,0
2024-06-01,ST101,P3059,40.0,15,0
2024-06-01,ST101,P3504,34.0,10,0
2024-06-01,ST101,P3308,31.0,5,0
2024-06-01,ST101,P3261,28.0,5,0
2024-06-01,ST101,P3520,34.0,15,0
2024-06-01,ST101,P3259,31.0,15,0
2024-06-01,ST101,P3277,32.0,15,0
2024-06-01,ST101,P3094,35.0,15,0
2024-06-01,ST101,P3469,39.0,5,0
2024-06-01,ST101,P3111,39.0,20,0
2024-06-01,ST101,P3311,31.0,5,0
2024-06-01,ST101,P3260,35.0,15,0
2024-06-01,ST101,P3084,44.0,5,0
2024-06-01,ST101,P3131,37.0,5,0
2024-06-01,ST101,P3359,40.0,5,0
2024-06-01,ST101,P3441,25.0,20,0
2024-06-01,ST101,P3056,45.0,15,0
2024-06-01,ST102,P3216,27.0,15,0
2024-06-01,ST102,P3228,39.0,20,0
2024-06-01,ST102,P3159,30.0,15,0
2024-06-01,ST102,P3284,37.0,10,0
2024-06-01,ST102,P3492,34.0,10,0
2024-06-01,ST102,P3255,29.0,10,0
2024-06-01,ST102,P3023,36.0,10,0
2024-06-01,ST102,P3213,30.0,20,0
2024-06-01,ST102,P3092,31.0,5,0
2024-06-01,ST102,P3103,30.0,5,0
2024-06-01,ST102,P3496,33.0,15,0
2024-06-01,ST102,P3320,40.0,15,0
2024-06-01,ST102,P3174,27.0,5,0
2024-06-01,ST102,P3051,36.0,20,0
2024-06-01,ST102,P3287,39.0,15,0
2024-06-01,ST102,P3303,31.0,15,0
2024-06-01,ST102,P3340,37.0,15,0
2024-06-01,ST102,P3321,35.0,15,0
2024-06-01,ST102,P3179,36.0,15,0
2024-06-01,ST102,P3392,34.0,15,0
2024-06-01,ST102,P3041,37.0,5,0
2024-06-01,ST102,P3185,35.0,5,0
2024-06-01,ST102,P3259,33.0,20,0
2024-06-01,ST102,P3030,39.0,15,0
2024-06-01,ST102,P3508,44.0,5,0
2024-06-01,ST102,P3417,37.0,15,0
2024-06-01,ST102,P3420,31.0,15,0
2024-06-01,ST102,P3206,37.0,20,0
2024-06-01,ST102,P3431,40.0,10,0
2024-06-01,ST102,P3083,32.0,15,0
2024-06-01,ST102,P3261,31.0,5,0
2024-06-01,ST102,P3386,41.0,5,0
2024-06-01,ST102,P3304,37.0,15,0
2024-06-01,ST102,P3007,35.0,15,0
2024-06-01,ST102,P3160,31.0,5,0
2024-06-01,ST102,P3506,42.0,20,0
2024-06-01,ST102,P3130,42.0,20,0
2024-06-01,ST102,P3079,31.0,15,0
2024-06-01,ST102,P3162,46.0,20,0
2024-06-01,ST102,P3472,38.0,20,0
2024-06-01,ST102,P3318,35.0,10,0
2024-06-01,ST102,P3170,39.0,20,0
2024-06-01,ST102,P3273,40.0,10,0
2024-06-01,ST102,P3515,37.0,5,0
2024-06-01,ST102,P3360,33.0,15,0
2024-06-01,ST102,P3205,37.0,10,0
2024-06-01,ST102,P3177,38.0,20,0
2024-06-01,ST102,P3067,43.0,15,0
2024-06-01,ST102,P3026,29.0,20,0
2024-06-01,ST102,P3341,34.0,20,0
2024-06-01,ST102,P3196,44.0,20,0
2024-06-01,ST102,P3466,35.0,5,0
2024-06-01,ST102,P3307,31.0,15,0
2024-06-01,ST102,P3009,25.0,15,0
2024-06-01,ST102,P3377,39.0,5,0
2024-06-01,ST102,P3245,40.0,5,0
2024-06-01,ST102,P3322,34.0,5,0
2024-06-01,ST102,P3241,38.0,10,0
2024-06-01,ST102,P3283,29.0,10,0
2024-06-01,ST102,P3390,42.0,20,0
2024-06-01,ST103,P3505,28.0,15,0
2024-06-01,ST103,P3183,33.0,10,0
2024-06-01,ST103,P3177,39.0,15,0
2024-06-01,ST103,P3027,36.0,5,0
2024-06-01,ST103,P3144,35.0,10,0
2024-06-01,ST103,P3468,36.0,20,0
2024-06-01,ST103,P3160,41.0,10,0
2024-06-01,ST103,P3433,37.0,20,0
2024-06-01,ST103,P3238,35.0,20,0
2024-06-01,ST103,P3066,26.0,15,0
2024-06-01,ST103,P3047,32.0,15,0
2024-06-01,ST103,P3069,43.0,10,0
2024-06-01,ST103,P3253,37.0,5,0
2024-06-01,ST103,P3023,34.0,15,0
2024-06-01,ST103,P3332,34.0,15,0
2024-06-01,ST103,P3117,25.0,20,0
2024-06-01,ST103,P3088,42.0,20,0
2024-06-01,ST103,P3497,33.0,20,0
2024-06-01,ST103,P3347,38.0,15,0
2024-06-01,ST103,P3155,37.0,20,0
2024-06-01,ST103,P3292,30.0,15,0
2024-06-01,ST103,P3227,34.0,5,0
2024-06-01,ST103,P3016,37.0,5,0
2024-06-01,ST103,P3081,31.0,10,0
2024-06-01,ST103,P3038,30.0,10,0
2024-06-01,ST103,P3057,41.0,5,0
2024-06-01,ST103,P3108,31.0,15,0
2024-06-01,ST103,P3093,36.0,20,0
2024-06-01,ST103,P3125,33.0,5,0
2024-06-01,ST103,P3102,34.0,5,0
2024-06-01,ST103,P3404,51.0,5,0
2024-06-01,ST103,P3020,36.0,20,0
2024-06-01,ST103,P3343,37.0,5,0
2024-06-01,ST103,P3222,29.0,15,0
2024-06-01,ST103,P3091,39.0,5,0
2024-06-01,ST103,P3139,24.0,20,0
2024-06-01,ST103,P3028,31.0,20,0
2024-06-01,ST103,P3514,36.0,5,0
2024-06-01,ST103,P3282,36.0,5,0
2024-06-01,ST103,P3479,40.0,5,0
2024-06-01,ST103,P3219,40.0,15,0
2024-06-01,ST103,P3285,37.0,5,0
2024-06-01,ST103,P3234,40.0,20,0
2024-06-01,ST103,P3417,41.0,15,0
2024-06-01,ST103,P3268,31.0,15,0
2024-06-01,ST103,P3315,34.0,15,0
2024-06-01,ST103,P3184,38.0,5,0
2024-06-01,ST103,P3451,35.0,5,0
2024-06-01,ST103,P3150,27.0,15,0
2024-06-01,ST103,P3294,20.0,20,0
2024-06-01,ST103,P3166,43.0,15,0
2024-06-01,ST103,P3239,28.0,10,0
2024-06-01,ST103,P3323,36.0,5,0
2024-06-01,ST103,P3411,39.0,15,0
2024-06-01,ST103,P3293,29.0,15,0
2024-06-01,ST103,P3425,42.0,10,0
2024-06-01,ST103,P3308,37.0,10,0
2024-06-01,ST103,P3203,37.0,20,0
2024-06-01,ST103,P3460,46.0,15,0
2024-06-01,ST103,P3367,32.0,20,0
2024-06-01,ST104,P3121,30.0,20,0
2024-06-01,ST104,P3299,36.0,15,0
2024-06-01,ST104,P3446,25.0,15,0
2024-06-01,ST104,P3374,31.0,20,0
2024-06-01,ST104,P3281,25.0,10,0
2024-06-01,ST104,P3311,30.0,15,0
2024-06-01,ST104,P3379,33.0,20,0
2024-06-01,ST104,P3318,,15,0
2024-06-01,ST104,P3330,41.0,20,0
2024-06-01,ST104,P3207,32.0,20,0
2024-06-01,ST104,P3071,27.0,20,0
2024-06-01,ST104,P3422,37.0,15,0
2024-06-01,ST104,P3129,46.0,20,0
2024-06-01,ST104,P3103,36.0,15,0
2024-06-01,ST104,P3149,30.0,5,0
2024-06-01,ST104,P3496,26.0,10,0
2024-06-01,ST104,P3406,34.0,15,0
2024-06-01,ST104,P3247,38.0,15,0
2024-06-01,ST104,P3346,30.0,15,0
2024-06-01,ST104,P3057,27.0,20,0
2024-06-01,ST104,P3392,28.0,20,0
2024-06-01,ST104,P3262,23.0,20,0
2024-06-01,ST104,P3492,34.0,5,0
2024-06-01,ST104,P3135,38.0,20,0
2024-06-01,ST104,P3365,38.0,5,0
2024-06-01,ST104,P3232,32.0,15,0
2024-06-01,ST104,P3366,42.0,20,0
2024-06-01,ST104,P3387,31.0,20,0
2024-06-01,ST104,P3519,33.0,10,0
2024-06-01,ST104,P3178,46.0,20,0
2024-06-01,ST104,P3320,38.0,5,0
2024-06-01,ST104,P3208,32.0,10,0
2024-06-01,ST104,P3133,38.0,15,0
2024-06-01,ST104,P3470,33.0,15,0
2024-06-01,ST104,P3382,33.0,5,0
2024-06-01,ST104,P3035,27.0,10,0
2024-06-01,ST104,P3399,35.0,20,0
2024-06-01,ST104,P3043,39.0,20,0
2024-06-01,ST104,P3188,35.0,20,0
2024-06-01,ST104,P3397,44.0,20,0
2024-06-01,ST104,P3119,32.0,5,0
2024-06-01,ST104,P3442,33.0,10,0
2024-06-01,ST104,P3423,41.0,15,0
2024-06-01,ST104,P3286,44.0,15,0
2024-06-01,ST104,P3253,38.0,5,0
2024-06-01,ST104,P3272,42.0,20,0
2024-06-01,ST104,P3073,31.0,15,0
2024-06-01,ST104,P3297,38.0,15,0
2024-06-01,ST104,P3060,37.0,10,0
2024-06-01,ST104,P3111,40.0,10,0
2024-06-01,ST104,P3158,27.0,20,0
2024-06-01,ST104,P3195,38.0,20,0
2024-06-01,ST104,P3220,36.0,10,0
2024-06-01,ST104,P3018,24.0,15,0
2024-06-01,ST104,P3199,35.0,15,0
2024-06-01,ST104,P3088,32.0,10,0
2024-06-01,ST104,P3348,32.0,10,0
2024-06-01,ST104,P3354,44.0,15,0
2024-06-01,ST104,P3514,31.0,5,0
2024-06-01,ST104,P3086,36.0,10,0
2024-06-01,ST105,P3483,34.0,20,0
2024-06-01,ST105,P3212,35.0,20,0
2024-06-01,ST105,P3018,38.0,20,0
2024-06-01,ST105,P3068,38.0,10,0
2024-06-01,ST105,P3020,,5,0
2024-06-01,ST105,P3496,43.0,15,0
2024-06-01,ST105,P3324,33.0,10,0
2024-06-01,ST105,P3004,36.0,15,0
2024-06-01,ST105,P3444,36.0,20,0
2024-06-01,ST105,P3188,36.0,10,0
2024-06-01,ST105,P3206,35.0,5,0
2024-06-01,ST105,P3447,33.0,5,0
2024-06-01,ST105,P3497,38.0,10,0
2024-06-01,ST105,P3079,34.0,15,0
2024-06-01,ST105,P3269,47.0,15,0
2024-06-01,ST105,P3469,38.0,20,0
2024-06-01,ST105,P3422,34.0,15,0
2024-06-01,ST105,P3325,38.0,20,0
2024-06-01,ST105,P3076,32.0,5,0
2024-06-01,ST105,P3011,44.0,15,0
2024-06-01,ST105,P3209,40.0,20,0
2024-06-01,ST105,P3285,35.0,5,0
2024-06-01,ST105,P3205,34.0,5,0
2024-06-01,ST105,P3045,32.0,10,0
2024-06-01,ST105,P3071,33.0,5,0
2024-06-01,ST105,P3348,31.0,5,0
2024-06-01,ST105,P3097,30.0,5,0
2024-06-01,ST105,P3503,32.0,10,0
2024-06-01,ST105,P3132,24.0,5,0
2024-06-01,ST105,P3125,32.0,5,0
2024-06-01,ST105,P3328,32.0,10,0
2024-06-01,ST105,P3343,38.0,5,0
2024-06-01,ST105,P3060,43.0,5,0
2024-06-01,ST105,P3180,33.0,20,0
2024-06-01,ST105,P3481,26.0,20,0
2024-06-01,ST105,P3243,34.0,15,0
2024-06-01,ST105,P3327,21.0,5,0
2024-06-01,ST105,P3073,27.0,10,0
2024-06-01,ST105,P3434,42.0,5,0
2024-06-01,ST105,P3270,39.0,5,0
2024-06-01,ST105,P3182,25.0,20,0
2024-06-01,ST105,P3468,40.0,5,0
2024-06-01,ST105,P3474,47.0,10,0
2024-06-01,ST105,P3063,54.0,15,0
2024-06-01,ST105,P3363,43.0,10,0
2024-06-01,ST105,P3340,38.0,15,0
2024-06-01,ST105,P3344,33.0,15,0
2024-06-01,ST105,P3111,45.0,20,0
2024-06-01,ST105,P3288,34.0,15,0
2024-06-01,ST105,P3242,36.0,10,0
2024-06-01,ST105,P3401,36.0,15,0
2024-06-01,ST105,P3369,39.0,5,0
2024-06-01,ST105,P3019,39.0,15,0
2024-06-01,ST105,P3493,37.0,15,0
2024-06-01,ST105,P3168,42.0,15,0
2024-06-01,ST105,P3253,30.0,20,0
2024-06-01,ST105,P3504,32.0,10,0
2024-06-01,ST105,P3266,37.0,15,0
2024-06-01,ST105,P3173,38.0,5,0
2024-06-01,ST105,P3113,33.0,15,0
2024-06-01,ST106,P3059,28.0,20,0
2024-06-01,ST106,P3155,30.0,10,0
2024-06-01,ST106,P3434,33.0,15,0
2024-06-01,ST106,P3370,39.0,15,0
2024-06-01,ST106,P3211,41.0,10,0
2024-06-01,ST106,P3339,38.0,5,0
2024-06-01,ST106,P3280,33.0,20,0
2024-06-01,ST106,P3510,23.0,15,0
2024-06-01,ST106,P3008,24.0,5,0
2024-06-01,ST106,P3076,44.0,5,0
2024-06-01,ST106,P3260,37.0,10,0
2024-06-01,ST106,P3302,34.0,15,0
2024-06-01,ST106,P3244,35.0,15,0
2024-06-01,ST106,P3122,35.0,10,0
2024-06-01,ST106,P3025,32.0,15,0
2024-06-01,ST106,P3261,33.0,5,0
2024-06-01,ST106,P3121,32.0,15,0
2024-06-01,ST106,P3134,21.0,20,0
2024-06-01,ST106,P3418,30.0,5,0
2024-06-01,ST106,P3144,31.0,20,0
2024-06-01,ST106,P3148,31.0,5,0
2024-06-01,ST106,P3397,34.0,10,0
2024-06-01,ST106,P3369,41.0,20,0
2024-06-01,ST106,P3020,31.0,5,0
2024-06-01,ST106,P3078,32.0,10,0
2024-06-01,ST106,P3242,36.0,15,0
2024-06-01,ST106,P3060,42.0,10,0
2024-06-01,ST106,P3333,41.0,15,0
2024-06-01,ST106,P3274,,20,0
2024-06-01,ST106,P3105,32.0,20,0
2024-06-01,ST106,P3380,32.0,10,0
2024-06-01,ST106,P3499,27.0,10,0
2024-06-01,ST106,P3045,34.0,15,0
2024-06-01,ST106,P3058,31.0,10,0
2024-06-01,ST106,P3174,30.0,5,0
2024-06-01,ST106,P3493,29.0,5,0
2024-06-01,ST106,P3392,40.0,10,0
2024-06-01,ST106,P3473,42.0,10,0
2024-06-01,ST106,P3067,33.0,20,0
2024-06-01,ST106,P3050,29.0,5,0
2024-06-01,ST106,P3007,35.0,5,0
2024-06-01,ST106,P3460,29.0,5,0
2024-06-01,ST106,P3420,28.0,5,0
2024-06-01,ST106,P3162,41.0,5,0
2024-06-01,ST106,P3364,34.0,15,0
2024-06-01,ST106,P3229,36.0,15,0
2024-06-01,ST106,P3371,36.0,10,0
2024-06-01,ST106,P3146,31.0,10,0
2024-06-01,ST106,P3432,45.0,20,0
2024-06-01,ST106,P3169,23.0,10,0
2024-06-01,ST106,P3138,29.0,5,0
2024-06-01,ST106,P3117,,15,0
2024-06-01,ST106,P3135,41.0,10,0
2024-06-01,ST106,P3216,32.0,5,0
2024-06-01,ST106,P3375,45.0,5,0
2024-06-01,ST106,P3210,43.0,20,0
2024-06-01,ST106,P3465,39.0,10,0
2024-06-01,ST106,P3106,38.0,15,0
2024-06-01,ST106,P3429,34.0,15,0
2024-06-01,ST106,P3258,34.0,5,0
2024-06-01,ST107,P3367,30.0,15,0
2024-06-01,ST107,P3482,35.0,15,0
2024-06-01,ST107,P3029,28.0,10,0
2024-06-01,ST107,P3458,41.0,10,0
2024-06-01,ST107,P3185,39.0,20,0
2024-06-01,ST107,P3460,40.0,15,0
2024-06-01,ST107,P3179,37.0,10,0
2024-06-01,ST107,P3368,26.0,5,0
2024-06-01,ST107,P3176,25.0,5,0
2024-06-01,ST107,P3206,33.0,5,0
2024-06-01,ST107,P3089,33.0,5,0
2024-06-01,ST107,P3160,49.0,5,0
2024-06-01,ST107,P3317,35.0,10,0
2024-06-01,ST107,P3274,36.0,10,0
2024-06-01,ST107,P3007,34.0,5,0
2024-06-01,ST107,P3291,34.0,15,0
2024-06-01,ST107,P3487,45.0,20,0
2024-06-01,ST107,P3141,40.0,10,0
2024-06-01,ST107,P3192,34.0,5,0
2024-06-01,ST107,P3205,47.0,15,0
2024-06-01,ST107,P3003,36.0,15,0
2024-06-01,ST107,P3311,45.0,5,0
2024-06-01,ST107,P3465,25.0,15,0
2024-06-01,ST107,P3394,36.0,5,0
2024-06-01,ST107,P3415,36.0,20,0
2024-06-01,ST107,P3088,40.0,20,0
2024-06-01,ST107,P3507,40.0,5,0
2024-06-01,ST107,P3348,40.0,5,0
2024-06-01,ST107,P3511,38.0,15,0
2024-06-01,ST107,P3357,36.0,10,0
2024-06-01,ST107,P3502,47.0,15,0
2024-06-01,ST107,P3341,33.0,15,0
2024-06-01,ST107,P3066,46.0,20,0
2024-06-01,ST107,P3063,36.0,20,0
2024-06-01,ST107,P3059,33.0,20,0
2024-06-01,ST107,P3095,46.0,10,0
2024-06-01,ST107,P3323,40.0,20,0
2024-06-01,ST107,P3376,31.0,20,0
2024-06-01,ST107,P3072,31.0,5,0
2024-06-01,ST107,P3001,40.0,5,0
2024-06-01,ST107,P3459,34.0,10,0
2024-06-01,ST107,P3489,34.0,15,0
2024-06-01,ST107,P3144,41.0,5,0
2024-06-01,ST107,P3504,30.0,10,0
2024-06-01,ST107,P3281,47.0,10,0
2024-06-01,ST107,P3405,43.0,15,0
2024-06-01,ST107,P3297,40.0,5,0
2024-06-01,ST107,P3354,34.0,5,0
2024-06-01,ST107,P3008,36.0,10,0
2024-06-01,ST107,P3264,37.0,20,0
2024-06-01,ST107,P3324,29.0,5,0
2024-06-01,ST107,P3337,34.0,5,0
2024-06-01,ST107,P3215,41.0,10,0
2024-06-01,ST107,P3473,45.0,15,0
2024-06-01,ST107,P3455,38.0,20,0
2024-06-01,ST107,P3316,44.0,10,0
2024-06-01,ST107,P3267,34.0,10,0
2024-06-01,ST107,P3243,37.0,15,0
2024-06-01,ST107,P3366,36.0,20,0
2024-06-01,ST107,P3161,40.0,20,0
2024-06-01,ST108,P3027,38.0,10,0
2024-06-01,ST108,P3091,38.0,10,0
2024-06-01,ST108,P3118,36.0,5,0
2024-06-01,ST108,P3250,28.0,15,0
2024-06-01,ST108,P3306,35.0,20,0
2024-06-01,ST108,P3383,37.0,5,0
2024-06-01,ST108,P3008,37.0,20,0
2024-06-01,ST108,P3517,34.0,15,0
2024-06-01,ST108,P3052,31.0,10,0
2024-06-01,ST108,P3062,46.0,15,0
2024-06-01,ST108,P3472,34.0,15,0
2024-06-01,ST108,P3477,35.0,15,0
2024-06-01,ST108,P3416,44.0,15,0
2024-06-01,ST108,P3419,35.0,5,0
2024-06-01,ST108,P3164,37.0,15,0
2024-06-01,ST108,P3264,40.0,15,0
2024-06-01,ST108,P3430,32.0,5,0
2024-06-01,ST108,P3258,40.0,15,0
2024-06-01,ST108,P3379,32.0,15,0
2024-06-01,ST108,P3082,35.0,15,0
2024-06-01,ST108,P3387,36.0,5,0
2024-06-01,ST108,P3214,41.0,5,0
2024-06-01,ST108,P3188,34.0,20,0
2024-06-01,ST108,P3451,32.0,15,0
2024-06-01,ST108,P3124,27.0,5,0
2024-06-01,ST108,P3149,33.0,20,0
2024-06-01,ST108,P3010,23.0,15,0
2024-06-01,ST108,P3341,29.0,5,0
2024-06-01,ST108,P3198,34.0,20,0
2024-06-01,ST108,P3493,26.0,5,0
2024-06-01,ST108,P3393,44.0,10,0
2024-06-01,ST108,P3504,45.0,15,0
2024-06-01,ST108,P3151,35.0,15,0
2024-06-01,ST108,P3441,29.0,10,0
2024-06-01,ST108,P3007,45.0,15,0
2024-06-01,ST108,P3046,33.0,5,0
2024-06-01,ST108,P3172,40.0,10,0
2024-06-01,ST108,P3041,35.0,20,0
2024-06-01,ST108,P3461,36.0,20,0
2024-06-01,ST108,P3305,30.0,5,0
2024-06-01,ST108,P3104,30.0,5,0
2024-06-01,ST108,P3469,39.0,5,0
2024-06-01,ST108,P3005,38.0,15,0
2024-06-01,ST108,P3373,35.0,10,0
2024-06-01,ST108,P3011,34.0,10,0
2024-06-01,ST108,P3189,32.0,10,0
2024-06-01,ST108,P3030,34.0,15,0
2024-06-01,ST108,P3282,32.0,10,0
2024-06-01,ST108,P3037,34.0,5,0
2024-06-01,ST108,P3319,29.0,15,0
2024-06-01,ST108,P3161,35.0,15,0
2024-06-01,ST108,P3284,43.0,5,0
2024-06-01,ST108,P3382,32.0,15,0
2024-06-01,ST108,P3208,39.0,5,0
2024-06-01,ST108,P3215,32.0,20,0
2024-06-01,ST108,P3370,36.0,5,0
2024-06-01,ST108,P3200,35.0,5,0
2024-06-01,ST108,P3112,25.0,5,0
2024-06-01,ST108,P3247,36.0,15,0
2024-06-01,ST108,P3101,36.0,20,0
2024-06-01,ST109,P3351,52.0,15,0
2024-06-01,ST109,P3108,39.0,10,0
2024-06-01,ST109,P3264,33.0,20,0
2024-06-01,ST109,P3191,44.0,5,0
2024-06-01,ST109,P3443,33.0,5,0
2024-06-01,ST109,P3019,29.0,15,0
2024-06-01,ST109,P3247,44.0,15,0
2024-06-01,ST109,P3158,39.0,10,0
2024-06-01,ST109,P3071,44.0,20,0
2024-06-01,ST109,P3420,33.0,20,0
2024-06-01,ST109,P3195,45.0,20,0
2024-06-01,ST109,P3473,35.0,20,0
2024-06-01,ST109,P3341,33.0,5,0
2024-06-01,ST109,P3232,49.0,10,0
2024-06-01,ST109,P3220,39.0,10,0
2024-06-01,ST109,P3113,26.0,5,0
2024-06-01,ST109,P3277,28.0,15,0
2024-06-01,ST109,P3160,30.0,15,0
2024-06-01,ST109,P3138,29.0,10,0
2024-06-01,ST109,P3122,39.0,20,0
2024-06-01,ST109,P3476,35.0,5,0
2024-06-01,ST109,P3401,42.0,20,0
2024-06-01,ST109,P3087,39.0,10,0
2024-06-01,ST109,P3031,44.0,20,0
2024-06-01,ST109,P3344,30.0,20,0
2024-06-01,ST109,P3092,42.0,20,0
2024-06-01,ST109,P3514,36.0,15,0
2024-06-01,ST109,P3301,44.0,15,0
2024-06-01,ST109,P3063,27.0,5,0
2024-06-01,ST109,P3512,29.0,20,0
2024-06-01,ST109,P3309,41.0,10,0
2024-06-01,ST109,P3153,36.0,15,0
2024-06-01,ST109,P3381,31.0,10,0
2024-06-01,ST109,P3083,27.0,5,0
2024-06-01,ST109,P3346,40.0,10,0
2024-06-01,ST109,P3456,33.0,20,0
2024-06-01,ST109,P3340,44.0,15,0
2024-06-01,ST109,P3477,32.0,5,0
2024-06-01,ST109,P3441,27.0,15,0
2024-06-01,ST109,P3052,38.0,5,0
2024-06-01,ST109,P3145,35.0,10,0
2024-06-01,ST109,P3038,38.0,5,0
2024-06-01,ST109,P3097,28.0,15,0
2024-06-01,ST109,P3067,39.0,20,0
2024-06-01,ST109,P3311,42.0,15,0
2024-06-01,ST109,P3492,34.0,15,0
2024-06-01,ST109,P3250,34.0,20,0
2024-06-01,ST109,P3355,38.0,10,0
2024-06-01,ST109,P3290,33.0,5,0
2024-06-01,ST109,P3462,39.0,10,0
2024-06-01,ST109,P3331,48.0,15,0
2024-06-01,ST109,P3156,33.0,5,0
2024-06-01,ST109,P3513,40.0,20,0
2024-06-01,ST109,P3013,25.0,5,0
2024-06-01,ST109,P3484,43.0,10,0
2024-06-01,ST109,P3362,35.0,10,0
2024-06-01,ST109,P3034,34.0,15,0
2024-06-01,ST109,P3260,29.0,15,0
2024-06-01,ST109,P3430,25.0,20,0
2024-06-01,ST109,P3328,,5,0
2024-06-01,ST110,P3111,34.0,10,0
2024-06-01,ST110,P3207,32.0,20,0
2024-06-01,ST110,P3143,33.0,20,0
2024-06-01,ST110,P3469,27.0,20,0
2024-06-01,ST110,P3432,23.0,5,0
2024-06-01,ST110,P3495,31.0,20,0
2024-06-01,ST110,P3372,38.0,5,0
2024-06-01,ST110,P3104,31.0,10,0
2024-06-01,ST110,P3026,24.0,15,0
2024-06-01,ST110,P3229,42.0,10,0
2024-06-01,ST110,P3015,34.0,5,0
2024-06-01,ST110,P3193,40.0,15,0
2024-06-01,ST110,P3390,40.0,15,0
2024-06-01,ST110,P3247,35.0,5,0
2024-06-01,ST110,P3258,33.0,5,0
2024-06-01,ST110,P3374,29.0,20,0
2024-06-01,ST110,P3467,33.0,15,0
2024-06-01,ST110,P3339,50.0,20,0
2024-06-01,ST110,P3107,41.0,5,0
2024-06-01,ST110,P3306,36.0,5,0
2024-06-01,ST110,P3414,31.0,20,0
2024-06-01,ST110,P3482,39.0,5,0
2024-06-01,ST110,P3007,38.0,10,0
2024-06-01,ST110,P3159,35.0,15,0
2024-06-01,ST110,P3423,35.0,5,0
2024-06-01,ST110,P3186,30.0,5,0
2024-06-01,ST110,P3192,36.0,5,0
2024-06-01,ST110,P3049,46.0,10,0
2024-06-01,ST110,P3492,38.0,10,0
2024-06-01,ST110,P3060,44.0,10,0
2024-06-01,ST110,P3370,40.0,5,0
2024-06-01,ST110,P3233,36.0,5,0
2024-06-01,ST110,P3365,32.0,10,0
2024-06-01,ST110,P3239,38.0,20,0
2024-06-01,ST110,P3033,25.0,5,0
2024-06-01,ST110,P3409,35.0,5,0
2024-06-01,ST110,P3389,31.0,15,0
2024-06-01,ST110,P3187,30.0,20,0
2024-06-01,ST110,P3072,30.0,5,0
2024-06-01,ST110,P3279,36.0,5,0
2024-06-01,ST110,P3300,30.0,15,0
2024-06-01,ST110,P3360,24.0,10,0
2024-06-01,ST110,P3212,30.0,20,0
2024-06-01,ST110,P3080,25.0,5,0
2024-06-01,ST110,P3303,34.0,15,0
2024-06-01,ST110,P3402,34.0,15,0
2024-06-01,ST110,P3471,34.0,10,0
2024-06-01,ST110,P3506,42.0,15,0
2024-06-01,ST110,P3332,35.0,10,0
2024-06-01,ST110,P3491,37.0,20,0
2024-06-01,ST110,P3161,34.0,10,0
2024-06-01,ST110,P3101,32.0,10,0
2024-06-01,ST110,P3489,34.0,20,0
2024-06-01,ST110,P3479,47.0,15,0
2024-06-01,ST110,P3243,19.0,15,0
2024-06-01,ST110,P3379,24.0,20,0
2024-06-01,ST110,P3059,28.0,5,0
2024-06-01,ST110,P3061,35.0,5,0
2024-06-01,ST110,P3280,24.0,15,0
2024-06-01,ST110,P3446,37.0,15,0
2024-06-01,ST111,P3343,37.0,20,0
2024-06-01,ST111,P3482,35.0,5,0
2024-06-01,ST111,P3024,42.0,20,0
2024-06-01,ST111,P3148,25.0,10,0
2024-06-01,ST111,P3113,33.0,5,0
2024-06-01,ST111,P3414,25.0,20,0
2024-06-01,ST111,P3520,27.0,10,0
2024-06-01,ST111,P3170,33.0,10,0
2024-06-01,ST111,P3396,30.0,20,0
2024-06-01,ST111,P3275,28.0,15,0
2024-06-01,ST111,P3077,35.0,5,0
2024-06-01,ST111,P3272,35.0,20,0
2024-06-01,ST111,P3391,44.0,20,0
2024-06-01,ST111,P3231,36.0,5,0
2024-06-01,ST111,P3054,27.0,15,0
2024-06-01,ST111,P3312,42.0,20,0
2024-06-01,ST111,P3353,33.0,10,0
2024-06-01,ST111,P3478,35.0,20,0
2024-06-01,ST111,P3355,30.0,10,0
2024-06-01,ST111,P3164,41.0,10,0
2024-06-01,ST111,P3182,38.0,5,0
2024-06-01,ST111,P3067,41.0,15,0
2024-06-01,ST111,P3015,43.0,20,0
2024-06-01,ST111,P3242,26.0,20,0
2024-06-01,ST111,P3341,40.0,20,0
2024-06-01,ST111,P3045,39.0,15,0
2024-06-01,ST111,P3117,28.0,10,0
2024-06-01,ST111,P3259,40.0,20,0
2024-06-01,ST111,P3495,36.0,5,0
2024-06-01,ST111,P3263,44.0,15,0
2024-06-01,ST111,P3189,49.0,10,0
2024-06-01,ST111,P3002,35.0,5,0
2024-06-01,ST111,P3400,44.0,5,0
2024-06-01,ST111,P3504,36.0,10,0
2024-06-01,ST111,P3134,38.0,5,0
2024-06-01,ST111,P3126,33.0,10,0
2024-06-01,ST111,P3070,40.0,20,0
2024-06-01,ST111,P3288,36.0,5,0
2024-06-01,ST111,P3402,34.0,10,0
2024-06-01,ST111,P3299,37.0,10,0
2024-06-01,ST111,P3112,27.0,20,0
2024-06-01,ST111,P3398,33.0,5,0
2024-06-01,ST111,P3026,30.0,10,0
2024-06-01,ST111,P3258,35.0,20,0
2024-06-01,ST111,P3136,27.0,5,0
2024-06-01,ST111,P3449,28.0,20,0
2024-06-01,ST111,P3201,30.0,15,0
2024-06-01,ST111,P3211,48.0,20,0
2024-06-01,ST111,P3437,43.0,5,0
2024-06-01,ST111,P3116,44.0,20,0
2024-06-01,ST111,P3350,38.0,20,0
2024-06-01,ST111,P3344,43.0,15,0
2024-06-01,ST111,P3416,33.0,5,0
2024-06-01,ST111,P3486,24.0,5,0
2024-06-01,ST111,P3169,37.0,15,0
2024-06-01,ST111,P3359,25.0,5,0
2024-06-01,ST111,P3176,36.0,15,0
2024-06-01,ST111,P3339,39.0,15,0
2024-06-01,ST111,P3431,36.0,10,0
2024-06-01,ST111,P3429,33.0,5,0
2024-06-01,ST112,P3231,38.0,20,0
2024-06-01,ST112,P3286,41.0,5,0
2024-06-01,ST112,P3110,26.0,10,0
2024-06-01,ST112,P3223,37.0,20,0
2024-06-01,ST112,P3435,32.0,15,0
2024-06-01,ST112,P3430,30.0,5,0
2024-06-01,ST112,P3208,31.0,10,0
2024-06-01,ST112,P3482,34.0,5,0
2024-06-01,ST112,P3331,36.0,20,0
2024-06-01,ST112,P3012,31.0,5,0
2024-06-01,ST112,P3362,23.0,10,0
2024-06-01,ST112,P3356,28.0,10,0
2024-06-01,ST112,P3160,28.0,15,0
2024-06-01,ST112,P3020,39.0,20,0
2024-06-01,ST112,P3398,28.0,15,0
2024-06-01,ST112,P3460,33.0,10,0
2024-06-01,ST112,P3428,34.0,5,0
2024-06-01,ST112,P3033,43.0,20,0
2024-06-01,ST112,P3375,29.0,15,0
2024-06-01,ST112,P3486,36.0,10,0
2024-06-01,ST112,P3191,34.0,5,0
2024-06-01,ST112,P3049,46.0,20,0
2024-06-01,ST112,P3454,34.0,20,0
2024-06-01,ST112,P3201,27.0,15,0
2024-06-01,ST112,P3146,36.0,10,0
2024-06-01,ST112,P3044,44.0,5,0
2024-06-01,ST112,P3333,31.0,15,0
2024-06-01,ST112,P3477,30.0,15,0
2024-06-01,ST112,P3390,34.0,15,0
2024-06-01,ST112,P3368,33.0,10,0
2024-06-01,ST112,P3336,34.0,5,0
2024-06-01,ST112,P3151,27.0,10,0
2024-06-01,ST112,P3221,33.0,5,0
2024-06-01,ST112,P3181,33.0,5,0
2024-06-01,ST112,P3295,39.0,5,0
2024-06-01,ST112,P3311,42.0,10,0
2024-06-01,ST112,P3489,32.0,20,0
2024-06-01,ST112,P3325,28.0,20,0
2024-06-01,ST112,P3120,40.0,15,0
2024-06-01,ST112,P3168,40.0,20,0
2024-06-01,ST112,P3261,34.0,5,0
2024-06-01,ST112,P3401,48.0,20,0
2024-06-01,ST112,P3237,32.0,10,0
2024-06-01,ST112,P3363,30.0,20,0
2024-06-01,ST112,P3488,32.0,5,0
2024-06-01,ST112,P3133,31.0,20,0
2024-06-01,ST112,P3474,37.0,5,0
2024-06-01,ST112,P3371,31.0,15,0
2024-06-01,ST112,P3109,21.0,5,0
2024-06-01,ST112,P3199,30.0,5,0
2024-06-01,ST112,P3096,30.0,5,0
2024-06-01,ST112,P3062,35.0,20,0
2024-06-01,ST112,P3246,38.0,15,0
2024-06-01,ST112,P3106,33.0,10,0
2024-06-01,ST112,P3028,27.0,15,0
2024-06-01,ST112,P3496,40.0,20,0
2024-06-01,ST112,P3299,36.0,10,0
2024-06-01,ST112,P3167,35.0,10,0
2024-06-01,ST112,P3378,35.0,20,0
2024-06-01,ST112,P3491,37.0,20,0
2024-06-01,ST113,P3013,48.0,5,0
2024-06-01,ST113,P3236,50.0,10,0
2024-06-01,ST113,P3269,34.0,5,0
2024-06-01,ST113,P3447,27.0,10,0
2024-06-01,ST113,P3341,36.0,20,0
2024-06-01,ST113,P3135,32.0,20,0
2024-06-01,ST113,P3446,38.0,20,0
2024-06-01,ST113,P3194,36.0,15,0
2024-06-01,ST113,P3337,37.0,15,0
2024-06-01,ST113,P3501,33.0,20,0
2024-06-01,ST113,P3025,28.0,10,0
2024-06-01,ST113,P3120,36.0,15,0
2024-06-01,ST113,P3074,32.0,20,0
2024-06-01,ST113,P3195,39.0,10,0
2024-06-01,ST113,P3344,39.0,5,0
2024-06-01,ST113,P3219,45.0,20,0
2024-06-01,ST113,P3251,30.0,15,0
2024-06-01,ST113,P3123,35.0,10,0
2024-06-01,ST113,P3500,25.0,10,0
2024-06-01,ST113,P3449,26.0,5,0
2024-06-01,ST113,P3243,29.0,5,0
2024-06-01,ST113,P3249,31.0,20,0
2024-06-01,ST113,P3242,32.0,5,0
2024-06-01,ST113,P3515,37.0,5,0
2024-06-01,ST113,P3091,47.0,15,0
2024-06-01,ST113,P3100,36.0,15,0
2024-06-01,ST113,P3021,41.0,15,0
2024-06-01,ST113,P3107,32.0,20,0
2024-06-01,ST113,P3257,43.0,5,0
2024-06-01,ST113,P3338,34.0,15,0
2024-06-01,ST113,P3180,25.0,15,0
2024-06-01,ST113,P3288,31.0,20,0
2024-06-01,ST113,P3199,25.0,10,0
2024-06-01,ST113,P3007,25.0,10,0
2024-06-01,ST113,P3390,40.0,5,0
2024-06-01,ST113,P3349,31.0,20,0
2024-06-01,ST113,P3442,41.0,5,0
2024-06-01,ST113,P3247,36.0,5,0
2024-06-01,ST113,P3407,18.0,5,0
2024-06-01,ST113,P3301,33.0,5,0
2024-06-01,ST113,P3189,42.0,10,0
2024-06-01,ST113,P3227,36.0,15,0
2024-06-01,ST113,P3085,38.0,5,0
2024-06-01,ST113,P3132,34.0,20,0
2024-06-01,ST113,P3253,36.0,10,0
2024-06-01,ST113,P3017,32.0,10,0
2024-06-01,ST113,P3022,36.0,10,0
2024-06-01,ST113,P3192,34.0,5,0
2024-06-01,ST113,P3414,40.0,5,0
2024-06-01,ST113,P3502,31.0,10,0
2024-06-01,ST113,P3105,42.0,10,0
2024-06-01,ST113,P3411,29.0,20,0
2024-06-01,ST113,P3116,37.0,15,0
2024-06-01,ST113,P3055,32.0,20,0
2024-06-01,ST113,P3384,41.0,15,0
2024-06-01,ST113,P3516,34.0,15,0
2024-06-01,ST113,P3140,22.0,15,0
2024-06-01,ST113,P3300,47.0,5,0
2024-06-01,ST113,P3295,40.0,5,0
2024-06-01,ST113,P3475,36.0,10,0
2024-06-01,ST114,P3413,47.0,10,0
2024-06-01,ST114,P3263,37.0,10,0
2024-06-01,ST114,P3262,31.0,5,0
2024-06-01,ST114,P3249,24.0,10,0
2024-06-01,ST114,P3268,34.0,20,0
2024-06-01,ST114,P3128,31.0,10,0
2024-06-01,ST114,P3053,41.0,10,0
2024-06-01,ST114,P3044,33.0,20,0
2024-06-01,ST114,P3131,33.0,15,0
2024-06-01,ST114,P3290,29.0,15,0
2024-06-01,ST114,P3052,31.0,20,0
2024-06-01,ST114,P3326,26.0,10,0
2024-06-01,ST114,P3244,41.0,10,0
2024-06-01,ST114,P3512,43.0,5,0
2024-06-01,ST114,P3275,35.0,15,0
2024-06-01,ST114,P3114,41.0,15,0
2024-06-01,ST114,P3372,42.0,15,0
2024-06-01,ST114,P3040,38.0,15,0
2024-06-01,ST114,P3243,41.0,5,0
2024-06-01,ST114,P3305,44.0,15,0
2024-06-01,ST114,P3346,37.0,5,0
2024-06-01,ST114,P3361,39.0,10,0
2024-06-01,ST114,P3422,36.0,5,0
2024-06-01,ST114,P3030,40.0,5,0
2024-06-01,ST114,P3322,34.0,5,0
2024-06-01,ST114,P3115,29.0,5,0
2024-06-01,ST114,P3488,34.0,15,0
2024-06-01,ST114,P3134,40.0,10,0
2024-06-01,ST114,P3217,33.0,20,0
2024-06-01,ST114,P3014,31.0,5,0
2024-06-01,ST114,P3412,46.0,15,0
2024-06-01,ST114,P3212,32.0,5,0
2024-06-01,ST114,P3371,34.0,15,0
2024-06-01,ST114,P3103,31.0,15,0
2024-06-01,ST114,P3177,37.0,10,0
2024-06-01,ST114,P3357,27.0,20,0
2024-06-01,ST114,P3122,25.0,20,0
2024-06-01,ST114,P3150,32.0,20,0
2024-06-01,ST114,P3327,41.0,15,0
2024-06-01,ST114,P3192,24.0,5,0
2024-06-01,ST114,P3317,34.0,20,0
2024-06-01,ST114,P3338,31.0,5,0
2024-06-01,ST114,P3385,37.0,10,0
2024-06-01,ST114,P3200,44.0,15,0
2024-06-01,ST114,P3337,30.0,15,0
2024-06-01,ST114,P3187,26.0,20,0
2024-06-01,ST114,P3215,35.0,5,0
2024-06-01,ST114,P3328,32.0,20,0
2024-06-01,ST114,P3130,31.0,20,0
2024-06-01,ST114,P3354,35.0,20,0
2024-06-01,ST114,P3010,36.0,5,0
2024-06-01,ST114,P3451,30.0,5,0
2024-06-01,ST114,P3091,32.0,15,0
2024-06-01,ST114,P3364,46.0,15,0
2024-06-01,ST114,P3198,34.0,20,0
2024-06-01,ST114,P3502,32.0,5,0
2024-06-01,ST114,P3226,26.0,10,0
2024-06-01,ST114,P3309,36.0,20,0
2024-06-01,ST114,P3168,41.0,10,0
2024-06-01,ST114,P3163,36.0,15,0
2024-06-01,ST115,P3306,30.0,15,0
2024-06-01,ST115,P3360,35.0,20,0
2024-06-01,ST115,P3169,38.0,5,0
2024-06-01,ST115,P3136,38.0,10,0
2024-06-01,ST115,P3023,36.0,10,0
2024-06-01,ST115,P3431,36.0,5,0
2024-06-01,ST115,P3168,36.0,20,0
2024-06-01,ST115,P3293,30.0,15,0
2024-06-01,ST115,P3398,38.0,15,0
2024-06-01,ST115,P3100,34.0,20,0
2024-06-01,ST115,P3127,21.0,5,0
2024-06-01,ST115,P3202,33.0,10,0
2024-06-01,ST115,P3069,25.0,5,0
2024-06-01,ST115,P3089,43.0,10,0
2024-06-01,ST115,P3220,39.0,15,0
2024-06-01,ST115,P3055,40.0,15,0
2024-06-01,ST115,P3323,32.0,5,0
2024-06-01,ST115,P3247,38.0,5,0
2024-06-01,ST115,P3386,36.0,20,0
2024-06-01,ST115,P3034,25.0,20,0
2024-06-01,ST115,P3174,36.0,10,0
2024-06-01,ST115,P3285,36.0,20,0
2024-06-01,ST115,P3384,26.0,10,0
2024-06-01,ST115,P3391,38.0,20,0
2024-06-01,ST115,P3250,36.0,15,0
2024-06-01,ST115,P3279,27.0,20,0
2024-06-01,ST115,P3435,37.0,10,0
2024-06-01,ST115,P3072,46.0,20,0
2024-06-01,ST115,P3304,35.0,5,0
2024-06-01,ST115,P3217,38.0,10,0
2024-06-01,ST115,P3286,42.0,5,0
2024-06-01,ST115,P3353,46.0,5,0
2024-06-01,ST115,P3309,32.0,5,0
2024-06-01,ST115,P3028,29.0,20,0
2024-06-01,ST115,P3338,29.0,15,0
2024-06-01,ST115,P3087,38.0,5,0
2024-06-01,ST115,P3240,37.0,20,0
2024-06-01,ST115,P3284,41.0,20,0
2024-06-01,ST115,P3519,40.0,5,0
2024-06-01,ST115,P3303,26.0,20,0
2024-06-01,ST115,P3480,40.0,15,0
2024-06-01,ST115,P3141,38.0,10,0
2024-06-01,ST115,P3013,38.0,20,0
2024-06-01,ST115,P3276,34.0,15,0
2024-06-01,ST115,P3229,34.0,5,0
2024-06-01,ST115,P3298,32.0,15,0
2024-06-01,ST115,P3004,41.0,20,0
2024-06-01,ST115,P3387,37.0,20,0
2024-06-01,ST115,P3462,33.0,20,0
2024-06-01,ST115,P3425,33.0,20,0
2024-06-01,ST115,P3035,31.0,20,0
2024-06-01,ST115,P3445,41.0,15,0
2024-06-01,ST115,P3392,27.0,15,0
2024-06-01,ST115,P3051,31.0,10,0
2024-06-01,ST115,P3516,40.0,15,0
2024-06-01,ST115,P3216,34.0,10,0
2024-06-01,ST115,P3033,28.0,20,0
2024-06-01,ST115,P3022,34.0,20,0
2024-06-01,ST115,P3102,32.0,10,0
2024-06-01,ST115,P3133,39.0,15,0
2024-06-01,ST116,P3437,28.0,20,0
2024-06-01,ST116,P3505,44.0,20,0
2024-06-01,ST116,P3077,28.0,10,0
2024-06-01,ST116,P3515,50.0,15,0
2024-06-01,ST116,P3143,33.0,5,0
2024-06-01,ST116,P3280,36.0,10,0
2024-06-01,ST116,P3127,28.0,10,0
2024-06-01,ST116,P3218,36.0,5,0
2024-06-01,ST116,P3320,36.0,10,0
2024-06-01,ST116,P3181,36.0,10,0
2024-06-01,ST116,P3467,37.0,5,0
2024-06-01,ST116,P3344,33.0,20,0
2024-06-01,ST116,P3361,27.0,15,0
2024-06-01,ST116,P3219,41.0,15,0
2024-06-01,ST116,P3427,32.0,5,0
2024-06-01,ST116,P3238,33.0,10,0
2024-06-01,ST116,P3137,33.0,15,0
2024-06-01,ST116,P3329,33.0,10,0
2024-06-01,ST116,P3353,56.0,10,0
2024-06-01,ST116,P3334,29.0,20,0
2024-06-01,ST116,P3160,29.0,10,0
2024-06-01,ST116,P3333,43.0,15,0
2024-06-01,ST116,P3205,32.0,20,0
2024-06-01,ST116,P3005,34.0,20,0
2024-06-01,ST116,P3370,43.0,15,0
2024-06-01,ST116,P3360,30.0,20,0
2024-06-01,ST116,P3393,48.0,15,0
2024-06-01,ST116,P3486,43.0,15,0
2024-06-01,ST116,P3001,37.0,20,0
2024-06-01,ST116,P3042,39.0,15,0
2024-06-01,ST116,P3328,42.0,10,0
2024-06-01,ST116,P3164,29.0,20,0
2024-06-01,ST116,P3405,36.0,5,0
2024-06-01,ST116,P3076,31.0,10,0
2024-06-01,ST116,P3020,32.0,15,0
2024-06-01,ST116,P3147,35.0,10,0
2024-06-01,ST116,P3089,29.0,10,0
2024-06-01,ST116,P3301,33.0,15,0
2024-06-01,ST116,P3212,41.0,15,0
2024-06-01,ST116,P3222,31.0,10,0
2024-06-01,ST116,P3213,35.0,20,0
2024-06-01,ST116,P3096,33.0,20,0
2024-06-01,ST116,P3423,36.0,15,0
2024-06-01,ST116,P3145,29.0,5,0
2024-06-01,ST116,P3071,28.0,5,0
2024-06-01,ST116,P3168,30.0,15,0
2024-06-01,ST116,P3211,40.0,15,0
2024-06-01,ST116,P3246,47.0,20,0
2024-06-01,ST116,P3103,38.0,10,0
2024-06-01,ST116,P3384,29.0,10,0
2024-06-01,ST116,P3274,37.0,5,0
2024-06-01,ST116,P3019,38.0,20,0
2024-06-01,ST116,P3045,42.0,20,0
2024-06-01,ST116,P3080,40.0,10,0
2024-06-01,ST116,P3034,28.0,20,0
2024-06-01,ST116,P3428,35.0,20,0
2024-06-01,ST116,P3518,30.0,15,0
2024-06-01,ST116,P3183,43.0,15,0
2024-06-01,ST116,P3473,32.0,15,0
2024-06-01,ST116,P3013,39.0,5,0
2024-06-01,ST117,P3120,40.0,15,0
2024-06-01,ST117,P3100,29.0,5,0
2024-06-01,ST117,P3278,38.0,15,0
2024-06-01,ST117,P3173,36.0,5,0
2024-06-01,ST117,P3436,39.0,5,0
2024-06-01,ST117,P3458,27.0,20,0
2024-06-01,ST117,P3260,33.0,5,0
2024-06-01,ST117,P3065,29.0,20,0
2024-06-01,ST117,P3375,30.0,15,0
2024-06-01,ST117,P3519,30.0,15,0
2024-06-01,ST117,P3317,41.0,15,0
2024-06-01,ST117,P3190,30.0,15,0
2024-06-01,ST117,P3295,30.0,15,0
2024-06-01,ST117,P3333,32.0,20,0
2024-06-01,ST117,P3455,38.0,5,0
2024-06-01,ST117,P3045,31.0,10,0
2024-06-01,ST117,P3301,37.0,10,0
2024-06-01,ST117,P3004,27.0,10,0
2024-06-01,ST117,P3234,35.0,5,0
2024-06-01,ST117,P3348,26.0,20,0
2024-06-01,ST117,P3518,39.0,5,0
2024-06-01,ST117,P3231,37.0,5,0
2024-06-01,ST117,P3062,37.0,10,0
2024-06-01,ST117,P3041,36.0,15,0
2024-06-01,ST117,P3496,26.0,5,0
2024-06-01,ST117,P3283,38.0,15,0
2024-06-01,ST117,P3081,37.0,10,0
2024-06-01,ST117,P3352,36.0,10,0
2024-06-01,ST117,P3268,33.0,5,0
2024-06-01,ST117,P3167,36.0,15,0
2024-06-01,ST117,P3413,43.0,5,0
2024-06-01,ST117,P3322,37.0,10,0
2024-06-01,ST117,P3506,38.0,5,0
2024-06-01,ST117,P3098,36.0,15,0
2024-06-01,ST117,P3411,33.0,20,0
2024-06-01,ST117,P3244,29.0,15,0
2024-06-01,ST117,P3008,37.0,15,0
2024-06-01,ST117,P3184,33.0,20,0
2024-06-01,ST117,P3329,37.0,10,0
2024-06-01,ST117,P3238,42.0,20,0
2024-06-01,ST117,P3470,34.0,15,0
2024-06-01,ST117,P3497,40.0,20,0
2024-06-01,ST117,P3264,33.0,10,0
2024-06-01,ST117,P3425,33.0,10,0
2024-06-01,ST117,P3001,36.0,15,0
2024-06-01,ST117,P3261,31.0,10,0
2024-06-01,ST117,P3312,34.0,5,0
2024-06-01,ST117,P3223,39.0,10,0
2024-06-01,ST117,P3262,25.0,5,0
2024-06-01,ST117,P3228,39.0,5,0
2024-06-01,ST117,P3263,28.0,15,0
2024-06-01,ST117,P3482,35.0,15,0
2024-06-01,ST117,P3229,31.0,20,0
2024-06-01,ST117,P3209,38.0,15,0
2024-06-01,ST117,P3377,31.0,10,0
2024-06-01,ST117,P3054,31.0,10,0
2024-06-01,ST117,P3039,58.0,15,0
2024-06-01,ST117,P3326,34.0,20,0
2024-06-01,ST117,P3159,25.0,5,0
2024-06-01,ST117,P3314,31.0,20,0
2024-06-01,ST118,P3164,31.0,10,0
2024-06-01,ST118,P3028,29.0,5,0
2024-06-01,ST118,P3214,40.0,10,0
2024-06-01,ST118,P3481,34.0,20,0
2024-06-01,ST118,P3075,32.0,10,0
2024-06-01,ST118,P3497,36.0,5,0
2024-06-01,ST118,P3388,38.0,10,0
2024-06-01,ST118,P3176,31.0,5,0
2024-06-01,ST118,P3363,31.0,15,0
2024-06-01,ST118,P3071,29.0,20,0
2024-06-01,ST118,P3398,35.0,20,0
2024-06-01,ST118,P3482,33.0,10,0
2024-06-01,ST118,P3449,40.0,20,0
2024-06-01,ST118,P3215,34.0,15,0
2024-06-01,ST118,P3210,40.0,20,0
2024-06-01,ST118,P3336,36.0,10,0
2024-06-01,ST118,P3440,31.0,20,0
2024-06-01,ST118,P3410,36.0,20,0
2024-06-01,ST118,P3396,36.0,15,0
2024-06-01,ST118,P3025,26.0,5,0
2024-06-01,ST118,P3260,33.0,5,0
2024-06-01,ST118,P3220,33.0,20,0
2024-06-01,ST118,P3211,42.0,15,0
2024-06-01,ST118,P3402,43.0,5,0
2024-06-01,ST118,P3312,33.0,10,0
2024-06-01,ST118,P3124,37.0,20,0
2024-06-01,ST118,P3443,48.0,20,0
2024-06-01,ST118,P3194,26.0,5,0
2024-06-01,ST118,P3447,34.0,5,0
2024-06-01,ST118,P3188,27.0,15,0
2024-06-01,ST118,P3479,34.0,15,0
2024-06-01,ST118,P3423,46.0,15,0
2024-06-01,ST118,P3184,42.0,15,0
2024-06-01,ST118,P3433,44.0,20,0
2024-06-01,ST118,P3384,40.0,15,0
2024-06-01,ST118,P3353,41.0,5,0
2024-06-01,ST118,P3264,30.0,10,0
2024-06-01,ST118,P3125,33.0,10,0
2024-06-01,ST118,P3425,39.0,15,0
2024-06-01,ST118,P3241,30.0,5,0
2024-06-01,ST118,P3474,44.0,20,0
2024-06-01,ST118,P3300,37.0,20,0
2024-06-01,ST118,P3112,20.0,15,0
2024-06-01,ST118,P3259,39.0,5,0
2024-06-01,ST118,P3201,29.0,15,0
2024-06-01,ST118,P3348,30.0,10,0
2024-06-01,ST118,P3372,36.0,15,0
2024-06-01,ST118,P3115,26.0,15,0
2024-06-01,ST118,P3455,38.0,5,0
2024-06-01,ST118,P3464,20.0,15,0
2024-06-01,ST118,P3367,38.0,20,0
2024-06-01,ST118,P3441,43.0,20,0
2024-06-01,ST118,P3328,37.0,15,0
2024-06-01,ST118,P3333,25.0,20,0
2024-06-01,ST118,P3472,34.0,15,0
2024-06-01,ST118,P3122,28.0,5,0
2024-06-01,ST118,P3173,34.0,15,0
2024-06-01,ST118,P3197,43.0,20,0
2024-06-01,ST118,P3373,35.0,20,0
2024-06-01,ST118,P3326,34.0,10,0
2024-07-01,ST101,P3335,48.0,5,0
2024-07-01,ST101,P3377,41.0,20,0
2024-07-01,ST101,P3085,45.0,10,0
2024-07-01,ST101,P3149,34.0,20,0
2024-07-01,ST101,P3098,36.0,15,0
2024-07-01,ST101,P3378,44.0,5,0
2024-07-01,ST101,P3444,31.0,15,0
2024-07-01,ST101,P3499,46.0,20,0
2024-07-01,ST101,P3044,32.0,5,0
2024-07-01,ST101,P3268,36.0,15,0
2024-07-01,ST101,P3054,30.0,20,0
2024-07-01,ST101,P3250,36.0,5,0
2024-07-01,ST101,P3446,27.0,20,0
2024-07-01,ST101,P3084,39.0,15,0
2024-07-01,ST101,P3495,21.0,5,0
2024-07-01,ST101,P3052,32.0,5,0
2024-07-01,ST101,P3489,32.0,10,0
2024-07-01,ST101,P3326,39.0,15,0
2024-07-01,ST101,P3128,43.0,5,0
2024-07-01,ST101,P3010,34.0,20,0
2024-07-01,ST101,P3208,31.0,20,0
2024-07-01,ST101,P3096,40.0,5,0
2024-07-01,ST101,P3139,39.0,15,0
2024-07-01,ST101,P3087,29.0,5,0
2024-07-01,ST101,P3406,37.0,5,0
2024-07-01,ST101,P3353,33.0,5,0
2024-07-01,ST101,P3236,30.0,5,0
2024-07-01,ST101,P3239,47.0,15,0
2024-07-01,ST101,P3099,31.0,5,0
2024-07-01,ST101,P3308,31.0,20,0
2024-07-01,ST101,P3091,32.0,5,0
2024-07-01,ST101,P3095,38.0,10,0
2024-07-01,ST101,P3423,28.0,20,0
2024-07-01,ST101,P3385,40.0,10,0
2024-07-01,ST101,P3289,37.0,20,0
2024-07-01,ST101,P3287,32.0,15,0
2024-07-01,ST101,P3373,32.0,10,0
2024-07-01,ST101,P3342,38.0,15,0
2024-07-01,ST101,P3048,34.0,10,0
2024-07-01,ST101,P3071,38.0,15,0
2024-07-01,ST101,P3458,31.0,5,0
2024-07-01,ST101,P3158,24.0,20,0
2024-07-01,ST101,P3424,37.0,10,0
2024-07-01,ST101,P3212,37.0,15,0
2024-07-01,ST101,P3143,28.0,10,0
2024-07-01,ST101,P3110,32.0,15,0
2024-07-01,ST101,P3047,43.0,5,0
2024-07-01,ST101,P3007,34.0,20,0
2024-07-01,ST101,P3467,31.0,15,0
2024-07-01,ST101,P3470,39.0,10,0
2024-07-01,ST101,P3512,33.0,10,0
2024-07-01,ST101,P3045,24.0,10,0
2024-07-01,ST101,P3402,32.0,20,0
2024-07-01,ST101,P3127,40.0,15,0
2024-07-01,ST101,P3475,41.0,20,0
2024-07-01,ST101,P3097,46.0,15,0
2024-07-01,ST101,P3204,46.0,5,0
2024-07-01,ST101,P3334,45.0,15,0
2024-07-01,ST101,P3093,33.0,15,0
2024-07-01,ST101,P3252,31.0,5,0
2024-07-01,ST102,P3517,31.0,5,0
2024-07-01,ST102,P3187,32.0,5,0
2024-07-01,ST102,P3255,30.0,20,0
2024-07-01,ST102,P3088,40.0,10,0
2024-07-01,ST102,P3218,35.0,15,0
2024-07-01,ST102,P3323,27.0,5,0
2024-07-01,ST102,P3227,36.0,10,0
2024-07-01,ST102,P3070,42.0,10,0
2024-07-01,ST102,P3286,35.0,20,0
2024-07-01,ST102,P3104,25.0,5,0
2024-07-01,ST102,P3421,32.0,15,0
2024-07-01,ST102,P3334,27.0,10,0
2024-07-01,ST102,P3504,40.0,5,0
2024-07-01,ST102,P3314,40.0,15,0
2024-07-01,ST102,P3271,34.0,10,0
2024-07-01,ST102,P3261,36.0,5,0
2024-07-01,ST102,P3320,38.0,5,0
2024-07-01,ST102,P3129,47.0,20,0
2024-07-01,ST102,P3514,36.0,10,0
2024-07-01,ST102,P3417,34.0,15,0
2024-07-01,ST102,P3448,41.0,20,0
2024-07-01,ST102,P3329,33.0,20,0
2024-07-01,ST102,P3258,43.0,5,0
2024-07-01,ST102,P3319,32.0,5,0
2024-07-01,ST102,P3056,29.0,10,0
2024-07-01,ST102,P3146,30.0,5,0
2024-07-01,ST102,P3292,27.0,15,0
2024-07-01,ST102,P3142,36.0,10,0
2024-07-01,ST102,P3453,39.0,5,0
2024-07-01,ST102,P3472,34.0,10,0
2024-07-01,ST102,P3507,29.0,10,0
2024-07-01,ST102,P3025,37.0,20,0
2024-07-01,ST102,P3260,40.0,5,0
2024-07-01,ST102,P3498,41.0,15,0
2024-07-01,ST102,P3242,27.0,10,0
2024-07-01,ST102,P3424,33.0,15,0
2024-07-01,ST102,P3425,32.0,20,0
2024-07-01,ST102,P3229,44.0,15,0
2024-07-01,ST102,P3394,32.0,15,0
2024-07-01,ST102,P3087,42.0,5,0
2024-07-01,ST102,P3176,35.0,10,0
2024-07-01,ST102,P3200,35.0,10,0
2024-07-01,ST102,P3426,40.0,20,0
2024-07-01,ST102,P3344,34.0,10,0
2024-07-01,ST102,P3080,23.0,10,0
2024-07-01,ST102,P3368,25.0,10,0
2024-07-01,ST102,P3012,37.0,15,0
2024-07-01,ST102,P3158,26.0,15,0
2024-07-01,ST102,P3469,37.0,5,0
2024-07-01,ST102,P3223,33.0,10,0
2024-07-01,ST102,P3331,37.0,5,0
2024-07-01,ST102,P3349,40.0,5,0
2024-07-01,ST102,P3267,40.0,10,0
2024-07-01,ST102,P3436,41.0,5,0
2024-07-01,ST102,P3282,37.0,10,0
2024-07-01,ST102,P3008,41.0,15,0
2024-07-01,ST102,P3148,42.0,15,0
2024-07-01,ST102,P3100,28.0,5,0
2024-07-01,ST102,P3208,38.0,5,0
2024-07-01,ST102,P3067,39.0,20,0
2024-07-01,ST103,P3436,38.0,20,0
2024-07-01,ST103,P3323,39.0,15,0
2024-07-01,ST103,P3338,37.0,10,0
2024-07-01,ST103,P3018,40.0,5,0
2024-07-01,ST103,P3492,28.0,15,0
2024-07-01,ST103,P3170,36.0,5,0
2024-07-01,ST103,P3157,31.0,10,0
2024-07-01,ST103,P3075,31.0,20,0
2024-07-01,ST103,P3126,38.0,10,0
2024-07-01,ST103,P3394,40.0,5,0
2024-07-01,ST103,P3455,29.0,15,0
2024-07-01,ST103,P3167,35.0,20,0
2024-07-01,ST103,P3512,38.0,20,0
2024-07-01,ST103,P3244,26.0,5,0
2024-07-01,ST103,P3375,41.0,5,0
2024-07-01,ST103,P3245,29.0,20,0
2024-07-01,ST103,P3200,36.0,5,0
2024-07-01,ST103,P3402,35.0,5,0
2024-07-01,ST103,P3473,36.0,5,0
2024-07-01,ST103,P3475,42.0,10,0
2024-07-01,ST103,P3208,37.0,5,0
2024-07-01,ST103,P3421,33.0,15,0
2024-07-01,ST103,P3306,36.0,5,0
2024-07-01,ST103,P3185,38.0,5,0
2024-07-01,ST103,P3287,27.0,20,0
2024-07-01,ST103,P3111,28.0,10,0
2024-07-01,ST103,P3247,26.0,20,0
2024-07-01,ST103,P3397,32.0,20,0
2024-07-01,ST103,P3499,38.0,20,0
2024-07-01,ST103,P3300,43.0,10,0
2024-07-01,ST103,P3363,34.0,10,0
2024-07-01,ST103,P3180,47.0,20,0
2024-07-01,ST103,P3053,38.0,15,0
2024-07-01,ST103,P3193,32.0,20,0
2024-07-01,ST103,P3139,29.0,5,0
2024-07-01,ST103,P3171,28.0,10,0
2024-07-01,ST103,P3078,31.0,20,0
2024-07-01,ST103,P3250,35.0,10,0
2024-07-01,ST103,P3321,40.0,5,0
2024-07-01,ST103,P3344,27.0,15,0
2024-07-01,ST103,P3068,35.0,20,0
2024-07-01,ST103,P3513,35.0,20,0
2024-07-01,ST103,P3192,43.0,20,0
2024-07-01,ST103,P3461,40.0,20,0
2024-07-01,ST103,P3339,30.0,10,0
2024-07-01,ST103,P3487,34.0,20,0
2024-07-01,ST103,P3293,38.0,10,0
2024-07-01,ST103,P3398,34.0,10,0
2024-07-01,ST103,P3065,35.0,15,0
2024-07-01,ST103,P3280,43.0,10,0
2024-07-01,ST103,P3413,33.0,5,0
2024-07-01,ST103,P3061,28.0,20,0
2024-07-01,ST103,P3251,33.0,5,0
2024-07-01,ST103,P3488,34.0,20,0
2024-07-01,ST103,P3297,29.0,10,0
2024-07-01,ST103,P3382,31.0,10,0
2024-07-01,ST103,P3215,40.0,20,0
2024-07-01,ST103,P3066,36.0,15,0
2024-07-01,ST103,P3093,39.0,20,0
2024-07-01,ST103,P3188,32.0,20,0
2024-07-01,ST104,P3085,31.0,10,0
2024-07-01,ST104,P3094,34.0,20,0
2024-07-01,ST104,P3296,45.0,20,0
2024-07-01,ST104,P3367,37.0,5,0
2024-07-01,ST104,P3317,37.0,15,0
2024-07-01,ST104,P3329,33.0,20,0
2024-07-01,ST104,P3222,34.0,5,0
2024-07-01,ST104,P3164,34.0,15,0
2024-07-01,ST104,P3452,28.0,5,0
2024-07-01,ST104,P3444,49.0,5,0
2024-07-01,ST104,P3048,28.0,10,0
2024-07-01,ST104,P3187,33.0,20,0
2024-07-01,ST104,P3443,50.0,15,0
2024-07-01,ST104,P3197,35.0,10,0
2024-07-01,ST104,P3183,42.0,10,0
2024-07-01,ST104,P3380,43.0,20,0
2024-07-01,ST104,P3439,37.0,15,0
2024-07-01,ST104,P3385,26.0,10,0
2024-07-01,ST104,P3058,25.0,10,0
2024-07-01,ST104,P3006,46.0,20,0
2024-07-01,ST104,P3503,37.0,10,0
2024-07-01,ST104,P3322,21.0,5,0
2024-07-01,ST104,P3088,19.0,5,0
2024-07-01,ST104,P3256,42.0,20,0
2024-07-01,ST104,P3154,37.0,5,0
2024-07-01,ST104,P3283,31.0,5,0
2024-07-01,ST104,P3234,28.0,20,0
2024-07-01,ST104,P3311,46.0,20,0
2024-07-01,ST104,P3245,33.0,5,0
2024-07-01,ST104,P3480,35.0,15,0
2024-07-01,ST104,P3041,38.0,10,0
2024-07-01,ST104,P3373,38.0,20,0
2024-07-01,ST104,P3203,46.0,10,0
2024-07-01,ST104,P3079,37.0,5,0
2024-07-01,ST104,P3345,27.0,15,0
2024-07-01,ST104,P3335,43.0,20,0
2024-07-01,ST104,P3440,39.0,20,0
2024-07-01,ST104,P3316,34.0,5,0
2024-07-01,ST104,P3038,38.0,20,0
2024-07-01,ST104,P3173,32.0,5,0
2024-07-01,ST104,P3098,41.0,20,0
2024-07-01,ST104,P3121,38.0,5,0
2024-07-01,ST104,P3431,34.0,10,0
2024-07-01,ST104,P3165,38.0,15,0
2024-07-01,ST104,P3404,40.0,5,0
2024-07-01,ST104,P3485,26.0,20,0
2024-07-01,ST104,P3268,23.0,20,0
2024-07-01,ST104,P3496,35.0,5,0
2024-07-01,ST104,P3239,33.0,20,0
2024-07-01,ST104,P3237,35.0,20,0
2024-07-01,ST104,P3418,34.0,10,0
2024-07-01,ST104,P3486,33.0,10,0
2024-07-01,ST104,P3389,30.0,20,0
2024-07-01,ST104,P3128,40.0,20,0
2024-07-01,ST104,P3419,34.0,10,0
2024-07-01,ST104,P3127,36.0,20,0
2024-07-01,ST104,P3083,31.0,20,0
2024-07-01,ST104,P3052,32.0,20,0
2024-07-01,ST104,P3255,38.0,20,0
2024-07-01,ST104,P3190,32.0,20,0
2024-07-01,ST105,P3250,42.0,20,0
2024-07-01,ST105,P3088,32.0,15,0
2024-07-01,ST105,P3080,55.0,10,0
2024-07-01,ST105,P3348,33.0,15,0
2024-07-01,ST105,P3451,37.0,15,0
2024-07-01,ST105,P3026,35.0,10,0
2024-07-01,ST105,P3296,30.0,10,0
2024-07-01,ST105,P3381,33.0,10,0
2024-07-01,ST105,P3293,43.0,5,0
2024-07-01,ST105,P3438,33.0,15,0
2024-07-01,ST105,P3002,31.0,15,0
2024-07-01,ST105,P3362,36.0,15,0
2024-07-01,ST105,P3141,35.0,15,0
2024-07-01,ST105,P3463,32.0,10,0
2024-07-01,ST105,P3040,34.0,20,0
2024-07-01,ST105,P3458,39.0,20,0
2024-07-01,ST105,P3071,27.0,20,0
2024-07-01,ST105,P3270,31.0,10,0
2024-07-01,ST105,P3230,39.0,5,0
2024-07-01,ST105,P3103,39.0,15,0
2024-07-01,ST105,P3007,32.0,10,0
2024-07-01,ST105,P3500,32.0,5,0
2024-07-01,ST105,P3142,26.0,5,0
2024-07-01,ST105,P3272,40.0,5,0
2024-07-01,ST105,P3359,31.0,15,0
2024-07-01,ST105,P3167,37.0,5,0
2024-07-01,ST105,P3286,34.0,5,0
2024-07-01,ST105,P3397,34.0,5,0
2024-07-01,ST105,P3113,45.0,5,0
2024-07-01,ST105,P3460,35.0,10,0
2024-07-01,ST105,P3038,29.0,5,0
2024-07-01,ST105,P3106,36.0,15,0
2024-07-01,ST105,P3072,30.0,5,0
2024-07-01,ST105,P3507,42.0,15,0
2024-07-01,ST105,P3445,41.0,15,0
2024-07-01,ST105,P3283,40.0,10,0
2024-07-01,ST105,P3327,43.0,5,0
2024-07-01,ST105,P3213,33.0,15,0
2024-07-01,ST105,P3169,39.0,20,0
2024-07-01,ST105,P3385,39.0,10,0
2024-07-01,ST105,P3287,44.0,20,0
2024-07-01,ST105,P3152,32.0,10,0
2024-07-01,ST105,P3165,34.0,15,0
2024-07-01,ST105,P3117,38.0,5,0
2024-07-01,ST105,P3415,41.0,10,0
2024-07-01,ST105,P3379,43.0,5,0
2024-07-01,ST105,P3129,39.0,15,0
2024-07-01,ST105,P3175,29.0,15,0
2024-07-01,ST105,P3449,25.0,10,0
2024-07-01,ST105,P3453,35.0,20,0
2024-07-01,ST105,P3089,43.0,10,0
2024-07-01,ST105,P3292,35.0,5,0
2024-07-01,ST105,P3198,29.0,5,0
2024-07-01,ST105,P3045,39.0,15,0
2024-07-01,ST105,P3271,34.0,5,0
2024-07-01,ST105,P3049,27.0,10,0
2024-07-01,ST105,P3398,27.0,15,0
2024-07-01,ST105,P3504,45.0,10,0
2024-07-01,ST105,P3388,40.0,20,0
2024-07-01,ST105,P3163,41.0,20,0
2024-07-01,ST106,P3284,28.0,10,0
2024-07-01,ST106,P3175,22.0,15,0
2024-07-01,ST106,P3052,36.0,10,0
2024-07-01,ST106,P3520,36.0,5,0
2024-07-01,ST106,P3399,34.0,15,0
2024-07-01,ST106,P3069,39.0,20,0
2024-07-01,ST106,P3228,36.0,20,0
2024-07-01,ST106,P3104,24.0,15,0
2024-07-01,ST106,P3361,41.0,15,0
2024-07-01,ST106,P3379,31.0,20,0
2024-07-01,ST106,P3397,39.0,15,0
2024-07-01,ST106,P3210,30.0,5,0
2024-07-01,ST106,P3419,31.0,15,0
2024-07-01,ST106,P3152,33.0,15,0
2024-07-01,ST106,P3331,35.0,5,0
2024-07-01,ST106,P3518,43.0,15,0
2024-07-01,ST106,P3191,25.0,20,0
2024-07-01,ST106,P3198,44.0,15,0
2024-07-01,ST106,P3465,29.0,5,0
2024-07-01,ST106,P3016,26.0,20,0
2024-07-01,ST106,P3347,29.0,15,0
2024-07-01,ST106,P3381,38.0,10,0
2024-07-01,ST106,P3447,39.0,20,0
2024-07-01,ST106,P3245,38.0,20,0
2024-07-01,ST106,P3416,39.0,5,0
2024-07-01,ST106,P3211,32.0,10,0
2024-07-01,ST106,P3519,29.0,15,0
2024-07-01,ST106,P3099,37.0,15,0
2024-07-01,ST106,P3047,28.0,20,0
2024-07-01,ST106,P3060,31.0,5,0
2024-07-01,ST106,P3315,38.0,15,0
2024-07-01,ST106,P3325,45.0,10,0
2024-07-01,ST106,P3088,45.0,5,0
2024-07-01,ST106,P3401,44.0,10,0
2024-07-01,ST106,P3221,31.0,10,0
2024-07-01,ST106,P3265,34.0,15,0
2024-07-01,ST106,P3154,28.0,15,0
2024-07-01,ST106,P3200,32.0,10,0
2024-07-01,ST106,P3138,41.0,5,0
2024-07-01,ST106,P3010,35.0,15,0
2024-07-01,ST106,P3287,35.0,20,0
2024-07-01,ST106,P3108,35.0,5,0
2024-07-01,ST106,P3194,33.0,10,0
2024-07-01,ST106,P3487,33.0,10,0
2024-07-01,ST106,P3057,32.0,10,0
2024-07-01,ST106,P3204,32.0,20,0
2024-07-01,ST106,P3044,32.0,20,0
2024-07-01,ST106,P3502,31.0,5,0
2024-07-01,ST106,P3213,40.0,5,0
2024-07-01,ST106,P3394,26.0,5,0
2024-07-01,ST106,P3264,25.0,15,0
2024-07-01,ST106,P3196,30.0,10,0
2024-07-01,ST106,P3263,42.0,10,0
2024-07-01,ST106,P3005,29.0,5,0
2024-07-01,ST106,P3195,33.0,5,0
2024-07-01,ST106,P3423,37.0,20,0
2024-07-01,ST106,P3488,40.0,20,0
2024-07-01,ST106,P3035,32.0,15,0
2024-07-01,ST106,P3203,35.0,20,0
2024-07-01,ST106,P3164,37.0,5,0
2024-07-01,ST107,P3409,38.0,20,0
2024-07-01,ST107,P3014,39.0,5,0
2024-07-01,ST107,P3308,34.0,10,0
2024-07-01,ST107,P3047,22.0,5,0
2024-07-01,ST107,P3327,37.0,20,0
2024-07-01,ST107,P3175,42.0,5,0
2024-07-01,ST107,P3225,45.0,20,0
2024-07-01,ST107,P3063,42.0,10,0
2024-07-01,ST107,P3147,41.0,10,0
2024-07-01,ST107,P3087,34.0,5,0
2024-07-01,ST107,P3074,27.0,15,0
2024-07-01,ST107,P3305,46.0,10,0
2024-07-01,ST107,P3253,28.0,15,0
2024-07-01,ST107,P3082,28.0,15,0
2024-07-01,ST107,P3376,32.0,20,0
2024-07-01,ST107,P3299,32.0,10,0
2024-07-01,ST107,P3286,27.0,15,0
2024-07-01,ST107,P3133,36.0,20,0
2024-07-01,ST107,P3235,38.0,5,0
2024-07-01,ST107,P3370,28.0,15,0
2024-07-01,ST107,P3289,31.0,5,0
2024-07-01,ST107,P3435,33.0,20,0
2024-07-01,ST107,P3371,33.0,5,0
2024-07-01,ST107,P3143,29.0,10,0
2024-07-01,ST107,P3380,32.0,5,0
2024-07-01,ST107,P3490,39.0,20,0
2024-07-01,ST107,P3035,28.0,20,0
2024-07-01,ST107,P3465,28.0,5,0
2024-07-01,ST107,P3128,38.0,10,0
2024-07-01,ST107,P3304,25.0,15,0
2024-07-01,ST107,P3052,34.0,15,0
2024-07-01,ST107,P3352,41.0,5,0
2024-07-01,ST107,P3007,30.0,10,0
2024-07-01,ST107,P3407,37.0,10,0
2024-07-01,ST107,P3310,37.0,5,0
2024-07-01,ST107,P3251,37.0,10,0
2024-07-01,ST107,P3359,31.0,10,0
2024-07-01,ST107,P3017,33.0,10,0
2024-07-01,ST107,P3424,48.0,15,0
2024-07-01,ST107,P3415,23.0,15,0
2024-07-01,ST107,P3313,28.0,20,0
2024-07-01,ST107,P3428,36.0,5,0
2024-07-01,ST107,P3095,33.0,15,0
2024-07-01,ST107,P3090,30.0,15,0
2024-07-01,ST107,P3414,42.0,20,0
2024-07-01,ST107,P3266,37.0,10,0
2024-07-01,ST107,P3264,26.0,15,0
2024-07-01,ST107,P3120,29.0,5,0
2024-07-01,ST107,P3021,44.0,20,0
2024-07-01,ST107,P3331,33.0,15,0
2024-07-01,ST107,P3240,29.0,5,0
2024-07-01,ST107,P3281,42.0,5,0
2024-07-01,ST107,P3504,33.0,5,0
2024-07-01,ST107,P3426,27.0,10,0
2024-07-01,ST107,P3418,30.0,5,0
2024-07-01,ST107,P3356,38.0,20,0
2024-07-01,ST107,P3458,33.0,15,0
2024-07-01,ST107,P3274,43.0,15,0
2024-07-01,ST107,P3336,43.0,5,0
2024-07-01,ST107,P3034,30.0,10,0
2024-07-01,ST108,P3445,31.0,20,0
2024-07-01,ST108,P3467,39.0,15,0
2024-07-01,ST108,P3427,39.0,10,0
2024-07-01,ST108,P3205,30.0,20,0
2024-07-01,ST108,P3338,35.0,15,0
2024-07-01,ST108,P3153,32.0,5,0
2024-07-01,ST108,P3504,31.0,10,0
2024-07-01,ST108,P3472,27.0,20,0
2024-07-01,ST108,P3022,33.0,5,0
2024-07-01,ST108,P3066,30.0,15,0
2024-07-01,ST108,P3191,34.0,10,0
2024-07-01,ST108,P3111,43.0,15,0
2024-07-01,ST108,P3455,28.0,15,0
2024-07-01,ST108,P3213,39.0,10,0
2024-07-01,ST108,P3086,31.0,5,0
2024-07-01,ST108,P3479,32.0,10,0
2024-07-01,ST108,P3339,31.0,15,0
2024-07-01,ST108,P3490,35.0,20,0
2024-07-01,ST108,P3175,33.0,5,0
2024-07-01,ST108,P3147,38.0,10,0
2024-07-01,ST108,P3177,37.0,5,0
2024-07-01,ST108,P3348,32.0,20,0
2024-07-01,ST108,P3471,23.0,15,0
2024-07-01,ST108,P3033,30.0,20,0
2024-07-01,ST108,P3351,27.0,10,0
2024-07-01,ST108,P3311,28.0,15,0
2024-07-01,ST108,P3221,33.0,15,0
2024-07-01,ST108,P3309,39.0,10,0
2024-07-01,ST108,P3152,37.0,5,0
2024-07-01,ST108,P3432,34.0,15,0
2024-07-01,ST108,P3308,34.0,10,0
2024-07-01,ST108,P3229,33.0,15,0
2024-07-01,ST108,P3088,31.0,5,0
2024-07-01,ST108,P3068,30.0,20,0
2024-07-01,ST108,P3436,32.0,15,0
2024-07-01,ST108,P3089,36.0,15,0
2024-07-01,ST108,P3156,48.0,5,0
2024-07-01,ST108,P3501,36.0,20,0
2024-07-01,ST108,P3322,37.0,20,0
2024-07-01,ST108,P3137,31.0,5,0
2024-07-01,ST108,P3278,44.0,20,0
2024-07-01,ST108,P3223,32.0,5,0
2024-07-01,ST108,P3266,33.0,20,0
2024-07-01,ST108,P3210,34.0,10,0
2024-07-01,ST108,P3433,32.0,10,0
2024-07-01,ST108,P3441,29.0,20,0
2024-07-01,ST108,P3096,35.0,5,0
2024-07-01,ST108,P3457,31.0,20,0
2024-07-01,ST108,P3207,46.0,5,0
2024-07-01,ST108,P3296,32.0,20,0
2024-07-01,ST108,P3477,31.0,20,0
2024-07-01,ST108,P3143,39.0,10,0
2024-07-01,ST108,P3148,33.0,10,0
2024-07-01,ST108,P3493,30.0,20,0
2024-07-01,ST108,P3062,32.0,10,0
2024-07-01,ST108,P3458,37.0,5,0
2024-07-01,ST108,P3434,36.0,10,0
2024-07-01,ST108,P3185,27.0,10,0
2024-07-01,ST108,P3026,37.0,15,0
2024-07-01,ST108,P3003,35.0,15,0
2024-07-01,ST109,P3374,39.0,15,0
2024-07-01,ST109,P3064,39.0,15,0
2024-07-01,ST109,P3429,46.0,5,0
2024-07-01,ST109,P3295,24.0,20,0
2024-07-01,ST109,P3212,34.0,15,0
2024-07-01,ST109,P3102,25.0,20,0
2024-07-01,ST109,P3130,35.0,20,0
2024-07-01,ST109,P3079,41.0,10,0
2024-07-01,ST109,P3514,35.0,20,0
2024-07-01,ST109,P3160,32.0,5,0
2024-07-01,ST109,P3213,44.0,20,0
2024-07-01,ST109,P3458,40.0,15,0
2024-07-01,ST109,P3489,39.0,5,0
2024-07-01,ST109,P3103,31.0,20,0
2024-07-01,ST109,P3216,28.0,5,0
2024-07-01,ST109,P3229,41.0,20,0
2024-07-01,ST109,P3137,31.0,10,0
2024-07-01,ST109,P3225,29.0,5,0
2024-07-01,ST109,P3194,32.0,5,0
2024-07-01,ST109,P3073,28.0,5,0
2024-07-01,ST109,P3257,25.0,5,0
2024-07-01,ST109,P3509,37.0,10,0
2024-07-01,ST109,P3045,44.0,10,0
2024-07-01,ST109,P3208,40.0,5,0
2024-07-01,ST109,P3017,32.0,20,0
2024-07-01,ST109,P3065,39.0,15,0
2024-07-01,ST109,P3318,47.0,10,0
2024-07-01,ST109,P3105,28.0,5,0
2024-07-01,ST109,P3330,47.0,10,0
2024-07-01,ST109,P3129,29.0,20,0
2024-07-01,ST109,P3198,43.0,20,0
2024-07-01,ST109,P3054,29.0,20,0
2024-07-01,ST109,P3501,44.0,20,0
2024-07-01,ST109,P3157,38.0,20,0
2024-07-01,ST109,P3215,30.0,10,0
2024-07-01,ST109,P3422,43.0,20,0
2024-07-01,ST109,P3346,31.0,15,0
2024-07-01,ST109,P3296,29.0,20,0
2024-07-01,ST109,P3159,28.0,20,0
2024-07-01,ST109,P3176,27.0,15,0
2024-07-01,ST109,P3175,39.0,5,0
2024-07-01,ST109,P3493,27.0,20,0
2024-07-01,ST109,P3243,34.0,5,0
2024-07-01,ST109,P3456,33.0,5,0
2024-07-01,ST109,P3256,33.0,15,0
2024-07-01,ST109,P3239,45.0,5,0
2024-07-01,ST109,P3201,36.0,5,0
2024-07-01,ST109,P3271,44.0,5,0
2024-07-01,ST109,P3072,45.0,15,0
2024-07-01,ST109,P3490,43.0,20,0
2024-07-01,ST109,P3120,42.0,20,0
2024-07-01,ST109,P3221,45.0,5,0
2024-07-01,ST109,P3520,29.0,5,0
2024-07-01,ST109,P3085,22.0,5,0
2024-07-01,ST109,P3118,33.0,5,0
2024-07-01,ST109,P3151,19.0,10,0
2024-07-01,ST109,P3382,35.0,10,0
2024-07-01,ST109,P3112,39.0,5,0
2024-07-01,ST109,P3206,36.0,20,0
2024-07-01,ST109,P3342,34.0,10,0
2024-07-01,ST110,P3439,35.0,15,0
2024-07-01,ST110,P3064,24.0,15,0
2024-07-01,ST110,P3335,32.0,15,0
2024-07-01,ST110,P3085,50.0,15,0
2024-07-01,ST110,P3290,39.0,15,0
2024-07-01,ST110,P3153,33.0,10,0
2024-07-01,ST110,P3157,28.0,5,0
2024-07-01,ST110,P3063,34.0,5,0
2024-07-01,ST110,P3187,32.0,10,0
2024-07-01,ST110,P3307,40.0,20,0
2024-07-01,ST110,P3379,34.0,15,0
2024-07-01,ST110,P3132,33.0,10,0
2024-07-01,ST110,P3483,35.0,10,0
2024-07-01,ST110,P3115,42.0,5,0
2024-07-01,ST110,P3259,37.0,5,0
2024-07-01,ST110,P3387,36.0,10,0
2024-07-01,ST110,P3165,28.0,20,0
2024-07-01,ST110,P3304,34.0,20,0
2024-07-01,ST110,P3040,48.0,15,0
2024-07-01,ST110,P3266,48.0,20,0
2024-07-01,ST110,P3046,37.0,15,0
2024-07-01,ST110,P3191,34.0,5,0
2024-07-01,ST110,P3485,42.0,20,0
2024-07-01,ST110,P3301,27.0,5,0
2024-07-01,ST110,P3347,37.0,10,0
2024-07-01,ST110,P3195,34.0,20,0
2024-07-01,ST110,P3120,36.0,5,0
2024-07-01,ST110,P3414,39.0,15,0
2024-07-01,ST110,P3351,30.0,15,0
2024-07-01,ST110,P3237,32.0,15,0
2024-07-01,ST110,P3097,37.0,15,0
2024-07-01,ST110,P3388,32.0,15,0
2024-07-01,ST110,P3033,44.0,5,0
2024-07-01,ST110,P3405,40.0,15,0
2024-07-01,ST110,P3249,34.0,20,0
2024-07-01,ST110,P3461,25.0,20,0
2024-07-01,ST110,P3488,27.0,15,0
2024-07-01,ST110,P3378,31.0,20,0
2024-07-01,ST110,P3399,34.0,15,0
2024-07-01,ST110,P3355,34.0,20,0
2024-07-01,ST110,P3419,47.0,5,0
2024-07-01,ST110,P3353,29.0,5,0
2024-07-01,ST110,P3222,46.0,15,0
2024-07-01,ST110,P3055,36.0,15,0
2024-07-01,ST110,P3002,35.0,10,0
2024-07-01,ST110,P3480,44.0,20,0
2024-07-01,ST110,P3343,37.0,20,0
2024-07-01,ST110,P3131,36.0,10,0
2024-07-01,ST110,P3060,34.0,5,0
2024-07-01,ST110,P3331,37.0,15,0
2024-07-01,ST110,P3073,37.0,10,0
2024-07-01,ST110,P3363,34.0,10,0
2024-07-01,ST110,P3385,42.0,15,0
2024-07-01,ST110,P3078,37.0,5,0
2024-07-01,ST110,P3273,33.0,10,0
2024-07-01,ST110,P3462,27.0,10,0
2024-07-01,ST110,P3103,36.0,20,0
2024-07-01,ST110,P3357,38.0,10,0
2024-07-01,ST110,P3203,35.0,20,0
2024-07-01,ST110,P3269,36.0,15,0
2024-07-01,ST111,P3183,27.0,5,0
2024-07-01,ST111,P3239,36.0,20,0
2024-07-01,ST111,P3387,41.0,5,0
2024-07-01,ST111,P3167,38.0,10,0
2024-07-01,ST111,P3475,33.0,10,0
2024-07-01,ST111,P3413,36.0,20,0
2024-07-01,ST111,P3077,30.0,20,0
2024-07-01,ST111,P3227,28.0,20,0
2024-07-01,ST111,P3391,28.0,10,0
2024-07-01,ST111,P3131,32.0,15,0
2024-07-01,ST111,P3096,38.0,10,0
2024-07-01,ST111,P3273,27.0,5,0
2024-07-01,ST111,P3429,41.0,20,0
2024-07-01,ST111,P3020,34.0,15,0
2024-07-01,ST111,P3372,33.0,5,0
2024-07-01,ST111,P3010,39.0,15,0
2024-07-01,ST111,P3492,31.0,10,0
2024-07-01,ST111,P3079,29.0,20,0
2024-07-01,ST111,P3172,41.0,20,0
2024-07-01,ST111,P3115,37.0,20,0
2024-07-01,ST111,P3360,42.0,15,0
2024-07-01,ST111,P3352,27.0,20,0
2024-07-01,ST111,P3224,41.0,5,0
2024-07-01,ST111,P3362,28.0,15,0
2024-07-01,ST111,P3171,34.0,15,0
2024-07-01,ST111,P3336,34.0,20,0
2024-07-01,ST111,P3138,31.0,20,0
2024-07-01,ST111,P3466,28.0,20,0
2024-07-01,ST111,P3098,34.0,10,0
2024-07-01,ST111,P3448,40.0,10,0
2024-07-01,ST111,P3211,28.0,20,0
2024-07-01,ST111,P3254,41.0,5,0
2024-07-01,ST111,P3162,34.0,5,0
2024-07-01,ST111,P3147,26.0,20,0
2024-07-01,ST111,P3068,39.0,20,0
2024-07-01,ST111,P3424,32.0,20,0
2024-07-01,ST111,P3519,49.0,5,0
2024-07-01,ST111,P3013,39.0,5,0
2024-07-01,ST111,P3108,37.0,15,0
2024-07-01,ST111,P3451,33.0,15,0
2024-07-01,ST111,P3444,40.0,15,0
2024-07-01,ST111,P3275,23.0,5,0
2024-07-01,ST111,P3314,37.0,20,0
2024-07-01,ST111,P3135,37.0,5,0
2024-07-01,ST111,P3472,30.0,5,0
2024-07-01,ST111,P3192,39.0,5,0
2024-07-01,ST111,P3179,39.0,5,0
2024-07-01,ST111,P3306,34.0,10,0
2024-07-01,ST111,P3255,23.0,20,0
2024-07-01,ST111,P3083,36.0,5,0
2024-07-01,ST111,P3071,36.0,15,0
2024-07-01,ST111,P3449,24.0,10,0
2024-07-01,ST111,P3128,40.0,5,0
2024-07-01,ST111,P3435,36.0,10,0
2024-07-01,ST111,P3088,40.0,5,0
2024-07-01,ST111,P3180,34.0,20,0
2024-07-01,ST111,P3055,28.0,5,0
2024-07-01,ST111,P3044,30.0,5,0
2024-07-01,ST111,P3002,37.0,10,0
2024-07-01,ST111,P3397,25.0,15,0
2024-07-01,ST112,P3284,43.0,15,0
2024-07-01,ST112,P3073,43.0,10,0
2024-07-01,ST112,P3206,42.0,5,0
2024-07-01,ST112,P3220,34.0,15,0
2024-07-01,ST112,P3078,38.0,20,0
2024-07-01,ST112,P3518,39.0,5,0
2024-07-01,ST112,P3407,40.0,15,0
2024-07-01,ST112,P3359,44.0,5,0
2024-07-01,ST112,P3394,44.0,10,0
2024-07-01,ST112,P3368,47.0,5,0
2024-07-01,ST112,P3031,36.0,15,0
2024-07-01,ST112,P3019,31.0,10,0
2024-07-01,ST112,P3224,41.0,10,0
2024-07-01,ST112,P3209,27.0,5,0
2024-07-01,ST112,P3367,29.0,5,0
2024-07-01,ST112,P3096,35.0,10,0
2024-07-01,ST112,P3243,39.0,10,0
2024-07-01,ST112,P3292,39.0,15,0
2024-07-01,ST112,P3295,27.0,5,0
2024-07-01,ST112,P3208,34.0,5,0
2024-07-01,ST112,P3382,45.0,20,0
2024-07-01,ST112,P3048,29.0,15,0
2024-07-01,ST112,P3364,37.0,5,0
2024-07-01,ST112,P3089,37.0,10,0
2024-07-01,ST112,P3415,42.0,20,0
2024-07-01,ST112,P3479,30.0,5,0
2024-07-01,ST112,P3188,42.0,10,0
2024-07-01,ST112,P3242,36.0,10,0
2024-07-01,ST112,P3487,33.0,15,0
2024-07-01,ST112,P3283,25.0,20,0
2024-07-01,ST112,P3323,36.0,5,0
2024-07-01,ST112,P3507,38.0,5,0
2024-07-01,ST112,P3314,30.0,5,0
2024-07-01,ST112,P3246,32.0,10,0
2024-07-01,ST112,P3267,30.0,20,0
2024-07-01,ST112,P3343,39.0,20,0
2024-07-01,ST112,P3017,31.0,5,0
2024-07-01,ST112,P3049,42.0,10,0
2024-07-01,ST112,P3027,32.0,5,0
2024-07-01,ST112,P3228,37.0,20,0
2024-07-01,ST112,P3517,45.0,15,0
2024-07-01,ST112,P3478,40.0,20,0
2024-07-01,ST112,P3328,33.0,20,0
2024-07-01,ST112,P3251,35.0,20,0
2024-07-01,ST112,P3181,36.0,20,0
2024-07-01,ST112,P3342,45.0,5,0
2024-07-01,ST112,P3313,32.0,10,0
2024-07-01,ST112,P3263,27.0,10,0
2024-07-01,ST112,P3329,25.0,5,0
2024-07-01,ST112,P3132,36.0,10,0
2024-07-01,ST112,P3500,41.0,20,0
2024-07-01,ST112,P3018,38.0,5,0
2024-07-01,ST112,P3051,47.0,5,0
2024-07-01,ST112,P3387,36.0,10,0
2024-07-01,ST112,P3258,43.0,20,0
2024-07-01,ST112,P3366,33.0,10,0
2024-07-01,ST112,P3475,37.0,15,0
2024-07-01,ST112,P3370,35.0,5,0
2024-07-01,ST112,P3093,45.0,15,0
2024-07-01,ST112,P3280,47.0,5,0
2024-07-01,ST113,P3133,33.0,15,0
2024-07-01,ST113,P3385,32.0,20,0
2024-07-01,ST113,P3266,31.0,20,0
2024-07-01,ST113,P3144,49.0,5,0
2024-07-01,ST113,P3225,42.0,15,0
2024-07-01,ST113,P3249,43.0,20,0
2024-07-01,ST113,P3005,35.0,15,0
2024-07-01,ST113,P3222,27.0,15,0
2024-07-01,ST113,P3138,36.0,15,0
2024-07-01,ST113,P3344,29.0,10,0
2024-07-01,ST113,P3055,32.0,20,0
2024-07-01,ST113,P3089,41.0,5,0
2024-07-01,ST113,P3159,47.0,15,0
2024-07-01,ST113,P3368,44.0,20,0
2024-07-01,ST113,P3204,30.0,20,0
2024-07-01,ST113,P3086,37.0,20,0
2024-07-01,ST113,P3171,37.0,15,0
2024-07-01,ST113,P3431,30.0,15,0
2024-07-01,ST113,P3048,45.0,20,0
2024-07-01,ST113,P3098,37.0,15,0
2024-07-01,ST113,P3053,45.0,10,0
2024-07-01,ST113,P3284,27.0,20,0
2024-07-01,ST113,P3043,39.0,5,0
2024-07-01,ST113,P3223,39.0,15,0
2024-07-01,ST113,P3281,28.0,5,0
2024-07-01,ST113,P3213,29.0,5,0
2024-07-01,ST113,P3294,32.0,15,0
2024-07-01,ST113,P3286,28.0,10,0
2024-07-01,ST113,P3510,27.0,15,0
2024-07-01,ST113,P3448,44.0,5,0
2024-07-01,ST113,P3049,38.0,10,0
2024-07-01,ST113,P3425,37.0,10,0
2024-07-01,ST113,P3479,26.0,5,0
2024-07-01,ST113,P3068,40.0,20,0
2024-07-01,ST113,P3367,35.0,5,0
2024-07-01,ST113,P3211,33.0,15,0
2024-07-01,ST113,P3001,28.0,20,0
2024-07-01,ST113,P3031,31.0,15,0
2024-07-01,ST113,P3377,32.0,20,0
2024-07-01,ST113,P3135,38.0,10,0
2024-07-01,ST113,P3335,44.0,5,0
2024-07-01,ST113,P3331,33.0,20,0
2024-07-01,ST113,P3125,28.0,15,0
2024-07-01,ST113,P3075,31.0,10,0
2024-07-01,ST113,P3370,38.0,5,0
2024-07-01,ST113,P3094,25.0,5,0
2024-07-01,ST113,P3062,46.0,20,0
2024-07-01,ST113,P3123,38.0,15,0
2024-07-01,ST113,P3447,45.0,10,0
2024-07-01,ST113,P3356,39.0,5,0
2024-07-01,ST113,P3422,36.0,15,0
2024-07-01,ST113,P3461,26.0,10,0
2024-07-01,ST113,P3516,46.0,5,0
2024-07-01,ST113,P3449,35.0,5,0
2024-07-01,ST113,P3391,32.0,20,0
2024-07-01,ST113,P3236,39.0,5,0
2024-07-01,ST113,P3513,34.0,10,0
2024-07-01,ST113,P3270,49.0,15,0
2024-07-01,ST113,P3417,34.0,15,0
2024-07-01,ST113,P3280,39.0,15,0
2024-07-01,ST114,P3084,42.0,10,0
2024-07-01,ST114,P3313,40.0,20,0
2024-07-01,ST114,P3300,,10,0
2024-07-01,ST114,P3018,40.0,10,0
2024-07-01,ST114,P3471,45.0,10,0
2024-07-01,ST114,P3449,32.0,5,0
2024-07-01,ST114,P3086,41.0,10,0
2024-07-01,ST114,P3063,28.0,20,0
2024-07-01,ST114,P3212,28.0,15,0
2024-07-01,ST114,P3505,26.0,5,0
2024-07-01,ST114,P3474,30.0,10,0
2024-07-01,ST114,P3044,36.0,20,0
2024-07-01,ST114,P3441,37.0,10,0
2024-07-01,ST114,P3232,45.0,20,0
2024-07-01,ST114,P3339,28.0,15,0
2024-07-01,ST114,P3286,38.0,10,0
2024-07-01,ST114,P3132,42.0,5,0
2024-07-01,ST114,P3071,30.0,5,0
2024-07-01,ST114,P3196,31.0,15,0
2024-07-01,ST114,P3163,44.0,5,0
2024-07-01,ST114,P3325,35.0,20,0
2024-07-01,ST114,P3003,27.0,5,0
2024-07-01,ST114,P3164,39.0,5,0
2024-07-01,ST114,P3316,39.0,20,0
2024-07-01,ST114,P3097,44.0,10,0
2024-07-01,ST114,P3391,37.0,5,0
2024-07-01,ST114,P3435,48.0,15,0
2024-07-01,ST114,P3047,24.0,15,0
2024-07-01,ST114,P3334,27.0,20,0
2024-07-01,ST114,P3242,33.0,15,0
2024-07-01,ST114,P3259,36.0,5,0
2024-07-01,ST114,P3009,29.0,5,0
2024-07-01,ST114,P3335,31.0,20,0
2024-07-01,ST114,P3440,25.0,5,0
2024-07-01,ST114,P3405,30.0,15,0
2024-07-01,ST114,P3011,34.0,10,0
2024-07-01,ST114,P3249,30.0,10,0
2024-07-01,ST114,P3153,36.0,20,0
2024-07-01,ST114,P3143,35.0,20,0
2024-07-01,ST114,P3139,45.0,10,0
2024-07-01,ST114,P3183,31.0,10,0
2024-07-01,ST114,P3006,26.0,5,0
2024-07-01,ST114,P3209,33.0,10,0
2024-07-01,ST114,P3120,34.0,10,0
2024-07-01,ST114,P3375,39.0,5,0
2024-07-01,ST114,P3516,44.0,10,0
2024-07-01,ST114,P3484,33.0,20,0
2024-07-01,ST114,P3082,40.0,10,0
2024-07-01,ST114,P3215,42.0,20,0
2024-07-01,ST114,P3252,33.0,10,0
2024-07-01,ST114,P3261,38.0,15,0
2024-07-01,ST114,P3210,27.0,20,0
2024-07-01,ST114,P3140,29.0,15,0
2024-07-01,ST114,P3069,27.0,15,0
2024-07-01,ST114,P3319,21.0,10,0
2024-07-01,ST114,P3155,25.0,20,0
2024-07-01,ST114,P3298,27.0,10,0
2024-07-01,ST114,P3053,33.0,5,0
2024-07-01,ST114,P3022,22.0,15,0
2024-07-01,ST114,P3028,34.0,15,0
2024-07-01,ST115,P3017,31.0,5,0
2024-07-01,ST115,P3050,39.0,15,0
2024-07-01,ST115,P3516,40.0,20,0
2024-07-01,ST115,P3128,33.0,10,0
2024-07-01,ST115,P3285,42.0,10,0
2024-07-01,ST115,P3090,37.0,5,0
2024-07-01,ST115,P3377,33.0,15,0
2024-07-01,ST115,P3498,43.0,5,0
2024-07-01,ST115,P3487,40.0,15,0
2024-07-01,ST115,P3323,35.0,10,0
2024-07-01,ST115,P3119,37.0,15,0
2024-07-01,ST115,P3106,38.0,20,0
2024-07-01,ST115,P3104,44.0,20,0
2024-07-01,ST115,P3145,29.0,10,0
2024-07-01,ST115,P3417,31.0,20,0
2024-07-01,ST115,P3449,47.0,15,0
2024-07-01,ST115,P3488,29.0,5,0
2024-07-01,ST115,P3115,39.0,20,0
2024-07-01,ST115,P3497,21.0,10,0
2024-07-01,ST115,P3200,,15,0
2024-07-01,ST115,P3432,26.0,20,0
2024-07-01,ST115,P3039,36.0,15,0
2024-07-01,ST115,P3193,32.0,20,0
2024-07-01,ST115,P3153,34.0,15,0
2024-07-01,ST115,P3356,34.0,10,0
2024-07-01,ST115,P3237,35.0,10,0
2024-07-01,ST115,P3107,53.0,5,0
2024-07-01,ST115,P3136,51.0,15,0
2024-07-01,ST115,P3171,28.0,15,0
2024-07-01,ST115,P3154,32.0,20,0
2024-07-01,ST115,P3379,37.0,5,0
2024-07-01,ST115,P3265,29.0,20,0
2024-07-01,ST115,P3139,37.0,5,0
2024-07-01,ST115,P3300,32.0,5,0
2024-07-01,ST115,P3307,35.0,20,0
2024-07-01,ST115,P3269,29.0,5,0
2024-07-01,ST115,P3353,45.0,5,0
2024-07-01,ST115,P3312,31.0,20,0
2024-07-01,ST115,P3023,39.0,5,0
2024-07-01,ST115,P3293,29.0,15,0
2024-07-01,ST115,P3297,42.0,10,0
2024-07-01,ST115,P3414,40.0,20,0
2024-07-01,ST115,P3181,39.0,10,0
2024-07-01,ST115,P3056,35.0,20,0
2024-07-01,ST115,P3351,28.0,20,0
2024-07-01,ST115,P3400,41.0,15,0
2024-07-01,ST115,P3436,44.0,5,0
2024-07-01,ST115,P3484,32.0,10,0
2024-07-01,ST115,P3290,29.0,5,0
2024-07-01,ST115,P3169,28.0,20,0
2024-07-01,ST115,P3367,32.0,5,0
2024-07-01,ST115,P3415,27.0,5,0
2024-07-01,ST115,P3120,44.0,5,0
2024-07-01,ST115,P3401,34.0,20,0
2024-07-01,ST115,P3456,41.0,15,0
2024-07-01,ST115,P3179,33.0,20,0
2024-07-01,ST115,P3014,39.0,10,0
2024-07-01,ST115,P3338,42.0,5,0
2024-07-01,ST115,P3263,39.0,20,0
2024-07-01,ST115,P3390,38.0,5,0
2024-07-01,ST116,P3069,38.0,15,0
2024-07-01,ST116,P3425,31.0,20,0
2024-07-01,ST116,P3429,29.0,5,0
2024-07-01,ST116,P3055,36.0,15,0
2024-07-01,ST116,P3482,42.0,5,0
2024-07-01,ST116,P3132,23.0,15,0
2024-07-01,ST116,P3404,29.0,15,0
2024-07-01,ST116,P3170,34.0,10,0
2024-07-01,ST116,P3311,33.0,20,0
2024-07-01,ST116,P3156,33.0,15,0
2024-07-01,ST116,P3126,39.0,5,0
2024-07-01,ST116,P3236,33.0,5,0
2024-07-01,ST116,P3150,41.0,10,0
2024-07-01,ST116,P3411,47.0,20,0
2024-07-01,ST116,P3160,30.0,15,0
2024-07-01,ST116,P3177,42.0,15,0
2024-07-01,ST116,P3235,37.0,10,0
2024-07-01,ST116,P3253,34.0,10,0
2024-07-01,ST116,P3334,33.0,15,0
2024-07-01,ST116,P3009,25.0,5,0
2024-07-01,ST116,P3123,40.0,15,0
2024-07-01,ST116,P3290,33.0,5,0
2024-07-01,ST116,P3248,43.0,5,0
2024-07-01,ST116,P3117,34.0,15,0
2024-07-01,ST116,P3115,32.0,5,0
2024-07-01,ST116,P3375,26.0,20,0
2024-07-01,ST116,P3012,42.0,20,0
2024-07-01,ST116,P3305,34.0,15,0
2024-07-01,ST116,P3021,41.0,20,0
2024-07-01,ST116,P3163,33.0,10,0
2024-07-01,ST116,P3184,37.0,15,0
2024-07-01,ST116,P3467,35.0,5,0
2024-07-01,ST116,P3148,38.0,5,0
2024-07-01,ST116,P3326,42.0,10,0
2024-07-01,ST116,P3139,35.0,20,0
2024-07-01,ST116,P3299,48.0,20,0
2024-07-01,ST116,P3151,32.0,15,0
2024-07-01,ST116,P3020,37.0,15,0
2024-07-01,ST116,P3228,33.0,10,0
2024-07-01,ST116,P3320,29.0,5,0
2024-07-01,ST116,P3246,26.0,10,0
2024-07-01,ST116,P3226,39.0,20,0
2024-07-01,ST116,P3414,45.0,20,0
2024-07-01,ST116,P3418,53.0,20,0
2024-07-01,ST116,P3327,37.0,20,0
2024-07-01,ST116,P3280,32.0,20,0
2024-07-01,ST116,P3143,45.0,5,0
2024-07-01,ST116,P3190,30.0,5,0
2024-07-01,ST116,P3062,33.0,15,0
2024-07-01,ST116,P3520,28.0,20,0
2024-07-01,ST116,P3183,34.0,5,0
2024-07-01,ST116,P3318,31.0,20,0
2024-07-01,ST116,P3262,30.0,20,0
2024-07-01,ST116,P3135,32.0,10,0
2024-07-01,ST116,P3494,41.0,5,0
2024-07-01,ST116,P3058,45.0,5,0
2024-07-01,ST116,P3301,33.0,10,0
2024-07-01,ST116,P3037,52.0,20,0
2024-07-01,ST116,P3049,30.0,20,0
2024-07-01,ST116,P3220,29.0,10,0
2024-07-01,ST117,P3035,32.0,15,0
2024-07-01,ST117,P3018,32.0,10,0
2024-07-01,ST117,P3490,40.0,20,0
2024-07-01,ST117,P3187,41.0,20,0
2024-07-01,ST117,P3495,46.0,15,0
2024-07-01,ST117,P3440,37.0,15,0
2024-07-01,ST117,P3144,33.0,10,0
2024-07-01,ST117,P3061,33.0,15,0
2024-07-01,ST117,P3227,32.0,10,0
2024-07-01,ST117,P3398,40.0,20,0
2024-07-01,ST117,P3504,35.0,10,0
2024-07-01,ST117,P3422,34.0,20,0
2024-07-01,ST117,P3299,36.0,5,0
2024-07-01,ST117,P3270,36.0,15,0
2024-07-01,ST117,P3070,32.0,10,0
2024-07-01,ST117,P3517,38.0,15,0
2024-07-01,ST117,P3247,26.0,20,0
2024-07-01,ST117,P3396,28.0,5,0
2024-07-01,ST117,P3021,37.0,10,0
2024-07-01,ST117,P3086,29.0,10,0
2024-07-01,ST117,P3154,37.0,15,0
2024-07-01,ST117,P3364,41.0,5,0
2024-07-01,ST117,P3113,31.0,5,0
2024-07-01,ST117,P3456,44.0,5,0
2024-07-01,ST117,P3368,28.0,10,0
2024-07-01,ST117,P3116,45.0,15,0
2024-07-01,ST117,P3121,43.0,5,0
2024-07-01,ST117,P3004,27.0,5,0
2024-07-01,ST117,P3103,34.0,10,0
2024-07-01,ST117,P3228,43.0,5,0
2024-07-01,ST117,P3345,40.0,20,0
2024-07-01,ST117,P3084,40.0,20,0
2024-07-01,ST117,P3246,41.0,5,0
2024-07-01,ST117,P3008,39.0,15,0
2024-07-01,ST117,P3269,36.0,15,0
2024-07-01,ST117,P3010,32.0,10,0
2024-07-01,ST117,P3170,42.0,15,0
2024-07-01,ST117,P3159,34.0,20,0
2024-07-01,ST117,P3399,35.0,5,0
2024-07-01,ST117,P3276,26.0,5,0
2024-07-01,ST117,P3435,34.0,15,0
2024-07-01,ST117,P3196,37.0,15,0
2024-07-01,ST117,P3275,38.0,5,0
2024-07-01,ST117,P3356,37.0,20,0
2024-07-01,ST117,P3387,37.0,15,0
2024-07-01,ST117,P3194,35.0,10,0
2024-07-01,ST117,P3093,31.0,20,0
2024-07-01,ST117,P3207,33.0,15,0
2024-07-01,ST117,P3405,43.0,20,0
2024-07-01,ST117,P3254,42.0,5,0
2024-07-01,ST117,P3085,36.0,15,0
2024-07-01,ST117,P3175,25.0,20,0
2024-07-01,ST117,P3341,27.0,5,0
2024-07-01,ST117,P3177,35.0,20,0
2024-07-01,ST117,P3263,30.0,15,0
2024-07-01,ST117,P3377,28.0,20,0
2024-07-01,ST117,P3471,39.0,20,0
2024-07-01,ST117,P3309,30.0,15,0
2024-07-01,ST117,P3026,35.0,20,0
2024-07-01,ST117,P3499,41.0,15,0
2024-07-01,ST118,P3416,21.0,10,0
2024-07-01,ST118,P3141,30.0,15,0
2024-07-01,ST118,P3428,33.0,20,0
2024-07-01,ST118,P3473,33.0,15,0
2024-07-01,ST118,P3135,38.0,10,0
2024-07-01,ST118,P3225,45.0,5,0
2024-07-01,ST118,P3426,37.0,5,0
2024-07-01,ST118,P3108,38.0,10,0
2024-07-01,ST118,P3154,33.0,15,0
2024-07-01,ST118,P3038,31.0,10,0
2024-07-01,ST118,P3171,30.0,5,0
2024-07-01,ST118,P3329,39.0,20,0
2024-07-01,ST118,P3082,31.0,10,0
2024-07-01,ST118,P3345,38.0,5,0
2024-07-01,ST118,P3110,48.0,15,0
2024-07-01,ST118,P3343,36.0,20,0
2024-07-01,ST118,P3458,21.0,10,0
2024-07-01,ST118,P3422,32.0,15,0
2024-07-01,ST118,P3025,46.0,15,0
2024-07-01,ST118,P3013,43.0,10,0
2024-07-01,ST118,P3260,28.0,10,0
2024-07-01,ST118,P3460,41.0,5,0
2024-07-01,ST118,P3079,24.0,5,0
2024-07-01,ST118,P3336,38.0,15,0
2024-07-01,ST118,P3486,30.0,20,0
2024-07-01,ST118,P3165,34.0,5,0
2024-07-01,ST118,P3283,33.0,15,0
2024-07-01,ST118,P3396,35.0,5,0
2024-07-01,ST118,P3347,34.0,15,0
2024-07-01,ST118,P3394,29.0,15,0
2024-07-01,ST118,P3324,41.0,15,0
2024-07-01,ST118,P3221,34.0,15,0
2024-07-01,ST118,P3018,28.0,15,0
2024-07-01,ST118,P3159,38.0,20,0
2024-07-01,ST118,P3517,36.0,10,0
2024-07-01,ST118,P3037,30.0,20,0
2024-07-01,ST118,P3273,32.0,10,0
2024-07-01,ST118,P3383,45.0,15,0
2024-07-01,ST118,P3035,36.0,15,0
2024-07-01,ST118,P3420,30.0,20,0
2024-07-01,ST118,P3342,37.0,20,0
2024-07-01,ST118,P3258,43.0,10,0
2024-07-01,ST118,P3468,27.0,15,0
2024-07-01,ST118,P3444,34.0,15,0
2024-07-01,ST118,P3241,43.0,5,0
2024-07-01,ST118,P3119,36.0,10,0
2024-07-01,ST118,P3480,24.0,15,0
2024-07-01,ST118,P3179,29.0,5,0
2024-07-01,ST118,P3293,31.0,20,0
2024-07-01,ST118,P3215,37.0,20,0
2024-07-01,ST118,P3277,30.0,20,0
2024-07-01,ST118,P3176,38.0,15,0
2024-07-01,ST118,P3206,32.0,10,0
2024-07-01,ST118,P3285,44.0,20,0
2024-07-01,ST118,P3476,31.0,10,0
2024-07-01,ST118,P3373,43.0,10,0
2024-07-01,ST118,P3355,37.0,15,0
2024-07-01,ST118,P3095,46.0,10,0
2024-07-01,ST118,P3012,30.0,10,0
2024-07-01,ST118,P3335,34.0,20,0
2024-08-01,ST101,P3379,35.0,15,0
2024-08-01,ST101,P3449,30.0,20,0
2024-08-01,ST101,P3246,40.0,15,0
2024-08-01,ST101,P3022,38.0,10,0
2024-08-01,ST101,P3191,46.0,15,0
2024-08-01,ST101,P3134,37.0,5,0
2024-08-01,ST101,P3138,43.0,20,0
2024-08-01,ST101,P3213,29.0,10,0
2024-08-01,ST101,P3365,37.0,20,0
2024-08-01,ST101,P3195,36.0,20,0
2024-08-01,ST101,P3084,31.0,15,0
2024-08-01,ST101,P3507,35.0,5,0
2024-08-01,ST101,P3513,29.0,20,0
2024-08-01,ST101,P3105,28.0,15,0
2024-08-01,ST101,P3318,35.0,10,0
2024-08-01,ST101,P3351,28.0,10,0
2024-08-01,ST101,P3042,28.0,15,0
2024-08-01,ST101,P3398,33.0,15,0
2024-08-01,ST101,P3028,33.0,10,0
2024-08-01,ST101,P3360,31.0,10,0
2024-08-01,ST101,P3313,36.0,15,0
2024-08-01,ST101,P3266,34.0,15,0
2024-08-01,ST101,P3088,30.0,20,0
2024-08-01,ST101,P3276,47.0,5,0
2024-08-01,ST101,P3283,24.0,5,0
2024-08-01,ST101,P3475,36.0,5,0
2024-08-01,ST101,P3345,33.0,5,0
2024-08-01,ST101,P3168,29.0,20,0
2024-08-01,ST101,P3024,30.0,20,0
2024-08-01,ST101,P3006,50.0,20,0
2024-08-01,ST101,P3219,32.0,5,0
2024-08-01,ST101,P3055,27.0,10,0
2024-08-01,ST101,P3012,29.0,20,0
2024-08-01,ST101,P3307,35.0,20,0
2024-08-01,ST101,P3203,42.0,15,0
2024-08-01,ST101,P3312,38.0,20,0
2024-08-01,ST101,P3033,38.0,15,0
2024-08-01,ST101,P3443,43.0,10,0
2024-08-01,ST101,P3169,39.0,10,0
2024-08-01,ST101,P3149,32.0,20,0
2024-08-01,ST101,P3259,28.0,20,0
2024-08-01,ST101,P3303,55.0,20,0
2024-08-01,ST101,P3439,42.0,15,0
2024-08-01,ST101,P3194,37.0,15,0
2024-08-01,ST101,P3448,32.0,20,0
2024-08-01,ST101,P3201,38.0,5,0
2024-08-01,ST101,P3170,35.0,10,0
2024-08-01,ST101,P3431,32.0,5,0
2024-08-01,ST101,P3504,34.0,5,0
2024-08-01,ST101,P3274,25.0,5,0
2024-08-01,ST101,P3298,33.0,5,0
2024-08-01,ST101,P3144,44.0,20,0
2024-08-01,ST101,P3239,38.0,5,0
2024-08-01,ST101,P3080,42.0,10,0
2024-08-01,ST101,P3354,35.0,20,0
2024-08-01,ST101,P3459,34.0,15,0
2024-08-01,ST101,P3018,31.0,20,0
2024-08-01,ST101,P3016,40.0,10,0
2024-08-01,ST101,P3346,38.0,10,0
2024-08-01,ST101,P3238,35.0,20,0
2024-08-01,ST102,P3260,35.0,15,0
2024-08-01,ST102,P3301,26.0,20,0
2024-08-01,ST102,P3485,41.0,5,0
2024-08-01,ST102,P3088,31.0,5,0
2024-08-01,ST102,P3075,38.0,10,0
2024-08-01,ST102,P3390,33.0,10,0
2024-08-01,ST102,P3408,43.0,5,0
2024-08-01,ST102,P3115,33.0,15,0
2024-08-01,ST102,P3381,34.0,10,0
2024-08-01,ST102,P3350,42.0,20,0
2024-08-01,ST102,P3068,38.0,20,0
2024-08-01,ST102,P3101,27.0,20,0
2024-08-01,ST102,P3513,42.0,5,0
2024-08-01,ST102,P3468,36.0,20,0
2024-08-01,ST102,P3309,32.0,5,0
2024-08-01,ST102,P3070,44.0,10,0
2024-08-01,ST102,P3324,29.0,5,0
2024-08-01,ST102,P3519,49.0,10,0
2024-08-01,ST102,P3169,28.0,10,0
2024-08-01,ST102,P3391,40.0,10,0
2024-08-01,ST102,P3366,24.0,10,0
2024-08-01,ST102,P3007,36.0,20,0
2024-08-01,ST102,P3415,27.0,10,0
2024-08-01,ST102,P3464,34.0,15,0
2024-08-01,ST102,P3258,30.0,20,0
2024-08-01,ST102,P3079,43.0,20,0
2024-08-01,ST102,P3106,44.0,20,0
2024-08-01,ST102,P3275,37.0,20,0
2024-08-01,ST102,P3427,23.0,20,0
2024-08-01,ST102,P3059,38.0,5,0
2024-08-01,ST102,P3406,33.0,20,0
2024-08-01,ST102,P3363,49.0,20,0
2024-08-01,ST102,P3090,37.0,20,0
2024-08-01,ST102,P3016,26.0,10,0
2024-08-01,ST102,P3465,31.0,15,0
2024-08-01,ST102,P3497,32.0,5,0
2024-08-01,ST102,P3208,27.0,20,0
2024-08-01,ST102,P3484,48.0,20,0
2024-08-01,ST102,P3430,30.0,15,0
2024-08-01,ST102,P3378,28.0,20,0
2024-08-01,ST102,P3002,30.0,10,0
2024-08-01,ST102,P3515,30.0,20,0
2024-08-01,ST102,P3189,34.0,15,0
2024-08-01,ST102,P3125,38.0,10,0
2024-08-01,ST102,P3459,47.0,15,0
2024-08-01,ST102,P3187,30.0,20,0
2024-08-01,ST102,P3330,40.0,5,0
2024-08-01,ST102,P3061,28.0,5,0
2024-08-01,ST102,P3375,27.0,10,0
2024-08-01,ST102,P3292,47.0,15,0
2024-08-01,ST102,P3288,28.0,10,0
2024-08-01,ST102,P3433,27.0,15,0
2024-08-01,ST102,P3087,21.0,15,0
2024-08-01,ST102,P3402,44.0,15,0
2024-08-01,ST102,P3380,26.0,10,0
2024-08-01,ST102,P3491,38.0,10,0
2024-08-01,ST102,P3063,28.0,5,0
2024-08-01,ST102,P3388,28.0,15,0
2024-08-01,ST102,P3296,27.0,5,0
2024-08-01,ST102,P3184,32.0,5,0
2024-08-01,ST103,P3206,33.0,15,0
2024-08-01,ST103,P3104,42.0,10,0
2024-08-01,ST103,P3135,39.0,15,0
2024-08-01,ST103,P3221,34.0,10,0
2024-08-01,ST103,P3199,28.0,5,0
2024-08-01,ST103,P3092,30.0,5,0
2024-08-01,ST103,P3402,45.0,15,0
2024-08-01,ST103,P3052,27.0,15,0
2024-08-01,ST103,P3120,41.0,15,0
2024-08-01,ST103,P3061,31.0,15,0
2024-08-01,ST103,P3055,38.0,20,0
2024-08-01,ST103,P3137,32.0,20,0
2024-08-01,ST103,P3418,36.0,20,0
2024-08-01,ST103,P3472,37.0,15,0
2024-08-01,ST103,P3181,34.0,20,0
2024-08-01,ST103,P3071,29.0,20,0
2024-08-01,ST103,P3100,46.0,10,0
2024-08-01,ST103,P3225,34.0,10,0
2024-08-01,ST103,P3336,32.0,5,0
2024-08-01,ST103,P3302,35.0,5,0
2024-08-01,ST103,P3318,,5,0
2024-08-01,ST103,P3234,29.0,15,0
2024-08-01,ST103,P3058,41.0,20,0
2024-08-01,ST103,P3485,36.0,20,0
2024-08-01,ST103,P3113,21.0,20,0
2024-08-01,ST103,P3045,41.0,20,0
2024-08-01,ST103,P3084,35.0,20,0
2024-08-01,ST103,P3220,36.0,5,0
2024-08-01,ST103,P3172,33.0,15,0
2024-08-01,ST103,P3444,42.0,20,0
2024-08-01,ST103,P3428,36.0,20,0
2024-08-01,ST103,P3396,29.0,10,0
2024-08-01,ST103,P3354,28.0,20,0
2024-08-01,ST103,P3425,17.0,10,0
2024-08-01,ST103,P3287,41.0,15,0
2024-08-01,ST103,P3266,33.0,5,0
2024-08-01,ST103,P3083,46.0,20,0
2024-08-01,ST103,P3512,41.0,10,0
2024-08-01,ST103,P3374,37.0,20,0
2024-08-01,ST103,P3025,34.0,15,0
2024-08-01,ST103,P3309,42.0,20,0
2024-08-01,ST103,P3422,46.0,20,0
2024-08-01,ST103,P3273,36.0,15,0
2024-08-01,ST103,P3201,34.0,20,0
2024-08-01,ST103,P3392,35.0,5,0
2024-08-01,ST103,P3331,34.0,15,0
2024-08-01,ST103,P3434,31.0,20,0
2024-08-01,ST103,P3146,36.0,5,0
2024-08-01,ST103,P3424,40.0,10,0
2024-08-01,ST103,P3183,41.0,10,0
2024-08-01,ST103,P3188,33.0,5,0
2024-08-01,ST103,P3254,23.0,10,0
2024-08-01,ST103,P3255,32.0,15,0
2024-08-01,ST103,P3076,45.0,20,0
2024-08-01,ST103,P3182,24.0,15,0
2024-08-01,ST103,P3496,36.0,10,0
2024-08-01,ST103,P3409,42.0,15,0
2024-08-01,ST103,P3429,35.0,5,0
2024-08-01,ST103,P3109,35.0,20,0
2024-08-01,ST103,P3431,29.0,20,0
2024-08-01,ST104,P3449,35.0,10,0
2024-08-01,ST104,P3130,33.0,15,0
2024-08-01,ST104,P3318,47.0,15,0
2024-08-01,ST104,P3157,37.0,20,0
2024-08-01,ST104,P3218,33.0,10,0
2024-08-01,ST104,P3240,42.0,10,0
2024-08-01,ST104,P3232,40.0,15,0
2024-08-01,ST104,P3184,33.0,10,0
2024-08-01,ST104,P3156,45.0,20,0
2024-08-01,ST104,P3378,25.0,15,0
2024-08-01,ST104,P3445,50.0,5,0
2024-08-01,ST104,P3171,,15,0
2024-08-01,ST104,P3217,32.0,20,0
2024-08-01,ST104,P3380,31.0,20,0
2024-08-01,ST104,P3518,32.0,15,0
2024-08-01,ST104,P3465,31.0,5,0
2024-08-01,ST104,P3166,32.0,5,0
2024-08-01,ST104,P3221,31.0,15,0
2024-08-01,ST104,P3340,40.0,15,0
2024-08-01,ST104,P3410,41.0,10,0
2024-08-01,ST104,P3147,44.0,10,0
2024-08-01,ST104,P3031,37.0,15,0
2024-08-01,ST104,P3247,29.0,5,0
2024-08-01,ST104,P3013,33.0,5,0
2024-08-01,ST104,P3287,35.0,10,0
2024-08-01,ST104,P3075,28.0,20,0
2024-08-01,ST104,P3408,40.0,5,0
2024-08-01,ST104,P3367,33.0,20,0
2024-08-01,ST104,P3343,31.0,15,0
2024-08-01,ST104,P3397,38.0,10,0
2024-08-01,ST104,P3474,35.0,15,0
2024-08-01,ST104,P3460,41.0,10,0
2024-08-01,ST104,P3079,42.0,20,0
2024-08-01,ST104,P3196,36.0,5,0
2024-08-01,ST104,P3197,34.0,15,0
2024-08-01,ST104,P3172,42.0,20,0
2024-08-01,ST104,P3476,35.0,5,0
2024-08-01,ST104,P3311,34.0,15,0
2024-08-01,ST104,P3150,30.0,10,0
2024-08-01,ST104,P3504,30.0,5,0
2024-08-01,ST104,P3259,26.0,10,0
2024-08-01,ST104,P3215,35.0,10,0
2024-08-01,ST104,P3137,45.0,20,0
2024-08-01,ST104,P3392,43.0,15,0
2024-08-01,ST104,P3036,33.0,5,0
2024-08-01,ST104,P3141,32.0,15,0
2024-08-01,ST104,P3372,36.0,5,0
2024-08-01,ST104,P3313,31.0,20,0
2024-08-01,ST104,P3376,34.0,5,0
2024-08-01,ST104,P3124,38.0,10,0
2024-08-01,ST104,P3051,35.0,15,0
2024-08-01,ST104,P3414,40.0,5,0
2024-08-01,ST104,P3515,39.0,15,0
2024-08-01,ST104,P3331,45.0,10,0
2024-08-01,ST104,P3366,39.0,15,0
2024-08-01,ST104,P3363,32.0,5,0
2024-08-01,ST104,P3072,33.0,20,0
2024-08-01,ST104,P3248,37.0,15,0
2024-08-01,ST104,P3092,30.0,20,0
2024-08-01,ST104,P3204,29.0,10,0
2024-08-01,ST105,P3162,38.0,10,0
2024-08-01,ST105,P3194,53.0,20,0
2024-08-01,ST105,P3085,30.0,20,0
2024-08-01,ST105,P3245,37.0,5,0
2024-08-01,ST105,P3056,32.0,5,0
2024-08-01,ST105,P3480,38.0,20,0
2024-08-01,ST105,P3305,39.0,10,0
2024-08-01,ST105,P3295,23.0,10,0
2024-08-01,ST105,P3509,31.0,15,0
2024-08-01,ST105,P3100,40.0,20,0
2024-08-01,ST105,P3415,38.0,15,0
2024-08-01,ST105,P3009,41.0,10,0
2024-08-01,ST105,P3345,48.0,15,0
2024-08-01,ST105,P3186,27.0,5,0
2024-08-01,ST105,P3137,38.0,20,0
2024-08-01,ST105,P3239,29.0,20,0
2024-08-01,ST105,P3138,36.0,5,0
2024-08-01,ST105,P3342,36.0,10,0
2024-08-01,ST105,P3314,34.0,20,0
2024-08-01,ST105,P3169,43.0,20,0
2024-08-01,ST105,P3005,37.0,20,0
2024-08-01,ST105,P3419,40.0,10,0
2024-08-01,ST105,P3029,24.0,15,0
2024-08-01,ST105,P3127,33.0,10,0
2024-08-01,ST105,P3057,32.0,10,0
2024-08-01,ST105,P3020,35.0,5,0
2024-08-01,ST105,P3381,40.0,15,0
2024-08-01,ST105,P3402,33.0,10,0
2024-08-01,ST105,P3134,41.0,15,0
2024-08-01,ST105,P3519,35.0,10,0
2024-08-01,ST105,P3054,43.0,20,0
2024-08-01,ST105,P3503,28.0,20,0
2024-08-01,ST105,P3073,28.0,10,0
2024-08-01,ST105,P3367,37.0,20,0
2024-08-01,ST105,P3284,35.0,15,0
2024-08-01,ST105,P3149,38.0,5,0
2024-08-01,ST105,P3362,33.0,10,0
2024-08-01,ST105,P3224,38.0,5,0
2024-08-01,ST105,P3307,36.0,20,0
2024-08-01,ST105,P3124,29.0,20,0
2024-08-01,ST105,P3287,41.0,20,0
2024-08-01,ST105,P3042,36.0,10,0
2024-08-01,ST105,P3394,31.0,15,0
2024-08-01,ST105,P3238,32.0,10,0
2024-08-01,ST105,P3487,36.0,10,0
2024-08-01,ST105,P3170,39.0,5,0
2024-08-01,ST105,P3406,26.0,10,0
2024-08-01,ST105,P3015,25.0,15,0
2024-08-01,ST105,P3304,38.0,15,0
2024-08-01,ST105,P3213,31.0,20,0
2024-08-01,ST105,P3074,36.0,15,0
2024-08-01,ST105,P3283,49.0,20,0
2024-08-01,ST105,P3110,38.0,10,0
2024-08-01,ST105,P3441,43.0,10,0
2024-08-01,ST105,P3326,32.0,10,0
2024-08-01,ST105,P3289,32.0,10,0
2024-08-01,ST105,P3069,37.0,20,0
2024-08-01,ST105,P3030,36.0,10,0
2024-08-01,ST105,P3292,45.0,5,0
2024-08-01,ST105,P3053,36.0,20,0
2024-08-01,ST106,P3069,27.0,20,0
2024-08-01,ST106,P3369,31.0,15,0
2024-08-01,ST106,P3039,43.0,20,0
2024-08-01,ST106,P3346,22.0,20,0
2024-08-01,ST106,P3173,32.0,20,0
2024-08-01,ST106,P3107,28.0,10,0
2024-08-01,ST106,P3513,44.0,5,0
2024-08-01,ST106,P3144,33.0,15,0
2024-08-01,ST106,P3447,39.0,10,0
2024-08-01,ST106,P3402,36.0,15,0
2024-08-01,ST106,P3477,35.0,10,0
2024-08-01,ST106,P3281,26.0,20,0
2024-08-01,ST106,P3334,37.0,15,0
2024-08-01,ST106,P3264,31.0,20,0
2024-08-01,ST106,P3267,38.0,20,0
2024-08-01,ST106,P3127,50.0,20,0
2024-08-01,ST106,P3227,33.0,10,0
2024-08-01,ST106,P3414,38.0,20,0
2024-08-01,ST106,P3161,26.0,10,0
2024-08-01,ST106,P3211,42.0,15,0
2024-08-01,ST106,P3419,34.0,20,0
2024-08-01,ST106,P3078,26.0,10,0
2024-08-01,ST106,P3467,31.0,5,0
2024-08-01,ST106,P3047,39.0,15,0
2024-08-01,ST106,P3363,36.0,15,0
2024-08-01,ST106,P3394,32.0,20,0
2024-08-01,ST106,P3073,42.0,15,0
2024-08-01,ST106,P3046,35.0,5,0
2024-08-01,ST106,P3339,45.0,10,0
2024-08-01,ST106,P3263,35.0,10,0
2024-08-01,ST106,P3498,31.0,5,0
2024-08-01,ST106,P3276,49.0,15,0
2024-08-01,ST106,P3443,44.0,5,0
2024-08-01,ST106,P3456,39.0,5,0
2024-08-01,ST106,P3480,39.0,10,0
2024-08-01,ST106,P3034,29.0,15,0
2024-08-01,ST106,P3260,39.0,5,0
2024-08-01,ST106,P3326,30.0,10,0
2024-08-01,ST106,P3071,39.0,10,0
2024-08-01,ST106,P3491,38.0,15,0
2024-08-01,ST106,P3481,39.0,10,0
2024-08-01,ST106,P3156,20.0,10,0
2024-08-01,ST106,P3181,33.0,5,0
2024-08-01,ST106,P3232,30.0,10,0
2024-08-01,ST106,P3209,32.0,10,0
2024-08-01,ST106,P3262,46.0,15,0
2024-08-01,ST106,P3373,31.0,10,0
2024-08-01,ST106,P3065,31.0,10,0
2024-08-01,ST106,P3459,44.0,15,0
2024-08-01,ST106,P3075,30.0,20,0
2024-08-01,ST106,P3203,33.0,15,0
2024-08-01,ST106,P3291,31.0,15,0
2024-08-01,ST106,P3130,35.0,10,0
2024-08-01,ST106,P3082,45.0,10,0
2024-08-01,ST106,P3177,33.0,15,0
2024-08-01,ST106,P3325,34.0,20,0
2024-08-01,ST106,P3185,42.0,15,0
2024-08-01,ST106,P3471,26.0,20,0
2024-08-01,ST106,P3430,40.0,10,0
2024-08-01,ST106,P3490,25.0,5,0
2024-08-01,ST107,P3471,21.0,20,0
2024-08-01,ST107,P3455,32.0,10,0
2024-08-01,ST107,P3344,27.0,15,0
2024-08-01,ST107,P3256,25.0,20,0
2024-08-01,ST107,P3361,29.0,5,0
2024-08-01,ST107,P3116,30.0,10,0
2024-08-01,ST107,P3351,29.0,5,0
2024-08-01,ST107,P3424,40.0,20,0
2024-08-01,ST107,P3299,33.0,20,0
2024-08-01,ST107,P3517,45.0,20,0
2024-08-01,ST107,P3199,33.0,5,0
2024-08-01,ST107,P3375,42.0,20,0
2024-08-01,ST107,P3183,35.0,15,0
2024-08-01,ST107,P3090,27.0,20,0
2024-08-01,ST107,P3243,28.0,15,0
2024-08-01,ST107,P3195,36.0,20,0
2024-08-01,ST107,P3511,24.0,10,0
2024-08-01,ST107,P3167,33.0,5,0
2024-08-01,ST107,P3512,36.0,15,0
2024-08-01,ST107,P3145,37.0,15,0
2024-08-01,ST107,P3144,40.0,15,0
2024-08-01,ST107,P3497,32.0,15,0
2024-08-01,ST107,P3393,36.0,15,0
2024-08-01,ST107,P3250,29.0,20,0
2024-08-01,ST107,P3063,32.0,20,0
2024-08-01,ST107,P3006,42.0,5,0
2024-08-01,ST107,P3011,32.0,5,0
2024-08-01,ST107,P3452,41.0,5,0
2024-08-01,ST107,P3244,36.0,20,0
2024-08-01,ST107,P3265,33.0,10,0
2024-08-01,ST107,P3462,36.0,15,0
2024-08-01,ST107,P3140,34.0,15,0
2024-08-01,ST107,P3323,39.0,20,0
2024-08-01,ST107,P3037,26.0,15,0
2024-08-01,ST107,P3490,29.0,10,0
2024-08-01,ST107,P3010,30.0,5,0
2024-08-01,ST107,P3425,43.0,10,0
2024-08-01,ST107,P3409,32.0,10,0
2024-08-01,ST107,P3371,31.0,10,0
2024-08-01,ST107,P3111,40.0,20,0
2024-08-01,ST107,P3075,29.0,15,0
2024-08-01,ST107,P3416,35.0,5,0
2024-08-01,ST107,P3202,39.0,10,0
2024-08-01,ST107,P3272,21.0,15,0
2024-08-01,ST107,P3193,46.0,20,0
2024-08-01,ST107,P3271,44.0,15,0
2024-08-01,ST107,P3422,29.0,20,0
2024-08-01,ST107,P3291,24.0,15,0
2024-08-01,ST107,P3413,35.0,15,0
2024-08-01,ST107,P3473,45.0,10,0
2024-08-01,ST107,P3365,40.0,20,0
2024-08-01,ST107,P3083,27.0,20,0
2024-08-01,ST107,P3182,27.0,20,0
2024-08-01,ST107,P3399,27.0,20,0
2024-08-01,ST107,P3227,35.0,15,0
2024-08-01,ST107,P3281,36.0,15,0
2024-08-01,ST107,P3472,32.0,5,0
2024-08-01,ST107,P3450,24.0,20,0
2024-08-01,ST107,P3469,30.0,5,0
2024-08-01,ST107,P3378,32.0,10,0
2024-08-01,ST108,P3264,43.0,5,0
2024-08-01,ST108,P3513,32.0,15,0
2024-08-01,ST108,P3409,25.0,5,0
2024-08-01,ST108,P3254,41.0,10,0
2024-08-01,ST108,P3268,39.0,20,0
2024-08-01,ST108,P3033,41.0,15,0
2024-08-01,ST108,P3186,29.0,20,0
2024-08-01,ST108,P3375,31.0,5,0
2024-08-01,ST108,P3423,40.0,5,0
2024-08-01,ST108,P3101,37.0,10,0
2024-08-01,ST108,P3457,40.0,5,0
2024-08-01,ST108,P3182,43.0,15,0
2024-08-01,ST108,P3165,42.0,20,0
2024-08-01,ST108,P3486,37.0,20,0
2024-08-01,ST108,P3350,47.0,10,0
2024-08-01,ST108,P3316,34.0,10,0
2024-08-01,ST108,P3297,33.0,20,0
2024-08-01,ST108,P3162,47.0,20,0
2024-08-01,ST108,P3263,36.0,15,0
2024-08-01,ST108,P3086,42.0,5,0
2024-08-01,ST108,P3077,42.0,10,0
2024-08-01,ST108,P3364,50.0,15,0
2024-08-01,ST108,P3002,37.0,10,0
2024-08-01,ST108,P3198,35.0,20,0
2024-08-01,ST108,P3246,33.0,20,0
2024-08-01,ST108,P3179,43.0,15,0
2024-08-01,ST108,P3090,34.0,15,0
2024-08-01,ST108,P3363,43.0,5,0
2024-08-01,ST108,P3469,33.0,5,0
2024-08-01,ST108,P3174,37.0,20,0
2024-08-01,ST108,P3039,36.0,15,0
2024-08-01,ST108,P3109,45.0,20,0
2024-08-01,ST108,P3065,32.0,20,0
2024-08-01,ST108,P3488,48.0,15,0
2024-08-01,ST108,P3205,40.0,10,0
2024-08-01,ST108,P3432,36.0,15,0
2024-08-01,ST108,P3253,30.0,15,0
2024-08-01,ST108,P3272,25.0,15,0
2024-08-01,ST108,P3465,31.0,5,0
2024-08-01,ST108,P3203,35.0,20,0
2024-08-01,ST108,P3306,36.0,5,0
2024-08-01,ST108,P3096,40.0,10,0
2024-08-01,ST108,P3006,30.0,20,0
2024-08-01,ST108,P3416,43.0,10,0
2024-08-01,ST108,P3323,31.0,5,0
2024-08-01,ST108,P3428,24.0,10,0
2024-08-01,ST108,P3245,38.0,15,0
2024-08-01,ST108,P3106,28.0,10,0
2024-08-01,ST108,P3097,29.0,10,0
2024-08-01,ST108,P3417,37.0,10,0
2024-08-01,ST108,P3502,31.0,15,0
2024-08-01,ST108,P3414,37.0,5,0
2024-08-01,ST108,P3082,34.0,20,0
2024-08-01,ST108,P3408,35.0,20,0
2024-08-01,ST108,P3328,32.0,20,0
2024-08-01,ST108,P3079,42.0,20,0
2024-08-01,ST108,P3303,35.0,10,0
2024-08-01,ST108,P3021,37.0,15,0
2024-08-01,ST108,P3494,30.0,15,0
2024-08-01,ST108,P3050,43.0,5,0
2024-08-01,ST109,P3124,42.0,5,0
2024-08-01,ST109,P3343,30.0,10,0
2024-08-01,ST109,P3016,38.0,10,0
2024-08-01,ST109,P3463,46.0,10,0
2024-08-01,ST109,P3431,37.0,10,0
2024-08-01,ST109,P3009,36.0,20,0
2024-08-01,ST109,P3352,36.0,10,0
2024-08-01,ST109,P3461,36.0,5,0
2024-08-01,ST109,P3334,29.0,5,0
2024-08-01,ST109,P3130,27.0,10,0
2024-08-01,ST109,P3449,22.0,20,0
2024-08-01,ST109,P3067,29.0,15,0
2024-08-01,ST109,P3398,28.0,10,0
2024-08-01,ST109,P3265,34.0,15,0
2024-08-01,ST109,P3381,30.0,5,0
2024-08-01,ST109,P3429,37.0,10,0
2024-08-01,ST109,P3378,24.0,10,0
2024-08-01,ST109,P3512,38.0,15,0
2024-08-01,ST109,P3216,39.0,5,0
2024-08-01,ST109,P3317,25.0,20,0
2024-08-01,ST109,P3455,27.0,5,0
2024-08-01,ST109,P3368,38.0,20,0
2024-08-01,ST109,P3407,28.0,20,0
2024-08-01,ST109,P3054,32.0,15,0
2024-08-01,ST109,P3510,36.0,15,0
2024-08-01,ST109,P3156,26.0,5,0
2024-08-01,ST109,P3172,31.0,15,0
2024-08-01,ST109,P3074,37.0,15,0
2024-08-01,ST109,P3293,41.0,20,0
2024-08-01,ST109,P3025,48.0,10,0
2024-08-01,ST109,P3451,41.0,5,0
2024-08-01,ST109,P3472,39.0,20,0
2024-08-01,ST109,P3370,31.0,5,0
2024-08-01,ST109,P3245,50.0,20,0
2024-08-01,ST109,P3324,33.0,5,0
2024-08-01,ST109,P3179,31.0,15,0
2024-08-01,ST109,P3069,38.0,20,0
2024-08-01,ST109,P3456,38.0,10,0
2024-08-01,ST109,P3442,34.0,20,0
2024-08-01,ST109,P3007,40.0,5,0
2024-08-01,ST109,P3113,39.0,5,0
2024-08-01,ST109,P3143,33.0,5,0
2024-08-01,ST109,P3163,28.0,20,0
2024-08-01,ST109,P3437,37.0,5,0
2024-08-01,ST109,P3013,37.0,20,0
2024-08-01,ST109,P3232,34.0,5,0
2024-08-01,ST109,P3285,26.0,10,0
2024-08-01,ST109,P3501,36.0,10,0
2024-08-01,ST109,P3491,33.0,20,0
2024-08-01,ST109,P3302,30.0,15,0
2024-08-01,ST109,P3011,38.0,15,0
2024-08-01,ST109,P3386,36.0,15,0
2024-08-01,ST109,P3015,37.0,20,0
2024-08-01,ST109,P3052,36.0,10,0
2024-08-01,ST109,P3104,32.0,10,0
2024-08-01,ST109,P3518,42.0,10,0
2024-08-01,ST109,P3204,44.0,10,0
2024-08-01,ST109,P3484,37.0,15,0
2024-08-01,ST109,P3297,40.0,20,0
2024-08-01,ST109,P3430,46.0,10,0
2024-08-01,ST110,P3223,33.0,5,0
2024-08-01,ST110,P3274,42.0,10,0
2024-08-01,ST110,P3212,48.0,15,0
2024-08-01,ST110,P3418,35.0,20,0
2024-08-01,ST110,P3247,41.0,5,0
2024-08-01,ST110,P3484,47.0,10,0
2024-08-01,ST110,P3060,37.0,20,0
2024-08-01,ST110,P3345,41.0,10,0
2024-08-01,ST110,P3380,42.0,15,0
2024-08-01,ST110,P3432,34.0,15,0
2024-08-01,ST110,P3504,40.0,10,0
2024-08-01,ST110,P3105,45.0,20,0
2024-08-01,ST110,P3038,28.0,5,0
2024-08-01,ST110,P3409,24.0,10,0
2024-08-01,ST110,P3374,30.0,10,0
2024-08-01,ST110,P3438,41.0,10,0
2024-08-01,ST110,P3081,30.0,20,0
2024-08-01,ST110,P3075,29.0,5,0
2024-08-01,ST110,P3305,39.0,5,0
2024-08-01,ST110,P3049,24.0,5,0
2024-08-01,ST110,P3203,36.0,5,0
2024-08-01,ST110,P3255,39.0,10,0
2024-08-01,ST110,P3493,30.0,15,0
2024-08-01,ST110,P3267,25.0,5,0
2024-08-01,ST110,P3099,46.0,10,0
2024-08-01,ST110,P3429,28.0,5,0
2024-08-01,ST110,P3278,34.0,15,0
2024-08-01,ST110,P3139,60.0,15,0
2024-08-01,ST110,P3173,45.0,10,0
2024-08-01,ST110,P3130,28.0,5,0
2024-08-01,ST110,P3398,28.0,20,0
2024-08-01,ST110,P3388,26.0,10,0
2024-08-01,ST110,P3141,36.0,10,0
2024-08-01,ST110,P3412,41.0,5,0
2024-08-01,ST110,P3498,47.0,5,0
2024-08-01,ST110,P3017,35.0,10,0
2024-08-01,ST110,P3496,29.0,5,0
2024-08-01,ST110,P3478,28.0,15,0
2024-08-01,ST110,P3281,40.0,15,0
2024-08-01,ST110,P3441,25.0,20,0
2024-08-01,ST110,P3296,44.0,5,0
2024-08-01,ST110,P3359,38.0,5,0
2024-08-01,ST110,P3156,39.0,20,0
2024-08-01,ST110,P3086,31.0,5,0
2024-08-01,ST110,P3137,32.0,15,0
2024-08-01,ST110,P3458,27.0,10,0
2024-08-01,ST110,P3502,33.0,20,0
2024-08-01,ST110,P3503,40.0,15,0
2024-08-01,ST110,P3219,24.0,10,0
2024-08-01,ST110,P3339,27.0,5,0
2024-08-01,ST110,P3005,28.0,20,0
2024-08-01,ST110,P3191,35.0,15,0
2024-08-01,ST110,P3303,24.0,15,0
2024-08-01,ST110,P3180,45.0,10,0
2024-08-01,ST110,P3414,48.0,5,0
2024-08-01,ST110,P3408,25.0,10,0
2024-08-01,ST110,P3033,46.0,20,0
2024-08-01,ST110,P3035,40.0,15,0
2024-08-01,ST110,P3385,36.0,15,0
2024-08-01,ST110,P3096,35.0,5,0
2024-08-01,ST111,P3073,38.0,10,0
2024-08-01,ST111,P3278,33.0,10,0
2024-08-01,ST111,P3249,38.0,5,0
2024-08-01,ST111,P3346,35.0,20,0
2024-08-01,ST111,P3298,30.0,15,0
2024-08-01,ST111,P3266,26.0,5,0
2024-08-01,ST111,P3155,24.0,20,0
2024-08-01,ST111,P3160,32.0,20,0
2024-08-01,ST111,P3390,37.0,20,0
2024-08-01,ST111,P3048,43.0,20,0
2024-08-01,ST111,P3099,35.0,5,0
2024-08-01,ST111,P3517,35.0,20,0
2024-08-01,ST111,P3505,32.0,20,0
2024-08-01,ST111,P3040,51.0,10,0
2024-08-01,ST111,P3431,36.0,10,0
2024-08-01,ST111,P3181,33.0,15,0
2024-08-01,ST111,P3330,34.0,20,0
2024-08-01,ST111,P3372,40.0,10,0
2024-08-01,ST111,P3039,28.0,10,0
2024-08-01,ST111,P3162,33.0,5,0
2024-08-01,ST111,P3010,42.0,20,0
2024-08-01,ST111,P3472,33.0,20,0
2024-08-01,ST111,P3503,40.0,20,0
2024-08-01,ST111,P3371,40.0,5,0
2024-08-01,ST111,P3103,40.0,20,0
2024-08-01,ST111,P3107,38.0,5,0
2024-08-01,ST111,P3226,32.0,10,0
2024-08-01,ST111,P3038,37.0,15,0
2024-08-01,ST111,P3028,39.0,20,0
2024-08-01,ST111,P3461,36.0,20,0
2024-08-01,ST111,P3327,27.0,5,0
2024-08-01,ST111,P3189,,20,0
2024-08-01,ST111,P3182,34.0,15,0
2024-08-01,ST111,P3206,24.0,10,0
2024-08-01,ST111,P3027,33.0,15,0
2024-08-01,ST111,P3301,42.0,15,0
2024-08-01,ST111,P3087,33.0,15,0
2024-08-01,ST111,P3086,41.0,20,0
2024-08-01,ST111,P3228,31.0,5,0
2024-08-01,ST111,P3100,41.0,5,0
2024-08-01,ST111,P3187,45.0,5,0
2024-08-01,ST111,P3088,42.0,20,0
2024-08-01,ST111,P3479,30.0,5,0
2024-08-01,ST111,P3174,25.0,15,0
2024-08-01,ST111,P3453,48.0,20,0
2024-08-01,ST111,P3114,28.0,5,0
2024-08-01,ST111,P3418,30.0,5,0
2024-08-01,ST111,P3318,34.0,15,0
2024-08-01,ST111,P3169,47.0,5,0
2024-08-01,ST111,P3279,37.0,5,0
2024-08-01,ST111,P3146,38.0,15,0
2024-08-01,ST111,P3208,26.0,15,0
2024-08-01,ST111,P3210,34.0,5,0
2024-08-01,ST111,P3020,45.0,10,0
2024-08-01,ST111,P3341,27.0,10,0
2024-08-01,ST111,P3011,34.0,10,0
2024-08-01,ST111,P3488,26.0,5,0
2024-08-01,ST111,P3220,52.0,10,0
2024-08-01,ST111,P3463,22.0,20,0
2024-08-01,ST111,P3246,39.0,10,0
2024-08-01,ST112,P3488,34.0,15,0
2024-08-01,ST112,P3263,40.0,5,0
2024-08-01,ST112,P3311,45.0,10,0
2024-08-01,ST112,P3391,37.0,15,0
2024-08-01,ST112,P3282,47.0,20,0
2024-08-01,ST112,P3191,46.0,10,0
2024-08-01,ST112,P3507,45.0,20,0
2024-08-01,ST112,P3409,41.0,5,0
2024-08-01,ST112,P3509,33.0,10,0
2024-08-01,ST112,P3304,43.0,10,0
2024-08-01,ST112,P3408,28.0,15,0
2024-08-01,ST112,P3274,37.0,15,0
2024-08-01,ST112,P3221,34.0,20,0
2024-08-01,ST112,P3398,48.0,15,0
2024-08-01,ST112,P3067,38.0,20,0
2024-08-01,ST112,P3260,38.0,15,0
2024-08-01,ST112,P3063,41.0,10,0
2024-08-01,ST112,P3165,36.0,5,0
2024-08-01,ST112,P3330,35.0,5,0
2024-08-01,ST112,P3517,38.0,5,0
2024-08-01,ST112,P3044,41.0,10,0
2024-08-01,ST112,P3025,38.0,5,0
2024-08-01,ST112,P3462,28.0,5,0
2024-08-01,ST112,P3388,36.0,15,0
2024-08-01,ST112,P3376,28.0,10,0
2024-08-01,ST112,P3426,32.0,20,0
2024-08-01,ST112,P3265,38.0,10,0
2024-08-01,ST112,P3405,27.0,10,0
2024-08-01,ST112,P3019,25.0,10,0
2024-08-01,ST112,P3146,36.0,10,0
2024-08-01,ST112,P3490,31.0,10,0
2024-08-01,ST112,P3400,27.0,5,0
2024-08-01,ST112,P3243,41.0,10,0
2024-08-01,ST112,P3484,39.0,10,0
2024-08-01,ST112,P3225,25.0,15,0
2024-08-01,ST112,P3403,46.0,5,0
2024-08-01,ST112,P3344,30.0,15,0
2024-08-01,ST112,P3285,42.0,5,0
2024-08-01,ST112,P3185,41.0,5,0
2024-08-01,ST112,P3442,31.0,10,0
2024-08-01,ST112,P3218,34.0,20,0
2024-08-01,ST112,P3176,29.0,20,0
2024-08-01,ST112,P3208,40.0,5,0
2024-08-01,ST112,P3016,40.0,15,0
2024-08-01,ST112,P3106,37.0,15,0
2024-08-01,ST112,P3070,35.0,15,0
2024-08-01,ST112,P3273,34.0,5,0
2024-08-01,ST112,P3302,38.0,15,0
2024-08-01,ST112,P3082,36.0,5,0
2024-08-01,ST112,P3198,29.0,15,0
2024-08-01,ST112,P3390,39.0,10,0
2024-08-01,ST112,P3056,39.0,10,0
2024-08-01,ST112,P3034,37.0,20,0
2024-08-01,ST112,P3475,46.0,5,0
2024-08-01,ST112,P3045,28.0,5,0
2024-08-01,ST112,P3021,38.0,20,0
2024-08-01,ST112,P3075,29.0,20,0
2024-08-01,ST112,P3097,40.0,15,0
2024-08-01,ST112,P3091,29.0,15,0
2024-08-01,ST112,P3038,37.0,5,0
2024-08-01,ST113,P3364,32.0,15,0
2024-08-01,ST113,P3324,39.0,20,0
2024-08-01,ST113,P3276,41.0,20,0
2024-08-01,ST113,P3139,38.0,15,0
2024-08-01,ST113,P3419,33.0,5,0
2024-08-01,ST113,P3425,44.0,15,0
2024-08-01,ST113,P3443,38.0,5,0
2024-08-01,ST113,P3062,34.0,15,0
2024-08-01,ST113,P3378,45.0,15,0
2024-08-01,ST113,P3120,40.0,5,0
2024-08-01,ST113,P3059,30.0,5,0
2024-08-01,ST113,P3429,35.0,15,0
2024-08-01,ST113,P3441,29.0,15,0
2024-08-01,ST113,P3159,29.0,15,0
2024-08-01,ST113,P3019,27.0,10,0
2024-08-01,ST113,P3153,37.0,15,0
2024-08-01,ST113,P3085,30.0,15,0
2024-08-01,ST113,P3396,29.0,10,0
2024-08-01,ST113,P3034,34.0,10,0
2024-08-01,ST113,P3470,37.0,10,0
2024-08-01,ST113,P3409,33.0,5,0
2024-08-01,ST113,P3065,38.0,5,0
2024-08-01,ST113,P3142,24.0,20,0
2024-08-01,ST113,P3213,36.0,15,0
2024-08-01,ST113,P3447,33.0,20,0
2024-08-01,ST113,P3474,28.0,10,0
2024-08-01,ST113,P3459,26.0,5,0
2024-08-01,ST113,P3495,36.0,5,0
2024-08-01,ST113,P3169,46.0,5,0
2024-08-01,ST113,P3053,35.0,10,0
2024-08-01,ST113,P3149,30.0,10,0
2024-08-01,ST113,P3379,32.0,15,0
2024-08-01,ST113,P3023,42.0,10,0
2024-08-01,ST113,P3020,37.0,20,0
2024-08-01,ST113,P3022,33.0,20,0
2024-08-01,ST113,P3353,33.0,10,0
2024-08-01,ST113,P3284,37.0,20,0
2024-08-01,ST113,P3251,25.0,10,0
2024-08-01,ST113,P3399,41.0,15,0
2024-08-01,ST113,P3296,33.0,20,0
2024-08-01,ST113,P3044,31.0,10,0
2024-08-01,ST113,P3127,43.0,20,0
2024-08-01,ST113,P3371,43.0,20,0
2024-08-01,ST113,P3087,33.0,20,0
2024-08-01,ST113,P3473,32.0,20,0
2024-08-01,ST113,P3104,29.0,15,0
2024-08-01,ST113,P3368,33.0,10,0
2024-08-01,ST113,P3199,35.0,20,0
2024-08-01,ST113,P3109,38.0,20,0
2024-08-01,ST113,P3063,35.0,10,0
2024-08-01,ST113,P3021,26.0,20,0
2024-08-01,ST113,P3309,41.0,10,0
2024-08-01,ST113,P3254,38.0,20,0
2024-08-01,ST113,P3464,31.0,5,0
2024-08-01,ST113,P3200,33.0,20,0
2024-08-01,ST113,P3092,36.0,20,0
2024-08-01,ST113,P3191,46.0,5,0
2024-08-01,ST113,P3091,42.0,10,0
2024-08-01,ST113,P3189,31.0,10,0
2024-08-01,ST113,P3222,43.0,10,0
2024-08-01,ST114,P3012,30.0,15,0
2024-08-01,ST114,P3488,33.0,5,0
2024-08-01,ST114,P3354,27.0,10,0
2024-08-01,ST114,P3461,31.0,20,0
2024-08-01,ST114,P3249,32.0,15,0
2024-08-01,ST114,P3310,23.0,10,0
2024-08-01,ST114,P3340,31.0,5,0
2024-08-01,ST114,P3502,41.0,5,0
2024-08-01,ST114,P3493,32.0,15,0
2024-08-01,ST114,P3437,47.0,5,0
2024-08-01,ST114,P3228,32.0,15,0
2024-08-01,ST114,P3225,30.0,15,0
2024-08-01,ST114,P3515,31.0,15,0
2024-08-01,ST114,P3494,36.0,20,0
2024-08-01,ST114,P3334,26.0,15,0
2024-08-01,ST114,P3347,39.0,10,0
2024-08-01,ST114,P3498,39.0,20,0
2024-08-01,ST114,P3300,43.0,15,0
2024-08-01,ST114,P3067,49.0,10,0
2024-08-01,ST114,P3423,31.0,5,0
2024-08-01,ST114,P3428,31.0,10,0
2024-08-01,ST114,P3192,37.0,20,0
2024-08-01,ST114,P3343,34.0,10,0
2024-08-01,ST114,P3262,41.0,15,0
2024-08-01,ST114,P3332,31.0,15,0
2024-08-01,ST114,P3010,36.0,5,0
2024-08-01,ST114,P3145,35.0,10,0
2024-08-01,ST114,P3309,32.0,20,0
2024-08-01,ST114,P3047,36.0,15,0
2024-08-01,ST114,P3094,27.0,5,0
2024-08-01,ST114,P3244,28.0,20,0
2024-08-01,ST114,P3364,33.0,20,0
2024-08-01,ST114,P3489,28.0,10,0
2024-08-01,ST114,P3022,30.0,5,0
2024-08-01,ST114,P3315,26.0,20,0
2024-08-01,ST114,P3243,45.0,15,0
2024-08-01,ST114,P3247,29.0,5,0
2024-08-01,ST114,P3397,28.0,5,0
2024-08-01,ST114,P3277,30.0,15,0
2024-08-01,ST114,P3076,35.0,15,0
2024-08-01,ST114,P3183,37.0,10,0
2024-08-01,ST114,P3107,27.0,5,0
2024-08-01,ST114,P3360,38.0,10,0
2024-08-01,ST114,P3003,27.0,15,0
2024-08-01,ST114,P3373,44.0,15,0
2024-08-01,ST114,P3084,37.0,20,0
2024-08-01,ST114,P3331,31.0,20,0
2024-08-01,ST114,P3490,45.0,5,0
2024-08-01,ST114,P3248,32.0,15,0
2024-08-01,ST114,P3130,20.0,20,0
2024-08-01,ST114,P3302,33.0,15,0
2024-08-01,ST114,P3480,25.0,5,0
2024-08-01,ST114,P3290,52.0,20,0
2024-08-01,ST114,P3396,40.0,5,0
2024-08-01,ST114,P3143,36.0,10,0
2024-08-01,ST114,P3231,29.0,10,0
2024-08-01,ST114,P3101,22.0,10,0
2024-08-01,ST114,P3202,28.0,5,0
2024-08-01,ST114,P3303,31.0,20,0
2024-08-01,ST114,P3504,24.0,10,0
2024-08-01,ST115,P3081,32.0,5,0
2024-08-01,ST115,P3507,30.0,20,0
2024-08-01,ST115,P3373,30.0,10,0
2024-08-01,ST115,P3369,35.0,15,0
2024-08-01,ST115,P3305,28.0,20,0
2024-08-01,ST115,P3489,42.0,10,0
2024-08-01,ST115,P3131,41.0,5,0
2024-08-01,ST115,P3249,31.0,15,0
2024-08-01,ST115,P3078,30.0,5,0
2024-08-01,ST115,P3167,25.0,20,0
2024-08-01,ST115,P3498,33.0,5,0
2024-08-01,ST115,P3242,42.0,10,0
2024-08-01,ST115,P3324,33.0,5,0
2024-08-01,ST115,P3221,26.0,20,0
2024-08-01,ST115,P3325,38.0,10,0
2024-08-01,ST115,P3228,39.0,15,0
2024-08-01,ST115,P3364,34.0,15,0
2024-08-01,ST115,P3218,38.0,10,0
2024-08-01,ST115,P3125,34.0,20,0
2024-08-01,ST115,P3506,44.0,15,0
2024-08-01,ST115,P3473,25.0,10,0
2024-08-01,ST115,P3244,46.0,20,0
2024-08-01,ST115,P3510,33.0,20,0
2024-08-01,ST115,P3422,32.0,15,0
2024-08-01,ST115,P3504,31.0,15,0
2024-08-01,ST115,P3501,40.0,10,0
2024-08-01,ST115,P3322,36.0,20,0
2024-08-01,ST115,P3160,30.0,20,0
2024-08-01,ST115,P3251,39.0,10,0
2024-08-01,ST115,P3080,37.0,5,0
2024-08-01,ST115,P3055,41.0,5,0
2024-08-01,ST115,P3121,38.0,15,0
2024-08-01,ST115,P3065,40.0,5,0
2024-08-01,ST115,P3008,34.0,10,0
2024-08-01,ST115,P3332,44.0,20,0
2024-08-01,ST115,P3399,35.0,20,0
2024-08-01,ST115,P3490,44.0,20,0
2024-08-01,ST115,P3179,40.0,5,0
2024-08-01,ST115,P3319,33.0,5,0
2024-08-01,ST115,P3471,44.0,20,0
2024-08-01,ST115,P3036,37.0,15,0
2024-08-01,ST115,P3278,23.0,15,0
2024-08-01,ST115,P3434,34.0,20,0
2024-08-01,ST115,P3297,39.0,15,0
2024-08-01,ST115,P3287,34.0,20,0
2024-08-01,ST115,P3175,39.0,20,0
2024-08-01,ST115,P3365,30.0,20,0
2024-08-01,ST115,P3142,27.0,20,0
2024-08-01,ST115,P3009,33.0,5,0
2024-08-01,ST115,P3006,28.0,15,0
2024-08-01,ST115,P3448,34.0,10,0
2024-08-01,ST115,P3402,28.0,20,0
2024-08-01,ST115,P3093,25.0,20,0
2024-08-01,ST115,P3417,28.0,10,0
2024-08-01,ST115,P3321,41.0,5,0
2024-08-01,ST115,P3492,34.0,15,0
2024-08-01,ST115,P3261,30.0,10,0
2024-08-01,ST115,P3281,24.0,5,0
2024-08-01,ST115,P3421,36.0,5,0
2024-08-01,ST115,P3238,33.0,20,0
2024-08-01,ST116,P3101,34.0,20,0
2024-08-01,ST116,P3059,41.0,5,0
2024-08-01,ST116,P3274,31.0,5,0
2024-08-01,ST116,P3337,26.0,5,0
2024-08-01,ST116,P3249,29.0,20,0
2024-08-01,ST116,P3261,33.0,10,0
2024-08-01,ST116,P3369,33.0,15,0
2024-08-01,ST116,P3172,41.0,5,0
2024-08-01,ST116,P3442,26.0,10,0
2024-08-01,ST116,P3180,39.0,15,0
2024-08-01,ST116,P3500,31.0,5,0
2024-08-01,ST116,P3181,28.0,20,0
2024-08-01,ST116,P3135,22.0,15,0
2024-08-01,ST116,P3127,33.0,5,0
2024-08-01,ST116,P3130,28.0,10,0
2024-08-01,ST116,P3145,35.0,10,0
2024-08-01,ST116,P3432,26.0,10,0
2024-08-01,ST116,P3052,43.0,5,0
2024-08-01,ST116,P3002,31.0,15,0
2024-08-01,ST116,P3379,29.0,5,0
2024-08-01,ST116,P3454,35.0,10,0
2024-08-01,ST116,P3410,31.0,15,0
2024-08-01,ST116,P3380,42.0,20,0
2024-08-01,ST116,P3267,38.0,20,0
2024-08-01,ST116,P3029,35.0,20,0
2024-08-01,ST116,P3126,30.0,5,0
2024-08-01,ST116,P3422,28.0,10,0
2024-08-01,ST116,P3134,41.0,20,0
2024-08-01,ST116,P3482,33.0,10,0
2024-08-01,ST116,P3443,35.0,5,0
2024-08-01,ST116,P3190,31.0,20,0
2024-08-01,ST116,P3102,35.0,20,0
2024-08-01,ST116,P3439,40.0,5,0
2024-08-01,ST116,P3315,35.0,20,0
2024-08-01,ST116,P3398,33.0,10,0
2024-08-01,ST116,P3142,39.0,10,0
2024-08-01,ST116,P3344,40.0,5,0
2024-08-01,ST116,P3372,30.0,20,0
2024-08-01,ST116,P3156,30.0,20,0
2024-08-01,ST116,P3004,43.0,10,0
2024-08-01,ST116,P3298,30.0,15,0
2024-08-01,ST116,P3492,39.0,10,0
2024-08-01,ST116,P3054,38.0,10,0
2024-08-01,ST116,P3075,40.0,5,0
2024-08-01,ST116,P3480,39.0,5,0
2024-08-01,ST116,P3226,29.0,10,0
2024-08-01,ST116,P3347,42.0,5,0
2024-08-01,ST116,P3248,39.0,15,0
2024-08-01,ST116,P3515,37.0,5,0
2024-08-01,ST116,P3285,35.0,10,0
2024-08-01,ST116,P3512,34.0,10,0
2024-08-01,ST116,P3364,25.0,15,0
2024-08-01,ST116,P3138,45.0,5,0
2024-08-01,ST116,P3241,33.0,10,0
2024-08-01,ST116,P3411,44.0,20,0
2024-08-01,ST116,P3208,38.0,15,0
2024-08-01,ST116,P3119,31.0,20,0
2024-08-01,ST116,P3051,32.0,20,0
2024-08-01,ST116,P3334,29.0,5,0
2024-08-01,ST116,P3367,45.0,20,0
2024-08-01,ST117,P3325,38.0,5,0
2024-08-01,ST117,P3230,33.0,20,0
2024-08-01,ST117,P3011,30.0,5,0
2024-08-01,ST117,P3318,43.0,5,0
2024-08-01,ST117,P3176,33.0,10,0
2024-08-01,ST117,P3003,41.0,5,0
2024-08-01,ST117,P3007,48.0,10,0
2024-08-01,ST117,P3274,46.0,15,0
2024-08-01,ST117,P3471,43.0,15,0
2024-08-01,ST117,P3050,42.0,15,0
2024-08-01,ST117,P3472,37.0,15,0
2024-08-01,ST117,P3047,35.0,20,0
2024-08-01,ST117,P3389,34.0,10,0
2024-08-01,ST117,P3039,36.0,5,0
2024-08-01,ST117,P3267,41.0,15,0
2024-08-01,ST117,P3224,34.0,10,0
2024-08-01,ST117,P3202,34.0,10,0
2024-08-01,ST117,P3118,36.0,5,0
2024-08-01,ST117,P3384,36.0,10,0
2024-08-01,ST117,P3378,35.0,15,0
2024-08-01,ST117,P3482,36.0,20,0
2024-08-01,ST117,P3374,29.0,20,0
2024-08-01,ST117,P3437,26.0,5,0
2024-08-01,ST117,P3320,34.0,15,0
2024-08-01,ST117,P3288,39.0,5,0
2024-08-01,ST117,P3001,38.0,10,0
2024-08-01,ST117,P3067,25.0,10,0
2024-08-01,ST117,P3190,34.0,15,0
2024-08-01,ST117,P3031,33.0,15,0
2024-08-01,ST117,P3131,26.0,5,0
2024-08-01,ST117,P3404,37.0,20,0
2024-08-01,ST117,P3283,32.0,20,0
2024-08-01,ST117,P3326,36.0,15,0
2024-08-01,ST117,P3507,35.0,5,0
2024-08-01,ST117,P3174,24.0,5,0
2024-08-01,ST117,P3242,35.0,5,0
2024-08-01,ST117,P3160,35.0,10,0
2024-08-01,ST117,P3442,39.0,5,0
2024-08-01,ST117,P3434,36.0,10,0
2024-08-01,ST117,P3486,41.0,20,0
2024-08-01,ST117,P3239,36.0,10,0
2024-08-01,ST117,P3310,35.0,10,0
2024-08-01,ST117,P3044,36.0,10,0
2024-08-01,ST117,P3110,33.0,5,0
2024-08-01,ST117,P3136,38.0,10,0
2024-08-01,ST117,P3071,30.0,10,0
2024-08-01,ST117,P3119,33.0,5,0
2024-08-01,ST117,P3435,40.0,10,0
2024-08-01,ST117,P3319,45.0,5,0
2024-08-01,ST117,P3317,38.0,20,0
2024-08-01,ST117,P3479,32.0,10,0
2024-08-01,ST117,P3145,42.0,5,0
2024-08-01,ST117,P3428,31.0,5,0
2024-08-01,ST117,P3509,31.0,5,0
2024-08-01,ST117,P3436,41.0,5,0
2024-08-01,ST117,P3519,26.0,20,0
2024-08-01,ST117,P3238,37.0,5,0
2024-08-01,ST117,P3304,28.0,5,0
2024-08-01,ST117,P3229,38.0,5,0
2024-08-01,ST117,P3112,32.0,10,0
2024-08-01,ST118,P3074,38.0,20,0
2024-08-01,ST118,P3468,28.0,20,0
2024-08-01,ST118,P3057,42.0,20,0
2024-08-01,ST118,P3196,29.0,20,0
2024-08-01,ST118,P3487,42.0,5,0
2024-08-01,ST118,P3416,33.0,5,0
2024-08-01,ST118,P3188,34.0,20,0
2024-08-01,ST118,P3486,39.0,15,0
2024-08-01,ST118,P3278,38.0,15,0
2024-08-01,ST118,P3110,38.0,15,0
2024-08-01,ST118,P3070,29.0,20,0
2024-08-01,ST118,P3464,28.0,5,0
2024-08-01,ST118,P3280,34.0,5,0
2024-08-01,ST118,P3351,38.0,10,0
2024-08-01,ST118,P3301,33.0,20,0
2024-08-01,ST118,P3128,39.0,20,0
2024-08-01,ST118,P3305,31.0,15,0
2024-08-01,ST118,P3225,32.0,5,0
2024-08-01,ST118,P3064,34.0,15,0
2024-08-01,ST118,P3231,27.0,10,0
2024-08-01,ST118,P3127,31.0,5,0
2024-08-01,ST118,P3226,42.0,20,0
2024-08-01,ST118,P3387,45.0,15,0
2024-08-01,ST118,P3414,34.0,20,0
2024-08-01,ST118,P3154,38.0,5,0
2024-08-01,ST118,P3405,39.0,10,0
2024-08-01,ST118,P3039,36.0,10,0
2024-08-01,ST118,P3197,35.0,15,0
2024-08-01,ST118,P3479,26.0,5,0
2024-08-01,ST118,P3137,40.0,10,0
2024-08-01,ST118,P3171,40.0,20,0
2024-08-01,ST118,P3283,39.0,10,0
2024-08-01,ST118,P3186,29.0,15,0
2024-08-01,ST118,P3068,32.0,10,0
2024-08-01,ST118,P3282,36.0,10,0
2024-08-01,ST118,P3125,30.0,20,0
2024-08-01,ST118,P3422,26.0,10,0
2024-08-01,ST118,P3120,44.0,20,0
2024-08-01,ST118,P3340,41.0,20,0
2024-08-01,ST118,P3365,34.0,10,0
2024-08-01,ST118,P3138,29.0,15,0
2024-08-01,ST118,P3434,36.0,20,0
2024-08-01,ST118,P3369,26.0,10,0
2024-08-01,ST118,P3248,37.0,5,0
2024-08-01,ST118,P3084,36.0,10,0
2024-08-01,ST118,P3433,41.0,10,0
2024-08-01,ST118,P3035,33.0,5,0
2024-08-01,ST118,P3427,27.0,5,0
2024-08-01,ST118,P3428,30.0,20,0
2024-08-01,ST118,P3512,35.0,10,0
2024-08-01,ST118,P3290,39.0,20,0
2024-08-01,ST118,P3492,45.0,10,0
2024-08-01,ST118,P3003,28.0,5,0
2024-08-01,ST118,P3321,55.0,5,0
2024-08-01,ST118,P3217,37.0,10,0
2024-08-01,ST118,P3048,30.0,10,0
2024-08-01,ST118,P3174,31.0,20,0
2024-08-01,ST118,P3355,37.0,20,0
2024-08-01,ST118,P3286,15.0,15,0
2024-08-01,ST118,P3235,33.0,10,0
2024-09-01,ST101,P3031,31.0,20,0
2024-09-01,ST101,P3303,43.0,10,0
2024-09-01,ST101,P3306,29.0,15,0
2024-09-01,ST101,P3292,33.0,15,0
2024-09-01,ST101,P3029,35.0,20,0
2024-09-01,ST101,P3317,35.0,20,0
2024-09-01,ST101,P3284,37.0,10,0
2024-09-01,ST101,P3016,38.0,15,0
2024-09-01,ST101,P3201,51.0,20,0
2024-09-01,ST101,P3489,27.0,5,0
2024-09-01,ST101,P3268,34.0,5,0
2024-09-01,ST101,P3115,44.0,10,0
2024-09-01,ST101,P3188,36.0,5,0
2024-09-01,ST101,P3018,35.0,15,0
2024-09-01,ST101,P3308,40.0,5,0
2024-09-01,ST101,P3065,38.0,10,0
2024-09-01,ST101,P3028,36.0,20,0
2024-09-01,ST101,P3117,43.0,20,0
2024-09-01,ST101,P3500,22.0,10,0
2024-09-01,ST101,P3333,41.0,20,0
2024-09-01,ST101,P3404,37.0,15,0
2024-09-01,ST101,P3381,32.0,20,0
2024-09-01,ST101,P3234,31.0,10,0
2024-09-01,ST101,P3423,29.0,15,0
2024-09-01,ST101,P3304,39.0,20,0
2024-09-01,ST101,P3342,40.0,5,0
2024-09-01,ST101,P3113,30.0,15,0
2024-09-01,ST101,P3498,34.0,15,0
2024-09-01,ST101,P3083,36.0,5,0
2024-09-01,ST101,P3122,27.0,15,0
2024-09-01,ST101,P3282,30.0,10,0
2024-09-01,ST101,P3130,36.0,5,0
2024-09-01,ST101,P3118,34.0,5,0
2024-09-01,ST101,P3159,46.0,5,0
2024-09-01,ST101,P3444,34.0,5,0
2024-09-01,ST101,P3293,33.0,10,0
2024-09-01,ST101,P3105,33.0,20,0
2024-09-01,ST101,P3442,26.0,15,0
2024-09-01,ST101,P3518,40.0,5,0
2024-09-01,ST101,P3295,37.0,10,0
2024-09-01,ST101,P3242,37.0,5,0
2024-09-01,ST101,P3360,29.0,15,0
2024-09-01,ST101,P3216,40.0,5,0
2024-09-01,ST101,P3020,31.0,20,0
2024-09-01,ST101,P3198,28.0,10,0
2024-09-01,ST101,P3240,42.0,5,0
2024-09-01,ST101,P3481,33.0,20,0
2024-09-01,ST101,P3513,39.0,15,0
2024-09-01,ST101,P3353,33.0,5,0
2024-09-01,ST101,P3131,33.0,10,0
2024-09-01,ST101,P3352,30.0,5,0
2024-09-01,ST101,P3128,33.0,5,0
2024-09-01,ST101,P3382,38.0,15,0
2024-09-01,ST101,P3416,32.0,20,0
2024-09-01,ST101,P3206,31.0,5,0
2024-09-01,ST101,P3005,31.0,10,0
2024-09-01,ST101,P3354,32.0,15,0
2024-09-01,ST101,P3232,38.0,15,0
2024-09-01,ST101,P3010,30.0,20,0
2024-09-01,ST101,P3024,28.0,10,0
2024-09-01,ST102,P3146,33.0,5,0
2024-09-01,ST102,P3242,33.0,20,0
2024-09-01,ST102,P3227,32.0,10,0
2024-09-01,ST102,P3376,46.0,10,0
2024-09-01,ST102,P3331,29.0,20,0
2024-09-01,ST102,P3087,42.0,10,0
2024-09-01,ST102,P3163,31.0,20,0
2024-09-01,ST102,P3209,31.0,20,0
2024-09-01,ST102,P3183,39.0,10,0
2024-09-01,ST102,P3466,36.0,20,0
2024-09-01,ST102,P3260,35.0,5,0
2024-09-01,ST102,P3323,38.0,5,0
2024-09-01,ST102,P3080,38.0,5,0
2024-09-01,ST102,P3148,34.0,5,0
2024-09-01,ST102,P3177,31.0,5,0
2024-09-01,ST102,P3213,38.0,20,0
2024-09-01,ST102,P3441,33.0,10,0
2024-09-01,ST102,P3516,25.0,20,0
2024-09-01,ST102,P3070,35.0,5,0
2024-09-01,ST102,P3047,45.0,15,0
2024-09-01,ST102,P3233,33.0,20,0
2024-09-01,ST102,P3210,35.0,5,0
2024-09-01,ST102,P3211,28.0,20,0
2024-09-01,ST102,P3257,49.0,20,0
2024-09-01,ST102,P3259,43.0,5,0
2024-09-01,ST102,P3185,39.0,10,0
2024-09-01,ST102,P3058,42.0,5,0
2024-09-01,ST102,P3129,42.0,10,0
2024-09-01,ST102,P3373,42.0,10,0
2024-09-01,ST102,P3520,40.0,20,0
2024-09-01,ST102,P3266,49.0,10,0
2024-09-01,ST102,P3396,39.0,10,0
2024-09-01,ST102,P3014,33.0,10,0
2024-09-01,ST102,P3517,31.0,5,0
2024-09-01,ST102,P3406,36.0,10,0
2024-09-01,ST102,P3394,39.0,5,0
2024-09-01,ST102,P3184,33.0,20,0
2024-09-01,ST102,P3049,46.0,15,0
2024-09-01,ST102,P3174,41.0,20,0
2024-09-01,ST102,P3471,33.0,5,0
2024-09-01,ST102,P3276,33.0,5,0
2024-09-01,ST102,P3457,34.0,15,0
2024-09-01,ST102,P3305,40.0,10,0
2024-09-01,ST102,P3112,47.0,20,0
2024-09-01,ST102,P3214,32.0,10,0
2024-09-01,ST102,P3051,36.0,5,0
2024-09-01,ST102,P3151,49.0,10,0
2024-09-01,ST102,P3409,38.0,10,0
2024-09-01,ST102,P3248,43.0,10,0
2024-09-01,ST102,P3018,,5,0
2024-09-01,ST102,P3115,38.0,20,0
2024-09-01,ST102,P3279,32.0,10,0
2024-09-01,ST102,P3256,38.0,5,0
2024-09-01,ST102,P3085,34.0,5,0
2024-09-01,ST102,P3465,44.0,15,0
2024-09-01,ST102,P3179,27.0,5,0
2024-09-01,ST102,P3455,26.0,15,0
2024-09-01,ST102,P3510,33.0,15,0
2024-09-01,ST102,P3099,36.0,10,0
2024-09-01,ST102,P3423,40.0,10,0
2024-09-01,ST103,P3102,39.0,15,0
2024-09-01,ST103,P3150,38.0,5,0
2024-09-01,ST103,P3480,31.0,10,0
2024-09-01,ST103,P3446,31.0,15,0
2024-09-01,ST103,P3437,34.0,15,0
2024-09-01,ST103,P3442,39.0,5,0
2024-09-01,ST103,P3040,34.0,20,0
2024-09-01,ST103,P3373,39.0,5,0
2024-09-01,ST103,P3388,42.0,5,0
2024-09-01,ST103,P3239,40.0,5,0
2024-09-01,ST103,P3055,30.0,15,0
2024-09-01,ST103,P3229,34.0,5,0
2024-09-01,ST103,P3161,40.0,15,0
2024-09-01,ST103,P3273,36.0,10,0
2024-09-01,ST103,P3490,34.0,5,0
2024-09-01,ST103,P3019,42.0,10,0
2024-09-01,ST103,P3192,31.0,10,0
2024-09-01,ST103,P3377,30.0,15,0
2024-09-01,ST103,P3256,31.0,15,0
2024-09-01,ST103,P3175,32.0,15,0
2024-09-01,ST103,P3465,31.0,15,0
2024-09-01,ST103,P3380,28.0,5,0
2024-09-01,ST103,P3346,32.0,20,0
2024-09-01,ST103,P3261,34.0,20,0
2024-09-01,ST103,P3166,36.0,15,0
2024-09-01,ST103,P3496,30.0,20,0
2024-09-01,ST103,P3518,35.0,20,0
2024-09-01,ST103,P3096,36.0,20,0
2024-09-01,ST103,P3486,44.0,15,0
2024-09-01,ST103,P3428,36.0,10,0
2024-09-01,ST103,P3172,36.0,10,0
2024-09-01,ST103,P3310,40.0,20,0
2024-09-01,ST103,P3493,26.0,15,0
2024-09-01,ST103,P3424,28.0,10,0
2024-09-01,ST103,P3113,33.0,20,0
2024-09-01,ST103,P3206,34.0,20,0
2024-09-01,ST103,P3171,35.0,5,0
2024-09-01,ST103,P3016,48.0,5,0
2024-09-01,ST103,P3170,27.0,20,0
2024-09-01,ST103,P3191,33.0,20,0
2024-09-01,ST103,P3254,41.0,5,0
2024-09-01,ST103,P3299,38.0,20,0
2024-09-01,ST103,P3479,41.0,10,0
2024-09-01,ST103,P3097,34.0,20,0
2024-09-01,ST103,P3176,40.0,10,0
2024-09-01,ST103,P3386,32.0,10,0
2024-09-01,ST103,P3103,43.0,5,0
2024-09-01,ST103,P3274,35.0,10,0
2024-09-01,ST103,P3167,41.0,5,0
2024-09-01,ST103,P3073,37.0,5,0
2024-09-01,ST103,P3405,30.0,10,0
2024-09-01,ST103,P3418,56.0,10,0
2024-09-01,ST103,P3359,36.0,10,0
2024-09-01,ST103,P3348,28.0,15,0
2024-09-01,ST103,P3462,25.0,15,0
2024-09-01,ST103,P3208,26.0,20,0
2024-09-01,ST103,P3059,39.0,5,0
2024-09-01,ST103,P3210,37.0,20,0
2024-09-01,ST103,P3109,34.0,10,0
2024-09-01,ST103,P3141,40.0,10,0
2024-09-01,ST104,P3383,46.0,15,0
2024-09-01,ST104,P3143,24.0,15,0
2024-09-01,ST104,P3240,41.0,15,0
2024-09-01,ST104,P3287,43.0,15,0
2024-09-01,ST104,P3229,35.0,10,0
2024-09-01,ST104,P3204,27.0,10,0
2024-09-01,ST104,P3440,36.0,15,0
2024-09-01,ST104,P3249,48.0,15,0
2024-09-01,ST104,P3136,35.0,10,0
2024-09-01,ST104,P3174,35.0,20,0
2024-09-01,ST104,P3039,44.0,15,0
2024-09-01,ST104,P3429,33.0,10,0
2024-09-01,ST104,P3355,,5,0
2024-09-01,ST104,P3425,31.0,15,0
2024-09-01,ST104,P3153,33.0,20,0
2024-09-01,ST104,P3295,35.0,10,0
2024-09-01,ST104,P3054,31.0,15,0
2024-09-01,ST104,P3008,35.0,15,0
2024-09-01,ST104,P3066,27.0,10,0
2024-09-01,ST104,P3002,35.0,20,0
2024-09-01,ST104,P3154,29.0,10,0
2024-09-01,ST104,P3288,33.0,5,0
2024-09-01,ST104,P3170,34.0,20,0
2024-09-01,ST104,P3352,44.0,5,0
2024-09-01,ST104,P3159,42.0,5,0
2024-09-01,ST104,P3422,33.0,20,0
2024-09-01,ST104,P3099,28.0,10,0
2024-09-01,ST104,P3336,35.0,15,0
2024-09-01,ST104,P3377,25.0,10,0
2024-09-01,ST104,P3372,28.0,15,0
2024-09-01,ST104,P3476,30.0,10,0
2024-09-01,ST104,P3251,29.0,15,0
2024-09-01,ST104,P3484,39.0,20,0
2024-09-01,ST104,P3366,33.0,5,0
2024-09-01,ST104,P3481,38.0,10,0
2024-09-01,ST104,P3069,42.0,20,0
2024-09-01,ST104,P3106,38.0,5,0
2024-09-01,ST104,P3152,34.0,15,0
2024-09-01,ST104,P3239,41.0,10,0
2024-09-01,ST104,P3347,29.0,15,0
2024-09-01,ST104,P3508,33.0,20,0
2024-09-01,ST104,P3033,41.0,10,0
2024-09-01,ST104,P3228,36.0,10,0
2024-09-01,ST104,P3492,28.0,15,0
2024-09-01,ST104,P3381,37.0,5,0
2024-09-01,ST104,P3093,32.0,5,0
2024-09-01,ST104,P3233,42.0,5,0
2024-09-01,ST104,P3496,35.0,15,0
2024-09-01,ST104,P3190,37.0,15,0
2024-09-01,ST104,P3474,39.0,15,0
2024-09-01,ST104,P3252,41.0,5,0
2024-09-01,ST104,P3036,24.0,20,0
2024-09-01,ST104,P3442,21.0,20,0
2024-09-01,ST104,P3435,41.0,20,0
2024-09-01,ST104,P3402,32.0,20,0
2024-09-01,ST104,P3254,41.0,5,0
2024-09-01,ST104,P3018,29.0,15,0
2024-09-01,ST104,P3506,36.0,10,0
2024-09-01,ST104,P3332,37.0,10,0
2024-09-01,ST104,P3482,42.0,20,0
2024-09-01,ST105,P3237,36.0,5,0
2024-09-01,ST105,P3407,35.0,5,0
2024-09-01,ST105,P3411,40.0,5,0
2024-09-01,ST105,P3264,20.0,5,0
2024-09-01,ST105,P3398,35.0,5,0
2024-09-01,ST105,P3283,37.0,10,0
2024-09-01,ST105,P3120,31.0,5,0
2024-09-01,ST105,P3253,41.0,5,0
2024-09-01,ST105,P3321,38.0,15,0
2024-09-01,ST105,P3256,33.0,20,0
2024-09-01,ST105,P3116,34.0,15,0
2024-09-01,ST105,P3337,34.0,5,0
2024-09-01,ST105,P3353,29.0,10,0
2024-09-01,ST105,P3433,39.0,10,0
2024-09-01,ST105,P3210,37.0,20,0
2024-09-01,ST105,P3071,33.0,5,0
2024-09-01,ST105,P3067,38.0,5,0
2024-09-01,ST105,P3517,26.0,15,0
2024-09-01,ST105,P3001,50.0,10,0
2024-09-01,ST105,P3144,35.0,15,0
2024-09-01,ST105,P3254,35.0,5,0
2024-09-01,ST105,P3045,37.0,20,0
2024-09-01,ST105,P3055,40.0,20,0
2024-09-01,ST105,P3385,41.0,20,0
2024-09-01,ST105,P3368,31.0,5,0
2024-09-01,ST105,P3294,34.0,15,0
2024-09-01,ST105,P3510,34.0,15,0
2024-09-01,ST105,P3075,22.0,5,0
2024-09-01,ST105,P3019,47.0,15,0
2024-09-01,ST105,P3023,35.0,5,0
2024-09-01,ST105,P3328,32.0,5,0
2024-09-01,ST105,P3436,39.0,5,0
2024-09-01,ST105,P3359,35.0,20,0
2024-09-01,ST105,P3208,24.0,20,0
2024-09-01,ST105,P3125,29.0,15,0
2024-09-01,ST105,P3043,37.0,20,0
2024-09-01,ST105,P3200,33.0,10,0
2024-09-01,ST105,P3242,36.0,5,0
2024-09-01,ST105,P3471,51.0,5,0
2024-09-01,ST105,P3088,37.0,10,0
2024-09-01,ST105,P3016,34.0,5,0
2024-09-01,ST105,P3194,39.0,5,0
2024-09-01,ST105,P3332,28.0,15,0
2024-09-01,ST105,P3489,46.0,10,0
2024-09-01,ST105,P3204,28.0,5,0
2024-09-01,ST105,P3159,44.0,15,0
2024-09-01,ST105,P3034,26.0,20,0
2024-09-01,ST105,P3388,32.0,20,0
2024-09-01,ST105,P3103,31.0,5,0
2024-09-01,ST105,P3044,43.0,20,0
2024-09-01,ST105,P3376,33.0,5,0
2024-09-01,ST105,P3456,46.0,5,0
2024-09-01,ST105,P3293,39.0,20,0
2024-09-01,ST105,P3235,29.0,10,0
2024-09-01,ST105,P3122,33.0,20,0
2024-09-01,ST105,P3304,33.0,5,0
2024-09-01,ST105,P3059,34.0,10,0
2024-09-01,ST105,P3156,38.0,20,0
2024-09-01,ST105,P3099,32.0,10,0
2024-09-01,ST105,P3180,35.0,15,0
2024-09-01,ST106,P3247,41.0,5,0
2024-09-01,ST106,P3200,32.0,15,0
2024-09-01,ST106,P3424,43.0,20,0
2024-09-01,ST106,P3421,38.0,20,0
2024-09-01,ST106,P3323,40.0,5,0
2024-09-01,ST106,P3037,25.0,20,0
2024-09-01,ST106,P3295,26.0,15,0
2024-09-01,ST106,P3074,44.0,15,0
2024-09-01,ST106,P3328,37.0,20,0
2024-09-01,ST106,P3022,29.0,10,0
2024-09-01,ST106,P3390,33.0,10,0
2024-09-01,ST106,P3498,41.0,20,0
2024-09-01,ST106,P3479,30.0,15,0
2024-09-01,ST106,P3129,30.0,10,0
2024-09-01,ST106,P3413,25.0,20,0
2024-09-01,ST106,P3473,26.0,5,0
2024-09-01,ST106,P3092,30.0,15,0
2024-09-01,ST106,P3499,33.0,15,0
2024-09-01,ST106,P3279,37.0,10,0
2024-09-01,ST106,P3508,28.0,10,0
2024-09-01,ST106,P3360,33.0,15,0
2024-09-01,ST106,P3016,45.0,20,0
2024-09-01,ST106,P3285,41.0,20,0
2024-09-01,ST106,P3207,36.0,5,0
2024-09-01,ST106,P3416,38.0,20,0
2024-09-01,ST106,P3128,38.0,10,0
2024-09-01,ST106,P3186,27.0,10,0
2024-09-01,ST106,P3223,35.0,15,0
2024-09-01,ST106,P3487,32.0,15,0
2024-09-01,ST106,P3341,32.0,10,0
2024-09-01,ST106,P3205,33.0,20,0
2024-09-01,ST106,P3114,37.0,5,0
2024-09-01,ST106,P3072,31.0,20,0
2024-09-01,ST106,P3049,39.0,10,0
2024-09-01,ST106,P3179,46.0,10,0
2024-09-01,ST106,P3188,30.0,10,0
2024-09-01,ST106,P3447,49.0,20,0
2024-09-01,ST106,P3094,26.0,15,0
2024-09-01,ST106,P3298,37.0,15,0
2024-09-01,ST106,P3303,31.0,15,0
2024-09-01,ST106,P3132,39.0,20,0
2024-09-01,ST106,P3366,35.0,10,0
2024-09-01,ST106,P3122,34.0,10,0
2024-09-01,ST106,P3056,39.0,5,0
2024-09-01,ST106,P3093,32.0,20,0
2024-09-01,ST106,P3081,29.0,15,0
2024-09-01,ST106,P3219,,15,0
2024-09-01,ST106,P3505,46.0,10,0
2024-09-01,ST106,P3174,39.0,15,0
2024-09-01,ST106,P3267,27.0,20,0
2024-09-01,ST106,P3474,33.0,5,0
2024-09-01,ST106,P3430,37.0,20,0
2024-09-01,ST106,P3274,39.0,5,0
2024-09-01,ST106,P3029,35.0,15,0
2024-09-01,ST106,P3382,34.0,5,0
2024-09-01,ST106,P3411,34.0,5,0
2024-09-01,ST106,P3060,42.0,10,0
2024-09-01,ST106,P3488,36.0,10,0
2024-09-01,ST106,P3410,41.0,15,0
2024-09-01,ST106,P3102,43.0,5,0
2024-09-01,ST107,P3216,48.0,15,0
2024-09-01,ST107,P3241,34.0,20,0
2024-09-01,ST107,P3303,26.0,10,0
2024-09-01,ST107,P3404,33.0,5,0
2024-09-01,ST107,P3069,34.0,15,0
2024-09-01,ST107,P3319,41.0,10,0
2024-09-01,ST107,P3136,43.0,15,0
2024-09-01,ST107,P3511,35.0,15,0
2024-09-01,ST107,P3401,,20,0
2024-09-01,ST107,P3133,39.0,20,0
2024-09-01,ST107,P3185,40.0,5,0
2024-09-01,ST107,P3434,25.0,20,0
2024-09-01,ST107,P3248,36.0,5,0
2024-09-01,ST107,P3309,37.0,5,0
2024-09-01,ST107,P3167,40.0,15,0
2024-09-01,ST107,P3195,34.0,15,0
2024-09-01,ST107,P3107,33.0,10,0
2024-09-01,ST107,P3068,35.0,5,0
2024-09-01,ST107,P3177,29.0,20,0
2024-09-01,ST107,P3205,30.0,10,0
2024-09-01,ST107,P3113,35.0,5,0
2024-09-01,ST107,P3204,34.0,15,0
2024-09-01,ST107,P3012,37.0,5,0
2024-09-01,ST107,P3413,34.0,15,0
2024-09-01,ST107,P3059,28.0,5,0
2024-09-01,ST107,P3002,36.0,5,0
2024-09-01,ST107,P3329,42.0,10,0
2024-09-01,ST107,P3263,41.0,5,0
2024-09-01,ST107,P3333,46.0,20,0
2024-09-01,ST107,P3341,46.0,5,0
2024-09-01,ST107,P3486,33.0,15,0
2024-09-01,ST107,P3053,43.0,20,0
2024-09-01,ST107,P3368,25.0,15,0
2024-09-01,ST107,P3394,35.0,5,0
2024-09-01,ST107,P3377,46.0,15,0
2024-09-01,ST107,P3037,39.0,15,0
2024-09-01,ST107,P3150,34.0,15,0
2024-09-01,ST107,P3035,38.0,5,0
2024-09-01,ST107,P3506,42.0,15,0
2024-09-01,ST107,P3257,44.0,20,0
2024-09-01,ST107,P3345,35.0,15,0
2024-09-01,ST107,P3131,40.0,5,0
2024-09-01,ST107,P3101,45.0,20,0
2024-09-01,ST107,P3520,28.0,20,0
2024-09-01,ST107,P3392,29.0,10,0
2024-09-01,ST107,P3446,34.0,20,0
2024-09-01,ST107,P3449,34.0,15,0
2024-09-01,ST107,P3148,32.0,5,0
2024-09-01,ST107,P3318,34.0,15,0
2024-09-01,ST107,P3109,31.0,20,0
2024-09-01,ST107,P3265,34.0,5,0
2024-09-01,ST107,P3336,52.0,20,0
2024-09-01,ST107,P3196,40.0,10,0
2024-09-01,ST107,P3429,38.0,5,0
2024-09-01,ST107,P3327,43.0,10,0
2024-09-01,ST107,P3091,38.0,20,0
2024-09-01,ST107,P3505,27.0,20,0
2024-09-01,ST107,P3264,42.0,5,0
2024-09-01,ST107,P3383,38.0,10,0
2024-09-01,ST107,P3032,43.0,20,0
2024-09-01,ST108,P3292,33.0,20,0
2024-09-01,ST108,P3290,41.0,10,0
2024-09-01,ST108,P3486,27.0,5,0
2024-09-01,ST108,P3217,37.0,5,0
2024-09-01,ST108,P3207,34.0,20,0
2024-09-01,ST108,P3438,37.0,5,0
2024-09-01,ST108,P3203,35.0,5,0
2024-09-01,ST108,P3285,36.0,15,0
2024-09-01,ST108,P3101,44.0,5,0
2024-09-01,ST108,P3232,33.0,5,0
2024-09-01,ST108,P3293,34.0,5,0
2024-09-01,ST108,P3307,29.0,10,0
2024-09-01,ST108,P3038,50.0,15,0
2024-09-01,ST108,P3025,42.0,15,0
2024-09-01,ST108,P3017,38.0,10,0
2024-09-01,ST108,P3512,27.0,5,0
2024-09-01,ST108,P3164,28.0,10,0
2024-09-01,ST108,P3096,26.0,20,0
2024-09-01,ST108,P3046,40.0,15,0
2024-09-01,ST108,P3349,38.0,5,0
2024-09-01,ST108,P3419,33.0,10,0
2024-09-01,ST108,P3132,28.0,5,0
2024-09-01,ST108,P3412,39.0,10,0
2024-09-01,ST108,P3126,39.0,15,0
2024-09-01,ST108,P3289,38.0,15,0
2024-09-01,ST108,P3130,33.0,5,0
2024-09-01,ST108,P3471,38.0,5,0
2024-09-01,ST108,P3214,31.0,5,0
2024-09-01,ST108,P3494,35.0,5,0
2024-09-01,ST108,P3379,42.0,15,0
2024-09-01,ST108,P3356,45.0,10,0
2024-09-01,ST108,P3308,37.0,20,0
2024-09-01,ST108,P3236,32.0,5,0
2024-09-01,ST108,P3418,32.0,5,0
2024-09-01,ST108,P3069,39.0,20,0
2024-09-01,ST108,P3279,30.0,5,0
2024-09-01,ST108,P3082,32.0,5,0
2024-09-01,ST108,P3363,32.0,15,0
2024-09-01,ST108,P3447,33.0,15,0
2024-09-01,ST108,P3105,47.0,5,0
2024-09-01,ST108,P3323,42.0,15,0
2024-09-01,ST108,P3288,43.0,20,0
2024-09-01,ST108,P3445,43.0,5,0
2024-09-01,ST108,P3047,29.0,5,0
2024-09-01,ST108,P3322,22.0,10,0
2024-09-01,ST108,P3282,42.0,15,0
2024-09-01,ST108,P3075,51.0,20,0
2024-09-01,ST108,P3423,30.0,5,0
2024-09-01,ST108,P3257,27.0,20,0
2024-09-01,ST108,P3284,43.0,20,0
2024-09-01,ST108,P3146,37.0,10,0
2024-09-01,ST108,P3450,33.0,5,0
2024-09-01,ST108,P3083,31.0,20,0
2024-09-01,ST108,P3210,33.0,15,0
2024-09-01,ST108,P3321,29.0,5,0
2024-09-01,ST108,P3273,38.0,15,0
2024-09-01,ST108,P3194,38.0,5,0
2024-09-01,ST108,P3313,35.0,20,0
2024-09-01,ST108,P3168,35.0,5,0
2024-09-01,ST108,P3078,26.0,5,0
2024-09-01,ST109,P3349,46.0,15,0
2024-09-01,ST109,P3056,36.0,10,0
2024-09-01,ST109,P3455,26.0,5,0
2024-09-01,ST109,P3023,38.0,20,0
2024-09-01,ST109,P3504,38.0,20,0
2024-09-01,ST109,P3091,35.0,10,0
2024-09-01,ST109,P3262,31.0,10,0
2024-09-01,ST109,P3333,27.0,20,0
2024-09-01,ST109,P3249,38.0,20,0
2024-09-01,ST109,P3431,36.0,10,0
2024-09-01,ST109,P3226,25.0,20,0
2024-09-01,ST109,P3292,35.0,10,0
2024-09-01,ST109,P3316,35.0,10,0
2024-09-01,ST109,P3325,42.0,5,0
2024-09-01,ST109,P3424,46.0,5,0
2024-09-01,ST109,P3274,28.0,10,0
2024-09-01,ST109,P3051,41.0,10,0
2024-09-01,ST109,P3240,32.0,15,0
2024-09-01,ST109,P3485,40.0,20,0
2024-09-01,ST109,P3375,31.0,5,0
2024-09-01,ST109,P3340,36.0,15,0
2024-09-01,ST109,P3205,34.0,20,0
2024-09-01,ST109,P3518,22.0,5,0
2024-09-01,ST109,P3369,27.0,15,0
2024-09-01,ST109,P3359,33.0,15,0
2024-09-01,ST109,P3344,42.0,10,0
2024-09-01,ST109,P3164,37.0,5,0
2024-09-01,ST109,P3420,39.0,10,0
2024-09-01,ST109,P3506,27.0,15,0
2024-09-01,ST109,P3183,37.0,20,0
2024-09-01,ST109,P3408,47.0,20,0
2024-09-01,ST109,P3419,45.0,5,0
2024-09-01,ST109,P3304,32.0,15,0
2024-09-01,ST109,P3137,37.0,5,0
2024-09-01,ST109,P3131,39.0,20,0
2024-09-01,ST109,P3272,30.0,20,0
2024-09-01,ST109,P3293,34.0,20,0
2024-09-01,ST109,P3370,27.0,5,0
2024-09-01,ST109,P3135,32.0,15,0
2024-09-01,ST109,P3204,20.0,5,0
2024-09-01,ST109,P3169,32.0,5,0
2024-09-01,ST109,P3117,32.0,20,0
2024-09-01,ST109,P3247,32.0,15,0
2024-09-01,ST109,P3324,35.0,20,0
2024-09-01,ST109,P3437,32.0,10,0
2024-09-01,ST109,P3179,24.0,10,0
2024-09-01,ST109,P3090,35.0,10,0
2024-09-01,ST109,P3244,35.0,20,0
2024-09-01,ST109,P3469,36.0,15,0
2024-09-01,ST109,P3185,26.0,10,0
2024-09-01,ST109,P3493,37.0,5,0
2024-09-01,ST109,P3059,41.0,10,0
2024-09-01,ST109,P3476,38.0,20,0
2024-09-01,ST109,P3033,34.0,10,0
2024-09-01,ST109,P3100,36.0,5,0
2024-09-01,ST109,P3386,26.0,10,0
2024-09-01,ST109,P3387,34.0,5,0
2024-09-01,ST109,P3073,36.0,10,0
2024-09-01,ST109,P3301,31.0,15,0
2024-09-01,ST109,P3391,39.0,5,0
2024-09-01,ST110,P3100,28.0,10,0
2024-09-01,ST110,P3014,35.0,10,0
2024-09-01,ST110,P3156,29.0,10,0
2024-09-01,ST110,P3471,25.0,5,0
2024-09-01,ST110,P3278,35.0,15,0
2024-09-01,ST110,P3245,37.0,5,0
2024-09-01,ST110,P3167,41.0,5,0
2024-09-01,ST110,P3369,35.0,20,0
2024-09-01,ST110,P3275,28.0,15,0
2024-09-01,ST110,P3294,40.0,5,0
2024-09-01,ST110,P3122,41.0,20,0
2024-09-01,ST110,P3087,33.0,15,0
2024-09-01,ST110,P3352,26.0,5,0
2024-09-01,ST110,P3317,42.0,5,0
2024-09-01,ST110,P3256,24.0,5,0
2024-09-01,ST110,P3146,36.0,5,0
2024-09-01,ST110,P3513,48.0,10,0
2024-09-01,ST110,P3299,41.0,10,0
2024-09-01,ST110,P3235,30.0,15,0
2024-09-01,ST110,P3096,22.0,20,0
2024-09-01,ST110,P3248,40.0,10,0
2024-09-01,ST110,P3314,43.0,5,0
2024-09-01,ST110,P3233,29.0,5,0
2024-09-01,ST110,P3491,34.0,5,0
2024-09-01,ST110,P3322,40.0,10,0
2024-09-01,ST110,P3279,39.0,10,0
2024-09-01,ST110,P3207,38.0,5,0
2024-09-01,ST110,P3365,31.0,20,0
2024-09-01,ST110,P3197,36.0,20,0
2024-09-01,ST110,P3145,34.0,15,0
2024-09-01,ST110,P3309,27.0,15,0
2024-09-01,ST110,P3144,34.0,10,0
2024-09-01,ST110,P3443,40.0,10,0
2024-09-01,ST110,P3434,31.0,10,0
2024-09-01,ST110,P3182,28.0,15,0
2024-09-01,ST110,P3184,39.0,10,0
2024-09-01,ST110,P3372,38.0,5,0
2024-09-01,ST110,P3214,35.0,5,0
2024-09-01,ST110,P3194,37.0,5,0
2024-09-01,ST110,P3318,33.0,20,0
2024-09-01,ST110,P3331,33.0,15,0
2024-09-01,ST110,P3504,35.0,5,0
2024-09-01,ST110,P3414,30.0,20,0
2024-09-01,ST110,P3264,30.0,5,0
2024-09-01,ST110,P3357,32.0,15,0
2024-09-01,ST110,P3232,29.0,10,0
2024-09-01,ST110,P3310,33.0,20,0
2024-09-01,ST110,P3134,39.0,10,0
2024-09-01,ST110,P3519,34.0,15,0
2024-09-01,ST110,P3119,43.0,15,0
2024-09-01,ST110,P3430,41.0,10,0
2024-09-01,ST110,P3164,35.0,5,0
2024-09-01,ST110,P3088,40.0,5,0
2024-09-01,ST110,P3022,28.0,20,0
2024-09-01,ST110,P3295,51.0,10,0
2024-09-01,ST110,P3404,32.0,20,0
2024-09-01,ST110,P3516,28.0,15,0
2024-09-01,ST110,P3403,35.0,10,0
2024-09-01,ST110,P3092,47.0,15,0
2024-09-01,ST110,P3373,34.0,20,0
2024-09-01,ST111,P3488,30.0,20,0
2024-09-01,ST111,P3100,32.0,5,0
2024-09-01,ST111,P3174,38.0,10,0
2024-09-01,ST111,P3280,34.0,10,0
2024-09-01,ST111,P3392,22.0,15,0
2024-09-01,ST111,P3044,40.0,15,0
2024-09-01,ST111,P3318,33.0,20,0
2024-09-01,ST111,P3230,36.0,15,0
2024-09-01,ST111,P3123,36.0,15,0
2024-09-01,ST111,P3409,33.0,15,0
2024-09-01,ST111,P3173,27.0,10,0
2024-09-01,ST111,P3425,34.0,20,0
2024-09-01,ST111,P3172,27.0,5,0
2024-09-01,ST111,P3377,24.0,20,0
2024-09-01,ST111,P3429,42.0,20,0
2024-09-01,ST111,P3269,39.0,20,0
2024-09-01,ST111,P3358,39.0,10,0
2024-09-01,ST111,P3021,38.0,15,0
2024-09-01,ST111,P3286,33.0,10,0
2024-09-01,ST111,P3157,34.0,15,0
2024-09-01,ST111,P3507,35.0,15,0
2024-09-01,ST111,P3095,41.0,20,0
2024-09-01,ST111,P3041,34.0,15,0
2024-09-01,ST111,P3493,44.0,15,0
2024-09-01,ST111,P3026,33.0,15,0
2024-09-01,ST111,P3284,41.0,5,0
2024-09-01,ST111,P3457,37.0,20,0
2024-09-01,ST111,P3329,24.0,15,0
2024-09-01,ST111,P3428,44.0,15,0
2024-09-01,ST111,P3437,43.0,10,0
2024-09-01,ST111,P3060,44.0,20,0
2024-09-01,ST111,P3009,37.0,15,0
2024-09-01,ST111,P3345,28.0,20,0
2024-09-01,ST111,P3519,27.0,10,0
2024-09-01,ST111,P3320,30.0,15,0
2024-09-01,ST111,P3228,35.0,15,0
2024-09-01,ST111,P3305,40.0,5,0
2024-09-01,ST111,P3163,28.0,20,0
2024-09-01,ST111,P3047,40.0,20,0
2024-09-01,ST111,P3369,34.0,15,0
2024-09-01,ST111,P3152,39.0,10,0
2024-09-01,ST111,P3400,33.0,15,0
2024-09-01,ST111,P3520,26.0,10,0
2024-09-01,ST111,P3126,31.0,10,0
2024-09-01,ST111,P3176,36.0,15,0
2024-09-01,ST111,P3263,31.0,20,0
2024-09-01,ST111,P3233,32.0,15,0
2024-09-01,ST111,P3368,37.0,5,0
2024-09-01,ST111,P3096,41.0,15,0
2024-09-01,ST111,P3514,30.0,20,0
2024-09-01,ST111,P3288,34.0,20,0
2024-09-01,ST111,P3167,30.0,15,0
2024-09-01,ST111,P3166,36.0,20,0
2024-09-01,ST111,P3481,42.0,10,0
2024-09-01,ST111,P3036,32.0,15,0
2024-09-01,ST111,P3093,38.0,15,0
2024-09-01,ST111,P3110,33.0,10,0
2024-09-01,ST111,P3291,34.0,5,0
2024-09-01,ST111,P3335,35.0,5,0
2024-09-01,ST111,P3342,34.0,5,0
2024-09-01,ST112,P3432,44.0,15,0
2024-09-01,ST112,P3270,31.0,10,0
2024-09-01,ST112,P3216,37.0,15,0
2024-09-01,ST112,P3008,35.0,20,0
2024-09-01,ST112,P3466,28.0,10,0
2024-09-01,ST112,P3006,27.0,20,0
2024-09-01,ST112,P3520,27.0,10,0
2024-09-01,ST112,P3133,41.0,10,0
2024-09-01,ST112,P3080,39.0,20,0
2024-09-01,ST112,P3308,32.0,10,0
2024-09-01,ST112,P3400,39.0,10,0
2024-09-01,ST112,P3087,37.0,5,0
2024-09-01,ST112,P3197,41.0,5,0
2024-09-01,ST112,P3056,36.0,10,0
2024-09-01,ST112,P3278,33.0,5,0
2024-09-01,ST112,P3483,37.0,20,0
2024-09-01,ST112,P3256,42.0,15,0
2024-09-01,ST112,P3196,39.0,10,0
2024-09-01,ST112,P3379,40.0,20,0
2024-09-01,ST112,P3176,39.0,20,0
2024-09-01,ST112,P3349,41.0,10,0
2024-09-01,ST112,P3232,40.0,5,0
2024-09-01,ST112,P3488,39.0,5,0
2024-09-01,ST112,P3389,32.0,5,0
2024-09-01,ST112,P3296,30.0,15,0
2024-09-01,ST112,P3283,36.0,20,0
2024-09-01,ST112,P3119,37.0,15,0
2024-09-01,ST112,P3058,28.0,5,0
2024-09-01,ST112,P3427,44.0,5,0
2024-09-01,ST112,P3344,45.0,10,0
2024-09-01,ST112,P3340,31.0,20,0
2024-09-01,ST112,P3331,35.0,20,0
2024-09-01,ST112,P3286,28.0,20,0
2024-09-01,ST112,P3358,38.0,10,0
2024-09-01,ST112,P3105,32.0,10,0
2024-09-01,ST112,P3099,40.0,5,0
2024-09-01,ST112,P3155,30.0,10,0
2024-09-01,ST112,P3305,40.0,10,0
2024-09-01,ST112,P3084,47.0,15,0
2024-09-01,ST112,P3180,38.0,5,0
2024-09-01,ST112,P3163,32.0,10,0
2024-09-01,ST112,P3347,31.0,20,0
2024-09-01,ST112,P3478,24.0,20,0
2024-09-01,ST112,P3411,40.0,10,0
2024-09-01,ST112,P3255,25.0,10,0
2024-09-01,ST112,P3506,38.0,10,0
2024-09-01,ST112,P3024,33.0,15,0
2024-09-01,ST112,P3410,36.0,15,0
2024-09-01,ST112,P3387,43.0,20,0
2024-09-01,ST112,P3068,30.0,5,0
2024-09-01,ST112,P3392,32.0,10,0
2024-09-01,ST112,P3321,41.0,10,0
2024-09-01,ST112,P3191,39.0,20,0
2024-09-01,ST112,P3193,46.0,15,0
2024-09-01,ST112,P3402,27.0,5,0
2024-09-01,ST112,P3467,34.0,15,0
2024-09-01,ST112,P3422,42.0,10,0
2024-09-01,ST112,P3227,48.0,20,0
2024-09-01,ST112,P3209,27.0,15,0
2024-09-01,ST112,P3288,34.0,10,0
2024-09-01,ST113,P3290,39.0,15,0
2024-09-01,ST113,P3175,33.0,10,0
2024-09-01,ST113,P3019,44.0,15,0
2024-09-01,ST113,P3479,50.0,5,0
2024-09-01,ST113,P3237,34.0,20,0
2024-09-01,ST113,P3349,30.0,10,0
2024-09-01,ST113,P3075,35.0,10,0
2024-09-01,ST113,P3371,34.0,20,0
2024-09-01,ST113,P3515,48.0,5,0
2024-09-01,ST113,P3305,37.0,5,0
2024-09-01,ST113,P3013,30.0,5,0
2024-09-01,ST113,P3128,33.0,10,0
2024-09-01,ST113,P3032,34.0,15,0
2024-09-01,ST113,P3489,34.0,10,0
2024-09-01,ST113,P3130,40.0,5,0
2024-09-01,ST113,P3514,50.0,20,0
2024-09-01,ST113,P3336,31.0,5,0
2024-09-01,ST113,P3224,36.0,10,0
2024-09-01,ST113,P3287,38.0,5,0
2024-09-01,ST113,P3168,29.0,10,0
2024-09-01,ST113,P3041,39.0,20,0
2024-09-01,ST113,P3318,31.0,20,0
2024-09-01,ST113,P3074,25.0,20,0
2024-09-01,ST113,P3443,28.0,20,0
2024-09-01,ST113,P3458,33.0,20,0
2024-09-01,ST113,P3315,25.0,5,0
2024-09-01,ST113,P3331,38.0,15,0
2024-09-01,ST113,P3518,22.0,15,0
2024-09-01,ST113,P3350,35.0,20,0
2024-09-01,ST113,P3376,30.0,5,0
2024-09-01,ST113,P3466,30.0,15,0
2024-09-01,ST113,P3374,32.0,5,0
2024-09-01,ST113,P3184,38.0,5,0
2024-09-01,ST113,P3494,42.0,15,0
2024-09-01,ST113,P3049,40.0,10,0
2024-09-01,ST113,P3048,40.0,10,0
2024-09-01,ST113,P3400,38.0,15,0
2024-09-01,ST113,P3090,28.0,10,0
2024-09-01,ST113,P3243,29.0,10,0
2024-09-01,ST113,P3519,37.0,20,0
2024-09-01,ST113,P3366,45.0,20,0
2024-09-01,ST113,P3105,39.0,5,0
2024-09-01,ST113,P3005,39.0,15,0
2024-09-01,ST113,P3378,24.0,5,0
2024-09-01,ST113,P3186,27.0,20,0
2024-09-01,ST113,P3377,37.0,5,0
2024-09-01,ST113,P3208,47.0,10,0
2024-09-01,ST113,P3200,37.0,15,0
2024-09-01,ST113,P3346,35.0,20,0
2024-09-01,ST113,P3367,39.0,15,0
2024-09-01,ST113,P3158,39.0,5,0
2024-09-01,ST113,P3322,40.0,5,0
2024-09-01,ST113,P3012,45.0,15,0
2024-09-01,ST113,P3138,42.0,20,0
2024-09-01,ST113,P3121,49.0,5,0
2024-09-01,ST113,P3009,35.0,10,0
2024-09-01,ST113,P3289,43.0,15,0
2024-09-01,ST113,P3031,46.0,20,0
2024-09-01,ST113,P3047,32.0,10,0
2024-09-01,ST113,P3501,27.0,20,0
2024-09-01,ST114,P3423,32.0,10,0
2024-09-01,ST114,P3451,35.0,20,0
2024-09-01,ST114,P3271,30.0,20,0
2024-09-01,ST114,P3331,41.0,10,0
2024-09-01,ST114,P3214,35.0,15,0
2024-09-01,ST114,P3478,41.0,15,0
2024-09-01,ST114,P3350,35.0,5,0
2024-09-01,ST114,P3094,32.0,20,0
2024-09-01,ST114,P3020,43.0,20,0
2024-09-01,ST114,P3477,41.0,5,0
2024-09-01,ST114,P3288,34.0,10,0
2024-09-01,ST114,P3151,29.0,5,0
2024-09-01,ST114,P3001,37.0,15,0
2024-09-01,ST114,P3278,39.0,10,0
2024-09-01,ST114,P3174,31.0,20,0
2024-09-01,ST114,P3480,41.0,5,0
2024-09-01,ST114,P3193,35.0,10,0
2024-09-01,ST114,P3116,47.0,5,0
2024-09-01,ST114,P3139,30.0,5,0
2024-09-01,ST114,P3115,20.0,10,0
2024-09-01,ST114,P3373,43.0,5,0
2024-09-01,ST114,P3029,32.0,15,0
2024-09-01,ST114,P3512,25.0,20,0
2024-09-01,ST114,P3496,44.0,15,0
2024-09-01,ST114,P3007,29.0,20,0
2024-09-01,ST114,P3414,38.0,10,0
2024-09-01,ST114,P3504,40.0,5,0
2024-09-01,ST114,P3506,39.0,15,0
2024-09-01,ST114,P3328,39.0,20,0
2024-09-01,ST114,P3236,29.0,15,0
2024-09-01,ST114,P3454,33.0,20,0
2024-09-01,ST114,P3248,37.0,10,0
2024-09-01,ST114,P3100,29.0,10,0
2024-09-01,ST114,P3168,45.0,5,0
2024-09-01,ST114,P3177,40.0,20,0
2024-09-01,ST114,P3409,38.0,5,0
2024-09-01,ST114,P3408,27.0,10,0
2024-09-01,ST114,P3102,36.0,20,0
2024-09-01,ST114,P3091,34.0,5,0
2024-09-01,ST114,P3078,42.0,15,0
2024-09-01,ST114,P3155,35.0,10,0
2024-09-01,ST114,P3258,27.0,20,0
2024-09-01,ST114,P3028,42.0,10,0
2024-09-01,ST114,P3332,30.0,5,0
2024-09-01,ST114,P3301,36.0,10,0
2024-09-01,ST114,P3341,30.0,20,0
2024-09-01,ST114,P3127,35.0,20,0
2024-09-01,ST114,P3458,40.0,20,0
2024-09-01,ST114,P3383,28.0,5,0
2024-09-01,ST114,P3289,36.0,20,0
2024-09-01,ST114,P3488,31.0,10,0
2024-09-01,ST114,P3467,40.0,10,0
2024-09-01,ST114,P3416,47.0,10,0
2024-09-01,ST114,P3499,35.0,15,0
2024-09-01,ST114,P3360,32.0,15,0
2024-09-01,ST114,P3305,34.0,10,0
2024-09-01,ST114,P3377,29.0,15,0
2024-09-01,ST114,P3129,31.0,5,0
2024-09-01,ST114,P3393,18.0,10,0
2024-09-01,ST114,P3459,36.0,20,0
2024-09-01,ST115,P3481,33.0,5,0
2024-09-01,ST115,P3214,38.0,5,0
2024-09-01,ST115,P3050,35.0,10,0
2024-09-01,ST115,P3286,31.0,10,0
2024-09-01,ST115,P3406,39.0,5,0
2024-09-01,ST115,P3411,30.0,10,0
2024-09-01,ST115,P3345,29.0,5,0
2024-09-01,ST115,P3017,37.0,5,0
2024-09-01,ST115,P3294,28.0,15,0
2024-09-01,ST115,P3257,40.0,15,0
2024-09-01,ST115,P3153,38.0,10,0
2024-09-01,ST115,P3233,33.0,20,0
2024-09-01,ST115,P3004,28.0,20,0
2024-09-01,ST115,P3419,42.0,10,0
2024-09-01,ST115,P3016,45.0,20,0
2024-09-01,ST115,P3430,43.0,5,0
2024-09-01,ST115,P3180,33.0,5,0
2024-09-01,ST115,P3357,37.0,10,0
2024-09-01,ST115,P3387,31.0,15,0
2024-09-01,ST115,P3313,29.0,20,0
2024-09-01,ST115,P3284,40.0,5,0
2024-09-01,ST115,P3187,29.0,10,0
2024-09-01,ST115,P3398,32.0,15,0
2024-09-01,ST115,P3254,36.0,10,0
2024-09-01,ST115,P3107,39.0,15,0
2024-09-01,ST115,P3467,32.0,15,0
2024-09-01,ST115,P3128,28.0,20,0
2024-09-01,ST115,P3402,35.0,5,0
2024-09-01,ST115,P3208,36.0,20,0
2024-09-01,ST115,P3058,40.0,20,0
2024-09-01,ST115,P3501,34.0,15,0
2024-09-01,ST115,P3364,30.0,5,0
2024-09-01,ST115,P3386,22.0,5,0
2024-09-01,ST115,P3137,30.0,15,0
2024-09-01,ST115,P3139,30.0,5,0
2024-09-01,ST115,P3083,31.0,15,0
2024-09-01,ST115,P3518,34.0,10,0
2024-09-01,ST115,P3354,28.0,15,0
2024-09-01,ST115,P3417,44.0,10,0
2024-09-01,ST115,P3095,36.0,15,0
2024-09-01,ST115,P3278,32.0,20,0
2024-09-01,ST115,P3397,31.0,15,0
2024-09-01,ST115,P3498,31.0,15,0
2024-09-01,ST115,P3141,33.0,15,0
2024-09-01,ST115,P3249,26.0,5,0
2024-09-01,ST115,P3472,30.0,15,0
2024-09-01,ST115,P3440,36.0,15,0
2024-09-01,ST115,P3122,34.0,10,0
2024-09-01,ST115,P3273,33.0,5,0
2024-09-01,ST115,P3166,40.0,5,0
2024-09-01,ST115,P3061,29.0,15,0
2024-09-01,ST115,P3423,36.0,15,0
2024-09-01,ST115,P3033,32.0,10,0
2024-09-01,ST115,P3426,32.0,15,0
2024-09-01,ST115,P3317,39.0,5,0
2024-09-01,ST115,P3164,31.0,15,0
2024-09-01,ST115,P3289,39.0,15,0
2024-09-01,ST115,P3024,26.0,5,0
2024-09-01,ST115,P3067,38.0,10,0
2024-09-01,ST115,P3176,29.0,5,0
2024-09-01,ST116,P3130,36.0,10,0
2024-09-01,ST116,P3233,33.0,15,0
2024-09-01,ST116,P3290,34.0,5,0
2024-09-01,ST116,P3515,37.0,10,0
2024-09-01,ST116,P3138,42.0,5,0
2024-09-01,ST116,P3256,27.0,10,0
2024-09-01,ST116,P3085,43.0,15,0
2024-09-01,ST116,P3420,39.0,20,0
2024-09-01,ST116,P3002,33.0,5,0
2024-09-01,ST116,P3297,45.0,20,0
2024-09-01,ST116,P3506,42.0,15,0
2024-09-01,ST116,P3372,32.0,15,0
2024-09-01,ST116,P3064,33.0,15,0
2024-09-01,ST116,P3466,38.0,5,0
2024-09-01,ST116,P3164,33.0,20,0
2024-09-01,ST116,P3026,36.0,10,0
2024-09-01,ST116,P3014,26.0,20,0
2024-09-01,ST116,P3228,30.0,15,0
2024-09-01,ST116,P3103,27.0,10,0
2024-09-01,ST116,P3027,41.0,20,0
2024-09-01,ST116,P3065,46.0,15,0
2024-09-01,ST116,P3303,30.0,15,0
2024-09-01,ST116,P3108,33.0,5,0
2024-09-01,ST116,P3461,38.0,5,0
2024-09-01,ST116,P3431,43.0,20,0
2024-09-01,ST116,P3099,32.0,15,0
2024-09-01,ST116,P3452,29.0,15,0
2024-09-01,ST116,P3483,46.0,15,0
2024-09-01,ST116,P3318,37.0,15,0
2024-09-01,ST116,P3092,25.0,15,0
2024-09-01,ST116,P3284,41.0,20,0
2024-09-01,ST116,P3080,39.0,5,0
2024-09-01,ST116,P3216,23.0,5,0
2024-09-01,ST116,P3055,33.0,5,0
2024-09-01,ST116,P3189,36.0,15,0
2024-09-01,ST116,P3301,38.0,5,0
2024-09-01,ST116,P3317,34.0,20,0
2024-09-01,ST116,P3097,36.0,20,0
2024-09-01,ST116,P3252,28.0,15,0
2024-09-01,ST116,P3320,37.0,15,0
2024-09-01,ST116,P3473,32.0,10,0
2024-09-01,ST116,P3267,25.0,15,0
2024-09-01,ST116,P3218,34.0,5,0
2024-09-01,ST116,P3446,23.0,5,0
2024-09-01,ST116,P3392,30.0,10,0
2024-09-01,ST116,P3034,31.0,5,0
2024-09-01,ST116,P3412,33.0,5,0
2024-09-01,ST116,P3219,30.0,15,0
2024-09-01,ST116,P3247,32.0,10,0
2024-09-01,ST116,P3178,24.0,5,0
2024-09-01,ST116,P3262,33.0,10,0
2024-09-01,ST116,P3077,27.0,20,0
2024-09-01,ST116,P3361,30.0,20,0
2024-09-01,ST116,P3010,34.0,10,0
2024-09-01,ST116,P3183,44.0,5,0
2024-09-01,ST116,P3514,37.0,15,0
2024-09-01,ST116,P3124,36.0,20,0
2024-09-01,ST116,P3202,37.0,20,0
2024-09-01,ST116,P3038,36.0,20,0
2024-09-01,ST116,P3037,31.0,5,0
2024-09-01,ST117,P3491,21.0,10,0
2024-09-01,ST117,P3266,36.0,20,0
2024-09-01,ST117,P3411,,15,0
2024-09-01,ST117,P3480,40.0,20,0
2024-09-01,ST117,P3486,32.0,5,0
2024-09-01,ST117,P3415,31.0,20,0
2024-09-01,ST117,P3467,30.0,5,0
2024-09-01,ST117,P3348,34.0,15,0
2024-09-01,ST117,P3340,30.0,10,0
2024-09-01,ST117,P3262,33.0,5,0
2024-09-01,ST117,P3388,42.0,5,0
2024-09-01,ST117,P3087,47.0,10,0
2024-09-01,ST117,P3460,40.0,10,0
2024-09-01,ST117,P3405,57.0,15,0
2024-09-01,ST117,P3020,37.0,20,0
2024-09-01,ST117,P3520,33.0,15,0
2024-09-01,ST117,P3171,30.0,20,0
2024-09-01,ST117,P3320,29.0,10,0
2024-09-01,ST117,P3314,38.0,20,0
2024-09-01,ST117,P3092,26.0,20,0
2024-09-01,ST117,P3436,49.0,15,0
2024-09-01,ST117,P3023,37.0,5,0
2024-09-01,ST117,P3241,45.0,5,0
2024-09-01,ST117,P3422,40.0,5,0
2024-09-01,ST117,P3185,39.0,10,0
2024-09-01,ST117,P3418,29.0,20,0
2024-09-01,ST117,P3386,34.0,20,0
2024-09-01,ST117,P3188,39.0,5,0
2024-09-01,ST117,P3399,44.0,20,0
2024-09-01,ST117,P3362,49.0,5,0
2024-09-01,ST117,P3444,26.0,5,0
2024-09-01,ST117,P3441,41.0,15,0
2024-09-01,ST117,P3106,27.0,10,0
2024-09-01,ST117,P3187,39.0,10,0
2024-09-01,ST117,P3155,32.0,15,0
2024-09-01,ST117,P3042,39.0,15,0
2024-09-01,ST117,P3099,49.0,5,0
2024-09-01,ST117,P3162,34.0,10,0
2024-09-01,ST117,P3351,24.0,15,0
2024-09-01,ST117,P3343,28.0,5,0
2024-09-01,ST117,P3294,27.0,15,0
2024-09-01,ST117,P3160,31.0,20,0
2024-09-01,ST117,P3138,44.0,20,0
2024-09-01,ST117,P3084,36.0,15,0
2024-09-01,ST117,P3380,29.0,20,0
2024-09-01,ST117,P3499,38.0,10,0
2024-09-01,ST117,P3417,35.0,15,0
2024-09-01,ST117,P3031,32.0,10,0
2024-09-01,ST117,P3413,27.0,10,0
2024-09-01,ST117,P3281,32.0,10,0
2024-09-01,ST117,P3022,32.0,20,0
2024-09-01,ST117,P3060,35.0,10,0
2024-09-01,ST117,P3361,41.0,10,0
2024-09-01,ST117,P3454,26.0,10,0
2024-09-01,ST117,P3500,,5,0
2024-09-01,ST117,P3013,49.0,5,0
2024-09-01,ST117,P3222,19.0,20,0
2024-09-01,ST117,P3260,39.0,10,0
2024-09-01,ST117,P3300,42.0,15,0
2024-09-01,ST117,P3238,34.0,5,0
2024-09-01,ST118,P3455,35.0,20,0
2024-09-01,ST118,P3361,36.0,10,0
2024-09-01,ST118,P3424,42.0,15,0
2024-09-01,ST118,P3075,32.0,20,0
2024-09-01,ST118,P3355,29.0,20,0
2024-09-01,ST118,P3365,31.0,5,0
2024-09-01,ST118,P3341,30.0,10,0
2024-09-01,ST118,P3142,42.0,10,0
2024-09-01,ST118,P3418,34.0,5,0
2024-09-01,ST118,P3134,45.0,20,0
2024-09-01,ST118,P3136,34.0,5,0
2024-09-01,ST118,P3326,31.0,20,0
2024-09-01,ST118,P3313,31.0,10,0
2024-09-01,ST118,P3063,25.0,5,0
2024-09-01,ST118,P3050,31.0,5,0
2024-09-01,ST118,P3318,35.0,5,0
2024-09-01,ST118,P3300,39.0,20,0
2024-09-01,ST118,P3409,23.0,20,0
2024-09-01,ST118,P3033,35.0,20,0
2024-09-01,ST118,P3408,30.0,5,0
2024-09-01,ST118,P3015,24.0,15,0
2024-09-01,ST118,P3339,41.0,5,0
2024-09-01,ST118,P3320,31.0,5,0
2024-09-01,ST118,P3377,40.0,15,0
2024-09-01,ST118,P3453,35.0,15,0
2024-09-01,ST118,P3310,25.0,20,0
2024-09-01,ST118,P3499,,10,0
2024-09-01,ST118,P3211,39.0,20,0
2024-09-01,ST118,P3264,46.0,20,0
2024-09-01,ST118,P3515,35.0,15,0
2024-09-01,ST118,P3149,41.0,5,0
2024-09-01,ST118,P3385,35.0,5,0
2024-09-01,ST118,P3096,27.0,20,0
2024-09-01,ST118,P3483,27.0,5,0
2024-09-01,ST118,P3196,32.0,10,0
2024-09-01,ST118,P3384,41.0,20,0
2024-09-01,ST118,P3034,34.0,15,0
2024-09-01,ST118,P3475,26.0,15,0
2024-09-01,ST118,P3291,41.0,15,0
2024-09-01,ST118,P3328,37.0,15,0
2024-09-01,ST118,P3197,39.0,5,0
2024-09-01,ST118,P3434,34.0,15,0
2024-09-01,ST118,P3379,30.0,15,0
2024-09-01,ST118,P3201,38.0,5,0
2024-09-01,ST118,P3351,26.0,20,0
2024-09-01,ST118,P3182,28.0,5,0
2024-09-01,ST118,P3220,37.0,15,0
2024-09-01,ST118,P3414,39.0,5,0
2024-09-01,ST118,P3162,37.0,5,0
2024-09-01,ST118,P3514,43.0,10,0
2024-09-01,ST118,P3509,37.0,20,0
2024-09-01,ST118,P3029,37.0,15,0
2024-09-01,ST118,P3482,30.0,5,0
2024-09-01,ST118,P3125,29.0,15,0
2024-09-01,ST118,P3405,36.0,5,0
2024-09-01,ST118,P3493,38.0,15,0
2024-09-01,ST118,P3440,34.0,5,0
2024-09-01,ST118,P3460,36.0,5,0
2024-09-01,ST118,P3044,29.0,5,0
2024-09-01,ST118,P3510,34.0,10,0
2024-10-01,ST101,P3450,38.0,10,0
2024-10-01,ST101,P3250,32.0,10,0
2024-10-01,ST101,P3185,26.0,10,0
2024-10-01,ST101,P3323,25.0,10,0
2024-10-01,ST101,P3163,36.0,15,0
2024-10-01,ST101,P3438,39.0,5,0
2024-10-01,ST101,P3043,36.0,20,0
2024-10-01,ST101,P3057,32.0,5,0
2024-10-01,ST101,P3424,33.0,5,0
2024-10-01,ST101,P3011,28.0,15,0
2024-10-01,ST101,P3198,38.0,10,0
2024-10-01,ST101,P3314,42.0,20,0
2024-10-01,ST101,P3118,32.0,20,0
2024-10-01,ST101,P3076,36.0,15,0
2024-10-01,ST101,P3491,35.0,20,0
2024-10-01,ST101,P3211,29.0,5,0
2024-10-01,ST101,P3367,46.0,5,0
2024-10-01,ST101,P3370,34.0,15,0
2024-10-01,ST101,P3503,40.0,5,0
2024-10-01,ST101,P3205,38.0,10,0
2024-10-01,ST101,P3140,39.0,20,0
2024-10-01,ST101,P3338,30.0,5,0
2024-10-01,ST101,P3330,28.0,15,0
2024-10-01,ST101,P3275,33.0,5,0
2024-10-01,ST101,P3310,35.0,15,0
2024-10-01,ST101,P3439,28.0,5,0
2024-10-01,ST101,P3308,38.0,15,0
2024-10-01,ST101,P3146,38.0,20,0
2024-10-01,ST101,P3366,37.0,20,0
2024-10-01,ST101,P3181,33.0,10,0
2024-10-01,ST101,P3456,43.0,5,0
2024-10-01,ST101,P3172,36.0,5,0
2024-10-01,ST101,P3169,37.0,5,0
2024-10-01,ST101,P3379,31.0,15,0
2024-10-01,ST101,P3017,39.0,10,0
2024-10-01,ST101,P3333,33.0,15,0
2024-10-01,ST101,P3300,38.0,5,0
2024-10-01,ST101,P3206,34.0,20,0
2024-10-01,ST101,P3356,30.0,5,0
2024-10-01,ST101,P3089,38.0,15,0
2024-10-01,ST101,P3342,36.0,5,0
2024-10-01,ST101,P3378,32.0,15,0
2024-10-01,ST101,P3298,31.0,15,0
2024-10-01,ST101,P3062,34.0,5,0
2024-10-01,ST101,P3242,34.0,15,0
2024-10-01,ST101,P3412,38.0,15,0
2024-10-01,ST101,P3145,26.0,5,0
2024-10-01,ST101,P3202,41.0,15,0
2024-10-01,ST101,P3182,45.0,20,0
2024-10-01,ST101,P3227,37.0,5,0
2024-10-01,ST101,P3080,40.0,20,0
2024-10-01,ST101,P3505,48.0,15,0
2024-10-01,ST101,P3154,40.0,10,0
2024-10-01,ST101,P3369,34.0,20,0
2024-10-01,ST101,P3327,34.0,15,0
2024-10-01,ST101,P3482,34.0,10,0
2024-10-01,ST101,P3065,29.0,5,0
2024-10-01,ST101,P3408,29.0,15,0
2024-10-01,ST101,P3027,33.0,5,0
2024-10-01,ST101,P3059,37.0,5,0
2024-10-01,ST102,P3257,34.0,5,0
2024-10-01,ST102,P3234,35.0,15,0
2024-10-01,ST102,P3371,43.0,15,0
2024-10-01,ST102,P3150,30.0,5,0
2024-10-01,ST102,P3110,34.0,15,0
2024-10-01,ST102,P3028,31.0,10,0
2024-10-01,ST102,P3081,31.0,5,0
2024-10-01,ST102,P3412,33.0,15,0
2024-10-01,ST102,P3036,42.0,10,0
2024-10-01,ST102,P3202,36.0,20,0
2024-10-01,ST102,P3288,33.0,20,0
2024-10-01,ST102,P3214,36.0,20,0
2024-10-01,ST102,P3489,38.0,20,0
2024-10-01,ST102,P3403,30.0,20,0
2024-10-01,ST102,P3515,43.0,10,0
2024-10-01,ST102,P3144,37.0,20,0
2024-10-01,ST102,P3005,36.0,5,0
2024-10-01,ST102,P3007,44.0,10,0
2024-10-01,ST102,P3428,36.0,15,0
2024-10-01,ST102,P3303,31.0,15,0
2024-10-01,ST102,P3090,49.0,5,0
2024-10-01,ST102,P3062,28.0,20,0
2024-10-01,ST102,P3153,44.0,20,0
2024-10-01,ST102,P3249,38.0,5,0
2024-10-01,ST102,P3128,32.0,10,0
2024-10-01,ST102,P3021,29.0,15,0
2024-10-01,ST102,P3458,34.0,20,0
2024-10-01,ST102,P3044,36.0,5,0
2024-10-01,ST102,P3152,37.0,15,0
2024-10-01,ST102,P3434,33.0,20,0
2024-10-01,ST102,P3268,43.0,15,0
2024-10-01,ST102,P3058,37.0,5,0
2024-10-01,ST102,P3121,34.0,15,0
2024-10-01,ST102,P3493,29.0,20,0
2024-10-01,ST102,P3246,35.0,20,0
2024-10-01,ST102,P3168,36.0,15,0
2024-10-01,ST102,P3186,44.0,5,0
2024-10-01,ST102,P3485,43.0,5,0
2024-10-01,ST102,P3079,36.0,5,0
2024-10-01,ST102,P3298,37.0,20,0
2024-10-01,ST102,P3136,26.0,10,0
2024-10-01,ST102,P3100,30.0,20,0
2024-10-01,ST102,P3491,28.0,10,0
2024-10-01,ST102,P3025,32.0,10,0
2024-10-01,ST102,P3034,42.0,5,0
2024-10-01,ST102,P3326,31.0,5,0
2024-10-01,ST102,P3188,34.0,10,0
2024-10-01,ST102,P3473,36.0,5,0
2024-10-01,ST102,P3398,32.0,15,0
2024-10-01,ST102,P3391,37.0,15,0
2024-10-01,ST102,P3165,32.0,20,0
2024-10-01,ST102,P3129,25.0,5,0
2024-10-01,ST102,P3045,40.0,20,0
2024-10-01,ST102,P3340,44.0,20,0
2024-10-01,ST102,P3141,34.0,5,0
2024-10-01,ST102,P3359,36.0,5,0
2024-10-01,ST102,P3003,26.0,15,0
2024-10-01,ST102,P3127,36.0,15,0
2024-10-01,ST102,P3190,27.0,15,0
2024-10-01,ST102,P3057,37.0,5,0
2024-10-01,ST103,P3476,41.0,5,0
2024-10-01,ST103,P3185,34.0,5,0
2024-10-01,ST103,P3450,31.0,5,0
2024-10-01,ST103,P3234,36.0,20,0
2024-10-01,ST103,P3103,41.0,20,0
2024-10-01,ST103,P3256,39.0,5,0
2024-10-01,ST103,P3142,32.0,20,0
2024-10-01,ST103,P3500,35.0,5,0
2024-10-01,ST103,P3206,32.0,10,0
2024-10-01,ST103,P3151,29.0,5,0
2024-10-01,ST103,P3169,35.0,15,0
2024-10-01,ST103,P3498,49.0,10,0
2024-10-01,ST103,P3104,41.0,10,0
2024-10-01,ST103,P3220,30.0,5,0
2024-10-01,ST103,P3467,41.0,5,0
2024-10-01,ST103,P3305,26.0,5,0
2024-10-01,ST103,P3219,33.0,15,0
2024-10-01,ST103,P3146,37.0,15,0
2024-10-01,ST103,P3381,30.0,5,0
2024-10-01,ST103,P3110,36.0,15,0
2024-10-01,ST103,P3395,27.0,5,0
2024-10-01,ST103,P3086,27.0,5,0
2024-10-01,ST103,P3380,32.0,10,0
2024-10-01,ST103,P3348,44.0,5,0
2024-10-01,ST103,P3391,32.0,15,0
2024-10-01,ST103,P3161,34.0,5,0
2024-10-01,ST103,P3281,37.0,15,0
2024-10-01,ST103,P3153,36.0,20,0
2024-10-01,ST103,P3468,33.0,20,0
2024-10-01,ST103,P3062,30.0,5,0
2024-10-01,ST103,P3494,38.0,5,0
2024-10-01,ST103,P3100,45.0,10,0
2024-10-01,ST103,P3050,34.0,15,0
2024-10-01,ST103,P3132,23.0,20,0
2024-10-01,ST103,P3227,27.0,5,0
2024-10-01,ST103,P3089,38.0,5,0
2024-10-01,ST103,P3136,41.0,20,0
2024-10-01,ST103,P3507,42.0,15,0
2024-10-01,ST103,P3123,42.0,20,0
2024-10-01,ST103,P3079,41.0,15,0
2024-10-01,ST103,P3092,36.0,10,0
2024-10-01,ST103,P3440,46.0,20,0
2024-10-01,ST103,P3023,40.0,20,0
2024-10-01,ST103,P3189,21.0,5,0
2024-10-01,ST103,P3099,39.0,10,0
2024-10-01,ST103,P3148,17.0,20,0
2024-10-01,ST103,P3464,42.0,10,0
2024-10-01,ST103,P3496,31.0,10,0
2024-10-01,ST103,P3483,40.0,5,0
2024-10-01,ST103,P3176,24.0,15,0
2024-10-01,ST103,P3325,39.0,15,0
2024-10-01,ST103,P3060,49.0,10,0
2024-10-01,ST103,P3334,39.0,10,0
2024-10-01,ST103,P3187,37.0,5,0
2024-10-01,ST103,P3024,36.0,20,0
2024-10-01,ST103,P3495,33.0,20,0
2024-10-01,ST103,P3171,31.0,10,0
2024-10-01,ST103,P3393,39.0,5,0
2024-10-01,ST103,P3211,31.0,5,0
2024-10-01,ST103,P3463,39.0,10,0
2024-10-01,ST104,P3299,38.0,5,0
2024-10-01,ST104,P3296,45.0,10,0
2024-10-01,ST104,P3213,33.0,5,0
2024-10-01,ST104,P3200,40.0,20,0
2024-10-01,ST104,P3409,32.0,20,0
2024-10-01,ST104,P3059,34.0,5,0
2024-10-01,ST104,P3288,30.0,5,0
2024-10-01,ST104,P3073,42.0,5,0
2024-10-01,ST104,P3463,32.0,5,0
2024-10-01,ST104,P3287,41.0,10,0
2024-10-01,ST104,P3292,33.0,15,0
2024-10-01,ST104,P3398,32.0,15,0
2024-10-01,ST104,P3297,36.0,10,0
2024-10-01,ST104,P3470,41.0,20,0
2024-10-01,ST104,P3284,31.0,10,0
2024-10-01,ST104,P3408,19.0,5,0
2024-10-01,ST104,P3211,35.0,5,0
2024-10-01,ST104,P3425,31.0,15,0
2024-10-01,ST104,P3233,37.0,20,0
2024-10-01,ST104,P3080,30.0,15,0
2024-10-01,ST104,P3399,33.0,5,0
2024-10-01,ST104,P3237,34.0,20,0
2024-10-01,ST104,P3133,36.0,10,0
2024-10-01,ST104,P3401,36.0,5,0
2024-10-01,ST104,P3089,30.0,5,0
2024-10-01,ST104,P3430,41.0,20,0
2024-10-01,ST104,P3371,35.0,5,0
2024-10-01,ST104,P3142,26.0,15,0
2024-10-01,ST104,P3298,33.0,20,0
2024-10-01,ST104,P3055,35.0,20,0
2024-10-01,ST104,P3351,29.0,5,0
2024-10-01,ST104,P3209,36.0,5,0
2024-10-01,ST104,P3162,40.0,10,0
2024-10-01,ST104,P3286,33.0,20,0
2024-10-01,ST104,P3158,35.0,5,0
2024-10-01,ST104,P3228,38.0,20,0
2024-10-01,ST104,P3370,34.0,10,0
2024-10-01,ST104,P3434,43.0,10,0
2024-10-01,ST104,P3098,43.0,20,0
2024-10-01,ST104,P3067,26.0,15,0
2024-10-01,ST104,P3335,35.0,10,0
2024-10-01,ST104,P3259,31.0,5,0
2024-10-01,ST104,P3218,36.0,10,0
2024-10-01,ST104,P3519,31.0,15,0
2024-10-01,ST104,P3461,36.0,5,0
2024-10-01,ST104,P3438,35.0,5,0
2024-10-01,ST104,P3103,37.0,5,0
2024-10-01,ST104,P3291,27.0,10,0
2024-10-01,ST104,P3212,35.0,20,0
2024-10-01,ST104,P3135,29.0,15,0
2024-10-01,ST104,P3422,39.0,10,0
2024-10-01,ST104,P3222,,15,0
2024-10-01,ST104,P3475,49.0,15,0
2024-10-01,ST104,P3294,43.0,15,0
2024-10-01,ST104,P3353,31.0,5,0
2024-10-01,ST104,P3008,43.0,20,0
2024-10-01,ST104,P3303,32.0,5,0
2024-10-01,ST104,P3216,31.0,5,0
2024-10-01,ST104,P3031,41.0,15,0
2024-10-01,ST104,P3263,33.0,15,0
2024-10-01,ST105,P3491,31.0,5,0
2024-10-01,ST105,P3344,27.0,15,0
2024-10-01,ST105,P3441,33.0,20,0
2024-10-01,ST105,P3158,32.0,5,0
2024-10-01,ST105,P3301,50.0,15,0
2024-10-01,ST105,P3210,30.0,15,0
2024-10-01,ST105,P3364,21.0,15,0
2024-10-01,ST105,P3471,34.0,20,0
2024-10-01,ST105,P3280,24.0,15,0
2024-10-01,ST105,P3333,32.0,10,0
2024-10-01,ST105,P3164,38.0,5,0
2024-10-01,ST105,P3117,33.0,5,0
2024-10-01,ST105,P3350,33.0,10,0
2024-10-01,ST105,P3303,40.0,20,0
2024-10-01,ST105,P3279,30.0,15,0
2024-10-01,ST105,P3472,39.0,10,0
2024-10-01,ST105,P3043,39.0,20,0
2024-10-01,ST105,P3415,27.0,5,0
2024-10-01,ST105,P3453,37.0,5,0
2024-10-01,ST105,P3294,42.0,10,0
2024-10-01,ST105,P3307,32.0,10,0
2024-10-01,ST105,P3144,34.0,5,0
2024-10-01,ST105,P3513,36.0,15,0
2024-10-01,ST105,P3488,33.0,10,0
2024-10-01,ST105,P3238,34.0,20,0
2024-10-01,ST105,P3302,31.0,20,0
2024-10-01,ST105,P3178,21.0,20,0
2024-10-01,ST105,P3418,29.0,15,0
2024-10-01,ST105,P3367,35.0,20,0
2024-10-01,ST105,P3008,39.0,20,0
2024-10-01,ST105,P3298,29.0,10,0
2024-10-01,ST105,P3092,24.0,10,0
2024-10-01,ST105,P3434,45.0,10,0
2024-10-01,ST105,P3001,48.0,5,0
2024-10-01,ST105,P3050,43.0,20,0
2024-10-01,ST105,P3274,31.0,15,0
2024-10-01,ST105,P3231,35.0,5,0
2024-10-01,ST105,P3406,34.0,20,0
2024-10-01,ST105,P3226,22.0,5,0
2024-10-01,ST105,P3103,40.0,15,0
2024-10-01,ST105,P3023,26.0,10,0
2024-10-01,ST105,P3393,33.0,10,0
2024-10-01,ST105,P3503,39.0,10,0
2024-10-01,ST105,P3476,29.0,10,0
2024-10-01,ST105,P3467,29.0,20,0
2024-10-01,ST105,P3490,38.0,20,0
2024-10-01,ST105,P3227,36.0,20,0
2024-10-01,ST105,P3002,31.0,15,0
2024-10-01,ST105,P3097,42.0,20,0
2024-10-01,ST105,P3352,43.0,5,0
2024-10-01,ST105,P3019,40.0,15,0
2024-10-01,ST105,P3052,37.0,15,0
2024-10-01,ST105,P3078,39.0,5,0
2024-10-01,ST105,P3107,29.0,15,0
2024-10-01,ST105,P3146,37.0,15,0
2024-10-01,ST105,P3172,35.0,15,0
2024-10-01,ST105,P3145,41.0,5,0
2024-10-01,ST105,P3086,39.0,5,0
2024-10-01,ST105,P3162,49.0,10,0
2024-10-01,ST105,P3482,43.0,15,0
2024-10-01,ST106,P3145,34.0,15,0
2024-10-01,ST106,P3071,36.0,15,0
2024-10-01,ST106,P3057,39.0,5,0
2024-10-01,ST106,P3512,41.0,15,0
2024-10-01,ST106,P3408,33.0,15,0
2024-10-01,ST106,P3253,29.0,5,0
2024-10-01,ST106,P3220,37.0,15,0
2024-10-01,ST106,P3503,42.0,5,0
2024-10-01,ST106,P3370,38.0,15,0
2024-10-01,ST106,P3356,39.0,20,0
2024-10-01,ST106,P3036,31.0,15,0
2024-10-01,ST106,P3317,35.0,20,0
2024-10-01,ST106,P3039,56.0,10,0
2024-10-01,ST106,P3161,27.0,15,0
2024-10-01,ST106,P3277,41.0,20,0
2024-10-01,ST106,P3483,36.0,15,0
2024-10-01,ST106,P3332,38.0,5,0
2024-10-01,ST106,P3201,28.0,20,0
2024-10-01,ST106,P3462,32.0,15,0
2024-10-01,ST106,P3479,35.0,5,0
2024-10-01,ST106,P3466,33.0,10,0
2024-10-01,ST106,P3358,32.0,20,0
2024-10-01,ST106,P3301,27.0,10,0
2024-10-01,ST106,P3339,29.0,5,0
2024-10-01,ST106,P3050,33.0,20,0
2024-10-01,ST106,P3392,39.0,20,0
2024-10-01,ST106,P3094,42.0,20,0
2024-10-01,ST106,P3099,40.0,10,0
2024-10-01,ST106,P3117,40.0,20,0
2024-10-01,ST106,P3291,30.0,15,0
2024-10-01,ST106,P3397,42.0,5,0
2024-10-01,ST106,P3468,31.0,5,0
2024-10-01,ST106,P3402,41.0,5,0
2024-10-01,ST106,P3223,32.0,20,0
2024-10-01,ST106,P3075,26.0,5,0
2024-10-01,ST106,P3287,29.0,15,0
2024-10-01,ST106,P3011,31.0,5,0
2024-10-01,ST106,P3481,32.0,5,0
2024-10-01,ST106,P3454,37.0,20,0
2024-10-01,ST106,P3031,27.0,20,0
2024-10-01,ST106,P3232,34.0,15,0
2024-10-01,ST106,P3177,48.0,20,0
2024-10-01,ST106,P3351,33.0,10,0
2024-10-01,ST106,P3037,33.0,15,0
2024-10-01,ST106,P3268,30.0,5,0
2024-10-01,ST106,P3326,37.0,15,0
2024-10-01,ST106,P3056,37.0,20,0
2024-10-01,ST106,P3150,35.0,20,0
2024-10-01,ST106,P3147,32.0,10,0
2024-10-01,ST106,P3367,32.0,15,0
2024-10-01,ST106,P3278,31.0,5,0
2024-10-01,ST106,P3010,29.0,15,0
2024-10-01,ST106,P3276,38.0,15,0
2024-10-01,ST106,P3035,43.0,15,0
2024-10-01,ST106,P3506,23.0,5,0
2024-10-01,ST106,P3334,39.0,5,0
2024-10-01,ST106,P3148,30.0,10,0
2024-10-01,ST106,P3170,26.0,5,0
2024-10-01,ST106,P3312,41.0,10,0
2024-10-01,ST106,P3515,41.0,10,0
2024-10-01,ST107,P3113,43.0,10,0
2024-10-01,ST107,P3476,40.0,15,0
2024-10-01,ST107,P3291,43.0,20,0
2024-10-01,ST107,P3143,29.0,10,0
2024-10-01,ST107,P3511,30.0,20,0
2024-10-01,ST107,P3496,33.0,15,0
2024-10-01,ST107,P3395,28.0,20,0
2024-10-01,ST107,P3409,38.0,15,0
2024-10-01,ST107,P3133,36.0,15,0
2024-10-01,ST107,P3255,28.0,15,0
2024-10-01,ST107,P3144,41.0,5,0
2024-10-01,ST107,P3461,33.0,10,0
2024-10-01,ST107,P3210,33.0,5,0
2024-10-01,ST107,P3324,41.0,5,0
2024-10-01,ST107,P3434,48.0,20,0
2024-10-01,ST107,P3060,25.0,20,0
2024-10-01,ST107,P3192,25.0,5,0
2024-10-01,ST107,P3475,36.0,5,0
2024-10-01,ST107,P3230,38.0,20,0
2024-10-01,ST107,P3410,32.0,5,0
2024-10-01,ST107,P3212,37.0,15,0
2024-10-01,ST107,P3227,32.0,15,0
2024-10-01,ST107,P3239,39.0,10,0
2024-10-01,ST107,P3007,41.0,15,0
2024-10-01,ST107,P3243,35.0,20,0
2024-10-01,ST107,P3217,42.0,5,0
2024-10-01,ST107,P3264,40.0,20,0
2024-10-01,ST107,P3005,39.0,15,0
2024-10-01,ST107,P3486,29.0,10,0
2024-10-01,ST107,P3220,39.0,10,0
2024-10-01,ST107,P3312,38.0,20,0
2024-10-01,ST107,P3241,37.0,20,0
2024-10-01,ST107,P3520,27.0,10,0
2024-10-01,ST107,P3088,46.0,15,0
2024-10-01,ST107,P3145,38.0,20,0
2024-10-01,ST107,P3454,48.0,10,0
2024-10-01,ST107,P3513,24.0,10,0
2024-10-01,ST107,P3472,38.0,15,0
2024-10-01,ST107,P3305,28.0,5,0
2024-10-01,ST107,P3240,48.0,10,0
2024-10-01,ST107,P3491,46.0,20,0
2024-10-01,ST107,P3288,39.0,10,0
2024-10-01,ST107,P3286,62.0,5,0
2024-10-01,ST107,P3262,45.0,15,0
2024-10-01,ST107,P3162,31.0,10,0
2024-10-01,ST107,P3221,36.0,10,0
2024-10-01,ST107,P3189,29.0,20,0
2024-10-01,ST107,P3349,32.0,5,0
2024-10-01,ST107,P3085,33.0,20,0
2024-10-01,ST107,P3048,28.0,15,0
2024-10-01,ST107,P3245,45.0,5,0
2024-10-01,ST107,P3055,40.0,20,0
2024-10-01,ST107,P3154,45.0,10,0
2024-10-01,ST107,P3111,29.0,10,0
2024-10-01,ST107,P3505,47.0,20,0
2024-10-01,ST107,P3429,27.0,5,0
2024-10-01,ST107,P3147,38.0,20,0
2024-10-01,ST107,P3130,28.0,5,0
2024-10-01,ST107,P3385,31.0,10,0
2024-10-01,ST107,P3289,36.0,15,0
2024-10-01,ST108,P3085,33.0,10,0
2024-10-01,ST108,P3265,26.0,15,0
2024-10-01,ST108,P3017,40.0,20,0
2024-10-01,ST108,P3139,36.0,5,0
2024-10-01,ST108,P3320,32.0,10,0
2024-10-01,ST108,P3228,30.0,10,0
2024-10-01,ST108,P3246,39.0,20,0
2024-10-01,ST108,P3431,34.0,20,0
2024-10-01,ST108,P3333,31.0,5,0
2024-10-01,ST108,P3146,37.0,10,0
2024-10-01,ST108,P3289,40.0,20,0
2024-10-01,ST108,P3083,41.0,10,0
2024-10-01,ST108,P3270,34.0,5,0
2024-10-01,ST108,P3205,35.0,5,0
2024-10-01,ST108,P3426,35.0,15,0
2024-10-01,ST108,P3108,42.0,10,0
2024-10-01,ST108,P3383,28.0,5,0
2024-10-01,ST108,P3184,31.0,20,0
2024-10-01,ST108,P3417,35.0,20,0
2024-10-01,ST108,P3452,30.0,10,0
2024-10-01,ST108,P3220,40.0,20,0
2024-10-01,ST108,P3471,39.0,5,0
2024-10-01,ST108,P3413,33.0,10,0
2024-10-01,ST108,P3060,31.0,10,0
2024-10-01,ST108,P3238,31.0,5,0
2024-10-01,ST108,P3181,31.0,20,0
2024-10-01,ST108,P3378,43.0,10,0
2024-10-01,ST108,P3049,35.0,15,0
2024-10-01,ST108,P3119,36.0,10,0
2024-10-01,ST108,P3314,30.0,10,0
2024-10-01,ST108,P3500,32.0,20,0
2024-10-01,ST108,P3491,,5,0
2024-10-01,ST108,P3285,29.0,15,0
2024-10-01,ST108,P3046,43.0,20,0
2024-10-01,ST108,P3214,34.0,20,0
2024-10-01,ST108,P3479,51.0,20,0
2024-10-01,ST108,P3023,30.0,5,0
2024-10-01,ST108,P3144,32.0,10,0
2024-10-01,ST108,P3428,47.0,15,0
2024-10-01,ST108,P3126,52.0,15,0
2024-10-01,ST108,P3323,30.0,5,0
2024-10-01,ST108,P3243,37.0,5,0
2024-10-01,ST108,P3328,41.0,20,0
2024-10-01,ST108,P3071,35.0,20,0
2024-10-01,ST108,P3129,46.0,5,0
2024-10-01,ST108,P3446,39.0,10,0
2024-10-01,ST108,P3056,35.0,15,0
2024-10-01,ST108,P3177,39.0,5,0
2024-10-01,ST108,P3509,29.0,20,0
2024-10-01,ST108,P3099,34.0,5,0
2024-10-01,ST108,P3093,38.0,20,0
2024-10-01,ST108,P3217,36.0,20,0
2024-10-01,ST108,P3466,42.0,15,0
2024-10-01,ST108,P3216,36.0,20,0
2024-10-01,ST108,P3207,34.0,5,0
2024-10-01,ST108,P3375,50.0,5,0
2024-10-01,ST108,P3439,35.0,5,0
2024-10-01,ST108,P3150,34.0,15,0
2024-10-01,ST108,P3003,29.0,20,0
2024-10-01,ST108,P3506,41.0,15,0
2024-10-01,ST109,P3274,38.0,10,0
2024-10-01,ST109,P3208,29.0,20,0
2024-10-01,ST109,P3373,37.0,10,0
2024-10-01,ST109,P3211,32.0,5,0
2024-10-01,ST109,P3109,34.0,10,0
2024-10-01,ST109,P3019,25.0,10,0
2024-10-01,ST109,P3132,36.0,10,0
2024-10-01,ST109,P3418,27.0,10,0
2024-10-01,ST109,P3400,39.0,10,0
2024-10-01,ST109,P3463,31.0,5,0
2024-10-01,ST109,P3008,25.0,15,0
2024-10-01,ST109,P3375,35.0,15,0
2024-10-01,ST109,P3115,34.0,20,0
2024-10-01,ST109,P3438,32.0,5,0
2024-10-01,ST109,P3258,44.0,10,0
2024-10-01,ST109,P3285,36.0,20,0
2024-10-01,ST109,P3416,32.0,10,0
2024-10-01,ST109,P3328,,20,0
2024-10-01,ST109,P3389,37.0,20,0
2024-10-01,ST109,P3152,31.0,15,0
2024-10-01,ST109,P3235,33.0,5,0
2024-10-01,ST109,P3247,31.0,15,0
2024-10-01,ST109,P3114,44.0,5,0
2024-10-01,ST109,P3148,38.0,20,0
2024-10-01,ST109,P3170,36.0,20,0
2024-10-01,ST109,P3250,35.0,15,0
2024-10-01,ST109,P3306,31.0,10,0
2024-10-01,ST109,P3464,28.0,20,0
2024-10-01,ST109,P3080,40.0,15,0
2024-10-01,ST109,P3343,29.0,15,0
2024-10-01,ST109,P3138,32.0,20,0
2024-10-01,ST109,P3419,38.0,5,0
2024-10-01,ST109,P3442,26.0,5,0
2024-10-01,ST109,P3293,35.0,20,0
2024-10-01,ST109,P3336,35.0,10,0
2024-10-01,ST109,P3081,35.0,15,0
2024-10-01,ST109,P3225,34.0,5,0
2024-10-01,ST109,P3280,38.0,5,0
2024-10-01,ST109,P3182,25.0,15,0
2024-10-01,ST109,P3401,43.0,5,0
2024-10-01,ST109,P3307,40.0,10,0
2024-10-01,ST109,P3231,29.0,15,0
2024-10-01,ST109,P3168,41.0,20,0
2024-10-01,ST109,P3520,22.0,20,0
2024-10-01,ST109,P3064,40.0,20,0
2024-10-01,ST109,P3410,32.0,15,0
2024-10-01,ST109,P3085,26.0,10,0
2024-10-01,ST109,P3062,23.0,15,0
2024-10-01,ST109,P3015,48.0,20,0
2024-10-01,ST109,P3300,33.0,20,0
2024-10-01,ST109,P3404,38.0,10,0
2024-10-01,ST109,P3512,38.0,10,0
2024-10-01,ST109,P3487,37.0,20,0
2024-10-01,ST109,P3248,32.0,5,0
2024-10-01,ST109,P3314,29.0,20,0
2024-10-01,ST109,P3455,42.0,5,0
2024-10-01,ST109,P3012,37.0,15,0
2024-10-01,ST109,P3483,33.0,5,0
2024-10-01,ST109,P3348,33.0,20,0
2024-10-01,ST109,P3441,32.0,15,0
2024-10-01,ST110,P3234,35.0,15,0
2024-10-01,ST110,P3135,37.0,15,0
2024-10-01,ST110,P3487,31.0,15,0
2024-10-01,ST110,P3460,47.0,20,0
2024-10-01,ST110,P3096,37.0,5,0
2024-10-01,ST110,P3231,31.0,15,0
2024-10-01,ST110,P3396,43.0,10,0
2024-10-01,ST110,P3007,43.0,15,0
2024-10-01,ST110,P3144,36.0,20,0
2024-10-01,ST110,P3214,34.0,5,0
2024-10-01,ST110,P3075,27.0,20,0
2024-10-01,ST110,P3426,38.0,15,0
2024-10-01,ST110,P3040,34.0,10,0
2024-10-01,ST110,P3012,45.0,10,0
2024-10-01,ST110,P3038,41.0,20,0
2024-10-01,ST110,P3094,44.0,20,0
2024-10-01,ST110,P3044,31.0,10,0
2024-10-01,ST110,P3138,26.0,15,0
2024-10-01,ST110,P3268,39.0,15,0
2024-10-01,ST110,P3513,34.0,20,0
2024-10-01,ST110,P3064,27.0,15,0
2024-10-01,ST110,P3418,40.0,5,0
2024-10-01,ST110,P3315,36.0,5,0
2024-10-01,ST110,P3343,40.0,20,0
2024-10-01,ST110,P3486,32.0,20,0
2024-10-01,ST110,P3128,33.0,20,0
2024-10-01,ST110,P3304,34.0,20,0
2024-10-01,ST110,P3291,48.0,20,0
2024-10-01,ST110,P3133,50.0,10,0
2024-10-01,ST110,P3043,30.0,10,0
2024-10-01,ST110,P3286,32.0,10,0
2024-10-01,ST110,P3309,31.0,5,0
2024-10-01,ST110,P3169,35.0,15,0
2024-10-01,ST110,P3186,47.0,15,0
2024-10-01,ST110,P3472,34.0,5,0
2024-10-01,ST110,P3515,41.0,5,0
2024-10-01,ST110,P3187,40.0,20,0
2024-10-01,ST110,P3264,40.0,5,0
2024-10-01,ST110,P3499,39.0,10,0
2024-10-01,ST110,P3329,31.0,15,0
2024-10-01,ST110,P3024,27.0,10,0
2024-10-01,ST110,P3274,27.0,20,0
2024-10-01,ST110,P3159,49.0,10,0
2024-10-01,ST110,P3182,34.0,15,0
2024-10-01,ST110,P3412,41.0,20,0
2024-10-01,ST110,P3389,28.0,15,0
2024-10-01,ST110,P3010,40.0,15,0
2024-10-01,ST110,P3056,38.0,10,0
2024-10-01,ST110,P3313,32.0,5,0
2024-10-01,ST110,P3129,28.0,5,0
2024-10-01,ST110,P3361,38.0,5,0
2024-10-01,ST110,P3090,42.0,20,0
2024-10-01,ST110,P3439,38.0,20,0
2024-10-01,ST110,P3102,31.0,5,0
2024-10-01,ST110,P3393,32.0,15,0
2024-10-01,ST110,P3031,39.0,20,0
2024-10-01,ST110,P3492,39.0,20,0
2024-10-01,ST110,P3190,33.0,10,0
2024-10-01,ST110,P3120,32.0,5,0
2024-10-01,ST110,P3212,36.0,15,0
2024-10-01,ST111,P3375,35.0,15,0
2024-10-01,ST111,P3505,42.0,15,0
2024-10-01,ST111,P3218,37.0,20,0
2024-10-01,ST111,P3113,37.0,5,0
2024-10-01,ST111,P3235,37.0,20,0
2024-10-01,ST111,P3351,31.0,20,0
2024-10-01,ST111,P3106,36.0,15,0
2024-10-01,ST111,P3130,23.0,15,0
2024-10-01,ST111,P3287,34.0,20,0
2024-10-01,ST111,P3240,27.0,5,0
2024-10-01,ST111,P3436,40.0,5,0
2024-10-01,ST111,P3204,30.0,20,0
2024-10-01,ST111,P3057,35.0,5,0
2024-10-01,ST111,P3050,36.0,5,0
2024-10-01,ST111,P3056,32.0,5,0
2024-10-01,ST111,P3094,29.0,15,0
2024-10-01,ST111,P3058,41.0,5,0
2024-10-01,ST111,P3148,27.0,20,0
2024-10-01,ST111,P3384,23.0,20,0
2024-10-01,ST111,P3442,32.0,10,0
2024-10-01,ST111,P3507,24.0,15,0
2024-10-01,ST111,P3415,33.0,10,0
2024-10-01,ST111,P3093,25.0,5,0
2024-10-01,ST111,P3367,30.0,20,0
2024-10-01,ST111,P3181,32.0,5,0
2024-10-01,ST111,P3100,20.0,5,0
2024-10-01,ST111,P3452,33.0,20,0
2024-10-01,ST111,P3191,25.0,20,0
2024-10-01,ST111,P3252,28.0,5,0
2024-10-01,ST111,P3192,39.0,5,0
2024-10-01,ST111,P3268,36.0,10,0
2024-10-01,ST111,P3354,36.0,5,0
2024-10-01,ST111,P3142,38.0,20,0
2024-10-01,ST111,P3290,36.0,20,0
2024-10-01,ST111,P3176,44.0,20,0
2024-10-01,ST111,P3286,43.0,10,0
2024-10-01,ST111,P3359,37.0,15,0
2024-10-01,ST111,P3090,37.0,5,0
2024-10-01,ST111,P3312,33.0,20,0
2024-10-01,ST111,P3279,36.0,15,0
2024-10-01,ST111,P3138,28.0,20,0
2024-10-01,ST111,P3223,29.0,5,0
2024-10-01,ST111,P3257,28.0,10,0
2024-10-01,ST111,P3064,39.0,15,0
2024-10-01,ST111,P3023,36.0,5,0
2024-10-01,ST111,P3111,32.0,10,0
2024-10-01,ST111,P3438,20.0,10,0
2024-10-01,ST111,P3101,42.0,5,0
2024-10-01,ST111,P3517,27.0,15,0
2024-10-01,ST111,P3506,34.0,20,0
2024-10-01,ST111,P3032,30.0,5,0
2024-10-01,ST111,P3219,36.0,20,0
2024-10-01,ST111,P3107,37.0,20,0
2024-10-01,ST111,P3418,45.0,10,0
2024-10-01,ST111,P3250,46.0,15,0
2024-10-01,ST111,P3479,40.0,20,0
2024-10-01,ST111,P3441,28.0,10,0
2024-10-01,ST111,P3258,33.0,15,0
2024-10-01,ST111,P3062,38.0,10,0
2024-10-01,ST111,P3006,26.0,5,0
2024-10-01,ST112,P3327,35.0,10,0
2024-10-01,ST112,P3333,39.0,10,0
2024-10-01,ST112,P3085,31.0,10,0
2024-10-01,ST112,P3388,50.0,10,0
2024-10-01,ST112,P3183,26.0,15,0
2024-10-01,ST112,P3103,38.0,20,0
2024-10-01,ST112,P3235,42.0,5,0
2024-10-01,ST112,P3467,25.0,5,0
2024-10-01,ST112,P3363,24.0,10,0
2024-10-01,ST112,P3088,36.0,5,0
2024-10-01,ST112,P3158,42.0,15,0
2024-10-01,ST112,P3241,34.0,20,0
2024-10-01,ST112,P3361,46.0,5,0
2024-10-01,ST112,P3280,39.0,20,0
2024-10-01,ST112,P3064,44.0,10,0
2024-10-01,ST112,P3376,32.0,5,0
2024-10-01,ST112,P3390,35.0,5,0
2024-10-01,ST112,P3326,35.0,5,0
2024-10-01,ST112,P3373,35.0,15,0
2024-10-01,ST112,P3377,45.0,15,0
2024-10-01,ST112,P3069,42.0,20,0
2024-10-01,ST112,P3477,35.0,10,0
2024-10-01,ST112,P3353,37.0,5,0
2024-10-01,ST112,P3053,44.0,15,0
2024-10-01,ST112,P3101,54.0,10,0
2024-10-01,ST112,P3247,40.0,5,0
2024-10-01,ST112,P3312,45.0,15,0
2024-10-01,ST112,P3180,39.0,10,0
2024-10-01,ST112,P3137,41.0,10,0
2024-10-01,ST112,P3057,32.0,5,0
2024-10-01,ST112,P3520,38.0,10,0
2024-10-01,ST112,P3242,30.0,5,0
2024-10-01,ST112,P3221,36.0,10,0
2024-10-01,ST112,P3413,36.0,20,0
2024-10-01,ST112,P3140,26.0,5,0
2024-10-01,ST112,P3230,32.0,15,0
2024-10-01,ST112,P3129,41.0,20,0
2024-10-01,ST112,P3392,36.0,5,0
2024-10-01,ST112,P3408,40.0,15,0
2024-10-01,ST112,P3156,37.0,15,0
2024-10-01,ST112,P3502,27.0,5,0
2024-10-01,ST112,P3452,52.0,15,0
2024-10-01,ST112,P3188,35.0,10,0
2024-10-01,ST112,P3386,32.0,15,0
2024-10-01,ST112,P3104,30.0,10,0
2024-10-01,ST112,P3096,29.0,10,0
2024-10-01,ST112,P3192,38.0,20,0
2024-10-01,ST112,P3087,40.0,10,0
2024-10-01,ST112,P3322,45.0,5,0
2024-10-01,ST112,P3225,36.0,5,0
2024-10-01,ST112,P3109,37.0,15,0
2024-10-01,ST112,P3426,34.0,10,0
2024-10-01,ST112,P3184,31.0,15,0
2024-10-01,ST112,P3037,37.0,20,0
2024-10-01,ST112,P3430,34.0,10,0
2024-10-01,ST112,P3385,35.0,10,0
2024-10-01,ST112,P3127,38.0,15,0
2024-10-01,ST112,P3460,38.0,10,0
2024-10-01,ST112,P3449,33.0,10,0
2024-10-01,ST112,P3185,37.0,10,0
2024-10-01,ST113,P3471,35.0,15,0
2024-10-01,ST113,P3060,38.0,15,0
2024-10-01,ST113,P3450,48.0,20,0
2024-10-01,ST113,P3390,33.0,5,0
2024-10-01,ST113,P3227,35.0,20,0
2024-10-01,ST113,P3030,29.0,5,0
2024-10-01,ST113,P3191,38.0,15,0
2024-10-01,ST113,P3303,38.0,20,0
2024-10-01,ST113,P3491,38.0,15,0
2024-10-01,ST113,P3358,30.0,5,0
2024-10-01,ST113,P3424,39.0,20,0
2024-10-01,ST113,P3057,44.0,20,0
2024-10-01,ST113,P3310,36.0,10,0
2024-10-01,ST113,P3112,42.0,15,0
2024-10-01,ST113,P3215,32.0,10,0
2024-10-01,ST113,P3328,47.0,10,0
2024-10-01,ST113,P3291,35.0,5,0
2024-10-01,ST113,P3384,41.0,20,0
2024-10-01,ST113,P3017,37.0,20,0
2024-10-01,ST113,P3094,35.0,15,0
2024-10-01,ST113,P3520,47.0,5,0
2024-10-01,ST113,P3107,36.0,20,0
2024-10-01,ST113,P3372,29.0,20,0
2024-10-01,ST113,P3375,37.0,20,0
2024-10-01,ST113,P3106,36.0,20,0
2024-10-01,ST113,P3446,39.0,15,0
2024-10-01,ST113,P3002,36.0,20,0
2024-10-01,ST113,P3253,35.0,20,0
2024-10-01,ST113,P3412,42.0,20,0
2024-10-01,ST113,P3479,34.0,10,0
2024-10-01,ST113,P3066,30.0,10,0
2024-10-01,ST113,P3081,43.0,5,0
2024-10-01,ST113,P3476,39.0,10,0
2024-10-01,ST113,P3160,34.0,20,0
2024-10-01,ST113,P3341,28.0,20,0
2024-10-01,ST113,P3271,38.0,5,0
2024-10-01,ST113,P3041,44.0,5,0
2024-10-01,ST113,P3466,30.0,5,0
2024-10-01,ST113,P3011,48.0,20,0
2024-10-01,ST113,P3351,26.0,10,0
2024-10-01,ST113,P3376,28.0,5,0
2024-10-01,ST113,P3237,42.0,20,0
2024-10-01,ST113,P3403,35.0,5,0
2024-10-01,ST113,P3120,33.0,20,0
2024-10-01,ST113,P3080,40.0,15,0
2024-10-01,ST113,P3416,40.0,10,0
2024-10-01,ST113,P3005,36.0,15,0
2024-10-01,ST113,P3374,40.0,5,0
2024-10-01,ST113,P3269,30.0,10,0
2024-10-01,ST113,P3366,30.0,15,0
2024-10-01,ST113,P3333,35.0,20,0
2024-10-01,ST113,P3380,35.0,20,0
2024-10-01,ST113,P3140,40.0,5,0
2024-10-01,ST113,P3508,33.0,10,0
2024-10-01,ST113,P3043,44.0,20,0
2024-10-01,ST113,P3240,28.0,15,0
2024-10-01,ST113,P3511,33.0,20,0
2024-10-01,ST113,P3049,27.0,10,0
2024-10-01,ST113,P3155,26.0,15,0
2024-10-01,ST113,P3177,23.0,5,0
2024-10-01,ST114,P3116,25.0,5,0
2024-10-01,ST114,P3111,41.0,10,0
2024-10-01,ST114,P3146,29.0,20,0
2024-10-01,ST114,P3108,31.0,20,0
2024-10-01,ST114,P3486,32.0,10,0
2024-10-01,ST114,P3191,36.0,5,0
2024-10-01,ST114,P3438,35.0,5,0
2024-10-01,ST114,P3358,26.0,5,0
2024-10-01,ST114,P3278,34.0,15,0
2024-10-01,ST114,P3239,39.0,20,0
2024-10-01,ST114,P3489,38.0,20,0
2024-10-01,ST114,P3026,42.0,10,0
2024-10-01,ST114,P3115,28.0,5,0
2024-10-01,ST114,P3451,31.0,20,0
2024-10-01,ST114,P3261,24.0,10,0
2024-10-01,ST114,P3027,37.0,10,0
2024-10-01,ST114,P3369,32.0,20,0
2024-10-01,ST114,P3503,39.0,20,0
2024-10-01,ST114,P3212,35.0,10,0
2024-10-01,ST114,P3247,24.0,5,0
2024-10-01,ST114,P3181,34.0,15,0
2024-10-01,ST114,P3131,29.0,20,0
2024-10-01,ST114,P3100,34.0,10,0
2024-10-01,ST114,P3051,35.0,5,0
2024-10-01,ST114,P3008,29.0,10,0
2024-10-01,ST114,P3299,26.0,5,0
2024-10-01,ST114,P3457,34.0,5,0
2024-10-01,ST114,P3484,37.0,5,0
2024-10-01,ST114,P3118,31.0,5,0
2024-10-01,ST114,P3287,37.0,15,0
2024-10-01,ST114,P3123,37.0,5,0
2024-10-01,ST114,P3233,41.0,15,0
2024-10-01,ST114,P3011,40.0,5,0
2024-10-01,ST114,P3254,41.0,20,0
2024-10-01,ST114,P3442,53.0,5,0
2024-10-01,ST114,P3366,29.0,20,0
2024-10-01,ST114,P3416,33.0,15,0
2024-10-01,ST114,P3172,48.0,15,0
2024-10-01,ST114,P3337,42.0,20,0
2024-10-01,ST114,P3406,32.0,15,0
2024-10-01,ST114,P3218,31.0,15,0
2024-10-01,ST114,P3014,31.0,10,0
2024-10-01,ST114,P3228,41.0,20,0
2024-10-01,ST114,P3504,37.0,15,0
2024-10-01,ST114,P3023,36.0,10,0
2024-10-01,ST114,P3403,43.0,5,0
2024-10-01,ST114,P3255,40.0,20,0
2024-10-01,ST114,P3187,30.0,5,0
2024-10-01,ST114,P3374,44.0,5,0
2024-10-01,ST114,P3230,30.0,20,0
2024-10-01,ST114,P3188,37.0,20,0
2024-10-01,ST114,P3383,31.0,10,0
2024-10-01,ST114,P3238,33.0,5,0
2024-10-01,ST114,P3012,29.0,10,0
2024-10-01,ST114,P3441,28.0,20,0
2024-10-01,ST114,P3485,37.0,20,0
2024-10-01,ST114,P3508,29.0,20,0
2024-10-01,ST114,P3079,48.0,20,0
2024-10-01,ST114,P3399,37.0,10,0
2024-10-01,ST114,P3072,44.0,5,0
2024-10-01,ST115,P3297,37.0,10,0
2024-10-01,ST115,P3291,40.0,15,0
2024-10-01,ST115,P3504,33.0,10,0
2024-10-01,ST115,P3495,35.0,10,0
2024-10-01,ST115,P3437,43.0,5,0
2024-10-01,ST115,P3231,26.0,15,0
2024-10-01,ST115,P3367,34.0,10,0
2024-10-01,ST115,P3057,30.0,5,0
2024-10-01,ST115,P3106,43.0,15,0
2024-10-01,ST115,P3366,29.0,5,0
2024-10-01,ST115,P3039,41.0,20,0
2024-10-01,ST115,P3226,,5,0
2024-10-01,ST115,P3337,36.0,15,0
2024-10-01,ST115,P3064,27.0,15,0
2024-10-01,ST115,P3427,38.0,15,0
2024-10-01,ST115,P3035,36.0,5,0
2024-10-01,ST115,P3157,35.0,5,0
2024-10-01,ST115,P3261,39.0,20,0
2024-10-01,ST115,P3268,39.0,20,0
2024-10-01,ST115,P3440,30.0,5,0
2024-10-01,ST115,P3001,37.0,15,0
2024-10-01,ST115,P3147,28.0,10,0
2024-10-01,ST115,P3420,23.0,5,0
2024-10-01,ST115,P3004,37.0,5,0
2024-10-01,ST115,P3499,35.0,5,0
2024-10-01,ST115,P3047,38.0,20,0
2024-10-01,ST115,P3462,27.0,5,0
2024-10-01,ST115,P3423,39.0,15,0
2024-10-01,ST115,P3394,41.0,10,0
2024-10-01,ST115,P3078,33.0,20,0
2024-10-01,ST115,P3295,34.0,5,0
2024-10-01,ST115,P3124,35.0,20,0
2024-10-01,ST115,P3414,46.0,10,0
2024-10-01,ST115,P3066,33.0,5,0
2024-10-01,ST115,P3475,37.0,10,0
2024-10-01,ST115,P3406,31.0,20,0
2024-10-01,ST115,P3217,28.0,20,0
2024-10-01,ST115,P3218,30.0,5,0
2024-10-01,ST115,P3074,28.0,10,0
2024-10-01,ST115,P3201,35.0,15,0
2024-10-01,ST115,P3257,42.0,10,0
2024-10-01,ST115,P3344,27.0,15,0
2024-10-01,ST115,P3454,47.0,5,0
2024-10-01,ST115,P3148,30.0,15,0
2024-10-01,ST115,P3085,39.0,10,0
2024-10-01,ST115,P3316,36.0,10,0
2024-10-01,ST115,P3305,38.0,5,0
2024-10-01,ST115,P3491,41.0,15,0
2024-10-01,ST115,P3370,35.0,20,0
2024-10-01,ST115,P3353,32.0,10,0
2024-10-01,ST115,P3296,41.0,20,0
2024-10-01,ST115,P3428,43.0,5,0
2024-10-01,ST115,P3233,46.0,20,0
2024-10-01,ST115,P3208,42.0,20,0
2024-10-01,ST115,P3277,33.0,5,0
2024-10-01,ST115,P3135,25.0,20,0
2024-10-01,ST115,P3341,38.0,10,0
2024-10-01,ST115,P3301,34.0,5,0
2024-10-01,ST115,P3383,34.0,5,0
2024-10-01,ST115,P3006,32.0,5,0
2024-10-01,ST116,P3376,35.0,10,0
2024-10-01,ST116,P3422,37.0,10,0
2024-10-01,ST116,P3464,38.0,5,0
2024-10-01,ST116,P3091,34.0,20,0
2024-10-01,ST116,P3174,40.0,5,0
2024-10-01,ST116,P3426,40.0,10,0
2024-10-01,ST116,P3306,40.0,20,0
2024-10-01,ST116,P3037,36.0,15,0
2024-10-01,ST116,P3129,33.0,10,0
2024-10-01,ST116,P3295,35.0,10,0
2024-10-01,ST116,P3312,44.0,15,0
2024-10-01,ST116,P3078,41.0,20,0
2024-10-01,ST116,P3061,33.0,5,0
2024-10-01,ST116,P3209,29.0,15,0
2024-10-01,ST116,P3372,32.0,10,0
2024-10-01,ST116,P3039,28.0,10,0
2024-10-01,ST116,P3251,30.0,20,0
2024-10-01,ST116,P3490,39.0,5,0
2024-10-01,ST116,P3400,37.0,10,0
2024-10-01,ST116,P3141,31.0,10,0
2024-10-01,ST116,P3221,,5,0
2024-10-01,ST116,P3450,29.0,10,0
2024-10-01,ST116,P3106,35.0,20,0
2024-10-01,ST116,P3164,34.0,15,0
2024-10-01,ST116,P3410,43.0,20,0
2024-10-01,ST116,P3503,39.0,20,0
2024-10-01,ST116,P3076,27.0,5,0
2024-10-01,ST116,P3298,41.0,10,0
2024-10-01,ST116,P3036,27.0,10,0
2024-10-01,ST116,P3038,43.0,10,0
2024-10-01,ST116,P3139,39.0,10,0
2024-10-01,ST116,P3476,34.0,20,0
2024-10-01,ST116,P3394,37.0,20,0
2024-10-01,ST116,P3155,31.0,10,0
2024-10-01,ST116,P3425,36.0,5,0
2024-10-01,ST116,P3494,24.0,20,0
2024-10-01,ST116,P3427,30.0,10,0
2024-10-01,ST116,P3152,29.0,5,0
2024-10-01,ST116,P3003,41.0,15,0
2024-10-01,ST116,P3231,31.0,5,0
2024-10-01,ST116,P3505,38.0,20,0
2024-10-01,ST116,P3438,38.0,15,0
2024-10-01,ST116,P3429,39.0,15,0
2024-10-01,ST116,P3520,36.0,10,0
2024-10-01,ST116,P3166,31.0,10,0
2024-10-01,ST116,P3115,42.0,20,0
2024-10-01,ST116,P3012,37.0,15,0
2024-10-01,ST116,P3132,35.0,15,0
2024-10-01,ST116,P3259,50.0,5,0
2024-10-01,ST116,P3301,26.0,20,0
2024-10-01,ST116,P3082,27.0,10,0
2024-10-01,ST116,P3361,32.0,15,0
2024-10-01,ST116,P3162,50.0,10,0
2024-10-01,ST116,P3333,38.0,5,0
2024-10-01,ST116,P3319,35.0,5,0
2024-10-01,ST116,P3147,27.0,15,0
2024-10-01,ST116,P3444,36.0,20,0
2024-10-01,ST116,P3431,37.0,5,0
2024-10-01,ST116,P3229,33.0,20,0
2024-10-01,ST116,P3303,32.0,20,0
2024-10-01,ST117,P3234,35.0,15,0
2024-10-01,ST117,P3075,29.0,15,0
2024-10-01,ST117,P3432,26.0,5,0
2024-10-01,ST117,P3256,26.0,20,0
2024-10-01,ST117,P3475,36.0,15,0
2024-10-01,ST117,P3149,36.0,20,0
2024-10-01,ST117,P3490,31.0,10,0
2024-10-01,ST117,P3010,33.0,15,0
2024-10-01,ST117,P3379,28.0,10,0
2024-10-01,ST117,P3124,31.0,20,0
2024-10-01,ST117,P3433,36.0,10,0
2024-10-01,ST117,P3069,43.0,5,0
2024-10-01,ST117,P3389,40.0,20,0
2024-10-01,ST117,P3037,36.0,15,0
2024-10-01,ST117,P3215,35.0,20,0
2024-10-01,ST117,P3512,39.0,5,0
2024-10-01,ST117,P3241,28.0,5,0
2024-10-01,ST117,P3283,23.0,10,0
2024-10-01,ST117,P3213,30.0,15,0
2024-10-01,ST117,P3074,,10,0
2024-10-01,ST117,P3139,42.0,10,0
2024-10-01,ST117,P3451,29.0,10,0
2024-10-01,ST117,P3409,30.0,10,0
2024-10-01,ST117,P3201,37.0,15,0
2024-10-01,ST117,P3328,25.0,5,0
2024-10-01,ST117,P3017,36.0,10,0
2024-10-01,ST117,P3052,29.0,15,0
2024-10-01,ST117,P3276,38.0,20,0
2024-10-01,ST117,P3462,38.0,10,0
2024-10-01,ST117,P3345,26.0,10,0
2024-10-01,ST117,P3364,36.0,20,0
2024-10-01,ST117,P3026,44.0,10,0
2024-10-01,ST117,P3408,42.0,10,0
2024-10-01,ST117,P3118,38.0,20,0
2024-10-01,ST117,P3420,44.0,15,0
2024-10-01,ST117,P3088,34.0,20,0
2024-10-01,ST117,P3344,32.0,20,0
2024-10-01,ST117,P3496,37.0,20,0
2024-10-01,ST117,P3206,40.0,15,0
2024-10-01,ST117,P3383,37.0,10,0
2024-10-01,ST117,P3478,34.0,15,0
2024-10-01,ST117,P3449,36.0,15,0
2024-10-01,ST117,P3385,34.0,20,0
2024-10-01,ST117,P3023,46.0,15,0
2024-10-01,ST117,P3411,35.0,15,0
2024-10-01,ST117,P3153,30.0,10,0
2024-10-01,ST117,P3459,41.0,5,0
2024-10-01,ST117,P3110,32.0,20,0
2024-10-01,ST117,P3191,38.0,10,0
2024-10-01,ST117,P3284,40.0,20,0
2024-10-01,ST117,P3092,50.0,15,0
2024-10-01,ST117,P3497,36.0,15,0
2024-10-01,ST117,P3210,38.0,5,0
2024-10-01,ST117,P3375,41.0,10,0
2024-10-01,ST117,P3339,39.0,5,0
2024-10-01,ST117,P3380,43.0,5,0
2024-10-01,ST117,P3048,36.0,20,0
2024-10-01,ST117,P3513,34.0,15,0
2024-10-01,ST117,P3419,33.0,20,0
2024-10-01,ST117,P3054,34.0,15,0
2024-10-01,ST118,P3392,37.0,15,0
2024-10-01,ST118,P3321,43.0,10,0
2024-10-01,ST118,P3281,31.0,5,0
2024-10-01,ST118,P3494,34.0,10,0
2024-10-01,ST118,P3388,26.0,15,0
2024-10-01,ST118,P3023,40.0,5,0
2024-10-01,ST118,P3284,31.0,20,0
2024-10-01,ST118,P3009,43.0,5,0
2024-10-01,ST118,P3178,35.0,5,0
2024-10-01,ST118,P3289,49.0,10,0
2024-10-01,ST118,P3093,35.0,10,0
2024-10-01,ST118,P3049,33.0,10,0
2024-10-01,ST118,P3385,37.0,5,0
2024-10-01,ST118,P3182,29.0,20,0
2024-10-01,ST118,P3074,40.0,20,0
2024-10-01,ST118,P3497,37.0,10,0
2024-10-01,ST118,P3238,42.0,20,0
2024-10-01,ST118,P3199,28.0,15,0
2024-10-01,ST118,P3177,44.0,15,0
2024-10-01,ST118,P3138,37.0,15,0
2024-10-01,ST118,P3218,32.0,20,0
2024-10-01,ST118,P3313,36.0,10,0
2024-10-01,ST118,P3001,42.0,20,0
2024-10-01,ST118,P3306,36.0,5,0
2024-10-01,ST118,P3510,40.0,10,0
2024-10-01,ST118,P3090,36.0,10,0
2024-10-01,ST118,P3290,34.0,20,0
2024-10-01,ST118,P3451,37.0,5,0
2024-10-01,ST118,P3170,34.0,10,0
2024-10-01,ST118,P3458,35.0,10,0
2024-10-01,ST118,P3332,39.0,20,0
2024-10-01,ST118,P3453,28.0,5,0
2024-10-01,ST118,P3232,37.0,5,0
2024-10-01,ST118,P3121,34.0,20,0
2024-10-01,ST118,P3375,46.0,20,0
2024-10-01,ST118,P3363,35.0,20,0
2024-10-01,ST118,P3147,30.0,10,0
2024-10-01,ST118,P3214,46.0,5,0
2024-10-01,ST118,P3489,30.0,20,0
2024-10-01,ST118,P3209,32.0,20,0
2024-10-01,ST118,P3282,39.0,5,0
2024-10-01,ST118,P3251,32.0,10,0
2024-10-01,ST118,P3088,29.0,5,0
2024-10-01,ST118,P3460,23.0,20,0
2024-10-01,ST118,P3142,29.0,15,0
2024-10-01,ST118,P3105,46.0,10,0
2024-10-01,ST118,P3246,33.0,10,0
2024-10-01,ST118,P3336,24.0,15,0
2024-10-01,ST118,P3189,35.0,10,0
2024-10-01,ST118,P3518,40.0,10,0
2024-10-01,ST118,P3215,36.0,20,0
2024-10-01,ST118,P3191,40.0,5,0
2024-10-01,ST118,P3239,35.0,5,0
2024-10-01,ST118,P3401,30.0,5,0
2024-10-01,ST118,P3296,37.0,15,0
2024-10-01,ST118,P3120,27.0,20,0
2024-10-01,ST118,P3398,31.0,5,0
2024-10-01,ST118,P3467,29.0,5,0
2024-10-01,ST118,P3078,38.0,20,0
2024-10-01,ST118,P3438,26.0,15,0
2024-11-01,ST101,P3139,26.0,5,0
2024-11-01,ST101,P3508,45.0,10,0
2024-11-01,ST101,P3488,30.0,15,0
2024-11-01,ST101,P3268,33.0,10,0
2024-11-01,ST101,P3360,43.0,15,0
2024-11-01,ST101,P3259,32.0,10,0
2024-11-01,ST101,P3320,34.0,20,0
2024-11-01,ST101,P3430,30.0,20,0
2024-11-01,ST101,P3192,40.0,5,0
2024-11-01,ST101,P3166,33.0,10,0
2024-11-01,ST101,P3028,42.0,5,0
2024-11-01,ST101,P3046,33.0,5,0
2024-11-01,ST101,P3314,33.0,10,0
2024-11-01,ST101,P3486,45.0,15,0
2024-11-01,ST101,P3036,29.0,5,0
2024-11-01,ST101,P3421,32.0,5,0
2024-11-01,ST101,P3105,26.0,20,0
2024-11-01,ST101,P3345,28.0,20,0
2024-11-01,ST101,P3077,40.0,5,0
2024-11-01,ST101,P3218,37.0,15,0
2024-11-01,ST101,P3300,39.0,5,0
2024-11-01,ST101,P3032,39.0,20,0
2024-11-01,ST101,P3355,33.0,5,0
2024-11-01,ST101,P3367,38.0,15,0
2024-11-01,ST101,P3131,40.0,10,0
2024-11-01,ST101,P3506,25.0,5,0
2024-11-01,ST101,P3331,28.0,20,0
2024-11-01,ST101,P3234,34.0,20,0
2024-11-01,ST101,P3402,23.0,10,0
2024-11-01,ST101,P3191,35.0,10,0
2024-11-01,ST101,P3483,37.0,5,0
2024-11-01,ST101,P3019,29.0,5,0
2024-11-01,ST101,P3069,36.0,15,0
2024-11-01,ST101,P3106,45.0,20,0
2024-11-01,ST101,P3459,34.0,15,0
2024-11-01,ST101,P3362,43.0,10,0
2024-11-01,ST101,P3198,39.0,5,0
2024-11-01,ST101,P3030,59.0,10,0
2024-11-01,ST101,P3388,27.0,20,0
2024-11-01,ST101,P3363,31.0,5,0
2024-11-01,ST101,P3442,36.0,20,0
2024-11-01,ST101,P3350,28.0,5,0
2024-11-01,ST101,P3209,28.0,5,0
2024-11-01,ST101,P3484,30.0,20,0
2024-11-01,ST101,P3167,34.0,15,0
2024-11-01,ST101,P3126,26.0,20,0
2024-11-01,ST101,P3132,40.0,20,0
2024-11-01,ST101,P3516,28.0,20,0
2024-11-01,ST101,P3115,39.0,15,0
2024-11-01,ST101,P3108,28.0,20,0
2024-11-01,ST101,P3332,45.0,5,0
2024-11-01,ST101,P3003,31.0,10,0
2024-11-01,ST101,P3256,34.0,15,0
2024-11-01,ST101,P3307,47.0,5,0
2024-11-01,ST101,P3462,41.0,20,0
2024-11-01,ST101,P3434,30.0,5,0
2024-11-01,ST101,P3492,31.0,10,0
2024-11-01,ST101,P3265,30.0,15,0
2024-11-01,ST101,P3420,29.0,10,0
2024-11-01,ST101,P3474,33.0,15,0
2024-11-01,ST102,P3116,27.0,20,0
2024-11-01,ST102,P3226,37.0,20,0
2024-11-01,ST102,P3359,36.0,20,0
2024-11-01,ST102,P3301,35.0,15,0
2024-11-01,ST102,P3343,34.0,20,0
2024-11-01,ST102,P3165,44.0,10,0
2024-11-01,ST102,P3213,37.0,15,0
2024-11-01,ST102,P3384,38.0,5,0
2024-11-01,ST102,P3101,36.0,5,0
2024-11-01,ST102,P3424,30.0,5,0
2024-11-01,ST102,P3037,42.0,10,0
2024-11-01,ST102,P3347,36.0,20,0
2024-11-01,ST102,P3149,48.0,20,0
2024-11-01,ST102,P3094,33.0,10,0
2024-11-01,ST102,P3480,27.0,20,0
2024-11-01,ST102,P3395,26.0,5,0
2024-11-01,ST102,P3352,44.0,10,0
2024-11-01,ST102,P3499,39.0,20,0
2024-11-01,ST102,P3054,41.0,5,0
2024-11-01,ST102,P3203,37.0,10,0
2024-11-01,ST102,P3140,,20,0
2024-11-01,ST102,P3190,40.0,15,0
2024-11-01,ST102,P3151,39.0,20,0
2024-11-01,ST102,P3160,39.0,20,0
2024-11-01,ST102,P3313,18.0,15,0
2024-11-01,ST102,P3398,40.0,20,0
2024-11-01,ST102,P3098,35.0,15,0
2024-11-01,ST102,P3380,31.0,10,0
2024-11-01,ST102,P3148,35.0,5,0
2024-11-01,ST102,P3156,38.0,10,0
2024-11-01,ST102,P3291,41.0,20,0
2024-11-01,ST102,P3016,36.0,10,0
2024-11-01,ST102,P3426,35.0,15,0
2024-11-01,ST102,P3163,36.0,10,0
2024-11-01,ST102,P3059,27.0,20,0
2024-11-01,ST102,P3430,37.0,5,0
2024-11-01,ST102,P3245,22.0,10,0
2024-11-01,ST102,P3161,28.0,5,0
2024-11-01,ST102,P3214,35.0,10,0
2024-11-01,ST102,P3078,29.0,20,0
2024-11-01,ST102,P3373,22.0,10,0
2024-11-01,ST102,P3229,42.0,10,0
2024-11-01,ST102,P3444,27.0,5,0
2024-11-01,ST102,P3252,32.0,5,0
2024-11-01,ST102,P3224,43.0,15,0
2024-11-01,ST102,P3392,33.0,15,0
2024-11-01,ST102,P3417,38.0,15,0
2024-11-01,ST102,P3293,36.0,5,0
2024-11-01,ST102,P3175,37.0,20,0
2024-11-01,ST102,P3429,53.0,20,0
2024-11-01,ST102,P3174,31.0,5,0
2024-11-01,ST102,P3117,41.0,20,0
2024-11-01,ST102,P3351,30.0,10,0
2024-11-01,ST102,P3207,32.0,10,0
2024-11-01,ST102,P3159,34.0,10,0
2024-11-01,ST102,P3464,34.0,5,0
2024-11-01,ST102,P3495,29.0,20,0
2024-11-01,ST102,P3393,37.0,5,0
2024-11-01,ST102,P3419,34.0,5,0
2024-11-01,ST102,P3107,36.0,15,0
2024-11-01,ST103,P3216,41.0,20,0
2024-11-01,ST103,P3297,41.0,10,0
2024-11-01,ST103,P3095,37.0,15,0
2024-11-01,ST103,P3310,33.0,10,0
2024-11-01,ST103,P3220,29.0,15,0
2024-11-01,ST103,P3103,35.0,10,0
2024-11-01,ST103,P3346,43.0,20,0
2024-11-01,ST103,P3283,42.0,5,0
2024-11-01,ST103,P3198,24.0,15,0
2024-11-01,ST103,P3494,34.0,10,0
2024-11-01,ST103,P3506,31.0,5,0
2024-11-01,ST103,P3454,30.0,5,0
2024-11-01,ST103,P3053,43.0,15,0
2024-11-01,ST103,P3465,39.0,5,0
2024-11-01,ST103,P3377,39.0,5,0
2024-11-01,ST103,P3453,32.0,20,0
2024-11-01,ST103,P3402,35.0,20,0
2024-11-01,ST103,P3372,30.0,15,0
2024-11-01,ST103,P3343,34.0,15,0
2024-11-01,ST103,P3030,40.0,5,0
2024-11-01,ST103,P3482,25.0,15,0
2024-11-01,ST103,P3403,35.0,15,0
2024-11-01,ST103,P3404,47.0,20,0
2024-11-01,ST103,P3405,38.0,20,0
2024-11-01,ST103,P3121,41.0,5,0
2024-11-01,ST103,P3269,39.0,15,0
2024-11-01,ST103,P3126,32.0,15,0
2024-11-01,ST103,P3398,32.0,10,0
2024-11-01,ST103,P3137,30.0,15,0
2024-11-01,ST103,P3510,39.0,5,0
2024-11-01,ST103,P3395,34.0,15,0
2024-11-01,ST103,P3401,30.0,10,0
2024-11-01,ST103,P3318,43.0,10,0
2024-11-01,ST103,P3349,27.0,15,0
2024-11-01,ST103,P3131,31.0,20,0
2024-11-01,ST103,P3515,42.0,20,0
2024-11-01,ST103,P3358,35.0,5,0
2024-11-01,ST103,P3474,38.0,5,0
2024-11-01,ST103,P3432,21.0,5,0
2024-11-01,ST103,P3488,42.0,10,0
2024-11-01,ST103,P3462,33.0,10,0
2024-11-01,ST103,P3486,33.0,10,0
2024-11-01,ST103,P3470,29.0,10,0
2024-11-01,ST103,P3132,37.0,20,0
2024-11-01,ST103,P3074,37.0,5,0
2024-11-01,ST103,P3136,33.0,15,0
2024-11-01,ST103,P3118,33.0,10,0
2024-11-01,ST103,P3194,24.0,15,0
2024-11-01,ST103,P3161,30.0,5,0
2024-11-01,ST103,P3314,30.0,10,0
2024-11-01,ST103,P3473,37.0,15,0
2024-11-01,ST103,P3156,44.0,5,0
2024-11-01,ST103,P3235,32.0,5,0
2024-11-01,ST103,P3001,30.0,5,0
2024-11-01,ST103,P3337,30.0,5,0
2024-11-01,ST103,P3288,36.0,20,0
2024-11-01,ST103,P3436,30.0,10,0
2024-11-01,ST103,P3352,41.0,15,0
2024-11-01,ST103,P3042,35.0,5,0
2024-11-01,ST103,P3331,41.0,15,0
2024-11-01,ST104,P3271,36.0,15,0
2024-11-01,ST104,P3166,36.0,15,0
2024-11-01,ST104,P3465,31.0,10,0
2024-11-01,ST104,P3161,46.0,5,0
2024-11-01,ST104,P3222,43.0,20,0
2024-11-01,ST104,P3247,46.0,20,0
2024-11-01,ST104,P3363,30.0,5,0
2024-11-01,ST104,P3152,40.0,5,0
2024-11-01,ST104,P3088,36.0,10,0
2024-11-01,ST104,P3059,29.0,10,0
2024-11-01,ST104,P3196,26.0,20,0
2024-11-01,ST104,P3387,27.0,10,0
2024-11-01,ST104,P3402,36.0,20,0
2024-11-01,ST104,P3388,31.0,10,0
2024-11-01,ST104,P3374,22.0,20,0
2024-11-01,ST104,P3112,37.0,5,0
2024-11-01,ST104,P3110,44.0,15,0
2024-11-01,ST104,P3097,43.0,10,0
2024-11-01,ST104,P3121,34.0,10,0
2024-11-01,ST104,P3436,35.0,20,0
2024-11-01,ST104,P3438,24.0,5,0
2024-11-01,ST104,P3220,34.0,10,0
2024-11-01,ST104,P3029,40.0,5,0
2024-11-01,ST104,P3395,18.0,15,0
2024-11-01,ST104,P3170,27.0,15,0
2024-11-01,ST104,P3331,45.0,5,0
2024-11-01,ST104,P3486,48.0,15,0
2024-11-01,ST104,P3037,32.0,10,0
2024-11-01,ST104,P3474,32.0,15,0
2024-11-01,ST104,P3141,39.0,15,0
2024-11-01,ST104,P3367,30.0,10,0
2024-11-01,ST104,P3361,39.0,10,0
2024-11-01,ST104,P3463,32.0,15,0
2024-11-01,ST104,P3475,46.0,5,0
2024-11-01,ST104,P3108,36.0,5,0
2024-11-01,ST104,P3391,37.0,10,0
2024-11-01,ST104,P3321,35.0,20,0
2024-11-01,ST104,P3380,40.0,10,0
2024-11-01,ST104,P3261,38.0,15,0
2024-11-01,ST104,P3514,35.0,20,0
2024-11-01,ST104,P3400,32.0,15,0
2024-11-01,ST104,P3101,36.0,20,0
2024-11-01,ST104,P3239,36.0,5,0
2024-11-01,ST104,P3054,34.0,10,0
2024-11-01,ST104,P3399,30.0,5,0
2024-11-01,ST104,P3497,44.0,10,0
2024-11-01,ST104,P3200,42.0,15,0
2024-11-01,ST104,P3416,43.0,15,0
2024-11-01,ST104,P3262,39.0,15,0
2024-11-01,ST104,P3458,37.0,20,0
2024-11-01,ST104,P3133,46.0,20,0
2024-11-01,ST104,P3504,29.0,15,0
2024-11-01,ST104,P3384,35.0,15,0
2024-11-01,ST104,P3409,27.0,10,0
2024-11-01,ST104,P3114,31.0,20,0
2024-11-01,ST104,P3320,37.0,20,0
2024-11-01,ST104,P3096,30.0,15,0
2024-11-01,ST104,P3181,32.0,10,0
2024-11-01,ST104,P3218,29.0,15,0
2024-11-01,ST104,P3250,37.0,20,0
2024-11-01,ST105,P3298,29.0,5,0
2024-11-01,ST105,P3251,41.0,5,0
2024-11-01,ST105,P3325,32.0,5,0
2024-11-01,ST105,P3032,35.0,20,0
2024-11-01,ST105,P3135,29.0,15,0
2024-11-01,ST105,P3475,35.0,10,0
2024-11-01,ST105,P3502,46.0,15,0
2024-11-01,ST105,P3172,44.0,15,0
2024-11-01,ST105,P3060,22.0,15,0
2024-11-01,ST105,P3491,34.0,5,0
2024-11-01,ST105,P3319,26.0,10,0
2024-11-01,ST105,P3318,,20,0
2024-11-01,ST105,P3230,37.0,10,0
2024-11-01,ST105,P3152,40.0,5,0
2024-11-01,ST105,P3508,40.0,5,0
2024-11-01,ST105,P3330,29.0,10,0
2024-11-01,ST105,P3159,39.0,15,0
2024-11-01,ST105,P3055,29.0,15,0
2024-11-01,ST105,P3488,42.0,20,0
2024-11-01,ST105,P3069,31.0,20,0
2024-11-01,ST105,P3107,32.0,10,0
2024-11-01,ST105,P3067,36.0,15,0
2024-11-01,ST105,P3438,32.0,15,0
2024-11-01,ST105,P3315,40.0,5,0
2024-11-01,ST105,P3201,33.0,20,0
2024-11-01,ST105,P3189,35.0,15,0
2024-11-01,ST105,P3413,29.0,15,0
2024-11-01,ST105,P3281,30.0,15,0
2024-11-01,ST105,P3433,25.0,15,0
2024-11-01,ST105,P3411,30.0,15,0
2024-11-01,ST105,P3273,41.0,10,0
2024-11-01,ST105,P3458,38.0,15,0
2024-11-01,ST105,P3101,37.0,20,0
2024-11-01,ST105,P3358,40.0,5,0
2024-11-01,ST105,P3378,36.0,20,0
2024-11-01,ST105,P3472,30.0,15,0
2024-11-01,ST105,P3459,39.0,5,0
2024-11-01,ST105,P3287,30.0,10,0
2024-11-01,ST105,P3447,30.0,5,0
2024-11-01,ST105,P3300,29.0,10,0
2024-11-01,ST105,P3017,35.0,15,0
2024-11-01,ST105,P3235,32.0,15,0
2024-11-01,ST105,P3434,28.0,5,0
2024-11-01,ST105,P3109,32.0,20,0
2024-11-01,ST105,P3423,34.0,20,0
2024-11-01,ST105,P3514,25.0,15,0
2024-11-01,ST105,P3052,35.0,10,0
2024-11-01,ST105,P3340,31.0,5,0
2024-11-01,ST105,P3047,30.0,5,0
2024-11-01,ST105,P3218,31.0,15,0
2024-11-01,ST105,P3141,28.0,10,0
2024-11-01,ST105,P3414,35.0,10,0
2024-11-01,ST105,P3450,42.0,10,0
2024-11-01,ST105,P3144,36.0,15,0
2024-11-01,ST105,P3310,39.0,10,0
2024-11-01,ST105,P3234,37.0,15,0
2024-11-01,ST105,P3395,32.0,15,0
2024-11-01,ST105,P3012,42.0,5,0
2024-11-01,ST105,P3419,32.0,15,0
2024-11-01,ST105,P3256,37.0,20,0
2024-11-01,ST106,P3007,41.0,15,0
2024-11-01,ST106,P3120,29.0,15,0
2024-11-01,ST106,P3137,43.0,5,0
2024-11-01,ST106,P3116,32.0,5,0
2024-11-01,ST106,P3499,32.0,10,0
2024-11-01,ST106,P3226,32.0,5,0
2024-11-01,ST106,P3244,38.0,15,0
2024-11-01,ST106,P3045,26.0,20,0
2024-11-01,ST106,P3446,30.0,10,0
2024-11-01,ST106,P3501,41.0,20,0
2024-11-01,ST106,P3019,39.0,5,0
2024-11-01,ST106,P3391,24.0,5,0
2024-11-01,ST106,P3309,30.0,20,0
2024-11-01,ST106,P3174,41.0,10,0
2024-11-01,ST106,P3335,36.0,15,0
2024-11-01,ST106,P3041,31.0,20,0
2024-11-01,ST106,P3201,33.0,10,0
2024-11-01,ST106,P3307,38.0,15,0
2024-11-01,ST106,P3011,48.0,10,0
2024-11-01,ST106,P3211,38.0,5,0
2024-11-01,ST106,P3437,28.0,20,0
2024-11-01,ST106,P3465,33.0,15,0
2024-11-01,ST106,P3404,43.0,15,0
2024-11-01,ST106,P3034,28.0,20,0
2024-11-01,ST106,P3477,37.0,15,0
2024-11-01,ST106,P3387,32.0,20,0
2024-11-01,ST106,P3376,32.0,10,0
2024-11-01,ST106,P3294,45.0,20,0
2024-11-01,ST106,P3306,31.0,10,0
2024-11-01,ST106,P3256,43.0,20,0
2024-11-01,ST106,P3259,34.0,20,0
2024-11-01,ST106,P3175,43.0,10,0
2024-11-01,ST106,P3293,38.0,10,0
2024-11-01,ST106,P3298,47.0,5,0
2024-11-01,ST106,P3282,40.0,10,0
2024-11-01,ST106,P3331,37.0,15,0
2024-11-01,ST106,P3389,36.0,5,0
2024-11-01,ST106,P3015,33.0,5,0
2024-11-01,ST106,P3280,39.0,5,0
2024-11-01,ST106,P3424,32.0,20,0
2024-11-01,ST106,P3308,33.0,20,0
2024-11-01,ST106,P3084,31.0,15,0
2024-11-01,ST106,P3146,35.0,15,0
2024-11-01,ST106,P3267,26.0,20,0
2024-11-01,ST106,P3229,31.0,20,0
2024-11-01,ST106,P3236,35.0,15,0
2024-11-01,ST106,P3341,40.0,20,0
2024-11-01,ST106,P3398,34.0,15,0
2024-11-01,ST106,P3484,33.0,15,0
2024-11-01,ST106,P3124,31.0,10,0
2024-11-01,ST106,P3428,27.0,10,0
2024-11-01,ST106,P3125,31.0,20,0
2024-11-01,ST106,P3382,24.0,10,0
2024-11-01,ST106,P3210,24.0,15,0
2024-11-01,ST106,P3300,33.0,20,0
2024-11-01,ST106,P3270,31.0,15,0
2024-11-01,ST106,P3400,45.0,20,0
2024-11-01,ST106,P3181,32.0,10,0
2024-11-01,ST106,P3299,31.0,20,0
2024-11-01,ST106,P3333,33.0,10,0
2024-11-01,ST107,P3368,41.0,15,0
2024-11-01,ST107,P3203,30.0,10,0
2024-11-01,ST107,P3336,34.0,5,0
2024-11-01,ST107,P3304,,20,0
2024-11-01,ST107,P3455,37.0,15,0
2024-11-01,ST107,P3330,37.0,10,0
2024-11-01,ST107,P3135,35.0,5,0
2024-11-01,ST107,P3312,34.0,15,0
2024-11-01,ST107,P3149,43.0,20,0
2024-11-01,ST107,P3429,35.0,15,0
2024-11-01,ST107,P3243,35.0,10,0
2024-11-01,ST107,P3177,35.0,10,0
2024-11-01,ST107,P3145,37.0,5,0
2024-11-01,ST107,P3042,36.0,10,0
2024-11-01,ST107,P3223,40.0,20,0
2024-11-01,ST107,P3511,35.0,20,0
2024-11-01,ST107,P3334,38.0,20,0
2024-11-01,ST107,P3326,33.0,15,0
2024-11-01,ST107,P3204,30.0,20,0
2024-11-01,ST107,P3128,44.0,5,0
2024-11-01,ST107,P3089,45.0,5,0
2024-11-01,ST107,P3245,31.0,15,0
2024-11-01,ST107,P3084,47.0,10,0
2024-11-01,ST107,P3302,40.0,5,0
2024-11-01,ST107,P3068,31.0,5,0
2024-11-01,ST107,P3437,38.0,10,0
2024-11-01,ST107,P3009,31.0,15,0
2024-11-01,ST107,P3183,34.0,15,0
2024-11-01,ST107,P3354,44.0,15,0
2024-11-01,ST107,P3122,37.0,20,0
2024-11-01,ST107,P3067,29.0,20,0
2024-11-01,ST107,P3249,38.0,15,0
2024-11-01,ST107,P3476,34.0,15,0
2024-11-01,ST107,P3313,43.0,5,0
2024-11-01,ST107,P3159,33.0,20,0
2024-11-01,ST107,P3453,32.0,10,0
2024-11-01,ST107,P3228,27.0,10,0
2024-11-01,ST107,P3161,35.0,5,0
2024-11-01,ST107,P3165,35.0,20,0
2024-11-01,ST107,P3475,28.0,10,0
2024-11-01,ST107,P3141,34.0,5,0
2024-11-01,ST107,P3074,33.0,15,0
2024-11-01,ST107,P3515,25.0,5,0
2024-11-01,ST107,P3124,33.0,5,0
2024-11-01,ST107,P3388,27.0,5,0
2024-11-01,ST107,P3202,43.0,5,0
2024-11-01,ST107,P3260,27.0,15,0
2024-11-01,ST107,P3137,51.0,15,0
2024-11-01,ST107,P3343,36.0,10,0
2024-11-01,ST107,P3360,41.0,10,0
2024-11-01,ST107,P3365,34.0,15,0
2024-11-01,ST107,P3064,35.0,5,0
2024-11-01,ST107,P3012,36.0,20,0
2024-11-01,ST107,P3140,31.0,5,0
2024-11-01,ST107,P3301,29.0,10,0
2024-11-01,ST107,P3235,37.0,20,0
2024-11-01,ST107,P3048,35.0,20,0
2024-11-01,ST107,P3508,35.0,5,0
2024-11-01,ST107,P3148,34.0,20,0
2024-11-01,ST107,P3108,34.0,10,0
2024-11-01,ST108,P3445,38.0,10,0
2024-11-01,ST108,P3200,37.0,20,0
2024-11-01,ST108,P3333,29.0,15,0
2024-11-01,ST108,P3502,36.0,15,0
2024-11-01,ST108,P3194,46.0,15,0
2024-11-01,ST108,P3260,36.0,5,0
2024-11-01,ST108,P3040,30.0,15,0
2024-11-01,ST108,P3252,41.0,20,0
2024-11-01,ST108,P3456,35.0,10,0
2024-11-01,ST108,P3156,44.0,20,0
2024-11-01,ST108,P3321,36.0,10,0
2024-11-01,ST108,P3116,31.0,20,0
2024-11-01,ST108,P3375,33.0,15,0
2024-11-01,ST108,P3123,35.0,15,0
2024-11-01,ST108,P3390,39.0,5,0
2024-11-01,ST108,P3230,28.0,5,0
2024-11-01,ST108,P3078,37.0,5,0
2024-11-01,ST108,P3444,35.0,20,0
2024-11-01,ST108,P3005,39.0,10,0
2024-11-01,ST108,P3062,45.0,5,0
2024-11-01,ST108,P3440,38.0,10,0
2024-11-01,ST108,P3190,27.0,15,0
2024-11-01,ST108,P3504,40.0,15,0
2024-11-01,ST108,P3274,37.0,15,0
2024-11-01,ST108,P3416,33.0,15,0
2024-11-01,ST108,P3161,36.0,20,0
2024-11-01,ST108,P3436,35.0,10,0
2024-11-01,ST108,P3287,33.0,5,0
2024-11-01,ST108,P3112,34.0,15,0
2024-11-01,ST108,P3182,27.0,10,0
2024-11-01,ST108,P3043,27.0,10,0
2024-11-01,ST108,P3365,41.0,5,0
2024-11-01,ST108,P3206,41.0,5,0
2024-11-01,ST108,P3142,48.0,5,0
2024-11-01,ST108,P3232,29.0,10,0
2024-11-01,ST108,P3342,38.0,20,0
2024-11-01,ST108,P3151,36.0,5,0
2024-11-01,ST108,P3399,41.0,15,0
2024-11-01,ST108,P3099,39.0,15,0
2024-11-01,ST108,P3025,32.0,20,0
2024-11-01,ST108,P3221,40.0,10,0
2024-11-01,ST108,P3270,28.0,15,0
2024-11-01,ST108,P3144,45.0,5,0
2024-11-01,ST108,P3489,38.0,5,0
2024-11-01,ST108,P3292,33.0,10,0
2024-11-01,ST108,P3254,30.0,10,0
2024-11-01,ST108,P3300,48.0,5,0
2024-11-01,ST108,P3050,43.0,5,0
2024-11-01,ST108,P3060,31.0,20,0
2024-11-01,ST108,P3158,41.0,10,0
2024-11-01,ST108,P3497,28.0,20,0
2024-11-01,ST108,P3101,38.0,5,0
2024-11-01,ST108,P3258,42.0,20,0
2024-11-01,ST108,P3091,25.0,20,0
2024-11-01,ST108,P3290,36.0,20,0
2024-11-01,ST108,P3198,38.0,5,0
2024-11-01,ST108,P3219,34.0,10,0
2024-11-01,ST108,P3315,34.0,20,0
2024-11-01,ST108,P3015,37.0,15,0
2024-11-01,ST108,P3031,33.0,10,0
2024-11-01,ST109,P3318,36.0,20,0
2024-11-01,ST109,P3360,36.0,10,0
2024-11-01,ST109,P3147,40.0,15,0
2024-11-01,ST109,P3068,41.0,20,0
2024-11-01,ST109,P3507,41.0,10,0
2024-11-01,ST109,P3334,34.0,20,0
2024-11-01,ST109,P3235,40.0,20,0
2024-11-01,ST109,P3152,31.0,10,0
2024-11-01,ST109,P3493,23.0,5,0
2024-11-01,ST109,P3263,43.0,20,0
2024-11-01,ST109,P3398,29.0,5,0
2024-11-01,ST109,P3229,46.0,20,0
2024-11-01,ST109,P3214,30.0,15,0
2024-11-01,ST109,P3046,27.0,15,0
2024-11-01,ST109,P3118,40.0,20,0
2024-11-01,ST109,P3189,34.0,20,0
2024-11-01,ST109,P3268,27.0,20,0
2024-11-01,ST109,P3349,30.0,5,0
2024-11-01,ST109,P3429,43.0,5,0
2024-11-01,ST109,P3389,30.0,20,0
2024-11-01,ST109,P3003,35.0,20,0
2024-11-01,ST109,P3359,27.0,15,0
2024-11-01,ST109,P3033,32.0,20,0
2024-11-01,ST109,P3327,35.0,5,0
2024-11-01,ST109,P3275,29.0,5,0
2024-11-01,ST109,P3371,29.0,20,0
2024-11-01,ST109,P3376,34.0,10,0
2024-11-01,ST109,P3155,36.0,5,0
2024-11-01,ST109,P3194,39.0,15,0
2024-11-01,ST109,P3324,39.0,5,0
2024-11-01,ST109,P3290,46.0,10,0
2024-11-01,ST109,P3476,32.0,10,0
2024-11-01,ST109,P3075,36.0,15,0
2024-11-01,ST109,P3150,40.0,10,0
2024-11-01,ST109,P3381,33.0,15,0
2024-11-01,ST109,P3416,23.0,10,0
2024-11-01,ST109,P3463,43.0,10,0
2024-11-01,ST109,P3302,32.0,5,0
2024-11-01,ST109,P3245,39.0,10,0
2024-11-01,ST109,P3099,31.0,5,0
2024-11-01,ST109,P3244,33.0,20,0
2024-11-01,ST109,P3239,32.0,20,0
2024-11-01,ST109,P3058,35.0,5,0
2024-11-01,ST109,P3111,38.0,10,0
2024-11-01,ST109,P3406,46.0,15,0
2024-11-01,ST109,P3153,43.0,20,0
2024-11-01,ST109,P3452,32.0,10,0
2024-11-01,ST109,P3192,44.0,15,0
2024-11-01,ST109,P3051,40.0,10,0
2024-11-01,ST109,P3127,27.0,20,0
2024-11-01,ST109,P3044,35.0,10,0
2024-11-01,ST109,P3482,32.0,10,0
2024-11-01,ST109,P3273,46.0,10,0
2024-11-01,ST109,P3394,34.0,5,0
2024-11-01,ST109,P3138,32.0,10,0
2024-11-01,ST109,P3473,36.0,10,0
2024-11-01,ST109,P3342,43.0,10,0
2024-11-01,ST109,P3055,37.0,10,0
2024-11-01,ST109,P3040,36.0,15,0
2024-11-01,ST109,P3269,31.0,5,0
2024-11-01,ST110,P3323,34.0,15,0
2024-11-01,ST110,P3512,34.0,20,0
2024-11-01,ST110,P3334,27.0,10,0
2024-11-01,ST110,P3460,33.0,10,0
2024-11-01,ST110,P3276,34.0,5,0
2024-11-01,ST110,P3458,42.0,5,0
2024-11-01,ST110,P3270,35.0,10,0
2024-11-01,ST110,P3065,29.0,20,0
2024-11-01,ST110,P3301,37.0,15,0
2024-11-01,ST110,P3393,37.0,5,0
2024-11-01,ST110,P3311,32.0,10,0
2024-11-01,ST110,P3363,27.0,20,0
2024-11-01,ST110,P3142,37.0,20,0
2024-11-01,ST110,P3295,46.0,20,0
2024-11-01,ST110,P3377,30.0,15,0
2024-11-01,ST110,P3436,28.0,15,0
2024-11-01,ST110,P3063,32.0,15,0
2024-11-01,ST110,P3312,35.0,5,0
2024-11-01,ST110,P3327,38.0,5,0
2024-11-01,ST110,P3510,28.0,15,0
2024-11-01,ST110,P3139,36.0,5,0
2024-11-01,ST110,P3337,39.0,15,0
2024-11-01,ST110,P3275,27.0,5,0
2024-11-01,ST110,P3519,33.0,5,0
2024-11-01,ST110,P3399,34.0,10,0
2024-11-01,ST110,P3069,26.0,20,0
2024-11-01,ST110,P3464,30.0,5,0
2024-11-01,ST110,P3088,51.0,10,0
2024-11-01,ST110,P3045,32.0,10,0
2024-11-01,ST110,P3207,28.0,10,0
2024-11-01,ST110,P3212,32.0,15,0
2024-11-01,ST110,P3418,36.0,5,0
2024-11-01,ST110,P3411,29.0,15,0
2024-11-01,ST110,P3297,22.0,5,0
2024-11-01,ST110,P3289,37.0,20,0
2024-11-01,ST110,P3059,40.0,15,0
2024-11-01,ST110,P3285,32.0,15,0
2024-11-01,ST110,P3478,35.0,5,0
2024-11-01,ST110,P3341,43.0,5,0
2024-11-01,ST110,P3073,30.0,10,0
2024-11-01,ST110,P3239,23.0,5,0
2024-11-01,ST110,P3072,35.0,15,0
2024-11-01,ST110,P3041,34.0,20,0
2024-11-01,ST110,P3137,27.0,15,0
2024-11-01,ST110,P3231,23.0,5,0
2024-11-01,ST110,P3457,41.0,10,0
2024-11-01,ST110,P3378,27.0,5,0
2024-11-01,ST110,P3366,43.0,20,0
2024-11-01,ST110,P3507,41.0,15,0
2024-11-01,ST110,P3259,35.0,15,0
2024-11-01,ST110,P3433,39.0,10,0
2024-11-01,ST110,P3018,34.0,20,0
2024-11-01,ST110,P3279,23.0,15,0
2024-11-01,ST110,P3126,31.0,15,0
2024-11-01,ST110,P3062,29.0,20,0
2024-11-01,ST110,P3134,39.0,20,0
2024-11-01,ST110,P3084,37.0,20,0
2024-11-01,ST110,P3299,30.0,15,0
2024-11-01,ST110,P3375,39.0,5,0
2024-11-01,ST110,P3292,41.0,20,0
2024-11-01,ST111,P3247,34.0,15,0
2024-11-01,ST111,P3339,32.0,10,0
2024-11-01,ST111,P3269,46.0,20,0
2024-11-01,ST111,P3139,35.0,10,0
2024-11-01,ST111,P3270,39.0,10,0
2024-11-01,ST111,P3484,32.0,5,0
2024-11-01,ST111,P3018,29.0,15,0
2024-11-01,ST111,P3296,29.0,20,0
2024-11-01,ST111,P3410,22.0,10,0
2024-11-01,ST111,P3004,31.0,20,0
2024-11-01,ST111,P3058,37.0,15,0
2024-11-01,ST111,P3068,38.0,20,0
2024-11-01,ST111,P3191,39.0,5,0
2024-11-01,ST111,P3084,33.0,5,0
2024-11-01,ST111,P3351,36.0,20,0
2024-11-01,ST111,P3379,31.0,20,0
2024-11-01,ST111,P3480,37.0,10,0
2024-11-01,ST111,P3460,33.0,5,0
2024-11-01,ST111,P3249,34.0,10,0
2024-11-01,ST111,P3494,36.0,5,0
2024-11-01,ST111,P3470,28.0,10,0
2024-11-01,ST111,P3509,44.0,10,0
2024-11-01,ST111,P3407,39.0,5,0
2024-11-01,ST111,P3443,34.0,5,0
2024-11-01,ST111,P3055,29.0,5,0
2024-11-01,ST111,P3092,31.0,5,0
2024-11-01,ST111,P3353,34.0,10,0
2024-11-01,ST111,P3178,38.0,20,0
2024-11-01,ST111,P3258,37.0,5,0
2024-11-01,ST111,P3350,38.0,5,0
2024-11-01,ST111,P3214,40.0,15,0
2024-11-01,ST111,P3477,20.0,20,0
2024-11-01,ST111,P3491,40.0,10,0
2024-11-01,ST111,P3362,55.0,5,0
2024-11-01,ST111,P3271,31.0,15,0
2024-11-01,ST111,P3492,30.0,5,0
2024-11-01,ST111,P3080,38.0,15,0
2024-11-01,ST111,P3245,44.0,10,0
2024-11-01,ST111,P3114,25.0,20,0
2024-11-01,ST111,P3051,43.0,5,0
2024-11-01,ST111,P3238,42.0,20,0
2024-11-01,ST111,P3383,33.0,5,0
2024-11-01,ST111,P3011,31.0,15,0
2024-11-01,ST111,P3081,34.0,15,0
2024-11-01,ST111,P3015,33.0,20,0
2024-11-01,ST111,P3248,36.0,15,0
2024-11-01,ST111,P3029,27.0,15,0
2024-11-01,ST111,P3431,42.0,15,0
2024-11-01,ST111,P3165,25.0,10,0
2024-11-01,ST111,P3338,38.0,10,0
2024-11-01,ST111,P3226,39.0,5,0
2024-11-01,ST111,P3319,34.0,10,0
2024-11-01,ST111,P3281,39.0,5,0
2024-11-01,ST111,P3083,33.0,15,0
2024-11-01,ST111,P3366,46.0,5,0
2024-11-01,ST111,P3233,31.0,20,0
2024-11-01,ST111,P3128,33.0,20,0
2024-11-01,ST111,P3352,35.0,10,0
2024-11-01,ST111,P3290,38.0,10,0
2024-11-01,ST111,P3306,32.0,15,0
2024-11-01,ST112,P3180,32.0,15,0
2024-11-01,ST112,P3487,33.0,15,0
2024-11-01,ST112,P3140,33.0,5,0
2024-11-01,ST112,P3074,38.0,20,0
2024-11-01,ST112,P3448,29.0,5,0
2024-11-01,ST112,P3469,33.0,20,0
2024-11-01,ST112,P3497,32.0,20,0
2024-11-01,ST112,P3192,25.0,15,0
2024-11-01,ST112,P3003,37.0,15,0
2024-11-01,ST112,P3178,37.0,10,0
2024-11-01,ST112,P3482,38.0,15,0
2024-11-01,ST112,P3424,29.0,5,0
2024-11-01,ST112,P3276,45.0,5,0
2024-11-01,ST112,P3064,36.0,10,0
2024-11-01,ST112,P3225,25.0,15,0
2024-11-01,ST112,P3420,36.0,20,0
2024-11-01,ST112,P3155,44.0,5,0
2024-11-01,ST112,P3467,41.0,10,0
2024-11-01,ST112,P3209,42.0,15,0
2024-11-01,ST112,P3380,32.0,5,0
2024-11-01,ST112,P3496,31.0,10,0
2024-11-01,ST112,P3443,30.0,15,0
2024-11-01,ST112,P3219,30.0,10,0
2024-11-01,ST112,P3453,39.0,20,0
2024-11-01,ST112,P3445,35.0,15,0
2024-11-01,ST112,P3102,28.0,20,0
2024-11-01,ST112,P3124,36.0,20,0
2024-11-01,ST112,P3488,38.0,5,0
2024-11-01,ST112,P3408,35.0,10,0
2024-11-01,ST112,P3114,32.0,5,0
2024-11-01,ST112,P3280,43.0,20,0
2024-11-01,ST112,P3113,25.0,20,0
2024-11-01,ST112,P3315,42.0,10,0
2024-11-01,ST112,P3063,46.0,20,0
2024-11-01,ST112,P3261,36.0,15,0
2024-11-01,ST112,P3162,41.0,10,0
2024-11-01,ST112,P3252,48.0,5,0
2024-11-01,ST112,P3330,34.0,20,0
2024-11-01,ST112,P3387,32.0,20,0
2024-11-01,ST112,P3150,38.0,15,0
2024-11-01,ST112,P3184,37.0,15,0
2024-11-01,ST112,P3391,34.0,5,0
2024-11-01,ST112,P3187,41.0,20,0
2024-11-01,ST112,P3104,38.0,10,0
2024-11-01,ST112,P3204,40.0,20,0
2024-11-01,ST112,P3181,37.0,15,0
2024-11-01,ST112,P3157,38.0,15,0
2024-11-01,ST112,P3117,39.0,15,0
2024-11-01,ST112,P3154,27.0,20,0
2024-11-01,ST112,P3415,43.0,5,0
2024-11-01,ST112,P3510,36.0,10,0
2024-11-01,ST112,P3474,40.0,20,0
2024-11-01,ST112,P3069,28.0,20,0
2024-11-01,ST112,P3442,34.0,5,0
2024-11-01,ST112,P3439,41.0,5,0
2024-11-01,ST112,P3224,38.0,10,0
2024-11-01,ST112,P3334,34.0,5,0
2024-11-01,ST112,P3120,33.0,10,0
2024-11-01,ST112,P3336,39.0,10,0
2024-11-01,ST112,P3051,36.0,20,0
2024-11-01,ST113,P3086,25.0,10,0
2024-11-01,ST113,P3053,48.0,20,0
2024-11-01,ST113,P3255,33.0,20,0
2024-11-01,ST113,P3349,30.0,10,0
2024-11-01,ST113,P3238,41.0,20,0
2024-11-01,ST113,P3181,33.0,20,0
2024-11-01,ST113,P3128,28.0,5,0
2024-11-01,ST113,P3285,41.0,10,0
2024-11-01,ST113,P3203,23.0,10,0
2024-11-01,ST113,P3464,35.0,20,0
2024-11-01,ST113,P3371,34.0,15,0
2024-11-01,ST113,P3480,34.0,5,0
2024-11-01,ST113,P3509,42.0,20,0
2024-11-01,ST113,P3191,43.0,5,0
2024-11-01,ST113,P3036,27.0,20,0
2024-11-01,ST113,P3430,27.0,15,0
2024-11-01,ST113,P3452,32.0,5,0
2024-11-01,ST113,P3327,38.0,15,0
2024-11-01,ST113,P3054,26.0,15,0
2024-11-01,ST113,P3429,34.0,5,0
2024-11-01,ST113,P3457,39.0,20,0
2024-11-01,ST113,P3326,35.0,5,0
2024-11-01,ST113,P3041,38.0,20,0
2024-11-01,ST113,P3277,32.0,5,0
2024-11-01,ST113,P3115,32.0,20,0
2024-11-01,ST113,P3148,33.0,10,0
2024-11-01,ST113,P3407,37.0,10,0
2024-11-01,ST113,P3500,32.0,15,0
2024-11-01,ST113,P3271,49.0,5,0
2024-11-01,ST113,P3048,43.0,15,0
2024-11-01,ST113,P3514,36.0,10,0
2024-11-01,ST113,P3064,38.0,5,0
2024-11-01,ST113,P3055,30.0,15,0
2024-11-01,ST113,P3084,44.0,20,0
2024-11-01,ST113,P3391,38.0,15,0
2024-11-01,ST113,P3469,33.0,5,0
2024-11-01,ST113,P3229,35.0,15,0
2024-11-01,ST113,P3355,29.0,5,0
2024-11-01,ST113,P3413,27.0,20,0
2024-11-01,ST113,P3369,30.0,15,0
2024-11-01,ST113,P3066,31.0,10,0
2024-11-01,ST113,P3436,28.0,10,0
2024-11-01,ST113,P3282,41.0,15,0
2024-11-01,ST113,P3263,34.0,15,0
2024-11-01,ST113,P3138,25.0,10,0
2024-11-01,ST113,P3352,39.0,5,0
2024-11-01,ST113,P3504,28.0,20,0
2024-11-01,ST113,P3295,35.0,20,0
2024-11-01,ST113,P3006,39.0,15,0
2024-11-01,ST113,P3107,33.0,5,0
2024-11-01,ST113,P3466,37.0,10,0
2024-11-01,ST113,P3126,40.0,5,0
2024-11-01,ST113,P3441,27.0,20,0
2024-11-01,ST113,P3234,45.0,10,0
2024-11-01,ST113,P3266,44.0,15,0
2024-11-01,ST113,P3254,41.0,20,0
2024-11-01,ST113,P3393,44.0,5,0
2024-11-01,ST113,P3008,35.0,20,0
2024-11-01,ST113,P3350,38.0,20,0
2024-11-01,ST113,P3049,29.0,5,0
2024-11-01,ST114,P3127,39.0,20,0
2024-11-01,ST114,P3193,42.0,10,0
2024-11-01,ST114,P3201,33.0,5,0
2024-11-01,ST114,P3454,38.0,15,0
2024-11-01,ST114,P3017,27.0,10,0
2024-11-01,ST114,P3324,38.0,15,0
2024-11-01,ST114,P3455,37.0,15,0
2024-11-01,ST114,P3214,39.0,20,0
2024-11-01,ST114,P3149,35.0,5,0
2024-11-01,ST114,P3280,43.0,20,0
2024-11-01,ST114,P3224,42.0,20,0
2024-11-01,ST114,P3043,29.0,10,0
2024-11-01,ST114,P3490,41.0,5,0
2024-11-01,ST114,P3160,28.0,10,0
2024-11-01,ST114,P3463,36.0,10,0
2024-11-01,ST114,P3171,42.0,10,0
2024-11-01,ST114,P3491,27.0,15,0
2024-11-01,ST114,P3497,38.0,10,0
2024-11-01,ST114,P3341,45.0,15,0
2024-11-01,ST114,P3452,43.0,10,0
2024-11-01,ST114,P3074,45.0,5,0
2024-11-01,ST114,P3343,42.0,10,0
2024-11-01,ST114,P3383,36.0,15,0
2024-11-01,ST114,P3462,39.0,20,0
2024-11-01,ST114,P3334,38.0,10,0
2024-11-01,ST114,P3373,46.0,5,0
2024-11-01,ST114,P3227,29.0,5,0
2024-11-01,ST114,P3440,39.0,5,0
2024-11-01,ST114,P3049,31.0,20,0
2024-11-01,ST114,P3453,36.0,15,0
2024-11-01,ST114,P3320,43.0,5,0
2024-11-01,ST114,P3330,27.0,5,0
2024-11-01,ST114,P3351,26.0,5,0
2024-11-01,ST114,P3421,29.0,15,0
2024-11-01,ST114,P3174,31.0,10,0
2024-11-01,ST114,P3441,32.0,15,0
2024-11-01,ST114,P3115,39.0,5,0
2024-11-01,ST114,P3423,45.0,5,0
2024-11-01,ST114,P3385,34.0,10,0
2024-11-01,ST114,P3479,29.0,5,0
2024-11-01,ST114,P3476,26.0,10,0
2024-11-01,ST114,P3496,39.0,20,0
2024-11-01,ST114,P3257,36.0,20,0
2024-11-01,ST114,P3154,35.0,20,0
2024-11-01,ST114,P3518,36.0,10,0
2024-11-01,ST114,P3305,37.0,10,0
2024-11-01,ST114,P3008,30.0,5,0
2024-11-01,ST114,P3022,38.0,15,0
2024-11-01,ST114,P3061,32.0,20,0
2024-11-01,ST114,P3357,45.0,15,0
2024-11-01,ST114,P3123,32.0,20,0
2024-11-01,ST114,P3451,40.0,5,0
2024-11-01,ST114,P3322,39.0,15,0
2024-11-01,ST114,P3297,34.0,10,0
2024-11-01,ST114,P3133,32.0,20,0
2024-11-01,ST114,P3231,39.0,15,0
2024-11-01,ST114,P3437,38.0,10,0
2024-11-01,ST114,P3132,36.0,10,0
2024-11-01,ST114,P3192,28.0,15,0
2024-11-01,ST114,P3236,31.0,20,0
2024-11-01,ST115,P3440,43.0,15,0
2024-11-01,ST115,P3469,40.0,10,0
2024-11-01,ST115,P3417,40.0,15,0
2024-11-01,ST115,P3116,45.0,10,0
2024-11-01,ST115,P3402,36.0,20,0
2024-11-01,ST115,P3220,36.0,5,0
2024-11-01,ST115,P3118,41.0,5,0
2024-11-01,ST115,P3433,39.0,20,0
2024-11-01,ST115,P3127,39.0,20,0
2024-11-01,ST115,P3489,36.0,10,0
2024-11-01,ST115,P3485,40.0,15,0
2024-11-01,ST115,P3386,35.0,20,0
2024-11-01,ST115,P3384,37.0,15,0
2024-11-01,ST115,P3372,30.0,15,0
2024-11-01,ST115,P3392,28.0,5,0
2024-11-01,ST115,P3318,35.0,20,0
2024-11-01,ST115,P3048,38.0,15,0
2024-11-01,ST115,P3070,28.0,20,0
2024-11-01,ST115,P3163,43.0,10,0
2024-11-01,ST115,P3097,28.0,20,0
2024-11-01,ST115,P3008,25.0,5,0
2024-11-01,ST115,P3249,40.0,5,0
2024-11-01,ST115,P3134,34.0,5,0
2024-11-01,ST115,P3185,41.0,10,0
2024-11-01,ST115,P3352,40.0,5,0
2024-11-01,ST115,P3165,33.0,20,0
2024-11-01,ST115,P3405,26.0,10,0
2024-11-01,ST115,P3381,34.0,15,0
2024-11-01,ST115,P3143,25.0,15,0
2024-11-01,ST115,P3214,45.0,15,0
2024-11-01,ST115,P3499,22.0,20,0
2024-11-01,ST115,P3233,42.0,10,0
2024-11-01,ST115,P3500,38.0,10,0
2024-11-01,ST115,P3453,40.0,5,0
2024-11-01,ST115,P3091,41.0,20,0
2024-11-01,ST115,P3051,38.0,20,0
2024-11-01,ST115,P3200,36.0,10,0
2024-11-01,ST115,P3281,47.0,20,0
2024-11-01,ST115,P3195,31.0,5,0
2024-11-01,ST115,P3006,39.0,10,0
2024-11-01,ST115,P3158,34.0,15,0
2024-11-01,ST115,P3059,30.0,15,0
2024-11-01,ST115,P3458,30.0,10,0
2024-11-01,ST115,P3444,25.0,5,0
2024-11-01,ST115,P3346,44.0,15,0
2024-11-01,ST115,P3040,35.0,20,0
2024-11-01,ST115,P3321,33.0,5,0
2024-11-01,ST115,P3327,34.0,15,0
2024-11-01,ST115,P3316,45.0,15,0
2024-11-01,ST115,P3221,35.0,15,0
2024-11-01,ST115,P3099,33.0,5,0
2024-11-01,ST115,P3337,43.0,10,0
2024-11-01,ST115,P3261,29.0,5,0
2024-11-01,ST115,P3196,22.0,5,0
2024-11-01,ST115,P3309,36.0,20,0
2024-11-01,ST115,P3254,32.0,5,0
2024-11-01,ST115,P3292,25.0,20,0
2024-11-01,ST115,P3349,35.0,10,0
2024-11-01,ST115,P3153,36.0,15,0
2024-11-01,ST115,P3323,42.0,15,0
2024-11-01,ST116,P3310,31.0,20,0
2024-11-01,ST116,P3243,32.0,10,0
2024-11-01,ST116,P3426,43.0,5,0
2024-11-01,ST116,P3406,34.0,15,0
2024-11-01,ST116,P3164,41.0,10,0
2024-11-01,ST116,P3259,36.0,15,0
2024-11-01,ST116,P3302,36.0,5,0
2024-11-01,ST116,P3371,34.0,5,0
2024-11-01,ST116,P3304,34.0,20,0
2024-11-01,ST116,P3094,41.0,20,0
2024-11-01,ST116,P3518,42.0,10,0
2024-11-01,ST116,P3461,37.0,10,0
2024-11-01,ST116,P3439,29.0,5,0
2024-11-01,ST116,P3032,35.0,20,0
2024-11-01,ST116,P3128,,5,0
2024-11-01,ST116,P3464,27.0,15,0
2024-11-01,ST116,P3311,37.0,20,0
2024-11-01,ST116,P3241,37.0,5,0
2024-11-01,ST116,P3330,32.0,10,0
2024-11-01,ST116,P3140,43.0,5,0
2024-11-01,ST116,P3131,38.0,20,0
2024-11-01,ST116,P3122,38.0,20,0
2024-11-01,ST116,P3333,28.0,20,0
2024-11-01,ST116,P3448,44.0,20,0
2024-11-01,ST116,P3457,40.0,5,0
2024-11-01,ST116,P3154,34.0,20,0
2024-11-01,ST116,P3016,31.0,5,0
2024-11-01,ST116,P3026,34.0,15,0
2024-11-01,ST116,P3479,40.0,10,0
2024-11-01,ST116,P3353,31.0,20,0
2024-11-01,ST116,P3158,39.0,20,0
2024-11-01,ST116,P3327,24.0,5,0
2024-11-01,ST116,P3425,41.0,20,0
2024-11-01,ST116,P3337,29.0,5,0
2024-11-01,ST116,P3517,39.0,10,0
2024-11-01,ST116,P3235,49.0,5,0
2024-11-01,ST116,P3010,31.0,10,0
2024-11-01,ST116,P3339,29.0,5,0
2024-11-01,ST116,P3043,46.0,5,0
2024-11-01,ST116,P3413,25.0,5,0
2024-11-01,ST116,P3316,35.0,5,0
2024-11-01,ST116,P3512,41.0,20,0
2024-11-01,ST116,P3027,25.0,20,0
2024-11-01,ST116,P3478,34.0,15,0
2024-11-01,ST116,P3405,26.0,10,0
2024-11-01,ST116,P3192,26.0,10,0
2024-11-01,ST116,P3013,38.0,5,0
2024-11-01,ST116,P3064,34.0,10,0
2024-11-01,ST116,P3119,33.0,20,0
2024-11-01,ST116,P3504,39.0,5,0
2024-11-01,ST116,P3105,29.0,5,0
2024-11-01,ST116,P3459,27.0,20,0
2024-11-01,ST116,P3377,36.0,10,0
2024-11-01,ST116,P3186,34.0,15,0
2024-11-01,ST116,P3103,28.0,20,0
2024-11-01,ST116,P3050,47.0,10,0
2024-11-01,ST116,P3251,31.0,5,0
2024-11-01,ST116,P3003,23.0,15,0
2024-11-01,ST116,P3326,35.0,20,0
2024-11-01,ST116,P3308,39.0,10,0
2024-11-01,ST117,P3209,33.0,15,0
2024-11-01,ST117,P3029,34.0,5,0
2024-11-01,ST117,P3359,26.0,20,0
2024-11-01,ST117,P3171,36.0,15,0
2024-11-01,ST117,P3188,34.0,20,0
2024-11-01,ST117,P3142,30.0,5,0
2024-11-01,ST117,P3310,24.0,10,0
2024-11-01,ST117,P3321,29.0,5,0
2024-11-01,ST117,P3157,28.0,20,0
2024-11-01,ST117,P3156,41.0,10,0
2024-11-01,ST117,P3338,39.0,15,0
2024-11-01,ST117,P3196,33.0,15,0
2024-11-01,ST117,P3018,26.0,5,0
2024-11-01,ST117,P3100,40.0,15,0
2024-11-01,ST117,P3311,41.0,10,0
2024-11-01,ST117,P3332,40.0,5,0
2024-11-01,ST117,P3444,29.0,5,0
2024-11-01,ST117,P3382,34.0,10,0
2024-11-01,ST117,P3506,39.0,10,0
2024-11-01,ST117,P3241,29.0,20,0
2024-11-01,ST117,P3505,34.0,20,0
2024-11-01,ST117,P3123,34.0,20,0
2024-11-01,ST117,P3114,23.0,15,0
2024-11-01,ST117,P3103,,10,0
2024-11-01,ST117,P3303,40.0,5,0
2024-11-01,ST117,P3155,30.0,5,0
2024-11-01,ST117,P3479,28.0,15,0
2024-11-01,ST117,P3101,32.0,15,0
2024-11-01,ST117,P3470,29.0,10,0
2024-11-01,ST117,P3437,37.0,20,0
2024-11-01,ST117,P3325,39.0,10,0
2024-11-01,ST117,P3376,25.0,10,0
2024-11-01,ST117,P3443,37.0,15,0
2024-11-01,ST117,P3450,21.0,15,0
2024-11-01,ST117,P3379,34.0,20,0
2024-11-01,ST117,P3137,31.0,15,0
2024-11-01,ST117,P3043,35.0,20,0
2024-11-01,ST117,P3198,32.0,20,0
2024-11-01,ST117,P3045,42.0,20,0
2024-11-01,ST117,P3007,40.0,15,0
2024-11-01,ST117,P3074,30.0,20,0
2024-11-01,ST117,P3424,38.0,20,0
2024-11-01,ST117,P3410,43.0,10,0
2024-11-01,ST117,P3492,39.0,10,0
2024-11-01,ST117,P3069,41.0,15,0
2024-11-01,ST117,P3341,35.0,20,0
2024-11-01,ST117,P3046,30.0,15,0
2024-11-01,ST117,P3148,35.0,20,0
2024-11-01,ST117,P3120,33.0,15,0
2024-11-01,ST117,P3132,33.0,5,0
2024-11-01,ST117,P3260,23.0,15,0
2024-11-01,ST117,P3038,39.0,15,0
2024-11-01,ST117,P3366,46.0,5,0
2024-11-01,ST117,P3031,31.0,5,0
2024-11-01,ST117,P3021,40.0,20,0
2024-11-01,ST117,P3302,33.0,10,0
2024-11-01,ST117,P3304,52.0,10,0
2024-11-01,ST117,P3480,27.0,15,0
2024-11-01,ST117,P3405,36.0,5,0
2024-11-01,ST117,P3420,43.0,10,0
2024-11-01,ST118,P3158,41.0,20,0
2024-11-01,ST118,P3168,34.0,10,0
2024-11-01,ST118,P3180,44.0,20,0
2024-11-01,ST118,P3254,45.0,15,0
2024-11-01,ST118,P3122,38.0,10,0
2024-11-01,ST118,P3445,33.0,20,0
2024-11-01,ST118,P3161,42.0,20,0
2024-11-01,ST118,P3238,34.0,20,0
2024-11-01,ST118,P3462,32.0,15,0
2024-11-01,ST118,P3038,36.0,10,0
2024-11-01,ST118,P3306,33.0,20,0
2024-11-01,ST118,P3059,36.0,20,0
2024-11-01,ST118,P3240,38.0,20,0
2024-11-01,ST118,P3052,35.0,5,0
2024-11-01,ST118,P3033,34.0,10,0
2024-11-01,ST118,P3500,42.0,5,0
2024-11-01,ST118,P3366,32.0,20,0
2024-11-01,ST118,P3147,28.0,20,0
2024-11-01,ST118,P3091,36.0,20,0
2024-11-01,ST118,P3155,39.0,5,0
2024-11-01,ST118,P3204,29.0,15,0
2024-11-01,ST118,P3290,42.0,10,0
2024-11-01,ST118,P3458,34.0,10,0
2024-11-01,ST118,P3020,38.0,15,0
2024-11-01,ST118,P3396,29.0,20,0
2024-11-01,ST118,P3332,34.0,5,0
2024-11-01,ST118,P3333,38.0,10,0
2024-11-01,ST118,P3179,28.0,15,0
2024-11-01,ST118,P3087,22.0,15,0
2024-11-01,ST118,P3219,29.0,5,0
2024-11-01,ST118,P3036,37.0,5,0
2024-11-01,ST118,P3211,31.0,15,0
2024-11-01,ST118,P3093,39.0,15,0
2024-11-01,ST118,P3118,41.0,20,0
2024-11-01,ST118,P3151,30.0,5,0
2024-11-01,ST118,P3017,28.0,15,0
2024-11-01,ST118,P3150,33.0,15,0
2024-11-01,ST118,P3184,45.0,15,0
2024-11-01,ST118,P3328,31.0,10,0
2024-11-01,ST118,P3463,32.0,20,0
2024-11-01,ST118,P3148,35.0,10,0
2024-11-01,ST118,P3146,26.0,5,0
2024-11-01,ST118,P3285,25.0,10,0
2024-11-01,ST118,P3489,30.0,5,0
2024-11-01,ST118,P3354,30.0,15,0
2024-11-01,ST118,P3342,39.0,10,0
2024-11-01,ST118,P3296,32.0,15,0
2024-11-01,ST118,P3049,49.0,10,0
2024-11-01,ST118,P3085,41.0,15,0
2024-11-01,ST118,P3311,29.0,15,0
2024-11-01,ST118,P3210,42.0,5,0
2024-11-01,ST118,P3013,24.0,20,0
2024-11-01,ST118,P3382,39.0,20,0
2024-11-01,ST118,P3197,23.0,15,0
2024-11-01,ST118,P3011,33.0,10,0
2024-11-01,ST118,P3385,32.0,10,0
2024-11-01,ST118,P3291,22.0,10,0
2024-11-01,ST118,P3295,25.0,15,0
2024-11-01,ST118,P3037,31.0,5,0
2024-11-01,ST118,P3030,41.0,10,0
2024-12-01,ST101,P3312,31.0,5,0
2024-12-01,ST101,P3329,40.0,10,0
2024-12-01,ST101,P3514,,20,0
2024-12-01,ST101,P3266,36.0,20,0
2024-12-01,ST101,P3322,33.0,10,0
2024-12-01,ST101,P3488,27.0,20,0
2024-12-01,ST101,P3369,41.0,15,0
2024-12-01,ST101,P3367,25.0,5,0
2024-12-01,ST101,P3410,40.0,5,0
2024-12-01,ST101,P3007,29.0,20,0
2024-12-01,ST101,P3448,37.0,15,0
2024-12-01,ST101,P3080,35.0,10,0
2024-12-01,ST101,P3309,35.0,15,0
2024-12-01,ST101,P3108,36.0,20,0
2024-12-01,ST101,P3301,38.0,5,0
2024-12-01,ST101,P3507,37.0,5,0
2024-12-01,ST101,P3332,28.0,20,0
2024-12-01,ST101,P3130,52.0,15,0
2024-12-01,ST101,P3157,43.0,20,0
2024-12-01,ST101,P3010,34.0,20,0
2024-12-01,ST101,P3264,41.0,20,0
2024-12-01,ST101,P3252,30.0,10,0
2024-12-01,ST101,P3218,30.0,5,0
2024-12-01,ST101,P3492,36.0,15,0
2024-12-01,ST101,P3346,40.0,20,0
2024-12-01,ST101,P3437,42.0,10,0
2024-12-01,ST101,P3096,30.0,10,0
2024-12-01,ST101,P3200,38.0,15,0
2024-12-01,ST101,P3004,29.0,15,0
2024-12-01,ST101,P3458,31.0,15,0
2024-12-01,ST101,P3358,37.0,10,0
2024-12-01,ST101,P3472,29.0,5,0
2024-12-01,ST101,P3363,41.0,15,0
2024-12-01,ST101,P3360,38.0,10,0
2024-12-01,ST101,P3132,28.0,20,0
2024-12-01,ST101,P3404,38.0,15,0
2024-12-01,ST101,P3233,38.0,10,0
2024-12-01,ST101,P3051,28.0,15,0
2024-12-01,ST101,P3457,27.0,10,0
2024-12-01,ST101,P3349,42.0,5,0
2024-12-01,ST101,P3494,25.0,10,0
2024-12-01,ST101,P3456,26.0,5,0
2024-12-01,ST101,P3303,25.0,5,0
2024-12-01,ST101,P3424,43.0,20,0
2024-12-01,ST101,P3189,39.0,5,0
2024-12-01,ST101,P3009,30.0,5,0
2024-12-01,ST101,P3308,34.0,15,0
2024-12-01,ST101,P3167,34.0,10,0
2024-12-01,ST101,P3160,34.0,15,0
2024-12-01,ST101,P3192,35.0,15,0
2024-12-01,ST101,P3104,34.0,15,0
2024-12-01,ST101,P3182,40.0,10,0
2024-12-01,ST101,P3032,47.0,20,0
2024-12-01,ST101,P3493,37.0,15,0
2024-12-01,ST101,P3128,41.0,20,0
2024-12-01,ST101,P3015,37.0,20,0
2024-12-01,ST101,P3177,23.0,10,0
2024-12-01,ST101,P3005,40.0,15,0
2024-12-01,ST101,P3361,37.0,20,0
2024-12-01,ST101,P3097,31.0,5,0
2024-12-01,ST102,P3079,33.0,5,0
2024-12-01,ST102,P3454,21.0,15,0
2024-12-01,ST102,P3271,40.0,10,0
2024-12-01,ST102,P3264,31.0,10,0
2024-12-01,ST102,P3065,28.0,20,0
2024-12-01,ST102,P3351,38.0,15,0
2024-12-01,ST102,P3520,30.0,10,0
2024-12-01,ST102,P3284,26.0,10,0
2024-12-01,ST102,P3234,36.0,10,0
2024-12-01,ST102,P3502,28.0,5,0
2024-12-01,ST102,P3390,27.0,20,0
2024-12-01,ST102,P3174,34.0,10,0
2024-12-01,ST102,P3392,36.0,10,0
2024-12-01,ST102,P3227,25.0,15,0
2024-12-01,ST102,P3017,38.0,5,0
2024-12-01,ST102,P3283,41.0,20,0
2024-12-01,ST102,P3031,32.0,10,0
2024-12-01,ST102,P3496,34.0,15,0
2024-12-01,ST102,P3257,32.0,20,0
2024-12-01,ST102,P3023,35.0,10,0
2024-12-01,ST102,P3491,38.0,15,0
2024-12-01,ST102,P3111,33.0,5,0
2024-12-01,ST102,P3473,35.0,20,0
2024-12-01,ST102,P3357,33.0,15,0
2024-12-01,ST102,P3120,36.0,10,0
2024-12-01,ST102,P3273,32.0,5,0
2024-12-01,ST102,P3054,36.0,15,0
2024-12-01,ST102,P3313,34.0,5,0
2024-12-01,ST102,P3341,28.0,20,0
2024-12-01,ST102,P3141,42.0,20,0
2024-12-01,ST102,P3015,27.0,5,0
2024-12-01,ST102,P3278,43.0,10,0
2024-12-01,ST102,P3319,33.0,15,0
2024-12-01,ST102,P3080,26.0,5,0
2024-12-01,ST102,P3418,43.0,10,0
2024-12-01,ST102,P3239,34.0,5,0
2024-12-01,ST102,P3328,33.0,20,0
2024-12-01,ST102,P3138,45.0,20,0
2024-12-01,ST102,P3199,34.0,20,0
2024-12-01,ST102,P3198,38.0,20,0
2024-12-01,ST102,P3372,28.0,15,0
2024-12-01,ST102,P3116,41.0,15,0
2024-12-01,ST102,P3339,46.0,5,0
2024-12-01,ST102,P3176,37.0,5,0
2024-12-01,ST102,P3295,33.0,10,0
2024-12-01,ST102,P3206,44.0,5,0
2024-12-01,ST102,P3207,40.0,20,0
2024-12-01,ST102,P3081,28.0,5,0
2024-12-01,ST102,P3051,34.0,15,0
2024-12-01,ST102,P3368,32.0,5,0
2024-12-01,ST102,P3325,43.0,20,0
2024-12-01,ST102,P3085,42.0,15,0
2024-12-01,ST102,P3200,34.0,10,0
2024-12-01,ST102,P3492,34.0,15,0
2024-12-01,ST102,P3402,37.0,20,0
2024-12-01,ST102,P3226,34.0,10,0
2024-12-01,ST102,P3277,32.0,5,0
2024-12-01,ST102,P3067,29.0,20,0
2024-12-01,ST102,P3474,41.0,20,0
2024-12-01,ST102,P3249,40.0,20,0
2024-12-01,ST103,P3343,35.0,20,0
2024-12-01,ST103,P3096,36.0,15,0
2024-12-01,ST103,P3045,27.0,5,0
2024-12-01,ST103,P3260,31.0,20,0
2024-12-01,ST103,P3504,35.0,15,0
2024-12-01,ST103,P3251,36.0,10,0
2024-12-01,ST103,P3503,45.0,5,0
2024-12-01,ST103,P3294,31.0,10,0
2024-12-01,ST103,P3086,37.0,10,0
2024-12-01,ST103,P3017,34.0,10,0
2024-12-01,ST103,P3215,40.0,15,0
2024-12-01,ST103,P3476,39.0,10,0
2024-12-01,ST103,P3429,43.0,5,0
2024-12-01,ST103,P3027,37.0,5,0
2024-12-01,ST103,P3198,29.0,15,0
2024-12-01,ST103,P3034,34.0,20,0
2024-12-01,ST103,P3191,35.0,5,0
2024-12-01,ST103,P3390,33.0,20,0
2024-12-01,ST103,P3100,32.0,15,0
2024-12-01,ST103,P3254,38.0,15,0
2024-12-01,ST103,P3042,26.0,20,0
2024-12-01,ST103,P3385,42.0,20,0
2024-12-01,ST103,P3211,34.0,5,0
2024-12-01,ST103,P3441,35.0,20,0
2024-12-01,ST103,P3161,32.0,5,0
2024-12-01,ST103,P3084,41.0,10,0
2024-12-01,ST103,P3488,41.0,20,0
2024-12-01,ST103,P3398,37.0,5,0
2024-12-01,ST103,P3292,42.0,10,0
2024-12-01,ST103,P3433,41.0,15,0
2024-12-01,ST103,P3134,42.0,5,0
2024-12-01,ST103,P3382,32.0,5,0
2024-12-01,ST103,P3482,31.0,5,0
2024-12-01,ST103,P3009,36.0,5,0
2024-12-01,ST103,P3312,29.0,10,0
2024-12-01,ST103,P3450,40.0,10,0
2024-12-01,ST103,P3461,35.0,5,0
2024-12-01,ST103,P3288,42.0,10,0
2024-12-01,ST103,P3415,34.0,5,0
2024-12-01,ST103,P3389,31.0,15,0
2024-12-01,ST103,P3222,44.0,20,0
2024-12-01,ST103,P3105,32.0,10,0
2024-12-01,ST103,P3110,31.0,15,0
2024-12-01,ST103,P3388,40.0,10,0
2024-12-01,ST103,P3139,32.0,20,0
2024-12-01,ST103,P3380,38.0,5,0
2024-12-01,ST103,P3184,38.0,20,0
2024-12-01,ST103,P3341,42.0,15,0
2024-12-01,ST103,P3098,49.0,20,0
2024-12-01,ST103,P3140,31.0,20,0
2024-12-01,ST103,P3454,29.0,5,0
2024-12-01,ST103,P3152,29.0,15,0
2024-12-01,ST103,P3044,32.0,15,0
2024-12-01,ST103,P3005,39.0,5,0
2024-12-01,ST103,P3162,27.0,5,0
2024-12-01,ST103,P3325,24.0,15,0
2024-12-01,ST103,P3302,36.0,15,0
2024-12-01,ST103,P3148,34.0,10,0
2024-12-01,ST103,P3345,35.0,20,0
2024-12-01,ST103,P3186,45.0,5,0
2024-12-01,ST104,P3131,27.0,5,0
2024-12-01,ST104,P3477,33.0,10,0
2024-12-01,ST104,P3137,43.0,15,0
2024-12-01,ST104,P3181,30.0,5,0
2024-12-01,ST104,P3411,46.0,20,0
2024-12-01,ST104,P3511,30.0,20,0
2024-12-01,ST104,P3476,39.0,20,0
2024-12-01,ST104,P3092,31.0,20,0
2024-12-01,ST104,P3008,30.0,10,0
2024-12-01,ST104,P3361,47.0,10,0
2024-12-01,ST104,P3172,22.0,15,0
2024-12-01,ST104,P3512,37.0,5,0
2024-12-01,ST104,P3409,35.0,20,0
2024-12-01,ST104,P3210,25.0,15,0
2024-12-01,ST104,P3046,27.0,10,0
2024-12-01,ST104,P3320,41.0,5,0
2024-12-01,ST104,P3144,34.0,10,0
2024-12-01,ST104,P3029,35.0,10,0
2024-12-01,ST104,P3399,32.0,15,0
2024-12-01,ST104,P3041,29.0,20,0
2024-12-01,ST104,P3062,37.0,15,0
2024-12-01,ST104,P3232,32.0,5,0
2024-12-01,ST104,P3085,35.0,20,0
2024-12-01,ST104,P3003,33.0,5,0
2024-12-01,ST104,P3204,36.0,10,0
2024-12-01,ST104,P3043,41.0,20,0
2024-12-01,ST104,P3223,25.0,5,0
2024-12-01,ST104,P3347,37.0,15,0
2024-12-01,ST104,P3401,32.0,5,0
2024-12-01,ST104,P3504,37.0,20,0
2024-12-01,ST104,P3102,36.0,10,0
2024-12-01,ST104,P3183,30.0,20,0
2024-12-01,ST104,P3197,28.0,10,0
2024-12-01,ST104,P3331,39.0,20,0
2024-12-01,ST104,P3307,36.0,20,0
2024-12-01,ST104,P3247,37.0,15,0
2024-12-01,ST104,P3133,33.0,10,0
2024-12-01,ST104,P3375,31.0,20,0
2024-12-01,ST104,P3074,30.0,15,0
2024-12-01,ST104,P3514,33.0,15,0
2024-12-01,ST104,P3216,44.0,20,0
2024-12-01,ST104,P3515,38.0,10,0
2024-12-01,ST104,P3177,27.0,20,0
2024-12-01,ST104,P3432,31.0,20,0
2024-12-01,ST104,P3154,,5,0
2024-12-01,ST104,P3479,34.0,20,0
2024-12-01,ST104,P3435,24.0,20,0
2024-12-01,ST104,P3019,37.0,10,0
2024-12-01,ST104,P3379,32.0,20,0
2024-12-01,ST104,P3405,31.0,20,0
2024-12-01,ST104,P3035,28.0,10,0
2024-12-01,ST104,P3259,39.0,5,0
2024-12-01,ST104,P3053,34.0,5,0
2024-12-01,ST104,P3179,34.0,5,0
2024-12-01,ST104,P3115,33.0,15,0
2024-12-01,ST104,P3498,34.0,15,0
2024-12-01,ST104,P3184,52.0,20,0
2024-12-01,ST104,P3439,37.0,15,0
2024-12-01,ST104,P3217,30.0,5,0
2024-12-01,ST104,P3099,29.0,15,0
2024-12-01,ST105,P3413,41.0,10,0
2024-12-01,ST105,P3375,43.0,10,0
2024-12-01,ST105,P3503,33.0,5,0
2024-12-01,ST105,P3385,38.0,5,0
2024-12-01,ST105,P3371,23.0,15,0
2024-12-01,ST105,P3052,38.0,15,0
2024-12-01,ST105,P3190,25.0,15,0
2024-12-01,ST105,P3035,28.0,15,0
2024-12-01,ST105,P3268,30.0,5,0
2024-12-01,ST105,P3298,31.0,10,0
2024-12-01,ST105,P3485,42.0,5,0
2024-12-01,ST105,P3319,30.0,5,0
2024-12-01,ST105,P3472,31.0,10,0
2024-12-01,ST105,P3109,35.0,15,0
2024-12-01,ST105,P3200,32.0,5,0
2024-12-01,ST105,P3395,30.0,5,0
2024-12-01,ST105,P3466,32.0,15,0
2024-12-01,ST105,P3166,35.0,10,0
2024-12-01,ST105,P3227,40.0,5,0
2024-12-01,ST105,P3026,45.0,10,0
2024-12-01,ST105,P3009,29.0,5,0
2024-12-01,ST105,P3049,42.0,20,0
2024-12-01,ST105,P3146,34.0,5,0
2024-12-01,ST105,P3045,38.0,5,0
2024-12-01,ST105,P3023,29.0,5,0
2024-12-01,ST105,P3398,37.0,20,0
2024-12-01,ST105,P3065,26.0,15,0
2024-12-01,ST105,P3191,33.0,5,0
2024-12-01,ST105,P3463,37.0,15,0
2024-12-01,ST105,P3324,30.0,5,0
2024-12-01,ST105,P3353,,5,0
2024-12-01,ST105,P3276,33.0,15,0
2024-12-01,ST105,P3104,39.0,10,0
2024-12-01,ST105,P3204,34.0,5,0
2024-12-01,ST105,P3376,41.0,10,0
2024-12-01,ST105,P3272,43.0,20,0
2024-12-01,ST105,P3139,42.0,15,0
2024-12-01,ST105,P3155,38.0,20,0
2024-12-01,ST105,P3165,30.0,15,0
2024-12-01,ST105,P3112,35.0,15,0
2024-12-01,ST105,P3054,36.0,20,0
2024-12-01,ST105,P3363,45.0,20,0
2024-12-01,ST105,P3517,32.0,15,0
2024-12-01,ST105,P3368,39.0,10,0
2024-12-01,ST105,P3405,30.0,10,0
2024-12-01,ST105,P3176,33.0,20,0
2024-12-01,ST105,P3025,23.0,5,0
2024-12-01,ST105,P3136,35.0,20,0
2024-12-01,ST105,P3408,33.0,10,0
2024-12-01,ST105,P3504,37.0,20,0
2024-12-01,ST105,P3311,38.0,5,0
2024-12-01,ST105,P3154,29.0,10,0
2024-12-01,ST105,P3250,26.0,20,0
2024-12-01,ST105,P3459,36.0,5,0
2024-12-01,ST105,P3169,33.0,10,0
2024-12-01,ST105,P3293,36.0,15,0
2024-12-01,ST105,P3282,36.0,15,0
2024-12-01,ST105,P3328,30.0,5,0
2024-12-01,ST105,P3179,30.0,10,0
2024-12-01,ST105,P3239,36.0,15,0
2024-12-01,ST106,P3166,26.0,5,0
2024-12-01,ST106,P3012,43.0,5,0
2024-12-01,ST106,P3317,30.0,20,0
2024-12-01,ST106,P3392,31.0,5,0
2024-12-01,ST106,P3253,36.0,5,0
2024-12-01,ST106,P3248,41.0,5,0
2024-12-01,ST106,P3289,28.0,20,0
2024-12-01,ST106,P3302,36.0,5,0
2024-12-01,ST106,P3207,25.0,20,0
2024-12-01,ST106,P3132,38.0,5,0
2024-12-01,ST106,P3182,31.0,20,0
2024-12-01,ST106,P3518,35.0,5,0
2024-12-01,ST106,P3465,27.0,5,0
2024-12-01,ST106,P3245,37.0,5,0
2024-12-01,ST106,P3492,30.0,15,0
2024-12-01,ST106,P3119,36.0,10,0
2024-12-01,ST106,P3098,28.0,5,0
2024-12-01,ST106,P3482,37.0,20,0
2024-12-01,ST106,P3309,42.0,20,0
2024-12-01,ST106,P3191,33.0,15,0
2024-12-01,ST106,P3141,43.0,10,0
2024-12-01,ST106,P3116,39.0,15,0
2024-12-01,ST106,P3197,37.0,10,0
2024-12-01,ST106,P3065,44.0,5,0
2024-12-01,ST106,P3198,28.0,5,0
2024-12-01,ST106,P3227,35.0,20,0
2024-12-01,ST106,P3380,29.0,10,0
2024-12-01,ST106,P3445,39.0,15,0
2024-12-01,ST106,P3043,36.0,15,0
2024-12-01,ST106,P3131,38.0,15,0
2024-12-01,ST106,P3005,40.0,5,0
2024-12-01,ST106,P3215,29.0,15,0
2024-12-01,ST106,P3015,42.0,10,0
2024-12-01,ST106,P3220,35.0,20,0
2024-12-01,ST106,P3335,27.0,5,0
2024-12-01,ST106,P3073,39.0,15,0
2024-12-01,ST106,P3318,30.0,10,0
2024-12-01,ST106,P3048,36.0,10,0
2024-12-01,ST106,P3339,38.0,15,0
2024-12-01,ST106,P3226,37.0,20,0
2024-12-01,ST106,P3158,26.0,10,0
2024-12-01,ST106,P3323,31.0,5,0
2024-12-01,ST106,P3421,31.0,20,0
2024-12-01,ST106,P3139,33.0,5,0
2024-12-01,ST106,P3368,34.0,5,0
2024-12-01,ST106,P3271,37.0,10,0
2024-12-01,ST106,P3429,33.0,5,0
2024-12-01,ST106,P3024,24.0,20,0
2024-12-01,ST106,P3341,23.0,15,0
2024-12-01,ST106,P3195,35.0,5,0
2024-12-01,ST106,P3230,25.0,15,0
2024-12-01,ST106,P3442,38.0,15,0
2024-12-01,ST106,P3451,32.0,15,0
2024-12-01,ST106,P3381,24.0,5,0
2024-12-01,ST106,P3234,34.0,10,0
2024-12-01,ST106,P3349,30.0,15,0
2024-12-01,ST106,P3063,42.0,20,0
2024-12-01,ST106,P3508,43.0,10,0
2024-12-01,ST106,P3010,41.0,5,0
2024-12-01,ST106,P3247,34.0,10,0
2024-12-01,ST107,P3368,25.0,5,0
2024-12-01,ST107,P3439,39.0,20,0
2024-12-01,ST107,P3401,35.0,5,0
2024-12-01,ST107,P3238,58.0,20,0
2024-12-01,ST107,P3099,37.0,10,0
2024-12-01,ST107,P3165,50.0,20,0
2024-12-01,ST107,P3098,40.0,10,0
2024-12-01,ST107,P3058,39.0,5,0
2024-12-01,ST107,P3161,40.0,10,0
2024-12-01,ST107,P3266,38.0,5,0
2024-12-01,ST107,P3380,47.0,20,0
2024-12-01,ST107,P3177,35.0,10,0
2024-12-01,ST107,P3143,30.0,5,0
2024-12-01,ST107,P3318,35.0,10,0
2024-12-01,ST107,P3503,45.0,5,0
2024-12-01,ST107,P3144,33.0,10,0
2024-12-01,ST107,P3223,43.0,5,0
2024-12-01,ST107,P3431,34.0,15,0
2024-12-01,ST107,P3473,22.0,20,0
2024-12-01,ST107,P3237,27.0,15,0
2024-12-01,ST107,P3231,33.0,20,0
2024-12-01,ST107,P3055,35.0,10,0
2024-12-01,ST107,P3233,33.0,15,0
2024-12-01,ST107,P3450,29.0,15,0
2024-12-01,ST107,P3243,32.0,5,0
2024-12-01,ST107,P3284,32.0,20,0
2024-12-01,ST107,P3326,33.0,20,0
2024-12-01,ST107,P3305,35.0,5,0
2024-12-01,ST107,P3232,36.0,10,0
2024-12-01,ST107,P3007,34.0,20,0
2024-12-01,ST107,P3292,48.0,15,0
2024-12-01,ST107,P3365,21.0,10,0
2024-12-01,ST107,P3303,24.0,15,0
2024-12-01,ST107,P3110,25.0,10,0
2024-12-01,ST107,P3104,34.0,20,0
2024-12-01,ST107,P3225,27.0,15,0
2024-12-01,ST107,P3211,29.0,10,0
2024-12-01,ST107,P3519,26.0,20,0
2024-12-01,ST107,P3375,37.0,10,0
2024-12-01,ST107,P3119,32.0,10,0
2024-12-01,ST107,P3483,33.0,15,0
2024-12-01,ST107,P3160,44.0,20,0
2024-12-01,ST107,P3195,31.0,20,0
2024-12-01,ST107,P3166,32.0,15,0
2024-12-01,ST107,P3363,37.0,10,0
2024-12-01,ST107,P3026,40.0,5,0
2024-12-01,ST107,P3444,46.0,5,0
2024-12-01,ST107,P3084,40.0,5,0
2024-12-01,ST107,P3399,36.0,20,0
2024-12-01,ST107,P3343,35.0,20,0
2024-12-01,ST107,P3114,33.0,5,0
2024-12-01,ST107,P3077,42.0,15,0
2024-12-01,ST107,P3518,33.0,5,0
2024-12-01,ST107,P3073,29.0,15,0
2024-12-01,ST107,P3123,26.0,15,0
2024-12-01,ST107,P3356,40.0,10,0
2024-12-01,ST107,P3004,26.0,20,0
2024-12-01,ST107,P3490,33.0,10,0
2024-12-01,ST107,P3249,41.0,20,0
2024-12-01,ST107,P3027,47.0,10,0
2024-12-01,ST108,P3391,36.0,20,0
2024-12-01,ST108,P3083,38.0,15,0
2024-12-01,ST108,P3060,30.0,10,0
2024-12-01,ST108,P3372,32.0,10,0
2024-12-01,ST108,P3183,48.0,5,0
2024-12-01,ST108,P3348,40.0,15,0
2024-12-01,ST108,P3313,48.0,20,0
2024-12-01,ST108,P3390,39.0,20,0
2024-12-01,ST108,P3169,35.0,10,0
2024-12-01,ST108,P3248,34.0,10,0
2024-12-01,ST108,P3177,36.0,10,0
2024-12-01,ST108,P3003,33.0,10,0
2024-12-01,ST108,P3375,26.0,10,0
2024-12-01,ST108,P3512,29.0,15,0
2024-12-01,ST108,P3381,41.0,15,0
2024-12-01,ST108,P3324,42.0,10,0
2024-12-01,ST108,P3318,27.0,5,0
2024-12-01,ST108,P3276,34.0,15,0
2024-12-01,ST108,P3427,30.0,10,0
2024-12-01,ST108,P3055,35.0,5,0
2024-12-01,ST108,P3511,32.0,15,0
2024-12-01,ST108,P3322,40.0,20,0
2024-12-01,ST108,P3216,39.0,10,0
2024-12-01,ST108,P3150,39.0,15,0
2024-12-01,ST108,P3041,32.0,10,0
2024-12-01,ST108,P3217,29.0,20,0
2024-12-01,ST108,P3426,43.0,15,0
2024-12-01,ST108,P3420,34.0,20,0
2024-12-01,ST108,P3088,35.0,15,0
2024-12-01,ST108,P3342,41.0,10,0
2024-12-01,ST108,P3237,38.0,20,0
2024-12-01,ST108,P3395,32.0,5,0
2024-12-01,ST108,P3459,40.0,15,0
2024-12-01,ST108,P3204,31.0,10,0
2024-12-01,ST108,P3376,27.0,5,0
2024-12-01,ST108,P3110,47.0,20,0
2024-12-01,ST108,P3100,37.0,15,0
2024-12-01,ST108,P3328,34.0,20,0
2024-12-01,ST108,P3175,38.0,10,0
2024-12-01,ST108,P3199,30.0,5,0
2024-12-01,ST108,P3514,29.0,20,0
2024-12-01,ST108,P3136,32.0,10,0
2024-12-01,ST108,P3228,27.0,15,0
2024-12-01,ST108,P3451,40.0,20,0
2024-12-01,ST108,P3404,31.0,10,0
2024-12-01,ST108,P3090,28.0,15,0
2024-12-01,ST108,P3401,26.0,15,0
2024-12-01,ST108,P3072,29.0,20,0
2024-12-01,ST108,P3243,36.0,5,0
2024-12-01,ST108,P3210,27.0,15,0
2024-12-01,ST108,P3252,39.0,20,0
2024-12-01,ST108,P3258,31.0,20,0
2024-12-01,ST108,P3321,36.0,5,0
2024-12-01,ST108,P3460,27.0,5,0
2024-12-01,ST108,P3362,44.0,20,0
2024-12-01,ST108,P3429,35.0,10,0
2024-12-01,ST108,P3267,29.0,10,0
2024-12-01,ST108,P3485,45.0,10,0
2024-12-01,ST108,P3002,31.0,20,0
2024-12-01,ST108,P3510,27.0,15,0
2024-12-01,ST109,P3265,28.0,15,0
2024-12-01,ST109,P3155,46.0,20,0
2024-12-01,ST109,P3360,46.0,10,0
2024-12-01,ST109,P3327,38.0,5,0
2024-12-01,ST109,P3101,26.0,10,0
2024-12-01,ST109,P3233,47.0,5,0
2024-12-01,ST109,P3146,44.0,20,0
2024-12-01,ST109,P3028,37.0,10,0
2024-12-01,ST109,P3241,40.0,20,0
2024-12-01,ST109,P3283,28.0,15,0
2024-12-01,ST109,P3166,37.0,5,0
2024-12-01,ST109,P3270,33.0,10,0
2024-12-01,ST109,P3287,46.0,5,0
2024-12-01,ST109,P3194,33.0,5,0
2024-12-01,ST109,P3393,42.0,5,0
2024-12-01,ST109,P3487,38.0,10,0
2024-12-01,ST109,P3365,39.0,10,0
2024-12-01,ST109,P3366,41.0,20,0
2024-12-01,ST109,P3112,39.0,5,0
2024-12-01,ST109,P3294,41.0,5,0
2024-12-01,ST109,P3491,36.0,20,0
2024-12-01,ST109,P3056,25.0,10,0
2024-12-01,ST109,P3076,33.0,5,0
2024-12-01,ST109,P3240,32.0,20,0
2024-12-01,ST109,P3498,32.0,15,0
2024-12-01,ST109,P3057,30.0,20,0
2024-12-01,ST109,P3156,30.0,5,0
2024-12-01,ST109,P3371,47.0,15,0
2024-12-01,ST109,P3478,37.0,15,0
2024-12-01,ST109,P3301,32.0,10,0
2024-12-01,ST109,P3236,37.0,20,0
2024-12-01,ST109,P3097,37.0,20,0
2024-12-01,ST109,P3455,36.0,10,0
2024-12-01,ST109,P3405,46.0,20,0
2024-12-01,ST109,P3416,37.0,20,0
2024-12-01,ST109,P3009,40.0,10,0
2024-12-01,ST109,P3436,36.0,15,0
2024-12-01,ST109,P3248,29.0,20,0
2024-12-01,ST109,P3175,44.0,15,0
2024-12-01,ST109,P3361,36.0,20,0
2024-12-01,ST109,P3190,41.0,10,0
2024-12-01,ST109,P3177,36.0,5,0
2024-12-01,ST109,P3179,40.0,5,0
2024-12-01,ST109,P3014,35.0,15,0
2024-12-01,ST109,P3087,28.0,5,0
2024-12-01,ST109,P3430,37.0,20,0
2024-12-01,ST109,P3412,31.0,15,0
2024-12-01,ST109,P3191,33.0,15,0
2024-12-01,ST109,P3169,42.0,20,0
2024-12-01,ST109,P3138,21.0,20,0
2024-12-01,ST109,P3197,41.0,5,0
2024-12-01,ST109,P3055,34.0,10,0
2024-12-01,ST109,P3232,44.0,15,0
2024-12-01,ST109,P3176,36.0,20,0
2024-12-01,ST109,P3468,36.0,20,0
2024-12-01,ST109,P3338,36.0,10,0
2024-12-01,ST109,P3091,37.0,20,0
2024-12-01,ST109,P3452,34.0,10,0
2024-12-01,ST109,P3342,37.0,10,0
2024-12-01,ST109,P3407,39.0,20,0
2024-12-01,ST110,P3428,33.0,20,0
2024-12-01,ST110,P3464,35.0,20,0
2024-12-01,ST110,P3108,45.0,20,0
2024-12-01,ST110,P3034,29.0,15,0
2024-12-01,ST110,P3136,33.0,10,0
2024-12-01,ST110,P3280,28.0,5,0
2024-12-01,ST110,P3119,31.0,20,0
2024-12-01,ST110,P3406,35.0,10,0
2024-12-01,ST110,P3239,32.0,20,0
2024-12-01,ST110,P3360,28.0,5,0
2024-12-01,ST110,P3217,38.0,5,0
2024-12-01,ST110,P3284,27.0,15,0
2024-12-01,ST110,P3383,23.0,15,0
2024-12-01,ST110,P3378,27.0,5,0
2024-12-01,ST110,P3342,23.0,15,0
2024-12-01,ST110,P3084,25.0,15,0
2024-12-01,ST110,P3387,29.0,5,0
2024-12-01,ST110,P3015,30.0,10,0
2024-12-01,ST110,P3095,39.0,10,0
2024-12-01,ST110,P3219,31.0,5,0
2024-12-01,ST110,P3169,20.0,15,0
2024-12-01,ST110,P3253,25.0,5,0
2024-12-01,ST110,P3448,32.0,10,0
2024-12-01,ST110,P3189,39.0,15,0
2024-12-01,ST110,P3519,36.0,20,0
2024-12-01,ST110,P3151,32.0,5,0
2024-12-01,ST110,P3359,37.0,10,0
2024-12-01,ST110,P3508,26.0,20,0
2024-12-01,ST110,P3290,35.0,15,0
2024-12-01,ST110,P3518,36.0,5,0
2024-12-01,ST110,P3348,43.0,20,0
2024-12-01,ST110,P3314,29.0,5,0
2024-12-01,ST110,P3316,26.0,15,0
2024-12-01,ST110,P3240,31.0,5,0
2024-12-01,ST110,P3352,34.0,10,0
2024-12-01,ST110,P3312,39.0,15,0
2024-12-01,ST110,P3074,31.0,5,0
2024-12-01,ST110,P3190,30.0,10,0
2024-12-01,ST110,P3133,33.0,15,0
2024-12-01,ST110,P3165,31.0,15,0
2024-12-01,ST110,P3323,31.0,10,0
2024-12-01,ST110,P3028,33.0,15,0
2024-12-01,ST110,P3300,25.0,15,0
2024-12-01,ST110,P3477,32.0,10,0
2024-12-01,ST110,P3509,38.0,15,0
2024-12-01,ST110,P3145,32.0,10,0
2024-12-01,ST110,P3071,26.0,5,0
2024-12-01,ST110,P3507,34.0,5,0
2024-12-01,ST110,P3127,23.0,10,0
2024-12-01,ST110,P3405,34.0,20,0
2024-12-01,ST110,P3221,35.0,5,0
2024-12-01,ST110,P3208,36.0,15,0
2024-12-01,ST110,P3461,29.0,5,0
2024-12-01,ST110,P3155,36.0,10,0
2024-12-01,ST110,P3174,33.0,15,0
2024-12-01,ST110,P3230,39.0,20,0
2024-12-01,ST110,P3048,30.0,20,0
2024-12-01,ST110,P3270,42.0,10,0
2024-12-01,ST110,P3307,37.0,5,0
2024-12-01,ST110,P3370,32.0,10,0
2024-12-01,ST111,P3491,44.0,20,0
2024-12-01,ST111,P3066,40.0,10,0
2024-12-01,ST111,P3496,42.0,5,0
2024-12-01,ST111,P3336,32.0,10,0
2024-12-01,ST111,P3021,35.0,15,0
2024-12-01,ST111,P3395,33.0,10,0
2024-12-01,ST111,P3189,40.0,10,0
2024-12-01,ST111,P3249,42.0,15,0
2024-12-01,ST111,P3406,28.0,5,0
2024-12-01,ST111,P3459,14.0,5,0
2024-12-01,ST111,P3138,35.0,10,0
2024-12-01,ST111,P3507,26.0,15,0
2024-12-01,ST111,P3446,32.0,20,0
2024-12-01,ST111,P3205,33.0,20,0
2024-12-01,ST111,P3470,34.0,15,0
2024-12-01,ST111,P3200,37.0,5,0
2024-12-01,ST111,P3202,42.0,15,0
2024-12-01,ST111,P3186,34.0,15,0
2024-12-01,ST111,P3300,37.0,5,0
2024-12-01,ST111,P3289,37.0,10,0
2024-12-01,ST111,P3162,42.0,15,0
2024-12-01,ST111,P3488,36.0,5,0
2024-12-01,ST111,P3437,37.0,20,0
2024-12-01,ST111,P3448,33.0,10,0
2024-12-01,ST111,P3372,39.0,20,0
2024-12-01,ST111,P3403,34.0,15,0
2024-12-01,ST111,P3137,34.0,15,0
2024-12-01,ST111,P3327,37.0,5,0
2024-12-01,ST111,P3438,44.0,10,0
2024-12-01,ST111,P3184,53.0,10,0
2024-12-01,ST111,P3087,35.0,20,0
2024-12-01,ST111,P3043,36.0,10,0
2024-12-01,ST111,P3207,34.0,5,0
2024-12-01,ST111,P3072,31.0,5,0
2024-12-01,ST111,P3046,40.0,20,0
2024-12-01,ST111,P3070,30.0,15,0
2024-12-01,ST111,P3094,35.0,20,0
2024-12-01,ST111,P3163,38.0,10,0
2024-12-01,ST111,P3115,46.0,15,0
2024-12-01,ST111,P3241,38.0,15,0
2024-12-01,ST111,P3040,46.0,10,0
2024-12-01,ST111,P3133,28.0,15,0
2024-12-01,ST111,P3382,34.0,15,0
2024-12-01,ST111,P3342,30.0,10,0
2024-12-01,ST111,P3255,35.0,20,0
2024-12-01,ST111,P3106,36.0,10,0
2024-12-01,ST111,P3371,46.0,20,0
2024-12-01,ST111,P3502,43.0,5,0
2024-12-01,ST111,P3229,30.0,20,0
2024-12-01,ST111,P3227,45.0,10,0
2024-12-01,ST111,P3421,47.0,15,0
2024-12-01,ST111,P3100,47.0,15,0
2024-12-01,ST111,P3500,34.0,15,0
2024-12-01,ST111,P3467,33.0,20,0
2024-12-01,ST111,P3128,34.0,20,0
2024-12-01,ST111,P3284,43.0,5,0
2024-12-01,ST111,P3068,36.0,20,0
2024-12-01,ST111,P3052,45.0,15,0
2024-12-01,ST111,P3166,39.0,20,0
2024-12-01,ST111,P3440,40.0,5,0
2024-12-01,ST112,P3434,33.0,20,0
2024-12-01,ST112,P3422,38.0,5,0
2024-12-01,ST112,P3251,33.0,5,0
2024-12-01,ST112,P3172,28.0,10,0
2024-12-01,ST112,P3362,34.0,15,0
2024-12-01,ST112,P3209,30.0,10,0
2024-12-01,ST112,P3430,39.0,15,0
2024-12-01,ST112,P3316,35.0,10,0
2024-12-01,ST112,P3174,29.0,15,0
2024-12-01,ST112,P3128,34.0,10,0
2024-12-01,ST112,P3463,40.0,20,0
2024-12-01,ST112,P3503,32.0,10,0
2024-12-01,ST112,P3125,42.0,20,0
2024-12-01,ST112,P3038,40.0,10,0
2024-12-01,ST112,P3060,36.0,10,0
2024-12-01,ST112,P3429,27.0,20,0
2024-12-01,ST112,P3051,45.0,5,0
2024-12-01,ST112,P3257,20.0,15,0
2024-12-01,ST112,P3112,34.0,15,0
2024-12-01,ST112,P3310,33.0,20,0
2024-12-01,ST112,P3467,26.0,5,0
2024-12-01,ST112,P3304,28.0,10,0
2024-12-01,ST112,P3176,36.0,5,0
2024-12-01,ST112,P3371,34.0,15,0
2024-12-01,ST112,P3368,43.0,20,0
2024-12-01,ST112,P3471,40.0,20,0
2024-12-01,ST112,P3485,35.0,20,0
2024-12-01,ST112,P3097,38.0,20,0
2024-12-01,ST112,P3488,35.0,15,0
2024-12-01,ST112,P3331,31.0,15,0
2024-12-01,ST112,P3165,37.0,20,0
2024-12-01,ST112,P3437,40.0,10,0
2024-12-01,ST112,P3254,34.0,10,0
2024-12-01,ST112,P3470,41.0,20,0
2024-12-01,ST112,P3253,39.0,5,0
2024-12-01,ST112,P3516,35.0,20,0
2024-12-01,ST112,P3213,39.0,5,0
2024-12-01,ST112,P3469,30.0,10,0
2024-12-01,ST112,P3504,38.0,5,0
2024-12-01,ST112,P3498,32.0,15,0
2024-12-01,ST112,P3423,32.0,15,0
2024-12-01,ST112,P3431,32.0,10,0
2024-12-01,ST112,P3380,25.0,10,0
2024-12-01,ST112,P3244,39.0,10,0
2024-12-01,ST112,P3215,33.0,5,0
2024-12-01,ST112,P3003,40.0,20,0
2024-12-01,ST112,P3088,28.0,5,0
2024-12-01,ST112,P3409,21.0,5,0
2024-12-01,ST112,P3321,39.0,15,0
2024-12-01,ST112,P3153,31.0,15,0
2024-12-01,ST112,P3338,33.0,10,0
2024-12-01,ST112,P3435,25.0,20,0
2024-12-01,ST112,P3411,42.0,15,0
2024-12-01,ST112,P3207,35.0,15,0
2024-12-01,ST112,P3197,32.0,15,0
2024-12-01,ST112,P3040,36.0,20,0
2024-12-01,ST112,P3352,39.0,20,0
2024-12-01,ST112,P3085,23.0,10,0
2024-12-01,ST112,P3022,31.0,20,0
2024-12-01,ST112,P3375,43.0,15,0
2024-12-01,ST113,P3308,37.0,20,0
2024-12-01,ST113,P3294,28.0,10,0
2024-12-01,ST113,P3023,41.0,10,0
2024-12-01,ST113,P3350,38.0,5,0
2024-12-01,ST113,P3283,40.0,20,0
2024-12-01,ST113,P3171,33.0,15,0
2024-12-01,ST113,P3019,39.0,20,0
2024-12-01,ST113,P3164,34.0,10,0
2024-12-01,ST113,P3498,35.0,5,0
2024-12-01,ST113,P3317,36.0,20,0
2024-12-01,ST113,P3467,24.0,15,0
2024-12-01,ST113,P3035,27.0,5,0
2024-12-01,ST113,P3473,31.0,5,0
2024-12-01,ST113,P3479,34.0,15,0
2024-12-01,ST113,P3083,36.0,20,0
2024-12-01,ST113,P3342,30.0,20,0
2024-12-01,ST113,P3276,32.0,10,0
2024-12-01,ST113,P3410,34.0,15,0
2024-12-01,ST113,P3107,30.0,20,0
2024-12-01,ST113,P3460,42.0,10,0
2024-12-01,ST113,P3462,27.0,5,0
2024-12-01,ST113,P3336,22.0,15,0
2024-12-01,ST113,P3229,48.0,10,0
2024-12-01,ST113,P3246,36.0,5,0
2024-12-01,ST113,P3517,40.0,5,0
2024-12-01,ST113,P3105,22.0,20,0
2024-12-01,ST113,P3042,40.0,20,0
2024-12-01,ST113,P3061,38.0,15,0
2024-12-01,ST113,P3009,26.0,15,0
2024-12-01,ST113,P3289,32.0,5,0
2024-12-01,ST113,P3135,30.0,15,0
2024-12-01,ST113,P3062,36.0,5,0
2024-12-01,ST113,P3450,43.0,20,0
2024-12-01,ST113,P3512,31.0,15,0
2024-12-01,ST113,P3461,32.0,10,0
2024-12-01,ST113,P3168,35.0,10,0
2024-12-01,ST113,P3516,32.0,20,0
2024-12-01,ST113,P3248,41.0,5,0
2024-12-01,ST113,P3322,38.0,20,0
2024-12-01,ST113,P3381,37.0,15,0
2024-12-01,ST113,P3182,35.0,15,0
2024-12-01,ST113,P3351,39.0,15,0
2024-12-01,ST113,P3275,35.0,10,0
2024-12-01,ST113,P3270,33.0,20,0
2024-12-01,ST113,P3476,38.0,5,0
2024-12-01,ST113,P3081,38.0,20,0
2024-12-01,ST113,P3112,29.0,15,0
2024-12-01,ST113,P3065,37.0,15,0
2024-12-01,ST113,P3509,33.0,20,0
2024-12-01,ST113,P3496,38.0,20,0
2024-12-01,ST113,P3331,29.0,10,0
2024-12-01,ST113,P3038,40.0,5,0
2024-12-01,ST113,P3319,37.0,20,0
2024-12-01,ST113,P3511,27.0,20,0
2024-12-01,ST113,P3497,24.0,10,0
2024-12-01,ST113,P3299,44.0,5,0
2024-12-01,ST113,P3165,30.0,10,0
2024-12-01,ST113,P3193,40.0,10,0
2024-12-01,ST113,P3490,34.0,10,0
2024-12-01,ST113,P3370,38.0,5,0
2024-12-01,ST114,P3206,32.0,15,0
2024-12-01,ST114,P3344,26.0,20,0
2024-12-01,ST114,P3350,44.0,10,0
2024-12-01,ST114,P3009,29.0,15,0
2024-12-01,ST114,P3168,37.0,5,0
2024-12-01,ST114,P3243,36.0,5,0
2024-12-01,ST114,P3496,35.0,10,0
2024-12-01,ST114,P3497,29.0,10,0
2024-12-01,ST114,P3334,28.0,10,0
2024-12-01,ST114,P3066,34.0,20,0
2024-12-01,ST114,P3027,34.0,10,0
2024-12-01,ST114,P3433,33.0,5,0
2024-12-01,ST114,P3425,28.0,5,0
2024-12-01,ST114,P3389,35.0,20,0
2024-12-01,ST114,P3145,39.0,15,0
2024-12-01,ST114,P3324,34.0,20,0
2024-12-01,ST114,P3131,35.0,20,0
2024-12-01,ST114,P3387,39.0,20,0
2024-12-01,ST114,P3231,38.0,15,0
2024-12-01,ST114,P3488,26.0,15,0
2024-12-01,ST114,P3012,42.0,10,0
2024-12-01,ST114,P3019,33.0,10,0
2024-12-01,ST114,P3415,30.0,10,0
2024-12-01,ST114,P3336,43.0,15,0
2024-12-01,ST114,P3076,37.0,5,0
2024-12-01,ST114,P3490,36.0,10,0
2024-12-01,ST114,P3510,41.0,5,0
2024-12-01,ST114,P3241,32.0,5,0
2024-12-01,ST114,P3306,34.0,10,0
2024-12-01,ST114,P3441,38.0,15,0
2024-12-01,ST114,P3113,39.0,5,0
2024-12-01,ST114,P3474,38.0,10,0
2024-12-01,ST114,P3436,32.0,10,0
2024-12-01,ST114,P3456,37.0,5,0
2024-12-01,ST114,P3297,30.0,20,0
2024-12-01,ST114,P3199,42.0,20,0
2024-12-01,ST114,P3094,36.0,20,0
2024-12-01,ST114,P3398,34.0,5,0
2024-12-01,ST114,P3400,38.0,5,0
2024-12-01,ST114,P3448,37.0,20,0
2024-12-01,ST114,P3439,29.0,5,0
2024-12-01,ST114,P3001,35.0,10,0
2024-12-01,ST114,P3265,29.0,5,0
2024-12-01,ST114,P3233,41.0,15,0
2024-12-01,ST114,P3498,48.0,15,0
2024-12-01,ST114,P3440,34.0,5,0
2024-12-01,ST114,P3116,35.0,5,0
2024-12-01,ST114,P3515,31.0,20,0
2024-12-01,ST114,P3033,42.0,5,0
2024-12-01,ST114,P3518,30.0,15,0
2024-12-01,ST114,P3105,32.0,20,0
2024-12-01,ST114,P3420,30.0,20,0
2024-12-01,ST114,P3088,41.0,5,0
2024-12-01,ST114,P3392,30.0,5,0
2024-12-01,ST114,P3325,41.0,5,0
2024-12-01,ST114,P3162,30.0,15,0
2024-12-01,ST114,P3091,40.0,10,0
2024-12-01,ST114,P3017,27.0,10,0
2024-12-01,ST114,P3395,33.0,15,0
2024-12-01,ST114,P3399,26.0,20,0
2024-12-01,ST115,P3069,39.0,10,0
2024-12-01,ST115,P3295,35.0,5,0
2024-12-01,ST115,P3226,45.0,10,0
2024-12-01,ST115,P3500,28.0,5,0
2024-12-01,ST115,P3007,37.0,15,0
2024-12-01,ST115,P3343,39.0,20,0
2024-12-01,ST115,P3486,33.0,5,0
2024-12-01,ST115,P3123,44.0,10,0
2024-12-01,ST115,P3093,44.0,10,0
2024-12-01,ST115,P3192,37.0,5,0
2024-12-01,ST115,P3287,36.0,20,0
2024-12-01,ST115,P3379,28.0,5,0
2024-12-01,ST115,P3010,31.0,10,0
2024-12-01,ST115,P3297,38.0,10,0
2024-12-01,ST115,P3348,32.0,10,0
2024-12-01,ST115,P3327,41.0,20,0
2024-12-01,ST115,P3395,35.0,15,0
2024-12-01,ST115,P3382,32.0,20,0
2024-12-01,ST115,P3268,32.0,5,0
2024-12-01,ST115,P3179,35.0,15,0
2024-12-01,ST115,P3081,33.0,5,0
2024-12-01,ST115,P3443,36.0,5,0
2024-12-01,ST115,P3381,27.0,20,0
2024-12-01,ST115,P3433,38.0,10,0
2024-12-01,ST115,P3251,38.0,5,0
2024-12-01,ST115,P3402,41.0,20,0
2024-12-01,ST115,P3072,33.0,10,0
2024-12-01,ST115,P3485,35.0,5,0
2024-12-01,ST115,P3019,31.0,5,0
2024-12-01,ST115,P3140,28.0,20,0
2024-12-01,ST115,P3131,35.0,15,0
2024-12-01,ST115,P3103,40.0,5,0
2024-12-01,ST115,P3505,40.0,15,0
2024-12-01,ST115,P3347,30.0,5,0
2024-12-01,ST115,P3113,28.0,15,0
2024-12-01,ST115,P3033,33.0,20,0
2024-12-01,ST115,P3211,49.0,15,0
2024-12-01,ST115,P3030,35.0,15,0
2024-12-01,ST115,P3317,26.0,5,0
2024-12-01,ST115,P3291,38.0,15,0
2024-12-01,ST115,P3209,24.0,10,0
2024-12-01,ST115,P3145,33.0,10,0
2024-12-01,ST115,P3356,28.0,10,0
2024-12-01,ST115,P3336,28.0,20,0
2024-12-01,ST115,P3082,33.0,10,0
2024-12-01,ST115,P3144,30.0,15,0
2024-12-01,ST115,P3164,47.0,10,0
2024-12-01,ST115,P3243,48.0,15,0
2024-12-01,ST115,P3186,39.0,10,0
2024-12-01,ST115,P3474,31.0,10,0
2024-12-01,ST115,P3152,34.0,10,0
2024-12-01,ST115,P3492,43.0,5,0
2024-12-01,ST115,P3024,34.0,10,0
2024-12-01,ST115,P3234,22.0,20,0
2024-12-01,ST115,P3366,37.0,20,0
2024-12-01,ST115,P3396,43.0,20,0
2024-12-01,ST115,P3321,43.0,20,0
2024-12-01,ST115,P3480,34.0,15,0
2024-12-01,ST115,P3046,30.0,10,0
2024-12-01,ST115,P3214,44.0,20,0
2024-12-01,ST116,P3488,32.0,15,0
2024-12-01,ST116,P3167,32.0,10,0
2024-12-01,ST116,P3445,33.0,5,0
2024-12-01,ST116,P3204,35.0,20,0
2024-12-01,ST116,P3300,36.0,5,0
2024-12-01,ST116,P3256,40.0,20,0
2024-12-01,ST116,P3142,42.0,20,0
2024-12-01,ST116,P3222,30.0,5,0
2024-12-01,ST116,P3297,39.0,10,0
2024-12-01,ST116,P3348,32.0,15,0
2024-12-01,ST116,P3262,34.0,15,0
2024-12-01,ST116,P3272,45.0,15,0
2024-12-01,ST116,P3376,39.0,10,0
2024-12-01,ST116,P3486,33.0,20,0
2024-12-01,ST116,P3112,32.0,15,0
2024-12-01,ST116,P3002,47.0,5,0
2024-12-01,ST116,P3055,26.0,15,0
2024-12-01,ST116,P3163,23.0,5,0
2024-12-01,ST116,P3318,41.0,20,0
2024-12-01,ST116,P3153,34.0,10,0
2024-12-01,ST116,P3100,40.0,5,0
2024-12-01,ST116,P3363,27.0,5,0
2024-12-01,ST116,P3224,28.0,15,0
2024-12-01,ST116,P3216,31.0,10,0
2024-12-01,ST116,P3209,41.0,10,0
2024-12-01,ST116,P3401,26.0,5,0
2024-12-01,ST116,P3045,35.0,20,0
2024-12-01,ST116,P3077,,5,0
2024-12-01,ST116,P3178,,15,0
2024-12-01,ST116,P3086,43.0,20,0
2024-12-01,ST116,P3466,33.0,10,0
2024-12-01,ST116,P3085,42.0,15,0
2024-12-01,ST116,P3214,27.0,20,0
2024-12-01,ST116,P3084,43.0,5,0
2024-12-01,ST116,P3301,30.0,15,0
2024-12-01,ST116,P3449,39.0,10,0
2024-12-01,ST116,P3388,41.0,5,0
2024-12-01,ST116,P3289,38.0,10,0
2024-12-01,ST116,P3487,26.0,15,0
2024-12-01,ST116,P3083,34.0,20,0
2024-12-01,ST116,P3128,28.0,5,0
2024-12-01,ST116,P3064,64.0,15,0
2024-12-01,ST116,P3107,24.0,20,0
2024-12-01,ST116,P3175,32.0,15,0
2024-12-01,ST116,P3116,27.0,10,0
2024-12-01,ST116,P3017,23.0,15,0
2024-12-01,ST116,P3412,38.0,20,0
2024-12-01,ST116,P3188,37.0,20,0
2024-12-01,ST116,P3046,33.0,10,0
2024-12-01,ST116,P3278,37.0,20,0
2024-12-01,ST116,P3206,35.0,10,0
2024-12-01,ST116,P3345,28.0,20,0
2024-12-01,ST116,P3453,30.0,15,0
2024-12-01,ST116,P3001,38.0,10,0
2024-12-01,ST116,P3290,28.0,15,0
2024-12-01,ST116,P3073,26.0,5,0
2024-12-01,ST116,P3050,42.0,10,0
2024-12-01,ST116,P3033,35.0,15,0
2024-12-01,ST116,P3339,37.0,10,0
2024-12-01,ST116,P3410,36.0,5,0
2024-12-01,ST117,P3018,40.0,5,0
2024-12-01,ST117,P3375,47.0,10,0
2024-12-01,ST117,P3182,31.0,10,0
2024-12-01,ST117,P3430,41.0,20,0
2024-12-01,ST117,P3216,29.0,15,0
2024-12-01,ST117,P3035,42.0,15,0
2024-12-01,ST117,P3267,30.0,5,0
2024-12-01,ST117,P3437,43.0,10,0
2024-12-01,ST117,P3354,42.0,10,0
2024-12-01,ST117,P3125,34.0,15,0
2024-12-01,ST117,P3312,40.0,5,0
2024-12-01,ST117,P3006,31.0,5,0
2024-12-01,ST117,P3013,39.0,10,0
2024-12-01,ST117,P3148,33.0,20,0
2024-12-01,ST117,P3432,35.0,5,0
2024-12-01,ST117,P3410,37.0,5,0
2024-12-01,ST117,P3025,29.0,5,0
2024-12-01,ST117,P3287,35.0,5,0
2024-12-01,ST117,P3016,46.0,15,0
2024-12-01,ST117,P3126,37.0,15,0
2024-12-01,ST117,P3404,29.0,10,0
2024-12-01,ST117,P3078,36.0,5,0
2024-12-01,ST117,P3349,28.0,15,0
2024-12-01,ST117,P3285,33.0,5,0
2024-12-01,ST117,P3120,46.0,5,0
2024-12-01,ST117,P3392,48.0,10,0
2024-12-01,ST117,P3193,33.0,20,0
2024-12-01,ST117,P3476,32.0,15,0
2024-12-01,ST117,P3435,31.0,5,0
2024-12-01,ST117,P3507,35.0,15,0
2024-12-01,ST117,P3117,41.0,15,0
2024-12-01,ST117,P3374,34.0,10,0
2024-12-01,ST117,P3300,40.0,10,0
2024-12-01,ST117,P3471,40.0,15,0
2024-12-01,ST117,P3162,35.0,15,0
2024-12-01,ST117,P3053,37.0,5,0
2024-12-01,ST117,P3385,25.0,5,0
2024-12-01,ST117,P3389,34.0,20,0
2024-12-01,ST117,P3514,50.0,10,0
2024-12-01,ST117,P3143,33.0,5,0
2024-12-01,ST117,P3266,46.0,15,0
2024-12-01,ST117,P3445,29.0,10,0
2024-12-01,ST117,P3330,34.0,20,0
2024-12-01,ST117,P3176,40.0,5,0
2024-12-01,ST117,P3314,35.0,10,0
2024-12-01,ST117,P3199,46.0,10,0
2024-12-01,ST117,P3213,35.0,5,0
2024-12-01,ST117,P3235,45.0,15,0
2024-12-01,ST117,P3281,31.0,15,0
2024-12-01,ST117,P3215,40.0,5,0
2024-12-01,ST117,P3457,32.0,15,0
2024-12-01,ST117,P3444,45.0,20,0
2024-12-01,ST117,P3076,26.0,10,0
2024-12-01,ST117,P3425,31.0,15,0
2024-12-01,ST117,P3055,33.0,10,0
2024-12-01,ST117,P3191,28.0,5,0
2024-12-01,ST117,P3335,37.0,5,0
2024-12-01,ST117,P3119,36.0,5,0
2024-12-01,ST117,P3307,39.0,20,0
2024-12-01,ST117,P3031,29.0,20,0
2024-12-01,ST118,P3241,30.0,10,0
2024-12-01,ST118,P3319,34.0,20,0
2024-12-01,ST118,P3279,40.0,10,0
2024-12-01,ST118,P3375,32.0,5,0
2024-12-01,ST118,P3056,22.0,5,0
2024-12-01,ST118,P3328,20.0,5,0
2024-12-01,ST118,P3310,36.0,5,0
2024-12-01,ST118,P3132,30.0,20,0
2024-12-01,ST118,P3378,41.0,10,0
2024-12-01,ST118,P3085,20.0,20,0
2024-12-01,ST118,P3088,28.0,20,0
2024-12-01,ST118,P3052,38.0,20,0
2024-12-01,ST118,P3395,34.0,5,0
2024-12-01,ST118,P3254,30.0,5,0
2024-12-01,ST118,P3231,39.0,20,0
2024-12-01,ST118,P3442,46.0,20,0
2024-12-01,ST118,P3123,34.0,10,0
2024-12-01,ST118,P3369,42.0,5,0
2024-12-01,ST118,P3471,41.0,5,0
2024-12-01,ST118,P3012,44.0,10,0
2024-12-01,ST118,P3519,24.0,5,0
2024-12-01,ST118,P3356,26.0,5,0
2024-12-01,ST118,P3108,24.0,10,0
2024-12-01,ST118,P3424,43.0,15,0
2024-12-01,ST118,P3111,46.0,5,0
2024-12-01,ST118,P3432,29.0,10,0
2024-12-01,ST118,P3030,30.0,10,0
2024-12-01,ST118,P3434,32.0,20,0
2024-12-01,ST118,P3510,27.0,15,0
2024-12-01,ST118,P3121,37.0,5,0
2024-12-01,ST118,P3029,38.0,5,0
2024-12-01,ST118,P3228,27.0,10,0
2024-12-01,ST118,P3365,39.0,20,0
2024-12-01,ST118,P3486,33.0,20,0
2024-12-01,ST118,P3451,36.0,15,0
2024-12-01,ST118,P3131,36.0,20,0
2024-12-01,ST118,P3373,46.0,10,0
2024-12-01,ST118,P3450,31.0,5,0
2024-12-01,ST118,P3263,44.0,5,0
2024-12-01,ST118,P3480,39.0,5,0
2024-12-01,ST118,P3016,35.0,20,0
2024-12-01,ST118,P3156,22.0,5,0
2024-12-01,ST118,P3392,33.0,10,0
2024-12-01,ST118,P3100,40.0,20,0
2024-12-01,ST118,P3014,31.0,15,0
2024-12-01,ST118,P3249,37.0,5,0
2024-12-01,ST118,P3439,35.0,10,0
2024-12-01,ST118,P3230,40.0,5,0
2024-12-01,ST118,P3083,36.0,20,0
2024-12-01,ST118,P3208,30.0,10,0
2024-12-01,ST118,P3377,42.0,15,0
2024-12-01,ST118,P3064,32.0,10,0
2024-12-01,ST118,P3324,43.0,10,0
2024-12-01,ST118,P3484,33.0,15,0
2024-12-01,ST118,P3382,36.0,20,0
2024-12-01,ST118,P3299,31.0,5,0
2024-12-01,ST118,P3477,36.0,5,0
2024-12-01,ST118,P3368,34.0,20,0
2024-12-01,ST118,P3114,45.0,10,0
2024-12-01,ST118,P3033,27.0,5,0
