CustomerID,CustomerName,Gender,AgeBand,City,LoyaltyTier,JoinDate,EmailOptIn
CU10001,Vihaan Khan,M,26-35,Chennai,Silver,2023-11-03,No
CU10002,Aman Reddy,F,46-60,Mumbai,Bronze,2023-11-11,Yes
CU10003,Diya Menon,M,46-60,Mysuru,Gold,2022-12-31,Yes
CU10004,Vihaan Nair,M,26-35,Chennai,Bronze,2022-07-01,Yes
CU10005,Farhan Das,F,26-35,Coimbatore,Gold,2022-02-08,Yes
CU10006,Vihaan Patel,M,18-25,Mysuru,Gold,2024-01-05,Yes
CU10007,Ananya Menon,M,26-35,Kolkata,Gold,2022-09-25,No
CU10008,Kiara Menon,F,26-35,Coimbatore,Gold,2023-03-12,Yes
CU10009,Vihaan Sharma,F,46-60,Bengaluru,Platinum,2021-02-21,No
CU10010,Sanjay Gupta,F,26-35,Pune,Silver,2021-12-21,Yes
CU10011,Ganesh Verma,M,46-60,Delhi,Bronze,2024-05-08,Yes
CU10012,Riya Gupta,M,18-25,Chennai,Bronze,2022-10-12,No
CU10013,Diya Nair,M,46-60,Kolkata,Bronze,2024-06-30,No
CU10014,Pooja Menon,M,36-45,Coimbatore,Platinum,2024-06-18,Yes
CU10015,Sai Pillai,F,36-45,Hyderabad,Silver,2023-04-19,Yes
CU10016,Karthik Sharma,M,60+,Delhi,Gold,2021-02-13,Yes
CU10017,Ananya Singh,F,36-45,Mumbai,Gold,2023-11-06,No
CU10018,Kavya Nair,M,18-25,Chennai,Bronze,2022-05-12,No
CU10019,Isha Sharma,F,36-45,Pune,Silver,2024-12-03,Yes
CU10020,Nikita Rao,M,26-35,Kochi,Bronze,2024-04-11,Yes
CU10021,Karthik Patel,M,18-25,Mysuru,Bronze,2024-05-23,Yes
CU10022,Aarav Das,M,36-45,Bengaluru,Bronze,2024-02-04,Yes
CU10023,Lakshmi Verma,M,26-35,Delhi,Silver,2023-05-25,Yes
CU10024,Ganesh Pillai,F,46-60,Chennai,Bronze,2023-12-22,Yes
CU10025,Nikita Gupta,F,18-25,Coimbatore,Bronze,2021-02-21,No
CU10026,Meera Sharma,F,60+,Coimbatore,Gold,2023-10-17,No
CU10027,Aditya Rao,F,60+,Kolkata,Silver,2021-08-04,No
CU10028,Isha Khan,F,26-35,Coimbatore,Bronze,2023-10-10,Yes
CU10029,Aadhya Gupta,M,18-25,Kochi,Bronze,2021-02-28,No
CU10030,Sanjay Reddy,F,26-35,Delhi,Platinum,2021-05-20,Yes
CU10031,Arjun Nair,F,46-60,Mysuru,Gold,2022-02-06,No
CU10032,Sanjay Reddy,M,26-35,Bengaluru,Silver,2021-03-12,No
CU10033,Divya Verma,M,46-60,Mysuru,Bronze,2022-11-25,No
CU10034,Riya Reddy,F,18-25,Bengaluru,Silver,2022-09-20,Yes
CU10035,Arjun Singh,M,18-25,Mysuru,Platinum,2023-10-12,Yes
CU10036,Rohan Reddy,F,26-35,Kolkata,Bronze,2024-06-22,Yes
CU10037,Aman Singh,F,18-25,Pune,Gold,2023-01-22,Yes
CU10038,Ganesh Pillai,M,36-45,Kolkata,Silver,2023-09-01,Yes
CU10039,Ganesh Sharma,M,46-60,Delhi,Bronze,2021-06-20,Yes
CU10040,Riya Sharma,M,26-35,Mysuru,Bronze,2022-08-30,Yes
CU10041,Arun Iyer,F,18-25,Chennai,Platinum,2024-02-03,No
CU10042,Deepak Pillai,M,18-25,Kochi,Platinum,2022-03-31,Yes
CU10043,Rahul Menon,M,18-25,Kolkata,Bronze,2022-07-12,Yes
CU10044,Sneha Verma,F,36-45,Delhi,Silver,2022-05-09,Yes
CU10045,Riya Khan,F,36-45,Coimbatore,Gold,2024-01-31,Yes
CU10046,Priya Das,M,26-35,Bengaluru,Silver,2024-01-08,Yes
CU10047,Diya Gupta,F,26-35,Kolkata,Gold,2024-10-09,Yes
CU10048,Tara Nair,F,18-25,Chennai,Silver,2022-07-07,No
CU10049,Priya Reddy,M,26-35,Hyderabad,Silver,2022-02-11,Yes
CU10050,Ananya Pillai,F,18-25,Chennai,Silver,2023-12-11,Yes
CU10051,Rahul Iyer,F,18-25,Chennai,Bronze,2022-08-09,Yes
CU10052,Aadhya Pillai,M,36-45,Kochi,Bronze,2024-07-06,Yes
CU10053,Arun Reddy,M,26-35,Coimbatore,Bronze,2023-04-14,Yes
CU10054,Kavya Nair,M,46-60,Kolkata,Silver,2023-10-13,No
CU10055,Priya Iyer,F,46-60,Kolkata,gold,2022-11-24,Yes
CU10056,Farhan Gupta,M,36-45,Delhi,Gold,2023-03-06,No
CU10057,Ananya Pillai,F,26-35,Delhi,Silver,2023-02-18,Yes
CU10058,Vivaan Patel,F,36-45,Hyderabad,Bronze,2022-10-23,Yes
CU10059,Nikita Menon,M,26-35,Kolkata,Bronze,2024-04-22,No
CU10060,Naveen Rao,F,60+,Pune,Bronze,2021-05-02,Yes
CU10061,Ganesh Singh,F,36-45,Hyderabad,Bronze,2024-09-11,Yes
CU10062,Karthik Verma,F,18-25,Kochi,Bronze,2023-10-21,Yes
CU10063,Kavya Pillai,M,,Chennai,Gold,2023-06-24,No
CU10064,Diya Gupta,M,26-35,Kolkata,Bronze,2024-01-02,No
CU10065,Farhan Das,F,46-60,Delhi,Gold,2023-09-03,Yes
CU10066,Zoya Menon,F,18-25,Delhi,Bronze,2021-01-28,No
CU10067,Ananya Pillai,M,36-45,Delhi,Bronze,2023-04-07,No
CU10068,Ananya Menon,F,26-35,Delhi,Bronze,2021-07-18,Yes
CU10069,Aman Pillai,F,46-60,Hyderabad,Bronze,2021-08-06,Yes
CU10070,Sai Reddy,M,36-45,Delhi,Gold,2022-10-15,Yes
CU10071,Rohan Verma,F,26-35,Kolkata,Bronze,2023-07-29,Yes
CU10072,Sneha Singh,M,60+,Mumbai,Bronze,2024-08-16,Yes
CU10073,Ishaan Das,F,26-35,Kolkata,Gold,2024-11-30,Yes
CU10074,Ganesh Pillai,M,46-60,Bengaluru,Silver,2023-11-24,Yes
CU10075,Sanjay Menon,F,18-25,Kolkata,Bronze,2021-01-02,Yes
CU10076,Vivaan Pillai,F,18-25,Delhi,Silver,2023-10-15,Yes
CU10077,Sanjay Rao,M,36-45,Mysuru,Bronze,2023-11-16,No
CU10078,Naveen Iyer,F,36-45,Coimbatore,Silver,2023-01-28,No
CU10079,Ananya Sharma,M,18-25,Mumbai,Bronze,2024-06-28,No
CU10080,Pooja Nair,M,46-60,Bengaluru,Silver,2022-08-20,Yes
CU10081,Isha Singh,M,26-35,Mumbai,Platinum,2024-01-25,Yes
CU10082,Sai Das,M,46-60,Kolkata,Silver,2022-09-02,Yes
CU10083,Aadhya Rao,F,18-25,Kochi,Silver,2024-10-13,No
CU10084,Karthik Gupta,M,26-35,Mumbai,Bronze,2024-03-09,Yes
CU10085,Aarav Nair,F,18-25,Kolkata,Bronze,2022-11-13,Yes
CU10086,Riya Gupta,M,26-35,Kolkata,Bronze,2021-08-10,Yes
CU10087,Ananya Das,M,18-25,Kochi,Gold,2022-05-30,Yes
CU10088,Rahul Singh,M,26-35,Kolkata,Silver,2024-11-06,No
CU10089,Ananya Pillai,M,26-35,Mumbai,Bronze,2024-07-18,Yes
CU10090,Ganesh Pillai,M,36-45,Kochi,Gold,2021-04-10,Yes
CU10091,Sai Pillai,M,26-35,Hyderabad,Bronze,2021-06-12,Yes
CU10092,Tara Singh,F,26-35,Mumbai,Bronze,2021-11-29,Yes
CU10093,Pooja Khan,M,26-35,Kolkata,Silver,2021-04-21,Yes
CU10094,Aarav Iyer,F,60+,Hyderabad,Platinum,2021-10-21,No
CU10095,Kiara Reddy,M,26-35,Pune,Gold,2024-04-07,No
CU10096,Aditya Nair,M,36-45,Kolkata,Platinum,2024-01-15,Yes
CU10097,Nikita Nair,F,18-25,Mysuru,Silver,2024-05-17,No
CU10098,Farhan Iyer,F,46-60,Mysuru,Silver,2022-05-24,No
CU10099,Deepak Sharma,M,26-35,Mumbai,Bronze,2022-10-10,Yes
CU10100,Karthik Khan,M,36-45,Delhi,Bronze,2021-05-25,Yes
CU10101,Pooja Singh,F,26-35,Kolkata,Silver,2024-06-03,No
CU10102,Ishaan Das,M,36-45,Bengaluru,Silver,2022-09-02,No
CU10103,Diya Nair,F,36-45,Chennai,Bronze,2021-02-14,Yes
CU10104,Lakshmi Pillai,F,26-35,Pune,Gold,2022-06-13,No
CU10105,Ishaan Reddy,M,18-25,Kochi,Gold,2021-07-04,No
CU10106,Ishaan Das,M,26-35,Mysuru,Bronze,2024-05-13,No
CU10107,Diya Verma,F,46-60,Mumbai,Bronze,2023-07-26,No
CU10108,Lakshmi Pillai,M,46-60,Kochi,Bronze,2022-05-22,No
CU10109,Kiara Reddy,M,18-25,Delhi,Gold,2023-01-14,Yes
CU10110,Priya Nair,M,26-35,Kochi,Platinum,2023-12-22,No
CU10111,Vivaan Reddy,M,26-35,Bengaluru,Bronze,2022-06-18,No
CU10112,Sneha Sharma,F,46-60,Pune,Silver,2024-06-13,No
CU10113,Aarav Iyer,M,18-25,Mysuru,Bronze,2024-01-18,No
CU10114,Arjun Reddy,M,18-25,Bengaluru,Bronze,2022-12-07,Yes
CU10115,Nikita Khan,M,36-45,Mysuru,Gold,2024-10-03,Yes
CU10116,Sneha Das,M,26-35,Coimbatore,Silver,2022-01-27,Yes
CU10117,Isha Khan,M,18-25,Coimbatore,Silver,2022-03-03,Yes
CU10118,Aadhya Verma,M,18-25,Delhi,Gold,2021-01-24,No
CU10119,Kavya Iyer,M,26-35,Mysuru,Silver,2022-07-03,Yes
CU10120,Aadhya Gupta,M,18-25,Hyderabad,Bronze,2022-10-03,No
CU10121,Isha Reddy,F,26-35,Chennai,Gold,2022-03-24,No
CU10122,Priya Pillai,M,46-60,Chennai,Bronze,2023-03-14,No
CU10123,Aadhya Khan,F,18-25,Kochi,Bronze,2021-09-07,No
CU10124,Aman Das,F,36-45,Mysuru,Silver,2024-01-11,No
CU10125,Priya Khan,F,18-25,Kochi,Silver,2023-02-16,Yes
CU10126,Arjun Sharma,F,26-35,Bengaluru,Platinum,2024-04-01,No
CU10127,Ananya Das,F,26-35,Mumbai,Gold,2022-07-26,Yes
CU10128,Rohan Khan,M,18-25,Kochi,Gold,2024-12-12,No
CU10129,Nikita Patel,M,36-45,Coimbatore,Bronze,2023-08-10,No
CU10130,Myra Menon,M,36-45,Kochi,Silver,2023-09-22,No
CU10131,Naveen Rao,M,26-35,Chennai,Silver,2022-02-15,Yes
CU10132,Sanjay Das,M,36-45,Pune,Bronze,2022-09-08,Yes
CU10133,Priya Nair,M,18-25,Bengaluru,Bronze,2024-05-12,Yes
CU10134,Rohan Singh,M,18-25,Bengaluru,Silver,2021-04-02,Yes
CU10135,Aman Menon,F,36-45,Mumbai,Platinum,2022-05-17,Yes
CU10136,Aadhya Singh,F,46-60,Pune,Silver,2024-02-27,Yes
CU10137,Riya Nair,F,46-60,Bengaluru,Silver,2021-05-26,Yes
CU10138,Pooja Singh,M,18-25,Chennai,Silver,2022-05-31,No
CU10139,Farhan Singh,M,60+,Kochi,Platinum,2021-04-25,No
CU10140,Farhan Gupta,M,26-35,Kolkata,Bronze,2024-01-16,Yes
CU10141,Rohan Sharma,F,26-35,Pune,Bronze,2022-01-25,Yes
CU10142,Deepak Reddy,M,36-45,Kolkata,Bronze,2024-07-29,Yes
CU10143,Diya Iyer,F,26-35,Delhi,Bronze,2021-12-10,Yes
CU10144,Zoya Khan,M,26-35,Coimbatore,Gold,2024-05-12,Yes
CU10145,Vihaan Reddy,M,26-35,Mumbai,Silver,2023-03-01,No
CU10146,Aarav Das,M,36-45,Hyderabad,Silver,2024-09-30,Yes
CU10147,Sneha Rao,F,18-25,Kolkata,Gold,2021-06-22,No
CU10148,Sneha Patel,M,46-60,Bengaluru,Gold,2023-08-15,Yes
CU10149,Sneha Menon,F,46-60,Bengaluru,Bronze,2021-06-30,No
CU10150,Deepak Reddy,M,46-60,Mysuru,Silver,2024-10-07,No
CU10151,Rahul Singh,F,18-25,Mysuru,Gold,2024-06-13,Yes
CU10152,Sanjay Iyer,M,26-35,Bengaluru,Bronze,2024-04-27,Yes
CU10153,Karthik Khan,M,26-35,Delhi,Silver,2024-02-16,No
CU10154,Rahul Menon,M,26-35,Chennai,Platinum,2021-05-04,Yes
CU10155,Divya Gupta,F,36-45,Mysuru,Bronze,2022-06-26,Yes
CU10156,Karthik Pillai,M,36-45,Mumbai,Platinum,2024-08-06,Yes
CU10157,Naveen Nair,F,18-25,Delhi,Gold,2021-11-13,Yes
CU10158,Deepak Gupta,F,36-45,Delhi,Silver,2021-07-26,Yes
CU10159,Kiara Singh,F,26-35,Pune,Silver,2024-11-19,No
CU10160,Aarav Nair,F,18-25,Pune,Bronze,2022-04-19,Yes
CU10161,Vihaan Verma,F,46-60,Mumbai,Bronze,2023-05-16,Yes
CU10162,Aarav Khan,F,36-45,Mysuru,Bronze,2021-06-08,Yes
CU10163,Arun Nair,M,36-45,Bengaluru,Silver,2023-11-10,Yes
CU10164,Priya Nair,M,18-25,Kolkata,Bronze,2024-07-30,No
CU10165,Pooja Verma,M,26-35,Chennai,Silver,2021-08-30,Yes
CU10166,Lakshmi Rao,M,26-35,Coimbatore,Silver,2021-10-26,Yes
CU10167,Aadhya Gupta,M,36-45,Mumbai,Bronze,2021-08-29,Yes
CU10168,Divya Singh,F,36-45,Bengaluru,Bronze,2023-02-16,No
CU10169,Kiara Verma,M,26-35,Kochi,Silver,2023-02-16,Yes
CU10170,Zoya Pillai,F,18-25,Kochi,Gold,2023-09-14,Yes
CU10171,Sneha Gupta,M,36-45,Coimbatore,Bronze,2022-11-20,No
CU10172,Naveen Verma,M,18-25,Kochi,Bronze,2023-09-10,No
CU10173,Nikita Verma,M,46-60,Bengaluru,Silver,2024-07-30,Yes
CU10174,Tara Das,M,26-35,Kochi,Bronze,2021-06-22,No
CU10175,Vivaan Khan,F,36-45,Delhi,Silver,2024-12-09,Yes
CU10176,Arjun Rao,M,36-45,Pune,Silver,2022-07-12,Yes
CU10177,Farhan Pillai,F,18-25,Delhi,Gold,2021-06-13,Yes
CU10178,Ishaan Iyer,F,46-60,Coimbatore,Bronze,2022-07-07,No
CU10179,Ananya Das,F,36-45,Bengaluru,Gold,2023-06-29,Yes
CU10180,Sanjay Das,M,46-60,Delhi,Silver,2022-05-01,No
CU10181,Arun Reddy,M,36-45,Kolkata,Platinum,2021-12-15,No
CU10182,Pooja Sharma,M,18-25,Kochi,Gold,2023-10-14,No
CU10183,Nikita Reddy,M,46-60,Pune,Silver,2023-01-24,No
CU10184,Diya Singh,M,46-60,Kolkata,Silver,2023-09-12,No
CU10185,Sneha Singh,F,26-35,Kolkata,Gold,2023-08-04,Yes
CU10186,Aarav Reddy,F,26-35,Hyderabad,Platinum,2024-06-22,No
CU10187,Sneha Nair,M,26-35,Coimbatore,Gold,2024-01-24,Yes
CU10188,Rahul Iyer,M,46-60,Kochi,Gold,2021-08-15,No
CU10189,Meera Verma,M,26-35,Chennai,Bronze,2023-09-30,No
CU10190,Aadhya Iyer,F,26-35,Coimbatore,Bronze,2023-10-10,Yes
CU10191,Tara Gupta,F,46-60,Mysuru,Bronze,2022-11-01,No
CU10192,Farhan Das,F,36-45,Hyderabad,Bronze,2021-12-24,No
CU10193,Priya Singh,F,18-25,Mysuru,Silver,2024-11-20,Yes
CU10194,Priya Gupta,M,46-60,Delhi,Platinum,2023-07-26,Yes
CU10195,Meera Pillai,M,60+,Mumbai,Gold,2023-03-18,Yes
CU10196,Arun Verma,F,46-60,Pune,silver,2024-01-15,No
CU10197,Aarav Das,F,46-60,Kochi,Silver,2023-11-23,No
CU10198,Sanjay Khan,M,18-25,Chennai,,2021-02-26,Yes
CU10199,Rohan Reddy,M,36-45,Mysuru,Bronze,2023-04-01,Yes
CU10200,Zoya Patel,M,46-60,Bengaluru,Bronze,2021-02-08,No
CU10201,Aman Sharma,M,60+,Bengaluru,Silver,2024-11-29,Yes
CU10202,Aman Iyer,M,46-60,Hyderabad,Bronze,2024-06-26,No
CU10203,Rahul Singh,F,18-25,Mumbai,Gold,2024-04-25,Yes
CU10204,Nikita Rao,F,18-25,Kochi,Bronze,2023-06-04,No
CU10205,Ishaan Khan,M,18-25,Kochi,Bronze,2023-02-12,No
CU10206,Karthik Nair,F,36-45,Delhi,Bronze,2024-04-17,Yes
CU10207,Rohan Das,F,18-25,Mumbai,Bronze,2021-08-05,No
CU10208,Ishaan Singh,M,18-25,Pune,Bronze,2021-05-31,Yes
CU10209,Rohan Nair,M,36-45,Delhi,Platinum,2023-10-01,Yes
CU10210,Deepak Rao,M,26-35,Hyderabad,Platinum,2022-12-11,Yes
CU10211,Aman Nair,F,36-45,Kolkata,Gold,2023-04-13,No
CU10212,Sneha Verma,F,26-35,Chennai,Silver,2021-03-06,Yes
CU10213,Aarav Verma,F,26-35,Bengaluru,Bronze,2022-05-18,Yes
CU10214,Rohan Gupta,M,26-35,Chennai,Silver,2021-05-05,Yes
CU10215,Vivaan Das,M,46-60,Hyderabad,Bronze,2021-10-28,Yes
CU10216,Aadhya Rao,M,46-60,Coimbatore,Bronze,2021-03-25,No
CU10217,Rohan Pillai,M,26-35,Hyderabad,gold,2021-12-07,Yes
CU10218,Aadhya Menon,M,26-35,Delhi,Silver,2023-06-21,Yes
CU10219,Sneha Iyer,F,46-60,Kolkata,Silver,2022-11-14,No
CU10220,Aman Rao,M,26-35,Coimbatore,Silver,2024-02-25,Yes
CU10221,Meera Nair,F,36-45,Mumbai,Bronze,2024-10-01,No
CU10222,Ganesh Gupta,F,36-45,Kolkata,Platinum,2021-12-02,Yes
CU10223,Aditya Reddy,M,36-45,Pune,Silver,2023-10-13,Yes
CU10224,Meera Khan,M,18-25,Hyderabad,Bronze,2023-08-06,Yes
CU10225,Meera Pillai,M,26-35,Kolkata,Bronze,2021-04-03,No
CU10226,Aarav Gupta,F,46-60,Bengaluru,Bronze,2023-01-16,Yes
CU10227,Riya Singh,M,36-45,Kolkata,Bronze,2022-10-14,Yes
CU10228,Aman Verma,F,18-25,Hyderabad,Platinum,2022-12-05,No
CU10229,Aadhya Gupta,M,46-60,Delhi,Silver,2023-06-24,Yes
CU10230,Deepak Menon,F,46-60,Mumbai,Bronze,2021-10-11,Yes
CU10231,Farhan Menon,F,26-35,Mumbai,Gold,2022-02-01,No
CU10232,Kavya Rao,M,18-25,Chennai,Platinum,2022-03-10,Yes
CU10233,Isha Singh,F,36-45,Kolkata,Silver,2024-01-30,Yes
CU10234,Sanjay Pillai,M,36-45,Coimbatore,Silver,2024-05-12,Yes
CU10235,Sai Rao,F,18-25,Hyderabad,Bronze,2023-09-23,No
CU10236,Diya Reddy,M,36-45,Hyderabad,Silver,2021-11-19,Yes
CU10237,Riya Iyer,M,36-45,Delhi,Bronze,2023-06-10,No
CU10238,Tara Singh,F,18-25,Hyderabad,Silver,2024-11-11,Yes
CU10239,Farhan Rao,F,36-45,Coimbatore,Bronze,2023-02-01,No
CU10240,Deepak Verma,F,18-25,Coimbatore,Gold,2021-10-03,No
CU10241,Ishaan Menon,M,18-25,Chennai,Silver,2022-02-14,Yes
CU10242,Zoya Khan,M,36-45,Pune,Bronze,2022-07-07,Yes
CU10243,Zoya Nair,M,26-35,Kolkata,Bronze,2024-07-23,Yes
CU10244,Lakshmi Nair,M,18-25,Mysuru,Silver,2023-07-04,Yes
CU10245,Isha Singh,F,18-25,Pune,Bronze,2024-03-29,Yes
CU10246,Naveen Rao,M,26-35,Delhi,Bronze,2023-05-11,No
CU10247,Diya Sharma,F,36-45,Kolkata,Bronze,2024-01-13,Yes
CU10248,Riya Das,M,46-60,Kochi,Bronze,2024-03-30,No
CU10249,Vivaan Iyer,M,46-60,Kolkata,Bronze,2024-09-28,No
CU10250,Tara Pillai,F,46-60,Hyderabad,Bronze,2023-06-14,Yes
CU10251,Nikita Iyer,M,18-25,Mysuru,Bronze,2023-02-10,Yes
CU10252,Ananya Pillai,F,36-45,Bengaluru,Bronze,2023-03-17,Yes
CU10253,Vivaan Khan,F,18-25,Mysuru,Bronze,2024-08-23,Yes
CU10254,Lakshmi Das,M,26-35,Kochi,Bronze,2021-09-17,No
CU10255,Myra Reddy,F,46-60,Pune,Silver,2022-03-02,Yes
CU10256,Kiara Verma,F,60+,Bengaluru,Silver,2021-04-06,Yes
CU10257,Farhan Rao,M,26-35,Delhi,Bronze,2024-04-13,Yes
CU10258,Karthik Iyer,M,60+,Kochi,Gold,2023-04-12,Yes
CU10259,Divya Menon,F,18-25,Coimbatore,Gold,2022-10-01,Yes
CU10260,Lakshmi Pillai,F,18-25,Delhi,Bronze,2021-08-27,Yes
CU10261,Rohan Khan,F,18-25,Pune,Platinum,2022-08-15,Yes
CU10262,Priya Gupta,F,26-35,Mumbai,Bronze,2022-01-09,No
CU10263,Naveen Das,M,36-45,Mysuru,Silver,2023-02-16,Yes
CU10264,Pooja Reddy,M,26-35,Mumbai,Bronze,2021-11-18,No
CU10265,Naveen Das,F,60+,Delhi,,2022-05-30,No
CU10266,Farhan Nair,M,46-60,Delhi,Bronze,2022-05-05,Yes
CU10267,Meera Verma,M,46-60,Kochi,Gold,2024-02-08,Yes
CU10268,Ishaan Pillai,M,36-45,Kochi,Silver,2024-02-10,No
CU10269,Naveen Reddy,M,26-35,Delhi,Silver,2021-10-01,Yes
CU10270,Sanjay Gupta,M,18-25,Mumbai,Silver,2024-07-18,Yes
CU10271,Arun Das,F,46-60,Mysuru,Bronze,2022-12-25,Yes
CU10272,Aditya Reddy,M,18-25,Hyderabad,Bronze,2023-10-31,No
CU10273,Sai Rao,M,46-60,Pune,Bronze,2021-01-30,Yes
CU10274,Vivaan Singh,F,60+,Pune,Bronze,2024-01-18,Yes
CU10275,Myra Patel,F,36-45,Bengaluru,Bronze,2024-11-29,Yes
CU10276,Aditya Menon,F,26-35,Pune,Bronze,2024-12-13,Yes
CU10277,Nikita Rao,F,18-25,Kochi,Bronze,2022-01-03,Yes
CU10278,Aarav Verma,M,36-45,Hyderabad,Bronze,2024-05-16,Yes
CU10279,Rohan Nair,F,36-45,Hyderabad,Bronze,2023-06-19,Yes
CU10280,Ishaan Khan,F,26-35,Coimbatore,Bronze,2021-01-27,No
CU10281,Farhan Singh,F,18-25,Hyderabad,Silver,2021-03-24,Yes
CU10282,Ganesh Verma,M,26-35,Kolkata,Silver,2022-01-16,No
CU10283,Tara Menon,M,26-35,Pune,Bronze,2023-12-18,Yes
CU10284,Priya Sharma,M,36-45,Coimbatore,Platinum,2021-07-18,Yes
CU10285,Sanjay Khan,M,26-35,Kochi,Silver,2024-11-06,Yes
CU10286,Sneha Sharma,M,26-35,Kolkata,Bronze,2023-10-23,No
CU10287,Rohan Reddy,M,46-60,Bengaluru,platinum,2024-07-17,Yes
CU10288,Arun Gupta,M,26-35,Pune,Bronze,2024-05-21,No
CU10289,Rohan Verma,M,46-60,Kochi,Bronze,2021-04-20,Yes
CU10290,Nikita Das,F,26-35,Kochi,Gold,2023-10-28,Yes
CU10291,Sneha Das,F,46-60,Kochi,Platinum,2022-06-06,No
CU10292,Vivaan Das,M,26-35,Kochi,Silver,2024-03-30,No
CU10293,Arun Patel,F,46-60,Delhi,Silver,2024-11-12,Yes
CU10294,Nikita Verma,M,26-35,Kochi,Bronze,2023-07-18,No
CU10295,Arun Gupta,F,18-25,Mumbai,Gold,2022-10-28,Yes
CU10296,Isha Iyer,F,36-45,Coimbatore,Gold,2021-04-21,No
CU10297,Karthik Sharma,M,26-35,Chennai,Bronze,2022-12-05,Yes
CU10298,Pooja Singh,M,46-60,Pune,Bronze,2022-08-03,Yes
CU10299,Farhan Singh,F,26-35,Pune,Bronze,2022-10-20,Yes
CU10300,Vihaan Khan,F,36-45,Pune,bronze,2023-04-13,Yes
CU10301,Myra Gupta,F,26-35,Mumbai,Silver,2022-11-22,No
CU10302,Vivaan Nair,M,46-60,Delhi,Silver,2022-06-11,Yes
CU10303,Aditya Iyer,M,18-25,Delhi,Gold,2022-12-08,Yes
CU10304,Naveen Nair,F,26-35,Pune,Silver,2023-07-30,Yes
CU10305,Divya Das,M,36-45,Kolkata,Gold,2021-12-25,No
CU10306,Aman Gupta,M,60+,Mumbai,Bronze,2024-11-11,Yes
CU10307,Kiara Gupta,M,36-45,Pune,,2022-04-02,No
CU10308,Kavya Pillai,F,46-60,Mysuru,Gold,2024-12-17,Yes
CU10309,Aman Das,F,18-25,Coimbatore,Gold,2022-07-25,Yes
CU10310,Ananya Menon,F,60+,Delhi,Bronze,2024-02-06,Yes
CU10311,Pooja Pillai,F,46-60,Delhi,Platinum,2023-10-08,No
CU10312,Arun Patel,M,36-45,Bengaluru,Gold,2024-03-26,No
CU10313,Lakshmi Gupta,F,26-35,Kolkata,Silver,2024-12-04,Yes
CU10314,Vihaan Rao,M,18-25,Bengaluru,Gold,2023-11-15,No
CU10315,Naveen Menon,M,18-25,Hyderabad,Bronze,2022-03-01,Yes
CU10316,Farhan Menon,F,26-35,Bengaluru,Silver,2024-06-15,Yes
CU10317,Diya Nair,F,36-45,Pune,Silver,2024-02-06,Yes
CU10318,Kavya Gupta,F,46-60,Bengaluru,Gold,2023-02-08,Yes
CU10319,Vivaan Nair,F,26-35,Kochi,Gold,2024-05-14,No
CU10320,Meera Gupta,M,26-35,Kochi,Bronze,2021-07-16,No
CU10321,Deepak Reddy,M,18-25,Delhi,Bronze,2021-09-26,No
CU10322,Meera Iyer,M,18-25,Kolkata,Gold,2021-12-11,Yes
CU10323,Riya Khan,F,36-45,Pune,Silver,2024-05-30,No
CU10324,Arjun Patel,M,26-35,Hyderabad,Gold,2022-02-12,Yes
CU10325,Pooja Patel,M,18-25,Hyderabad,Platinum,2021-09-20,No
CU10326,Myra Verma,F,18-25,Chennai,Silver,2024-09-06,Yes
CU10327,Deepak Reddy,M,36-45,Pune,Silver,2022-06-07,Yes
CU10328,Aadhya Reddy,F,26-35,Kolkata,Gold,2022-06-19,No
CU10329,Ishaan Singh,F,26-35,Delhi,Bronze,2021-02-14,No
CU10330,Riya Gupta,M,18-25,Chennai,Bronze,2021-03-18,Yes
CU10331,Isha Nair,F,26-35,Bengaluru,Silver,2021-01-02,Yes
CU10332,Kiara Sharma,F,36-45,Pune,gold,2023-12-28,No
CU10333,Kiara Gupta,F,18-25,Kolkata,Bronze,2023-06-13,No
CU10334,Kavya Pillai,F,18-25,Pune,Silver,2024-01-31,Yes
CU10335,Nikita Reddy,M,26-35,Hyderabad,Silver,2022-02-07,Yes
CU10336,Karthik Nair,M,60+,Bengaluru,Bronze,2022-07-03,Yes
CU10337,Karthik Verma,M,26-35,Bengaluru,Gold,2023-05-08,Yes
CU10338,Tara Khan,M,26-35,Mysuru,Bronze,2022-02-18,Yes
CU10339,Naveen Iyer,F,60+,Bengaluru,Bronze,2021-08-12,Yes
CU10340,Sai Das,M,18-25,Kochi,Silver,2024-05-26,No
CU10341,Aarav Das,F,36-45,Mysuru,Bronze,2024-04-26,No
CU10342,Diya Gupta,F,18-25,Bengaluru,platinum,2022-03-14,Yes
CU10343,Kiara Sharma,M,36-45,Bengaluru,Gold,2023-05-11,No
CU10344,Aman Khan,M,26-35,Hyderabad,Gold,2024-07-11,Yes
CU10345,Ganesh Khan,F,36-45,Hyderabad,Silver,2021-11-16,Yes
CU10346,Myra Nair,M,46-60,Hyderabad,Bronze,2023-07-27,Yes
CU10347,Ananya Verma,F,18-25,Kolkata,Bronze,2022-01-03,Yes
CU10348,Myra Verma,M,,Coimbatore,Bronze,2021-06-03,No
CU10349,Sai Singh,F,60+,Kochi,Bronze,2023-01-25,Yes
CU10350,Deepak Khan,F,18-25,Hyderabad,Bronze,2021-04-22,No
CU10351,Sneha Rao,F,26-35,Delhi,Silver,2021-12-24,No
CU10352,Ishaan Sharma,M,46-60,Hyderabad,Platinum,2024-05-06,Yes
CU10353,Kavya Pillai,M,26-35,Kochi,Bronze,2024-10-14,No
CU10354,Tara Reddy,F,36-45,Pune,Gold,2022-08-06,Yes
CU10355,Farhan Sharma,M,18-25,Kolkata,Silver,2022-12-05,No
CU10356,Meera Sharma,F,18-25,Delhi,Gold,2021-11-28,Yes
CU10357,Naveen Verma,F,26-35,Bengaluru,Gold,2022-10-01,No
CU10358,Meera Pillai,M,26-35,Coimbatore,Platinum,2024-01-20,No
CU10359,Sanjay Rao,M,36-45,Kolkata,Silver,2024-09-03,Yes
CU10360,Arjun Gupta,F,18-25,Kolkata,Bronze,2023-01-06,No
CU10361,Tara Sharma,M,46-60,Kochi,Bronze,2024-04-23,No
CU10362,Aarav Rao,F,36-45,Coimbatore,Silver,2024-07-20,No
CU10363,Diya Nair,M,26-35,Coimbatore,Silver,2021-08-21,No
CU10364,Ananya Menon,M,26-35,Kolkata,Bronze,2024-07-19,Yes
CU10365,Deepak Singh,F,46-60,Coimbatore,Bronze,2022-05-21,Yes
CU10366,Aditya Rao,F,18-25,Mysuru,Bronze,2024-08-31,Yes
CU10367,Vihaan Rao,M,26-35,Mumbai,Bronze,2024-08-01,No
CU10368,Riya Gupta,F,46-60,Kochi,Platinum,2024-04-02,Yes
CU10369,Aman Patel,M,18-25,Coimbatore,Bronze,2024-10-18,No
CU10370,Divya Menon,M,60+,Coimbatore,Bronze,2022-01-05,Yes
CU10371,Meera Singh,F,26-35,Delhi,Bronze,2023-05-24,Yes
CU10372,Meera Singh,F,18-25,Mumbai,Gold,2024-11-22,Yes
CU10373,Kavya Iyer,F,36-45,Mumbai,Gold,2021-08-12,No
CU10374,Karthik Gupta,M,26-35,Hyderabad,Bronze,2022-12-08,Yes
CU10375,Aman Rao,F,26-35,Kochi,Gold,2024-04-18,Yes
CU10376,Deepak Gupta,M,26-35,Bengaluru,Bronze,2024-07-02,No
CU10377,Rahul Iyer,M,36-45,Delhi,Bronze,2024-03-14,No
CU10378,Sanjay Sharma,M,46-60,Pune,Silver,2024-05-03,No
CU10379,Kiara Reddy,F,46-60,Mumbai,Bronze,2023-09-20,No
CU10380,Aman Pillai,F,36-45,Mysuru,Bronze,2022-08-20,Yes
CU10381,Sanjay Rao,F,18-25,Chennai,Bronze,2022-05-04,No
CU10382,Tara Gupta,M,18-25,Mysuru,Bronze,2024-09-15,Yes
CU10383,Zoya Das,M,36-45,Chennai,Bronze,2021-11-23,Yes
CU10384,Rohan Das,M,26-35,Chennai,Gold,2024-05-29,Yes
CU10385,Farhan Patel,F,26-35,Pune,Bronze,2022-03-10,Yes
CU10386,Deepak Nair,F,26-35,Delhi,Gold,2021-08-14,Yes
CU10387,Isha Menon,F,60+,Mysuru,Silver,2023-09-17,Yes
CU10388,Rahul Nair,M,18-25,Pune,,2024-05-07,No
CU10389,Myra Khan,M,46-60,Kochi,Bronze,2023-03-14,No
CU10390,Vihaan Khan,F,26-35,Chennai,Gold,2023-08-17,No
CU10391,Vivaan Gupta,M,18-25,Pune,Bronze,2023-05-09,Yes
CU10392,Nikita Patel,F,26-35,Pune,Bronze,2022-09-24,No
CU10393,Divya Sharma,M,18-25,Kolkata,Bronze,2021-06-28,Yes
CU10394,Farhan Khan,F,18-25,Pune,Gold,2023-03-26,Yes
CU10395,Aarav Khan,F,18-25,Chennai,Gold,2024-03-24,Yes
CU10396,Isha Menon,M,36-45,Kolkata,Bronze,2022-05-20,No
CU10397,Kavya Singh,F,26-35,Pune,Silver,2021-08-28,No
CU10398,Sai Singh,M,36-45,Delhi,Bronze,2024-03-08,Yes
CU10399,Aarav Sharma,F,46-60,Delhi,Bronze,2021-05-31,Yes
CU10400,Ananya Menon,M,26-35,Mumbai,Gold,2021-05-28,No
CU10401,Rahul Das,M,26-35,Mysuru,Silver,2022-05-27,No
CU10402,Sai Pillai,F,26-35,Kolkata,Bronze,2023-11-30,Yes
CU10403,Rohan Verma,M,46-60,Coimbatore,Bronze,2022-03-08,Yes
CU10404,Myra Patel,F,46-60,Bengaluru,Silver,2022-11-29,Yes
CU10405,Vivaan Reddy,F,36-45,Bengaluru,Bronze,2024-10-19,Yes
CU10406,Rohan Pillai,M,26-35,Mysuru,Bronze,2023-05-09,Yes
CU10407,Ananya Patel,M,36-45,Mysuru,Bronze,2021-05-18,Yes
CU10408,Aadhya Sharma,M,36-45,Coimbatore,Silver,2022-11-30,No
CU10409,Sanjay Khan,M,46-60,Hyderabad,Bronze,2024-01-27,Yes
CU10410,Aadhya Das,M,46-60,Kolkata,Silver,2023-03-02,No
CU10411,Sneha Patel,F,46-60,Coimbatore,Silver,2024-07-02,Yes
CU10412,Karthik Reddy,M,26-35,Mysuru,Silver,2024-11-12,No
CU10413,Diya Verma,M,46-60,Chennai,Bronze,2022-02-26,Yes
CU10414,Kavya Iyer,F,26-35,Bengaluru,Gold,2022-11-25,Yes
CU10415,Aarav Das,F,18-25,Chennai,Gold,2022-01-07,No
CU10416,Vivaan Rao,F,46-60,Bengaluru,Silver,2024-04-27,Yes
CU10417,Myra Rao,F,46-60,Pune,Silver,2022-12-18,Yes
CU10418,Tara Khan,F,18-25,Kolkata,Bronze,2022-11-03,No
CU10419,Tara Menon,M,26-35,Bengaluru,Bronze,2023-05-10,Yes
CU10420,Aditya Singh,M,18-25,Bengaluru,Gold,2022-02-01,Yes
CU10421,Isha Rao,F,36-45,Pune,Bronze,2021-02-02,No
CU10422,Diya Patel,M,46-60,Delhi,Silver,2022-04-18,No
CU10423,Arjun Patel,M,36-45,Bengaluru,Platinum,2022-04-05,No
CU10424,Divya Pillai,F,26-35,Kochi,Gold,2024-04-06,Yes
CU10425,Vivaan Nair,M,26-35,Kolkata,Gold,2022-09-13,Yes
CU10426,Ishaan Pillai,M,26-35,Coimbatore,Bronze,2021-04-17,Yes
CU10427,Kiara Menon,F,46-60,Pune,Bronze,2024-11-25,Yes
CU10428,Ishaan Nair,F,36-45,Mysuru,Bronze,2022-09-22,Yes
CU10429,Deepak Iyer,M,18-25,Kochi,Gold,2023-02-12,Yes
CU10430,Lakshmi Das,F,36-45,Chennai,Silver,2021-04-27,Yes
CU10431,Rohan Menon,M,26-35,Hyderabad,Bronze,2023-05-28,Yes
CU10432,Deepak Das,F,36-45,Mumbai,Bronze,2022-08-30,No
CU10433,Aditya Sharma,M,26-35,Delhi,Silver,2023-06-07,No
CU10434,Nikita Singh,M,26-35,Kochi,Bronze,2024-06-03,Yes
CU10435,Myra Das,M,60+,Kochi,Bronze,2023-03-25,No
CU10436,Kiara Rao,F,26-35,Hyderabad,Bronze,2023-04-02,No
CU10437,Sanjay Iyer,M,36-45,Kolkata,Bronze,2021-09-16,Yes
CU10438,Sneha Rao,M,18-25,Chennai,Bronze,2024-01-17,Yes
CU10439,Vihaan Das,F,26-35,Mumbai,Bronze,2021-09-19,No
CU10440,Deepak Menon,F,46-60,Bengaluru,Gold,2022-12-13,Yes
CU10441,Sai Verma,F,18-25,Delhi,Bronze,2021-10-30,Yes
CU10442,Sneha Menon,F,26-35,Kochi,Silver,2023-07-18,Yes
CU10443,Arun Reddy,M,26-35,Mysuru,Bronze,2023-09-08,Yes
CU10444,Kavya Iyer,F,26-35,Hyderabad,Gold,2024-07-15,Yes
CU10445,Kavya Iyer,M,46-60,Mysuru,Bronze,2022-02-19,No
CU10446,Ishaan Sharma,F,26-35,Pune,Gold,2024-07-05,Yes
CU10447,Kavya Sharma,F,36-45,Mumbai,silver,2023-10-15,No
CU10448,Aarav Verma,F,60+,Hyderabad,Bronze,2021-04-21,Yes
CU10449,Rahul Khan,M,46-60,Bengaluru,Gold,2023-08-11,No
CU10450,Nikita Menon,F,60+,Coimbatore,Bronze,2023-02-28,No
CU10451,Sai Sharma,M,26-35,Bengaluru,Silver,2021-05-23,No
CU10452,Isha Iyer,M,18-25,Hyderabad,Bronze,2021-07-14,Yes
CU10453,Nikita Nair,M,18-25,Delhi,Bronze,2021-02-04,No
CU10454,Zoya Das,M,26-35,Delhi,Silver,2022-09-09,Yes
CU10455,Kiara Pillai,F,18-25,Pune,Bronze,2024-09-27,Yes
CU10456,Diya Singh,M,18-25,Mysuru,Bronze,2022-01-20,No
CU10457,Vihaan Rao,F,46-60,Pune,Platinum,2023-08-22,No
CU10458,Sai Pillai,F,46-60,Kochi,Silver,2024-07-14,No
CU10459,Arun Rao,F,36-45,Mysuru,Bronze,2021-08-08,No
CU10460,Zoya Menon,F,26-35,Chennai,Bronze,2021-05-09,Yes
CU10461,Nikita Singh,F,26-35,Coimbatore,Bronze,2021-03-21,No
CU10462,Vihaan Nair,M,26-35,Bengaluru,Silver,2024-09-09,No
CU10463,Ganesh Verma,F,26-35,Delhi,Bronze,2022-10-16,Yes
CU10464,Rahul Patel,F,26-35,Mysuru,Bronze,2022-03-20,Yes
CU10465,Kiara Gupta,M,18-25,Hyderabad,Bronze,2022-02-19,No
CU10466,Arun Khan,M,18-25,Delhi,Bronze,2023-07-18,No
CU10467,Aman Gupta,M,26-35,Kolkata,Bronze,2021-09-12,Yes
CU10468,Diya Iyer,M,18-25,Mumbai,Bronze,2022-12-29,Yes
CU10469,Ananya Gupta,M,26-35,Chennai,Bronze,2024-05-02,Yes
CU10470,Vivaan Verma,F,26-35,Pune,Silver,2023-12-12,No
CU10471,Lakshmi Rao,M,18-25,Kolkata,Gold,2024-11-09,Yes
CU10472,Divya Reddy,M,26-35,Chennai,Gold,2023-03-12,No
CU10473,Ishaan Patel,F,36-45,Delhi,Bronze,2022-11-07,Yes
CU10474,Aditya Khan,M,18-25,Kolkata,Gold,2024-05-05,Yes
CU10475,Myra Sharma,F,36-45,Coimbatore,Silver,2022-11-18,Yes
CU10476,Tara Reddy,M,26-35,Mumbai,Bronze,2023-04-15,Yes
CU10477,Sai Menon,M,36-45,Bengaluru,Bronze,2023-03-14,Yes
CU10478,Kavya Menon,F,18-25,Kolkata,Silver,2022-09-03,Yes
CU10479,Vihaan Verma,M,18-25,Kochi,Silver,2023-01-07,No
CU10480,Farhan Khan,M,46-60,Delhi,Platinum,2023-07-25,No
CU10481,Priya Reddy,F,18-25,Pune,Bronze,2022-07-31,Yes
CU10482,Arjun Gupta,F,60+,Mysuru,Bronze,2024-12-17,No
CU10483,Priya Patel,M,36-45,Delhi,Bronze,2022-11-20,No
CU10484,Vihaan Gupta,M,26-35,Kolkata,Bronze,2023-02-21,Yes
CU10485,Deepak Iyer,M,46-60,Kochi,Bronze,2024-07-05,No
CU10486,Myra Rao,F,18-25,Delhi,Bronze,2021-05-28,No
CU10487,Meera Sharma,M,18-25,Bengaluru,Gold,2023-08-17,No
CU10488,Sneha Iyer,M,36-45,Delhi,Gold,2024-08-06,Yes
CU10489,Farhan Nair,F,36-45,Pune,Bronze,2023-02-06,Yes
CU10490,Vihaan Das,M,18-25,Delhi,platinum,2024-02-01,No
CU10491,Aarav Rao,F,26-35,Mumbai,Platinum,2022-10-07,No
CU10492,Kiara Das,F,18-25,Mumbai,Silver,2023-12-16,Yes
CU10493,Tara Reddy,F,26-35,Chennai,Silver,2021-11-08,No
CU10494,Ishaan Patel,M,26-35,Coimbatore,Bronze,2024-04-27,No
CU10495,Divya Menon,M,26-35,Delhi,Silver,2023-05-11,No
CU10496,Sai Sharma,M,46-60,Kochi,Bronze,2024-11-04,No
CU10497,Sai Singh,F,36-45,Kolkata,Platinum,2022-01-13,Yes
CU10498,Riya Menon,F,26-35,Coimbatore,Silver,2021-10-07,No
CU10499,Sai Gupta,F,60+,Chennai,Bronze,2022-10-02,Yes
CU10500,Arun Gupta,F,60+,Chennai,Bronze,2022-07-30,No
CU10501,Deepak Reddy,F,26-35,Kolkata,Bronze,2021-08-18,No
CU10502,Arjun Sharma,F,18-25,Delhi,Bronze,2021-02-06,Yes
CU10503,Zoya Menon,M,18-25,Mumbai,Bronze,2023-04-07,Yes
CU10504,Rahul Menon,M,36-45,Mumbai,Bronze,2021-12-22,Yes
CU10505,Ganesh Gupta,F,46-60,Mumbai,Gold,2022-09-05,Yes
CU10506,Ishaan Singh,M,46-60,Coimbatore,Bronze,2023-02-05,Yes
CU10507,Arun Rao,M,36-45,Chennai,Silver,2023-05-31,No
CU10508,Sneha Iyer,F,,Mysuru,Bronze,2023-07-27,No
CU10509,Nikita Verma,M,18-25,Mysuru,Platinum,2022-08-20,No
CU10510,Diya Menon,M,18-25,Coimbatore,Gold,2021-01-06,Yes
CU10511,Lakshmi Reddy,M,18-25,Hyderabad,Silver,2022-03-06,Yes
CU10512,Divya Khan,F,26-35,Pune,Bronze,2023-12-03,Yes
CU10513,Priya Das,M,36-45,Pune,Silver,2022-04-27,No
CU10514,Priya Sharma,M,18-25,Pune,Silver,2023-11-13,No
CU10515,Aman Khan,F,36-45,Bengaluru,Bronze,2024-08-01,No
CU10516,Aarav Menon,F,46-60,Hyderabad,Bronze,2024-03-10,No
CU10517,Pooja Pillai,M,36-45,Chennai,Bronze,2024-10-22,Yes
CU10518,Divya Verma,M,26-35,Pune,Gold,2021-12-20,Yes
CU10519,Aditya Khan,F,26-35,Kochi,Platinum,2023-10-20,Yes
CU10520,Ganesh Das,M,18-25,Mumbai,Silver,2021-10-25,No
CU10521,Zoya Nair,M,46-60,Coimbatore,Silver,2024-01-04,Yes
CU10522,Tara Iyer,F,36-45,Kochi,Gold,2022-01-07,Yes
CU10523,Lakshmi Patel,M,26-35,Pune,Bronze,2021-01-22,Yes
CU10524,Vivaan Sharma,F,36-45,Mumbai,Bronze,2024-03-31,No
CU10525,Myra Das,M,26-35,Coimbatore,Silver,2023-10-29,No
CU10526,Arjun Menon,F,26-35,Chennai,Bronze,2021-03-28,Yes
CU10527,Aditya Gupta,F,46-60,Coimbatore,Gold,2024-02-04,Yes
CU10528,Myra Verma,F,26-35,Mysuru,Bronze,2021-08-05,Yes
CU10529,Aarav Patel,M,26-35,Mysuru,Gold,2022-05-19,Yes
CU10530,Lakshmi Verma,F,18-25,Kolkata,Bronze,2024-10-15,No
CU10531,Aarav Rao,F,26-35,Coimbatore,Bronze,2023-05-23,No
CU10532,Myra Nair,M,18-25,Chennai,Bronze,2024-12-06,Yes
CU10533,Kiara Patel,F,18-25,Coimbatore,Platinum,2023-03-19,Yes
CU10534,Ananya Pillai,M,46-60,Mysuru,Silver,2024-10-23,Yes
CU10535,Lakshmi Verma,F,46-60,Kochi,Silver,2024-11-23,Yes
CU10536,Aditya Verma,F,26-35,Pune,Gold,2021-06-27,No
CU10537,Zoya Patel,M,46-60,Bengaluru,Bronze,2021-02-14,Yes
CU10538,Aadhya Gupta,M,26-35,Bengaluru,Silver,2024-07-23,No
CU10539,Zoya Khan,F,36-45,Mumbai,Silver,2024-10-31,No
CU10540,Aditya Das,M,18-25,Bengaluru,Bronze,2023-10-03,Yes
CU10541,Ishaan Rao,F,36-45,Bengaluru,Bronze,2023-04-07,No
CU10542,Naveen Reddy,M,18-25,Pune,Gold,2023-10-24,No
CU10543,Divya Rao,M,26-35,Kochi,Bronze,2024-08-22,Yes
CU10544,Farhan Khan,M,26-35,Coimbatore,Bronze,2024-10-02,No
CU10545,Sneha Rao,M,60+,Bengaluru,Bronze,2022-03-06,Yes
CU10546,Zoya Nair,M,18-25,Mumbai,Silver,2022-11-26,Yes
CU10547,Vivaan Iyer,M,18-25,Kolkata,Gold,2021-11-18,No
CU10548,Zoya Das,F,46-60,Mumbai,Bronze,2024-05-12,Yes
CU10549,Kavya Khan,M,46-60,Kochi,Bronze,2022-06-17,No
CU10550,Aditya Khan,M,36-45,Mumbai,Platinum,2021-02-10,No
CU10551,Naveen Verma,M,36-45,Pune,Bronze,2021-12-16,No
CU10552,Ananya Das,F,26-35,Delhi,Gold,2023-10-13,No
CU10553,Myra Khan,M,36-45,Mumbai,Silver,2021-07-18,Yes
CU10554,Aditya Iyer,M,26-35,Mysuru,Bronze,2024-06-22,No
CU10555,Isha Sharma,M,36-45,Kolkata,Gold,2022-03-30,Yes
CU10556,Aadhya Singh,M,36-45,Mumbai,Silver,2023-04-29,Yes
CU10557,Kiara Nair,M,46-60,Kochi,,2022-11-28,Yes
CU10558,Sneha Singh,F,36-45,Mumbai,Gold,2024-11-01,No
CU10559,Aarav Reddy,M,18-25,Chennai,Gold,2022-01-23,Yes
CU10560,Rahul Gupta,F,36-45,Kochi,Silver,2024-04-15,Yes
CU10561,Farhan Iyer,F,36-45,Kochi,Silver,2022-04-01,No
CU10562,Ganesh Gupta,F,26-35,Coimbatore,Silver,2024-06-25,Yes
CU10563,Sneha Iyer,F,60+,Kochi,Bronze,2021-12-21,No
CU10564,Nikita Das,M,36-45,Pune,,2023-10-05,Yes
CU10565,Rahul Rao,F,18-25,Hyderabad,Bronze,2021-03-25,Yes
CU10566,Nikita Reddy,F,18-25,Kochi,Bronze,2023-04-15,Yes
CU10567,Zoya Sharma,M,26-35,Delhi,Bronze,2023-07-02,Yes
CU10568,Ganesh Patel,M,26-35,Mumbai,Bronze,2024-03-14,No
CU10569,Myra Iyer,M,46-60,Kochi,Bronze,2023-05-28,Yes
CU10570,Aman Patel,F,18-25,Kochi,Bronze,2022-03-16,No
CU10571,Aarav Khan,M,26-35,Kochi,Platinum,2022-04-05,No
CU10572,Deepak Singh,M,26-35,Bengaluru,Gold,2024-07-05,Yes
CU10573,Naveen Singh,M,,Kochi,Silver,2022-07-11,No
CU10574,Kiara Khan,M,46-60,Hyderabad,Bronze,2023-04-18,Yes
CU10575,Sneha Khan,F,26-35,Bengaluru,Gold,2022-02-26,Yes
CU10576,Zoya Verma,F,18-25,Chennai,Bronze,2024-10-04,No
CU10577,Pooja Rao,F,26-35,Mysuru,Bronze,2022-12-05,Yes
CU10578,Karthik Nair,M,46-60,Coimbatore,Silver,2023-07-17,Yes
CU10579,Sanjay Verma,F,26-35,Chennai,Platinum,2023-12-21,Yes
CU10580,Ananya Menon,M,26-35,Coimbatore,Silver,2023-01-13,Yes
CU10581,Kavya Reddy,M,18-25,Hyderabad,Bronze,2023-08-24,No
CU10582,Arjun Menon,M,46-60,Coimbatore,Bronze,2024-08-24,Yes
CU10583,Diya Das,M,26-35,Kolkata,Bronze,2024-05-01,No
CU10584,Deepak Gupta,M,36-45,Mysuru,Platinum,2021-10-28,Yes
CU10585,Arjun Nair,F,36-45,Delhi,Bronze,2021-03-25,Yes
CU10586,Vivaan Reddy,M,60+,Pune,Silver,2022-12-01,Yes
CU10587,Sai Reddy,F,26-35,Kolkata,Bronze,2023-11-19,No
CU10588,Isha Patel,M,26-35,Delhi,,2023-12-24,Yes
CU10589,Nikita Gupta,F,46-60,Kochi,Silver,2021-10-05,Yes
CU10590,Riya Das,F,26-35,Chennai,Bronze,2022-01-17,No
CU10591,Sanjay Pillai,M,46-60,Kochi,Bronze,2021-04-29,Yes
CU10592,Arun Singh,M,46-60,Hyderabad,Gold,2022-08-06,No
CU10593,Myra Khan,M,26-35,Mumbai,Bronze,2022-09-01,Yes
CU10594,Sneha Nair,F,18-25,Mysuru,Bronze,2023-12-06,Yes
CU10595,Isha Iyer,F,36-45,Kolkata,Silver,2023-09-06,Yes
CU10596,Ganesh Sharma,M,60+,Bengaluru,Silver,2021-04-24,Yes
CU10597,Kavya Reddy,M,46-60,Mumbai,Silver,2021-05-20,Yes
CU10598,Lakshmi Menon,M,36-45,Chennai,Silver,2021-09-30,Yes
CU10599,Aman Menon,M,26-35,Kochi,Bronze,2022-11-21,Yes
CU10600,Divya Rao,M,36-45,Mysuru,Bronze,2024-12-07,Yes
CU10601,Meera Verma,M,36-45,Delhi,,2022-10-06,Yes
CU10602,Isha Verma,M,46-60,Coimbatore,Silver,2024-10-07,Yes
CU10603,Isha Patel,M,18-25,Hyderabad,Silver,2021-11-04,No
CU10604,Farhan Iyer,F,18-25,Mysuru,Silver,2021-12-02,Yes
CU10605,Riya Verma,M,46-60,Chennai,Bronze,2024-02-05,Yes
CU10606,Aarav Das,F,26-35,Hyderabad,Platinum,2024-07-04,No
CU10607,Rohan Nair,F,36-45,Bengaluru,Bronze,2024-04-27,Yes
CU10608,Ganesh Das,M,18-25,Chennai,Bronze,2021-07-13,Yes
CU10609,Lakshmi Nair,F,46-60,Mumbai,Silver,2021-11-18,No
CU10610,Aadhya Singh,F,18-25,Delhi,Bronze,2022-05-09,Yes
CU10611,Nikita Sharma,M,18-25,Mumbai,Gold,2024-10-26,No
CU10612,Karthik Rao,F,18-25,Kolkata,Bronze,2021-10-10,No
CU10613,Priya Verma,F,36-45,Kochi,Gold,2023-02-05,Yes
CU10614,Vihaan Reddy,F,26-35,Kolkata,Gold,2022-09-27,Yes
CU10615,Meera Gupta,M,36-45,Kochi,Silver,2022-01-14,No
CU10616,Ishaan Patel,F,18-25,Coimbatore,Bronze,2023-02-27,Yes
CU10617,Farhan Gupta,F,18-25,Hyderabad,Silver,2022-07-17,Yes
CU10618,Sai Rao,F,36-45,Pune,Silver,2023-03-12,Yes
CU10619,Pooja Gupta,F,36-45,Delhi,,2023-11-12,Yes
CU10620,Lakshmi Pillai,F,26-35,Chennai,Silver,2022-05-11,Yes
CU10621,Naveen Nair,M,36-45,Coimbatore,Silver,2024-08-11,Yes
CU10622,Aarav Rao,M,36-45,Pune,Bronze,2021-12-25,Yes
CU10623,Sai Nair,F,26-35,Pune,Bronze,2021-05-30,Yes
CU10624,Aman Iyer,M,26-35,Hyderabad,Bronze,2024-12-16,Yes
CU10625,Nikita Menon,M,18-25,Mumbai,,2022-08-24,Yes
CU10626,Sneha Khan,M,26-35,Chennai,Silver,2024-11-02,No
CU10627,Aditya Reddy,M,36-45,Chennai,Gold,2021-10-16,No
CU10628,Riya Singh,F,18-25,Kochi,Bronze,2023-04-07,No
CU10629,Arjun Sharma,M,,Pune,Platinum,2023-11-21,Yes
CU10630,Arun Verma,M,26-35,Kochi,Silver,2023-05-19,Yes
CU10631,Rahul Singh,M,36-45,Mumbai,Silver,2022-06-05,No
CU10632,Aarav Menon,F,36-45,Coimbatore,Silver,2022-07-11,Yes
CU10633,Divya Patel,F,26-35,Pune,Silver,2024-01-09,Yes
CU10634,Arjun Singh,M,36-45,Bengaluru,Bronze,2024-12-10,No
CU10635,Aadhya Pillai,F,36-45,Hyderabad,Gold,2021-07-19,Yes
CU10636,Divya Iyer,M,26-35,Kolkata,Bronze,2022-12-01,Yes
CU10637,Isha Verma,M,36-45,Kolkata,Silver,2023-09-29,Yes
CU10638,Aarav Rao,F,26-35,Mysuru,Gold,2023-11-12,Yes
CU10639,Aadhya Reddy,M,26-35,Coimbatore,Gold,2022-06-19,Yes
CU10640,Meera Singh,M,26-35,Kolkata,Gold,2022-11-03,Yes
CU10641,Rahul Reddy,F,18-25,Delhi,Bronze,2024-08-08,No
CU10642,Diya Khan,F,18-25,Chennai,Gold,2021-02-16,No
CU10643,Naveen Nair,F,26-35,Delhi,Bronze,2023-07-09,Yes
CU10644,Meera Khan,F,26-35,Kolkata,Silver,2022-10-12,No
CU10645,Riya Iyer,M,26-35,Chennai,Gold,2024-12-12,No
CU10646,Rohan Khan,F,18-25,Delhi,Gold,2022-07-25,Yes
CU10647,Ganesh Reddy,M,36-45,Chennai,Gold,2024-03-26,No
CU10648,Nikita Iyer,F,36-45,Kolkata,Bronze,2022-08-05,No
CU10649,Kavya Rao,F,36-45,Chennai,Bronze,2022-06-05,Yes
CU10650,Rahul Patel,F,46-60,Kochi,Bronze,2024-11-29,Yes
CU10651,Aman Singh,F,46-60,Delhi,Bronze,2021-04-26,Yes
CU10652,Meera Patel,M,26-35,Mumbai,Silver,2022-01-14,No
CU10653,Deepak Verma,M,36-45,Mysuru,Gold,2022-05-10,No
CU10654,Priya Singh,M,26-35,Delhi,Platinum,2024-11-13,No
CU10655,Naveen Menon,M,36-45,Bengaluru,Bronze,2024-06-22,Yes
CU10656,Myra Nair,M,26-35,Mumbai,Silver,2023-06-14,Yes
CU10657,Sneha Das,M,26-35,Coimbatore,Silver,2022-02-19,Yes
CU10658,Aarav Sharma,M,26-35,Chennai,Gold,2022-10-27,Yes
CU10659,Zoya Sharma,M,36-45,Coimbatore,Gold,2024-06-09,Yes
CU10660,Arjun Sharma,M,26-35,Bengaluru,Bronze,2022-01-14,Yes
CU10661,Zoya Pillai,F,26-35,Delhi,Bronze,2023-02-07,Yes
CU10662,Priya Singh,M,26-35,Mumbai,Silver,2023-06-06,Yes
CU10663,Sai Das,F,46-60,Hyderabad,Bronze,2023-06-20,Yes
CU10664,Rahul Nair,M,26-35,Kolkata,Silver,2021-04-30,No
CU10665,Priya Iyer,F,46-60,Hyderabad,Gold,2023-12-27,Yes
CU10666,Arjun Pillai,M,46-60,Hyderabad,Bronze,2021-09-07,No
CU10667,Diya Rao,F,36-45,Kochi,Silver,2022-03-21,Yes
CU10668,Rohan Nair,M,46-60,Delhi,Silver,2024-10-21,No
CU10669,Ishaan Rao,F,36-45,Pune,Bronze,2024-11-24,Yes
CU10670,Ishaan Pillai,M,46-60,Chennai,Bronze,2023-08-31,Yes
CU10671,Vihaan Reddy,M,18-25,Chennai,Bronze,2023-12-09,Yes
CU10672,Isha Das,F,46-60,Bengaluru,Bronze,2021-11-23,No
CU10673,Ganesh Das,M,36-45,Kochi,Silver,2022-08-14,No
CU10674,Arjun Patel,M,36-45,Hyderabad,Bronze,2024-09-27,No
CU10675,Vivaan Iyer,M,36-45,Chennai,Silver,2022-07-16,Yes
CU10676,Naveen Pillai,F,18-25,Chennai,Bronze,2024-02-10,No
CU10677,Sai Rao,M,46-60,Kolkata,Bronze,2023-08-07,Yes
CU10678,Farhan Khan,F,26-35,Bengaluru,Silver,2021-07-21,No
CU10679,Ananya Iyer,M,36-45,Kochi,Bronze,2022-01-03,No
CU10680,Ishaan Verma,M,18-25,Kolkata,Gold,2024-04-02,No
CU10681,Aditya Das,F,46-60,Pune,Bronze,2023-08-01,Yes
CU10682,Priya Menon,M,18-25,Coimbatore,Bronze,2024-08-05,Yes
CU10683,Tara Patel,F,26-35,Pune,Gold,2024-11-09,Yes
CU10684,Lakshmi Pillai,F,18-25,Mumbai,Bronze,2021-08-22,Yes
CU10685,Sneha Verma,F,36-45,Coimbatore,Bronze,2022-05-06,Yes
CU10686,Aadhya Pillai,F,60+,Mysuru,Bronze,2022-06-15,Yes
CU10687,Aditya Sharma,F,46-60,Mysuru,Silver,2022-05-29,No
CU10688,Karthik Menon,M,26-35,Bengaluru,Bronze,2024-08-27,No
CU10689,Myra Menon,M,36-45,Delhi,Silver,2024-09-19,Yes
CU10690,Ananya Das,F,60+,Bengaluru,Silver,2021-05-27,Yes
CU10691,Ananya Das,M,18-25,Kolkata,Bronze,2023-03-23,No
CU10692,Diya Gupta,M,18-25,Bengaluru,Platinum,2022-06-15,Yes
CU10693,Vivaan Pillai,M,46-60,Chennai,Bronze,2024-02-20,Yes
CU10694,Pooja Sharma,M,18-25,Bengaluru,Gold,2024-08-18,Yes
CU10695,Karthik Sharma,F,26-35,Kochi,Bronze,2024-11-18,No
CU10696,Isha Reddy,M,26-35,Bengaluru,Bronze,2023-02-20,Yes
CU10697,Karthik Sharma,M,26-35,Pune,Bronze,2024-12-16,Yes
CU10698,Pooja Verma,F,26-35,Hyderabad,Bronze,2023-12-02,No
CU10699,Nikita Gupta,F,36-45,Coimbatore,Platinum,2023-03-23,No
CU10700,Pooja Nair,F,18-25,Bengaluru,Bronze,2021-11-12,Yes
CU10701,Ganesh Patel,M,36-45,Mysuru,bronze,2021-02-20,No
CU10702,Kavya Das,M,18-25,Pune,Silver,2024-11-26,Yes
CU10703,Naveen Nair,F,18-25,Delhi,Bronze,2022-12-09,No
CU10704,Lakshmi Menon,M,26-35,Kochi,Silver,2022-06-15,No
CU10705,Deepak Iyer,M,26-35,Bengaluru,Bronze,2024-12-16,No
CU10706,Sai Menon,M,26-35,Kolkata,Silver,2024-01-19,Yes
CU10707,Ishaan Pillai,M,26-35,Kolkata,Bronze,2023-04-27,No
CU10708,Aditya Reddy,F,26-35,Bengaluru,Bronze,2024-02-18,No
CU10709,Ganesh Das,M,36-45,Delhi,Bronze,2024-04-16,Yes
CU10710,Aarav Gupta,M,46-60,Pune,Bronze,2021-11-25,No
CU10711,Zoya Patel,M,26-35,Hyderabad,Silver,2021-01-03,No
CU10712,Nikita Khan,M,26-35,Coimbatore,Silver,2024-07-11,Yes
CU10713,Naveen Gupta,M,26-35,Mumbai,Bronze,2023-10-19,No
CU10714,Sai Menon,M,46-60,Delhi,Bronze,2024-07-01,Yes
CU10715,Farhan Nair,F,18-25,Kochi,Silver,2022-02-12,No
CU10716,Kavya Iyer,M,18-25,Bengaluru,Platinum,2022-07-19,No
CU10717,Sai Singh,F,36-45,Hyderabad,Bronze,2023-12-29,No
CU10718,Vivaan Nair,M,46-60,Chennai,Silver,2022-11-28,Yes
CU10719,Diya Singh,F,60+,Kolkata,Silver,2024-04-23,No
CU10720,Naveen Reddy,F,18-25,Coimbatore,Bronze,2022-10-20,Yes
CU10721,Zoya Khan,M,18-25,Coimbatore,Bronze,2021-04-07,Yes
CU10722,Divya Rao,M,26-35,Pune,Bronze,2023-09-27,Yes
CU10723,Riya Das,F,36-45,Coimbatore,Gold,2021-05-16,Yes
CU10724,Ishaan Sharma,M,18-25,Bengaluru,Bronze,2022-09-12,Yes
CU10725,Rahul Nair,F,26-35,Coimbatore,Bronze,2023-08-20,Yes
CU10726,Aditya Pillai,F,26-35,Delhi,Silver,2024-02-07,Yes
CU10727,Farhan Rao,M,26-35,Pune,Silver,2021-06-04,Yes
CU10728,Deepak Patel,F,26-35,Kolkata,Gold,2023-02-21,Yes
CU10729,Priya Menon,F,18-25,Delhi,Gold,2021-12-02,Yes
CU10730,Arjun Das,M,46-60,Kolkata,Silver,2024-09-28,Yes
CU10731,Vihaan Verma,F,18-25,Pune,Bronze,2022-08-12,Yes
CU10732,Tara Nair,F,46-60,Mumbai,Silver,2024-09-14,Yes
CU10733,Sneha Rao,F,46-60,Kolkata,,2024-11-08,No
CU10734,Riya Das,M,26-35,Mysuru,bronze,2024-11-15,Yes
CU10735,Diya Das,M,36-45,Hyderabad,Bronze,2023-07-30,No
CU10736,Sai Singh,F,46-60,Kochi,Silver,2024-01-15,No
CU10737,Rahul Iyer,F,18-25,Bengaluru,Silver,2022-09-24,Yes
CU10738,Farhan Sharma,F,26-35,Pune,Silver,2023-04-05,Yes
CU10739,Aman Reddy,M,36-45,Mysuru,Bronze,2022-01-04,Yes
CU10740,Ganesh Menon,F,26-35,Kochi,Silver,2021-01-24,No
CU10741,Nikita Khan,M,26-35,Bengaluru,Bronze,2024-05-19,Yes
CU10742,Sanjay Pillai,M,26-35,Hyderabad,Bronze,2023-08-10,No
CU10743,Zoya Pillai,F,18-25,Chennai,Silver,2021-07-24,No
CU10744,Nikita Das,F,46-60,Coimbatore,Bronze,2021-12-12,No
CU10745,Arun Singh,M,46-60,Coimbatore,Bronze,2024-12-10,No
CU10746,Aadhya Gupta,F,46-60,Coimbatore,Silver,2022-12-01,Yes
CU10747,Kavya Das,F,46-60,Kolkata,Bronze,2021-01-23,No
CU10748,Sai Nair,F,46-60,Kolkata,Silver,2021-08-01,No
CU10749,Divya Nair,M,36-45,Mumbai,Silver,2021-08-04,Yes
CU10750,Sanjay Gupta,M,26-35,Chennai,Bronze,2021-06-19,No
CU10751,Vivaan Menon,M,26-35,Kolkata,Silver,2021-06-19,Yes
CU10752,Meera Khan,M,46-60,Coimbatore,Bronze,2024-09-10,No
CU10753,Riya Singh,F,36-45,Kolkata,Bronze,2021-01-04,No
CU10754,Ganesh Nair,F,60+,Kochi,Silver,2022-02-20,Yes
CU10755,Aman Verma,M,18-25,Bengaluru,Bronze,2021-10-28,Yes
CU10756,Vihaan Sharma,M,60+,Pune,Bronze,2024-07-16,No
CU10757,Deepak Khan,F,36-45,Coimbatore,Silver,2021-05-16,Yes
CU10758,Arjun Gupta,M,26-35,Kolkata,Bronze,2022-02-14,Yes
CU10759,Kavya Iyer,F,26-35,Kolkata,Bronze,2023-11-23,Yes
CU10760,Kiara Pillai,F,18-25,Hyderabad,Bronze,2024-06-24,Yes
CU10761,Ananya Singh,M,36-45,Delhi,Bronze,2024-07-12,No
CU10762,Myra Reddy,F,26-35,Pune,Platinum,2022-02-01,No
CU10763,Zoya Das,M,26-35,Delhi,Gold,2022-07-13,No
CU10764,Kavya Iyer,F,36-45,Mysuru,Gold,2022-04-04,Yes
CU10765,Aadhya Gupta,M,36-45,Coimbatore,Gold,2024-10-01,Yes
CU10766,Kavya Patel,M,36-45,Kochi,Platinum,2022-06-09,Yes
CU10767,Arjun Sharma,M,36-45,Delhi,Bronze,2022-04-19,No
CU10768,Zoya Das,F,36-45,Mumbai,Gold,2024-04-01,No
CU10769,Aarav Singh,F,18-25,Delhi,Bronze,2024-09-27,Yes
CU10770,Deepak Sharma,M,36-45,Pune,Silver,2023-04-03,Yes
CU10771,Karthik Iyer,M,18-25,Chennai,Silver,2021-12-02,No
CU10772,Lakshmi Gupta,F,26-35,Bengaluru,Platinum,2023-06-26,Yes
CU10773,Ananya Rao,F,26-35,Chennai,Bronze,2023-01-28,Yes
CU10774,Diya Verma,F,36-45,Delhi,Bronze,2024-04-01,Yes
CU10775,Nikita Reddy,F,26-35,Delhi,Bronze,2022-11-09,Yes
CU10776,Riya Singh,F,18-25,Hyderabad,Silver,2024-12-18,Yes
CU10777,Isha Iyer,F,18-25,Bengaluru,Bronze,2022-10-26,Yes
CU10778,Vivaan Iyer,M,18-25,Chennai,Bronze,2023-03-14,Yes
CU10779,Ganesh Pillai,F,18-25,Chennai,Silver,2021-08-26,Yes
CU10780,Myra Rao,M,26-35,Bengaluru,Silver,2023-07-19,Yes
CU10781,Sneha Gupta,F,46-60,Kochi,Silver,2023-01-12,Yes
CU10782,Rahul Singh,M,26-35,Coimbatore,Bronze,2021-06-25,Yes
CU10783,Divya Verma,M,46-60,Bengaluru,Silver,2021-01-05,Yes
CU10784,Diya Patel,F,26-35,Kolkata,Bronze,2021-12-07,Yes
CU10785,Aadhya Verma,M,26-35,Bengaluru,Bronze,2023-06-28,Yes
CU10786,Ishaan Nair,M,36-45,Mumbai,Bronze,2024-03-01,Yes
CU10787,Arun Iyer,F,36-45,Pune,Bronze,2023-02-24,No
CU10788,Karthik Nair,F,46-60,Coimbatore,Bronze,2024-02-10,Yes
CU10789,Vivaan Patel,M,26-35,Hyderabad,Gold,2021-12-09,Yes
CU10790,Nikita Nair,F,18-25,Coimbatore,Platinum,2022-06-18,Yes
CU10791,Ganesh Reddy,F,46-60,Coimbatore,Silver,2023-11-26,Yes
CU10792,Divya Pillai,F,26-35,Coimbatore,Bronze,2022-04-01,Yes
CU10793,Lakshmi Patel,F,36-45,Bengaluru,Bronze,2022-09-12,No
CU10794,Riya Nair,M,26-35,Pune,Platinum,2022-10-24,Yes
CU10795,Diya Verma,F,36-45,Coimbatore,Gold,2022-08-23,Yes
CU10796,Sneha Iyer,M,26-35,Delhi,Silver,2021-08-11,No
CU10797,Ananya Reddy,F,26-35,Delhi,Bronze,2021-01-17,Yes
CU10798,Rohan Nair,M,36-45,Bengaluru,Bronze,2024-02-17,Yes
CU10799,Isha Verma,F,18-25,Pune,Silver,2024-07-14,No
CU10800,Kavya Reddy,F,26-35,Chennai,Silver,2023-07-21,Yes
CU10801,Riya Gupta,M,46-60,Delhi,,2023-01-23,No
CU10802,Rahul Sharma,M,36-45,Pune,Silver,2021-03-21,No
CU10803,Ishaan Nair,M,36-45,Mumbai,Bronze,2021-09-13,Yes
CU10804,Tara Verma,F,46-60,Mumbai,Gold,2024-06-14,No
CU10805,Arun Khan,F,18-25,Chennai,Bronze,2022-07-27,Yes
CU10806,Isha Das,M,46-60,Pune,Silver,2023-05-27,Yes
CU10807,Rohan Patel,F,18-25,Kolkata,Bronze,2024-03-20,No
CU10808,Naveen Menon,M,36-45,Delhi,Silver,2022-09-08,Yes
CU10809,Aadhya Reddy,M,18-25,Mumbai,Bronze,2023-11-13,Yes
CU10810,Sneha Reddy,F,18-25,Chennai,Gold,2021-08-18,No
CU10811,Lakshmi Iyer,M,18-25,Chennai,Silver,2024-09-04,No
CU10812,Sanjay Iyer,M,26-35,Coimbatore,Bronze,2022-04-23,No
CU10813,Rahul Singh,M,26-35,Chennai,Bronze,2023-03-03,Yes
CU10814,Sai Pillai,F,36-45,Kochi,Bronze,2024-11-07,Yes
CU10815,Kiara Gupta,M,26-35,Pune,Bronze,2021-03-10,No
CU10816,Kavya Nair,M,36-45,Chennai,Bronze,2022-05-02,Yes
CU10817,Arun Gupta,F,26-35,Kolkata,Bronze,2021-03-11,No
CU10818,Aman Patel,F,26-35,Mysuru,Silver,2022-07-04,No
CU10819,Isha Singh,F,36-45,Hyderabad,Silver,2021-01-26,No
CU10820,Sneha Khan,M,26-35,Mysuru,Bronze,2021-02-02,No
CU10821,Vihaan Rao,M,26-35,Chennai,Gold,2024-06-25,No
CU10822,Karthik Verma,M,26-35,Chennai,Gold,2022-12-12,Yes
CU10823,Lakshmi Iyer,M,26-35,Kochi,Bronze,2022-11-09,Yes
CU10824,Ganesh Verma,M,18-25,Mysuru,Silver,2021-11-25,No
CU10825,Priya Reddy,F,18-25,Mysuru,Bronze,2022-04-19,Yes
CU10826,Arun Khan,F,18-25,Mumbai,Gold,2022-10-12,No
CU10827,Ganesh Patel,M,26-35,Pune,Bronze,2023-11-27,No
CU10828,Riya Iyer,F,36-45,Mysuru,Silver,2021-07-10,Yes
CU10829,Lakshmi Singh,M,36-45,Delhi,Silver,2023-05-17,No
CU10830,Karthik Reddy,M,36-45,Mysuru,Gold,2021-12-17,Yes
CU10831,Pooja Reddy,F,36-45,Kolkata,Bronze,2022-12-30,Yes
CU10832,Pooja Singh,F,60+,Mumbai,Gold,2021-10-23,Yes
CU10833,Arjun Pillai,M,60+,Coimbatore,Silver,2022-12-17,Yes
CU10834,Pooja Rao,F,26-35,Coimbatore,Bronze,2021-12-01,No
CU10835,Riya Nair,F,26-35,Hyderabad,Bronze,2023-11-17,Yes
CU10836,Aadhya Rao,M,18-25,Mysuru,Silver,2024-07-18,Yes
CU10837,Zoya Iyer,F,46-60,Pune,Bronze,2022-08-08,Yes
CU10838,Pooja Gupta,M,36-45,Hyderabad,Bronze,2022-07-22,Yes
CU10839,Ananya Khan,F,26-35,Bengaluru,Platinum,2023-04-08,No
CU10840,Lakshmi Das,M,36-45,Coimbatore,Silver,2024-11-20,No
CU10841,Arjun Gupta,F,18-25,Kochi,Bronze,2024-04-01,No
CU10842,Sai Patel,F,46-60,Kolkata,Platinum,2024-05-19,No
CU10843,Tara Sharma,M,26-35,Mumbai,Bronze,2022-07-19,No
CU10844,Ananya Patel,F,46-60,Kolkata,Gold,2024-09-03,Yes
CU10845,Aditya Singh,F,18-25,Mysuru,platinum,2024-05-07,No
CU10846,Aarav Nair,M,18-25,Pune,Gold,2022-11-05,Yes
CU10847,Aditya Sharma,M,26-35,Hyderabad,Bronze,2024-01-03,Yes
CU10848,Pooja Pillai,M,26-35,Kolkata,Bronze,2021-01-12,Yes
CU10849,Riya Patel,F,26-35,Mumbai,Gold,2021-12-18,Yes
CU10850,Diya Sharma,F,26-35,Kochi,Gold,2022-11-12,Yes
CU10851,Vivaan Das,F,46-60,Kolkata,Platinum,2021-06-29,No
CU10852,Riya Pillai,M,18-25,Coimbatore,Bronze,2023-12-26,No
CU10853,Ananya Nair,F,18-25,Kochi,silver,2022-05-21,Yes
CU10854,Ganesh Gupta,F,18-25,Mumbai,Bronze,2023-03-15,Yes
CU10855,Farhan Gupta,F,36-45,Kochi,Silver,2024-07-12,No
CU10856,Farhan Khan,F,18-25,Hyderabad,Bronze,2022-04-26,Yes
CU10857,Kavya Patel,F,18-25,Bengaluru,Gold,2022-02-06,No
CU10858,Vihaan Menon,M,36-45,Hyderabad,Silver,2021-01-28,Yes
CU10859,Lakshmi Verma,F,60+,Mysuru,Silver,2023-09-08,Yes
CU10860,Lakshmi Nair,M,26-35,Chennai,Bronze,2021-10-31,Yes
CU10861,Diya Khan,M,26-35,Coimbatore,Bronze,2022-02-12,No
CU10862,Meera Patel,M,36-45,Delhi,Platinum,2022-01-18,No
CU10863,Nikita Menon,M,26-35,Mumbai,Bronze,2023-02-24,Yes
CU10864,Aadhya Menon,M,26-35,Mysuru,Bronze,2021-10-21,No
CU10865,Arun Patel,F,18-25,Coimbatore,Platinum,2024-03-15,Yes
CU10866,Myra Menon,F,26-35,Coimbatore,Bronze,2024-06-19,Yes
CU10867,Ishaan Iyer,M,46-60,Chennai,bronze,2024-10-06,No
CU10868,Sneha Sharma,F,18-25,Coimbatore,Silver,2021-05-30,No
CU10869,Naveen Khan,F,60+,Pune,Silver,2024-10-09,Yes
CU10870,Pooja Verma,F,36-45,Chennai,Bronze,2021-12-23,No
CU10871,Tara Rao,M,26-35,Mumbai,Bronze,2023-11-05,Yes
CU10872,Divya Rao,M,36-45,Delhi,Bronze,2023-12-01,Yes
CU10873,Ganesh Verma,F,18-25,Mumbai,Bronze,2021-04-25,No
CU10874,Meera Nair,F,60+,Pune,Silver,2022-04-25,Yes
CU10875,Deepak Singh,M,36-45,Kolkata,gold,2022-02-04,No
CU10876,Kavya Pillai,M,18-25,Mumbai,Silver,2022-09-25,No
CU10877,Pooja Khan,M,26-35,Hyderabad,Gold,2024-08-14,Yes
CU10878,Rahul Rao,F,18-25,Kochi,Silver,2024-10-18,Yes
CU10879,Pooja Iyer,F,36-45,Hyderabad,Bronze,2024-06-29,No
CU10880,Aditya Gupta,M,26-35,Hyderabad,Silver,2022-06-16,Yes
CU10881,Isha Iyer,M,36-45,Chennai,Gold,2021-07-07,Yes
CU10882,Sneha Sharma,F,60+,Kolkata,Bronze,2024-07-19,Yes
CU10883,Karthik Verma,F,60+,Bengaluru,Bronze,2023-09-03,Yes
CU10884,Divya Singh,F,36-45,Kolkata,Platinum,2021-11-27,Yes
CU10885,Divya Reddy,F,26-35,Hyderabad,Silver,2021-12-12,Yes
CU10886,Aman Verma,F,36-45,Coimbatore,Bronze,2024-11-20,Yes
CU10887,Kiara Nair,M,36-45,Mumbai,,2021-08-08,No
CU10888,Lakshmi Verma,F,46-60,Chennai,Bronze,2023-07-11,Yes
CU10889,Kiara Singh,F,26-35,Hyderabad,Bronze,2021-08-04,No
CU10890,Vihaan Iyer,F,46-60,Pune,Bronze,2022-01-06,No
CU10891,Deepak Nair,F,36-45,Delhi,Silver,2021-09-21,Yes
CU10892,Rahul Sharma,M,26-35,Kochi,Silver,2021-10-31,No
CU10893,Ananya Sharma,F,18-25,Mumbai,Platinum,2023-12-11,No
CU10894,Tara Reddy,F,18-25,Pune,Silver,2023-06-18,Yes
CU10895,Aditya Sharma,F,26-35,Mumbai,Platinum,2021-07-16,No
CU10896,Priya Pillai,F,46-60,Kochi,Bronze,2023-04-06,Yes
CU10897,Tara Rao,F,36-45,Kochi,Gold,2024-10-25,Yes
CU10898,Kiara Iyer,F,26-35,Kolkata,bronze,2024-10-19,Yes
CU10899,Riya Gupta,F,36-45,Kochi,Gold,2023-07-13,Yes
CU10900,Ananya Patel,M,,Mysuru,Bronze,2022-05-24,Yes
CU10901,Aadhya Khan,F,18-25,Chennai,Gold,2023-04-20,Yes
CU10902,Riya Khan,M,46-60,Pune,Bronze,2022-09-14,No
CU10903,Myra Iyer,F,18-25,Mysuru,Silver,2021-07-21,No
CU10904,Aarav Verma,F,18-25,Delhi,Bronze,2021-10-08,No
CU10905,Deepak Menon,M,46-60,Coimbatore,Bronze,2023-12-12,Yes
CU10906,Vivaan Sharma,F,36-45,Kochi,Bronze,2023-06-01,No
CU10907,Priya Khan,F,18-25,Pune,Silver,2021-05-07,No
CU10908,Aarav Pillai,M,18-25,Chennai,Bronze,2023-10-04,No
CU10909,Arun Iyer,F,18-25,Mysuru,Bronze,2022-02-20,Yes
CU10910,Aditya Gupta,F,18-25,Kolkata,Silver,2023-08-12,No
CU10911,Ishaan Rao,F,18-25,Hyderabad,Platinum,2023-02-24,No
CU10912,Priya Patel,M,26-35,Kochi,Silver,2024-04-01,No
CU10913,Aadhya Reddy,M,18-25,Mysuru,Bronze,2023-02-05,Yes
CU10914,Vihaan Nair,F,36-45,Hyderabad,Silver,2021-03-03,Yes
CU10915,Nikita Iyer,M,36-45,Mysuru,Bronze,2024-05-11,Yes
CU10916,Kavya Verma,F,26-35,Delhi,Silver,2021-08-05,No
CU10917,Aditya Singh,F,46-60,Mumbai,Silver,2024-07-27,No
CU10918,Divya Gupta,F,18-25,Mumbai,Silver,2022-06-27,No
CU10919,Sneha Nair,F,26-35,Delhi,Silver,2022-07-17,Yes
CU10920,Arjun Singh,F,26-35,Kochi,Silver,2021-09-16,Yes
CU10921,Kiara Verma,M,26-35,Delhi,Silver,2021-02-03,Yes
CU10922,Tara Pillai,F,36-45,Hyderabad,Bronze,2022-10-08,No
CU10923,Ganesh Iyer,F,18-25,Kolkata,Silver,2022-09-09,No
CU10924,Diya Iyer,M,26-35,Kolkata,Platinum,2023-06-21,No
CU10925,Farhan Iyer,F,26-35,Pune,Silver,2024-03-20,Yes
CU10926,Priya Pillai,M,18-25,Chennai,Bronze,2021-11-05,Yes
CU10927,Ganesh Patel,M,18-25,Mumbai,Gold,2023-12-02,Yes
CU10928,Kavya Iyer,M,26-35,Coimbatore,Bronze,2022-06-25,No
CU10929,Vihaan Patel,F,26-35,Hyderabad,Gold,2024-09-25,Yes
CU10930,Deepak Pillai,F,60+,Delhi,Bronze,2023-01-20,No
CU10931,Aditya Sharma,F,36-45,Kolkata,Bronze,2021-09-12,No
CU10932,Aditya Rao,M,46-60,Mumbai,Silver,2021-03-25,Yes
CU10933,Isha Pillai,F,36-45,Mysuru,Platinum,2022-03-26,Yes
CU10934,Zoya Gupta,M,26-35,Mumbai,Silver,2024-07-23,No
CU10935,Aarav Rao,F,46-60,Kolkata,Silver,2021-10-05,Yes
CU10936,Pooja Verma,F,26-35,Chennai,Silver,2024-04-24,Yes
CU10937,Meera Singh,M,26-35,Kolkata,Silver,2021-01-06,Yes
CU10938,Aadhya Gupta,F,26-35,Kochi,Silver,2023-05-23,No
CU10939,Divya Rao,F,36-45,Kolkata,Bronze,2021-04-02,Yes
CU10940,Aadhya Patel,F,36-45,Bengaluru,Platinum,2021-04-04,Yes
CU10941,Riya Rao,M,46-60,Coimbatore,Bronze,2023-07-16,Yes
CU10942,Kavya Iyer,M,36-45,Bengaluru,Platinum,2021-12-25,No
CU10943,Priya Khan,F,26-35,Kochi,Silver,2023-01-31,No
CU10944,Aman Khan,F,26-35,Kolkata,Bronze,2021-03-04,Yes
CU10945,Nikita Iyer,F,26-35,Delhi,Bronze,2024-04-14,Yes
CU10946,Divya Menon,F,18-25,Delhi,Bronze,2021-12-11,Yes
CU10947,Rohan Patel,M,18-25,Kolkata,Silver,2023-02-15,No
CU10948,Aadhya Rao,M,46-60,Mysuru,Silver,2021-10-23,Yes
CU10949,Nikita Iyer,F,26-35,Mysuru,Bronze,2021-01-28,No
CU10950,Priya Pillai,M,26-35,Mumbai,Gold,2023-03-21,Yes
CU10951,Kiara Pillai,M,26-35,Chennai,Bronze,2024-12-19,No
CU10952,Nikita Khan,M,36-45,Kolkata,Gold,2022-10-23,Yes
CU10953,Karthik Patel,M,18-25,Mumbai,Bronze,2023-02-25,Yes
CU10954,Vihaan Rao,M,60+,Mumbai,Silver,2022-09-28,Yes
CU10955,Nikita Pillai,F,26-35,Coimbatore,Bronze,2021-06-01,Yes
CU10956,Tara Singh,F,18-25,Coimbatore,Bronze,2021-05-28,No
CU10957,Sanjay Verma,F,26-35,Kolkata,Bronze,2022-05-19,No
CU10958,Sai Menon,M,60+,Mumbai,Gold,2021-01-01,No
CU10959,Divya Singh,M,26-35,Mysuru,Silver,2021-03-29,Yes
CU10960,Isha Pillai,M,36-45,Bengaluru,Gold,2023-08-23,Yes
CU10961,Arun Rao,F,36-45,Pune,Bronze,2022-12-17,Yes
CU10962,Diya Khan,F,26-35,Kolkata,Bronze,2024-04-24,Yes
CU10963,Myra Reddy,M,36-45,Mumbai,Bronze,2024-06-03,Yes
CU10964,Deepak Das,M,60+,Bengaluru,Bronze,2022-06-29,No
CU10965,Aadhya Verma,F,18-25,Coimbatore,Silver,2022-06-09,No
CU10966,Riya Iyer,F,18-25,Delhi,Bronze,2023-05-16,No
CU10967,Kiara Sharma,F,46-60,Mumbai,Bronze,2022-12-19,No
CU10968,Arun Patel,M,36-45,Delhi,Platinum,2023-06-03,No
CU10969,Aman Reddy,M,18-25,Mysuru,Bronze,2022-07-18,Yes
CU10970,Isha Menon,M,26-35,Kochi,Bronze,2022-05-18,Yes
CU10971,Priya Rao,M,26-35,Bengaluru,Gold,2021-07-29,Yes
CU10972,Rahul Singh,M,36-45,Mumbai,Silver,2022-03-07,No
CU10973,Zoya Pillai,M,26-35,Coimbatore,Gold,2022-08-29,No
CU10974,Karthik Gupta,F,18-25,Coimbatore,Silver,2024-09-09,Yes
CU10975,Karthik Patel,M,36-45,Bengaluru,Bronze,2024-03-19,Yes
CU10976,Naveen Patel,M,36-45,Bengaluru,Bronze,2021-12-31,Yes
CU10977,Farhan Nair,F,46-60,Mumbai,Bronze,2024-02-21,No
CU10978,Aarav Nair,F,26-35,Bengaluru,Bronze,2024-02-07,No
CU10979,Aarav Singh,F,26-35,Coimbatore,Silver,2024-02-08,No
CU10980,Aman Menon,F,18-25,Bengaluru,Bronze,2022-06-29,Yes
CU10981,Nikita Nair,M,26-35,Bengaluru,Bronze,2023-10-27,No
CU10982,Sneha Nair,M,36-45,Hyderabad,Silver,2021-10-29,Yes
CU10983,Rahul Khan,F,36-45,Kolkata,Gold,2021-12-07,Yes
CU10984,Vivaan Das,M,46-60,Mumbai,Bronze,2023-12-25,Yes
CU10985,Meera Nair,F,18-25,Bengaluru,Bronze,2024-02-16,Yes
CU10986,Aadhya Patel,F,36-45,Mysuru,Gold,2024-10-04,No
CU10987,Deepak Khan,M,26-35,Mumbai,Bronze,2023-11-07,No
CU10988,Diya Pillai,F,18-25,Mumbai,Bronze,2024-03-24,No
CU10989,Kavya Menon,M,46-60,Chennai,Bronze,2024-05-03,No
CU10990,Farhan Khan,M,46-60,Delhi,Bronze,2023-04-22,No
CU10991,Diya Nair,F,46-60,Kochi,Silver,2024-11-27,No
CU10992,Deepak Patel,F,18-25,Mysuru,Bronze,2023-04-30,No
CU10993,Deepak Reddy,M,26-35,Coimbatore,Bronze,2021-06-07,No
CU10994,Vihaan Verma,M,26-35,Bengaluru,Bronze,2024-09-13,Yes
CU10995,Vihaan Patel,M,46-60,Bengaluru,Silver,2023-12-07,Yes
CU10996,Zoya Patel,F,46-60,Mysuru,Gold,2023-07-01,No
CU10997,Myra Reddy,F,36-45,Pune,Silver,2021-03-03,Yes
CU10998,Farhan Menon,M,46-60,Delhi,Silver,2022-01-25,Yes
CU10999,Aditya Pillai,F,46-60,Coimbatore,Bronze,2023-06-02,Yes
CU11000,Nikita Iyer,F,26-35,Chennai,Bronze,2024-06-20,No
CU11001,Ishaan Khan,M,26-35,Delhi,Bronze,2021-05-17,Yes
CU11002,Diya Reddy,F,46-60,Coimbatore,Bronze,2022-07-12,No
CU11003,Priya Gupta,F,18-25,Kochi,Bronze,2023-09-13,Yes
CU11004,Meera Khan,M,36-45,Mumbai,Gold,2021-07-03,Yes
CU11005,Myra Nair,F,26-35,Bengaluru,Bronze,2022-09-30,No
CU11006,Riya Iyer,F,36-45,Kolkata,Bronze,2024-03-28,Yes
CU11007,Lakshmi Rao,F,36-45,Mumbai,Silver,2021-06-06,Yes
CU11008,Riya Nair,M,26-35,Pune,Silver,2022-01-20,Yes
CU11009,Lakshmi Verma,M,60+,Coimbatore,Gold,2021-05-27,Yes
CU11010,Myra Singh,M,18-25,Chennai,Silver,2021-10-18,No
CU11011,Arjun Patel,M,60+,Kochi,Gold,2021-02-04,Yes
CU11012,Isha Patel,F,36-45,Kolkata,Bronze,2021-11-21,No
CU11013,Meera Pillai,F,36-45,Kochi,Bronze,2022-10-17,No
CU11014,Zoya Singh,M,18-25,Hyderabad,Bronze,2021-05-09,No
CU11015,Naveen Reddy,M,26-35,Delhi,Silver,2021-12-31,Yes
CU11016,Kavya Gupta,F,36-45,Mysuru,Bronze,2021-07-22,Yes
CU11017,Lakshmi Iyer,F,18-25,Hyderabad,Bronze,2021-03-24,Yes
CU11018,Priya Menon,M,18-25,Chennai,Bronze,2021-01-10,No
CU11019,Kiara Das,F,18-25,Hyderabad,Bronze,2024-06-27,Yes
CU11020,Sanjay Pillai,M,46-60,Bengaluru,Bronze,2022-10-29,Yes
CU11021,Kavya Iyer,F,26-35,Chennai,Bronze,2023-03-09,No
CU11022,Ganesh Patel,F,26-35,Chennai,Silver,2024-01-06,Yes
CU11023,Divya Khan,F,46-60,Delhi,Bronze,2023-08-23,No
CU11024,Tara Das,F,46-60,Mysuru,Silver,2024-04-15,No
CU11025,Zoya Reddy,M,46-60,Bengaluru,Gold,2024-02-07,No
CU11026,Aman Gupta,F,26-35,Pune,Silver,2021-12-22,No
CU11027,Aman Patel,M,26-35,Kolkata,Silver,2024-01-02,Yes
CU11028,Priya Iyer,M,18-25,Coimbatore,Bronze,2024-01-29,Yes
CU11029,Arun Nair,F,46-60,Kochi,Gold,2023-10-16,No
CU11030,Meera Verma,F,46-60,Hyderabad,Silver,2024-07-24,Yes
CU11031,Vihaan Menon,F,36-45,Coimbatore,Bronze,2023-11-09,No
CU11032,Nikita Pillai,F,26-35,Kolkata,Gold,2023-01-16,Yes
CU11033,Arun Rao,M,36-45,Chennai,,2022-05-22,Yes
CU11034,Tara Sharma,F,36-45,Kolkata,Platinum,2023-08-12,No
CU11035,Aadhya Reddy,F,36-45,Chennai,Silver,2023-10-15,Yes
CU11036,Sai Singh,F,60+,Coimbatore,Silver,2022-03-03,Yes
CU11037,Sai Khan,M,26-35,Kochi,Bronze,2023-11-15,Yes
CU11038,Nikita Iyer,M,46-60,Kochi,Bronze,2022-12-14,No
CU11039,Diya Pillai,M,18-25,Pune,Bronze,2024-02-24,No
CU11040,Divya Iyer,M,26-35,Delhi,Gold,2023-06-07,No
CU11041,Isha Reddy,M,46-60,Pune,Bronze,2021-10-20,Yes
CU11042,Rohan Nair,F,46-60,Kochi,Bronze,2023-12-10,Yes
CU11043,Rahul Singh,F,36-45,Delhi,Bronze,2023-03-19,Yes
CU11044,Vihaan Gupta,M,26-35,Mysuru,Bronze,2022-07-07,No
CU11045,Vivaan Menon,M,18-25,Kolkata,Silver,2024-07-24,No
CU11046,Arun Das,F,36-45,Delhi,Silver,2023-03-24,No
CU11047,Ganesh Patel,M,36-45,Pune,Bronze,2022-06-08,Yes
CU11048,Tara Verma,M,18-25,Pune,Bronze,2023-02-18,No
CU11049,Zoya Das,F,18-25,Hyderabad,Bronze,2021-12-06,Yes
CU11050,Ishaan Pillai,M,36-45,Delhi,Gold,2023-11-03,No
CU11051,Myra Reddy,M,18-25,Pune,Bronze,2021-12-06,Yes
CU11052,Aman Das,F,26-35,Coimbatore,Bronze,2021-09-10,Yes
CU11053,Arjun Reddy,M,46-60,Delhi,Bronze,2024-09-24,Yes
CU11054,Ananya Pillai,M,46-60,Delhi,Bronze,2022-07-05,Yes
CU11055,Priya Singh,F,36-45,Mumbai,Silver,2024-01-22,Yes
CU11056,Diya Reddy,M,26-35,Mysuru,Silver,2024-05-12,No
CU11057,Rahul Rao,M,60+,Pune,Bronze,2022-12-22,No
CU11058,Diya Verma,F,26-35,Delhi,Bronze,2022-08-09,No
CU11059,Farhan Sharma,F,26-35,Kochi,Silver,2022-09-26,No
CU11060,Sanjay Nair,M,18-25,Kolkata,Bronze,2022-11-20,No
CU11061,Karthik Menon,F,18-25,Bengaluru,Bronze,2024-01-10,Yes
CU11062,Naveen Sharma,F,36-45,Hyderabad,Bronze,2024-06-17,Yes
CU11063,Sanjay Gupta,F,18-25,Pune,Silver,2023-07-12,Yes
CU11064,Naveen Singh,M,46-60,Kolkata,Platinum,2023-05-27,No
CU11065,Kiara Gupta,M,18-25,Bengaluru,Bronze,2021-10-02,Yes
CU11066,Vihaan Verma,M,46-60,Kochi,Silver,2023-08-13,No
CU11067,Kiara Singh,F,36-45,Bengaluru,Bronze,2024-04-21,Yes
CU11068,Ishaan Pillai,F,46-60,Delhi,Bronze,2022-12-29,Yes
CU11069,Aman Sharma,M,36-45,Mumbai,Bronze,2024-07-10,No
CU11070,Pooja Iyer,M,46-60,Mysuru,Silver,2022-10-09,Yes
CU11071,Ananya Rao,F,26-35,Chennai,Silver,2021-11-28,Yes
CU11072,Sai Reddy,M,60+,Kolkata,Platinum,2024-03-27,No
CU11073,Aadhya Reddy,M,46-60,Mysuru,Gold,2022-10-19,Yes
CU11074,Kiara Nair,F,18-25,Pune,Gold,2024-09-06,No
CU11075,Priya Singh,F,18-25,Mysuru,Bronze,2023-12-07,Yes
CU11076,Rohan Nair,F,26-35,Chennai,Platinum,2023-02-01,Yes
CU11077,Sanjay Khan,M,36-45,Coimbatore,Silver,2021-02-16,Yes
CU11078,Vihaan Pillai,F,36-45,Mumbai,Bronze,2024-06-28,Yes
CU11079,Ishaan Das,M,46-60,Kochi,Bronze,2024-12-18,Yes
CU11080,Priya Reddy,F,46-60,Kochi,Bronze,2024-08-25,Yes
CU11081,Sanjay Menon,F,46-60,Chennai,Silver,2021-01-16,Yes
CU11082,Riya Sharma,F,60+,Mumbai,Silver,2021-10-02,Yes
CU11083,Arjun Khan,F,26-35,Kochi,Platinum,2021-01-09,Yes
CU11084,Rahul Rao,F,18-25,Mumbai,Platinum,2024-11-22,Yes
CU11085,Sneha Verma,M,60+,Hyderabad,Silver,2024-09-24,Yes
CU11086,Vihaan Khan,F,36-45,Mumbai,Gold,2021-06-16,No
CU11087,Sai Rao,M,26-35,Delhi,Gold,2024-12-10,No
CU11088,Karthik Gupta,M,36-45,Kochi,Silver,2022-08-13,No
CU11089,Rahul Nair,M,36-45,Chennai,Bronze,2021-06-18,Yes
CU11090,Aditya Verma,F,18-25,Kochi,Platinum,2021-06-28,Yes
CU11091,Riya Reddy,M,36-45,Bengaluru,Bronze,2021-06-13,Yes
CU11092,Kiara Patel,F,36-45,Kochi,Silver,2023-02-24,No
CU11093,Rohan Khan,M,26-35,Mysuru,Bronze,2021-10-24,Yes
CU11094,Kiara Sharma,F,26-35,Coimbatore,gold,2021-01-30,No
CU11095,Priya Verma,M,36-45,Pune,Gold,2021-01-01,Yes
CU11096,Kavya Pillai,M,18-25,Coimbatore,Bronze,2024-05-07,No
CU11097,Aadhya Patel,F,60+,Kochi,Bronze,2023-11-23,Yes
CU11098,Meera Sharma,F,18-25,Coimbatore,Bronze,2022-07-17,Yes
CU11099,Myra Reddy,F,18-25,Mumbai,Bronze,2023-10-08,No
CU11100,Aditya Das,M,36-45,Mysuru,Silver,2024-08-30,Yes
CU11101,Pooja Reddy,F,36-45,Chennai,Silver,2023-09-03,No
CU11102,Ganesh Patel,M,18-25,Hyderabad,Bronze,2024-03-27,Yes
CU11103,Sneha Pillai,F,26-35,Delhi,Bronze,2022-12-20,Yes
CU11104,Rohan Khan,F,36-45,Coimbatore,Gold,2021-07-07,No
CU11105,Kavya Rao,F,36-45,Pune,Bronze,2024-01-12,No
CU11106,Rahul Das,M,36-45,Kochi,Gold,2023-05-14,Yes
CU11107,Vihaan Sharma,F,26-35,Coimbatore,Bronze,2021-11-01,No
CU11108,Vivaan Khan,F,18-25,Mysuru,Silver,2022-08-11,No
CU11109,Rahul Patel,M,26-35,Chennai,Bronze,2023-11-30,Yes
CU11110,Priya Gupta,M,26-35,Bengaluru,Platinum,2021-03-27,Yes
CU11111,Deepak Singh,M,26-35,Kochi,Bronze,2022-05-06,Yes
CU11112,Myra Patel,F,26-35,Bengaluru,Bronze,2021-10-23,No
CU11113,Divya Verma,F,18-25,Pune,Gold,2024-01-22,Yes
CU11114,Arjun Rao,F,26-35,Chennai,Silver,2021-12-30,Yes
CU11115,Divya Khan,M,26-35,Kolkata,Silver,2023-01-06,No
CU11116,Deepak Das,F,26-35,Chennai,Bronze,2022-06-01,Yes
CU11117,Arun Iyer,M,36-45,Bengaluru,Bronze,2021-11-02,No
CU11118,Meera Gupta,M,26-35,Coimbatore,Bronze,2022-01-15,Yes
CU11119,Nikita Reddy,F,18-25,Hyderabad,Bronze,2022-01-06,No
CU11120,Rohan Iyer,M,18-25,Hyderabad,Bronze,2021-12-08,Yes
CU11121,Vihaan Nair,M,18-25,Bengaluru,silver,2024-02-21,Yes
CU11122,Arun Gupta,M,60+,Mysuru,Bronze,2023-07-07,No
CU11123,Ganesh Iyer,F,60+,Bengaluru,Platinum,2023-06-14,Yes
CU11124,Lakshmi Rao,F,36-45,Coimbatore,Silver,2021-02-17,Yes
CU11125,Deepak Nair,M,60+,Kolkata,Bronze,2024-05-05,No
CU11126,Kiara Verma,M,18-25,Bengaluru,Bronze,2024-01-03,Yes
CU11127,Tara Singh,M,26-35,Coimbatore,Bronze,2024-04-15,No
CU11128,Kiara Reddy,M,26-35,Delhi,Silver,2024-02-11,No
CU11129,Myra Rao,M,26-35,Delhi,Silver,2021-08-15,No
CU11130,Vihaan Singh,F,36-45,Hyderabad,Bronze,2024-06-22,No
CU11131,Sai Verma,F,18-25,Bengaluru,Bronze,2023-12-31,Yes
CU11132,Kiara Sharma,F,60+,Pune,Gold,2021-05-16,No
CU11133,Priya Khan,M,26-35,Pune,Bronze,2023-01-20,No
CU11134,Zoya Patel,F,36-45,Kolkata,Silver,2024-02-09,Yes
CU11135,Aditya Nair,M,26-35,Pune,Bronze,2023-07-09,Yes
CU11136,Aman Rao,F,26-35,Chennai,Bronze,2022-07-31,Yes
CU11137,Farhan Verma,F,18-25,Kochi,Silver,2024-08-25,Yes
CU11138,Vihaan Verma,M,36-45,Delhi,Gold,2024-02-27,No
CU11139,Nikita Sharma,M,18-25,Delhi,Gold,2022-10-02,No
CU11140,Pooja Sharma,F,18-25,Chennai,Silver,2022-02-07,No
CU11141,Vihaan Verma,M,60+,Delhi,Silver,2024-12-03,No
CU11142,Aadhya Patel,F,18-25,Pune,Bronze,2023-08-02,Yes
CU11143,Farhan Pillai,F,46-60,Kochi,Bronze,2024-01-03,No
CU11144,Ananya Iyer,F,46-60,Mumbai,Gold,2024-02-28,Yes
CU11145,Isha Nair,F,26-35,Hyderabad,Platinum,2022-05-29,Yes
CU11146,Arun Gupta,F,18-25,Mysuru,Silver,2022-07-26,No
CU11147,Pooja Sharma,M,36-45,Delhi,Silver,2024-02-28,Yes
CU11148,Meera Menon,M,36-45,Bengaluru,Gold,2021-07-12,No
CU11149,Tara Sharma,M,60+,Bengaluru,Bronze,2021-07-13,No
CU11150,Nikita Patel,M,26-35,Coimbatore,Bronze,2021-02-24,Yes
CU11151,Diya Menon,F,36-45,Mysuru,Gold,2024-03-21,Yes
CU11152,Arjun Verma,M,60+,Delhi,Silver,2021-12-12,Yes
CU11153,Vihaan Khan,F,26-35,Kochi,Bronze,2023-12-25,Yes
CU11154,Sneha Gupta,F,18-25,Mysuru,Silver,2023-11-20,Yes
CU11155,Deepak Rao,M,46-60,Kochi,Platinum,2021-08-12,No
CU11156,Isha Patel,F,26-35,Pune,Silver,2023-06-15,Yes
CU11157,Zoya Reddy,M,26-35,Chennai,Silver,2022-09-13,No
CU11158,Meera Sharma,F,26-35,Mysuru,Bronze,2021-04-06,Yes
CU11159,Deepak Pillai,F,26-35,Delhi,Bronze,2024-01-09,Yes
CU11160,Aditya Rao,F,36-45,Delhi,Platinum,2021-12-29,No
CU11161,Arun Pillai,F,36-45,Bengaluru,Bronze,2023-07-02,No
CU11162,Rohan Nair,M,,Mumbai,Bronze,2022-07-05,Yes
CU11163,Vivaan Nair,M,18-25,Bengaluru,Bronze,2024-10-20,Yes
CU11164,Aadhya Iyer,F,26-35,Coimbatore,Bronze,2023-01-17,Yes
CU11165,Nikita Iyer,M,46-60,Bengaluru,Bronze,2022-11-25,Yes
CU11166,Myra Khan,M,60+,Pune,Bronze,2022-05-13,Yes
CU11167,Rohan Khan,F,36-45,Delhi,Silver,2021-04-05,No
CU11168,Aadhya Sharma,M,18-25,Coimbatore,Gold,2022-03-08,No
CU11169,Rahul Iyer,F,26-35,Mysuru,Silver,2023-10-26,Yes
CU11170,Aadhya Iyer,M,36-45,Chennai,Bronze,2022-06-24,No
CU11171,Tara Gupta,M,60+,Hyderabad,Bronze,2021-05-14,No
CU11172,Nikita Reddy,F,46-60,Mysuru,Bronze,2023-02-22,No
CU11173,Nikita Nair,M,46-60,Kochi,Bronze,2023-04-06,Yes
CU11174,Aman Sharma,F,26-35,Mysuru,Gold,2021-11-21,Yes
CU11175,Riya Khan,M,46-60,Kochi,Silver,2021-01-25,No
CU11176,Kiara Khan,M,60+,Mysuru,Silver,2022-08-24,No
CU11177,Rahul Verma,M,60+,Bengaluru,Silver,2024-09-25,Yes
CU11178,Lakshmi Pillai,M,36-45,Kochi,Bronze,2022-06-28,Yes
CU11179,Meera Gupta,M,26-35,Delhi,Bronze,2021-08-03,Yes
CU11180,Vivaan Pillai,M,46-60,Hyderabad,Bronze,2022-01-29,Yes
CU11181,Divya Khan,M,18-25,Coimbatore,bronze,2021-01-26,Yes
CU11182,Rahul Das,F,36-45,Mysuru,Gold,2022-05-26,Yes
CU11183,Ananya Sharma,F,18-25,Kochi,Silver,2023-04-02,Yes
CU11184,Deepak Patel,M,46-60,Kolkata,Gold,2024-07-10,No
CU11185,Nikita Patel,F,18-25,Pune,Silver,2021-12-27,No
CU11186,Sai Reddy,M,26-35,Hyderabad,Platinum,2021-09-07,Yes
CU11187,Pooja Khan,F,26-35,Hyderabad,Bronze,2021-03-29,No
CU11188,Ishaan Patel,M,18-25,Delhi,Silver,2023-12-19,Yes
CU11189,Farhan Reddy,F,36-45,Pune,Silver,2022-11-13,No
CU11190,Arun Singh,M,18-25,Chennai,Silver,2021-08-12,Yes
CU11191,Karthik Singh,M,26-35,Chennai,Bronze,2023-03-10,Yes
CU11192,Meera Reddy,F,26-35,Mysuru,Silver,2021-01-18,Yes
CU11193,Aditya Das,F,60+,Coimbatore,Gold,2021-06-03,Yes
CU11194,Aadhya Sharma,F,36-45,Delhi,Gold,2024-09-17,Yes
CU11195,Aadhya Iyer,F,46-60,Kolkata,Silver,2021-01-31,No
CU11196,Sanjay Sharma,M,18-25,Hyderabad,Gold,2022-07-10,Yes
CU11197,Ganesh Gupta,M,36-45,Coimbatore,Platinum,2022-02-14,Yes
CU11198,Myra Sharma,M,46-60,Hyderabad,Gold,2022-04-21,Yes
CU11199,Naveen Verma,F,,Mysuru,Bronze,2024-11-14,Yes
CU11200,Karthik Patel,M,46-60,Hyderabad,Gold,2022-09-29,Yes
CU11201,Arun Patel,F,36-45,Kochi,Silver,2024-09-15,No
CU11202,Karthik Gupta,M,26-35,Hyderabad,Silver,2021-11-27,Yes
CU11203,Vivaan Sharma,F,46-60,Kolkata,Gold,2022-08-10,Yes
CU11204,Myra Verma,F,18-25,Chennai,Gold,2023-09-19,Yes
CU11205,Ishaan Nair,F,36-45,Mumbai,Silver,2021-10-19,No
CU11206,Farhan Pillai,M,36-45,Chennai,Bronze,2024-12-01,Yes
CU11207,Kavya Menon,M,36-45,Kochi,Bronze,2023-11-26,No
CU11208,Nikita Reddy,M,26-35,Kochi,Bronze,2024-01-30,No
CU11209,Arun Singh,F,36-45,Mumbai,Silver,2022-10-04,Yes
CU11210,Rohan Rao,M,36-45,Mumbai,Bronze,2021-04-21,Yes
CU11211,Sneha Das,F,36-45,Kochi,Silver,2024-06-05,No
CU11212,Sanjay Das,F,26-35,Hyderabad,Platinum,2022-04-19,No
CU11213,Ananya Iyer,M,,Kochi,Bronze,2023-02-18,No
CU11214,Rohan Menon,F,26-35,Kolkata,Bronze,2021-01-17,No
CU11215,Isha Verma,M,26-35,Kolkata,gold,2022-08-16,Yes
CU11216,Nikita Khan,F,18-25,Pune,Bronze,2024-01-26,No
CU11217,Deepak Reddy,M,46-60,Kochi,,2021-09-19,No
CU11218,Kiara Gupta,F,36-45,Kochi,Platinum,2022-03-02,No
CU11219,Ananya Patel,M,46-60,Bengaluru,Bronze,2023-03-15,No
CU11220,Lakshmi Verma,F,36-45,Coimbatore,Silver,2022-03-07,Yes
CU11221,Myra Singh,M,18-25,Hyderabad,Silver,2024-04-13,Yes
CU11222,Lakshmi Pillai,M,26-35,Delhi,Bronze,2021-10-17,Yes
CU11223,Sneha Menon,F,36-45,Kochi,Bronze,2023-05-11,Yes
CU11224,Aadhya Gupta,F,18-25,Pune,Silver,2024-09-19,Yes
CU11225,Isha Nair,M,26-35,Bengaluru,Silver,2022-06-21,No
CU11226,Arjun Das,M,26-35,Mysuru,Platinum,2024-08-06,Yes
CU11227,Sai Das,M,18-25,Kochi,Gold,2024-10-03,No
CU11228,Deepak Iyer,M,36-45,Kolkata,,2021-10-08,Yes
CU11229,Meera Singh,F,18-25,Delhi,Bronze,2023-06-29,Yes
CU11230,Nikita Sharma,M,18-25,Pune,Silver,2022-02-09,Yes
CU11231,Tara Reddy,M,18-25,Kolkata,Bronze,2024-08-25,Yes
CU11232,Isha Menon,M,46-60,Chennai,Bronze,2024-10-27,Yes
CU11233,Zoya Rao,M,36-45,Mumbai,Silver,2021-02-04,No
CU11234,Diya Patel,F,26-35,Delhi,Gold,2021-05-08,Yes
CU11235,Tara Menon,F,26-35,Kolkata,Bronze,2021-06-01,Yes
CU11236,Zoya Sharma,M,26-35,Coimbatore,Gold,2024-10-29,Yes
CU11237,Aarav Iyer,M,36-45,Kochi,Silver,2023-03-16,Yes
CU11238,Rahul Singh,M,26-35,Kochi,Bronze,2023-06-15,Yes
CU11239,Ganesh Reddy,M,46-60,Hyderabad,Silver,2021-08-06,Yes
CU11240,Nikita Verma,F,18-25,Kochi,Platinum,2023-02-25,Yes
CU11241,Zoya Gupta,F,60+,Coimbatore,Gold,2024-10-14,Yes
CU11242,Riya Reddy,F,46-60,Kolkata,Bronze,2021-12-18,Yes
CU11243,Diya Patel,M,26-35,Mysuru,Silver,2022-06-12,No
CU11244,Ganesh Khan,M,46-60,Bengaluru,Bronze,2024-10-21,Yes
CU11245,Arun Verma,F,18-25,Kolkata,Silver,2022-06-27,Yes
CU11246,Divya Iyer,M,60+,Hyderabad,Platinum,2023-07-10,Yes
CU11247,Arun Das,F,36-45,Pune,Bronze,2021-05-27,Yes
CU11248,Aarav Reddy,M,46-60,Pune,Silver,2024-04-14,No
CU11249,Lakshmi Iyer,F,60+,Mumbai,Silver,2021-02-04,Yes
CU11250,Vihaan Sharma,F,46-60,Coimbatore,Bronze,2023-05-26,No
CU11251,Pooja Pillai,M,36-45,Kolkata,Bronze,2022-05-27,Yes
CU11252,Sneha Singh,M,18-25,Mysuru,Bronze,2022-10-28,Yes
CU11253,Naveen Sharma,F,18-25,Delhi,Silver,2022-03-13,Yes
CU11254,Diya Patel,F,26-35,Delhi,Bronze,2022-06-30,Yes
CU11255,Ganesh Reddy,F,18-25,Bengaluru,Gold,2021-04-07,Yes
CU11256,Riya Menon,M,26-35,Kolkata,Silver,2023-08-20,Yes
CU11257,Priya Khan,F,18-25,Delhi,Silver,2022-04-03,No
CU11258,Ganesh Das,F,18-25,Kochi,Gold,2023-09-03,Yes
CU11259,Vihaan Khan,F,18-25,Mumbai,Bronze,2021-08-10,No
CU11260,Arun Patel,M,18-25,Bengaluru,Bronze,2022-03-27,Yes
CU11261,Arun Nair,F,26-35,Kolkata,Gold,2023-09-20,No
CU11262,Riya Das,M,26-35,Delhi,Silver,2024-04-28,Yes
CU11263,Kiara Singh,M,36-45,Mumbai,Bronze,2022-05-19,No
CU11264,Ananya Menon,F,60+,Pune,,2024-06-13,Yes
CU11265,Tara Nair,M,18-25,Kochi,Bronze,2023-03-07,No
CU11266,Zoya Das,M,26-35,Delhi,Silver,2021-07-16,Yes
CU11267,Ganesh Khan,F,36-45,Kolkata,Silver,2022-05-08,No
CU11268,Aadhya Iyer,F,26-35,Kochi,Bronze,2023-02-19,No
CU11269,Rahul Pillai,M,36-45,Hyderabad,Bronze,2022-08-03,Yes
CU11270,Aditya Reddy,F,36-45,Chennai,Silver,2023-08-15,Yes
CU11271,Isha Verma,M,46-60,Coimbatore,Platinum,2023-04-03,Yes
CU11272,Deepak Nair,F,46-60,Kolkata,Bronze,2023-12-20,No
CU11273,Arjun Gupta,F,18-25,Coimbatore,Bronze,2024-06-01,Yes
CU11274,Vivaan Singh,M,18-25,Mysuru,Bronze,2022-03-17,No
CU11275,Farhan Khan,M,36-45,Mysuru,Bronze,2022-06-16,No
CU11276,Pooja Singh,F,36-45,Chennai,Bronze,2023-02-26,No
CU11277,Arun Gupta,F,26-35,Mumbai,Silver,2021-07-09,Yes
CU11278,Ananya Singh,F,18-25,Kochi,Silver,2024-05-20,Yes
CU11279,Aditya Menon,M,36-45,Kochi,Silver,2022-09-07,No
CU11280,Sanjay Khan,F,36-45,Coimbatore,Silver,2021-07-27,Yes
CU11281,Deepak Das,M,26-35,Kochi,Silver,2024-06-11,Yes
CU11282,Sai Menon,F,26-35,Kochi,Silver,2021-10-10,Yes
CU11283,Ishaan Rao,F,26-35,Kochi,Platinum,2022-10-05,No
CU11284,Vivaan Singh,F,18-25,Chennai,Gold,2024-01-14,Yes
CU11285,Naveen Rao,M,26-35,Delhi,Silver,2021-04-04,No
CU11286,Aman Iyer,F,26-35,Mumbai,Bronze,2024-03-22,No
CU11287,Naveen Das,F,60+,Pune,Bronze,2023-03-09,Yes
CU11288,Sanjay Nair,F,26-35,Kochi,Gold,2022-09-14,Yes
CU11289,Myra Verma,M,26-35,Kochi,Bronze,2022-06-12,Yes
CU11290,Ishaan Das,M,36-45,Bengaluru,Bronze,2022-03-09,Yes
CU11291,Sneha Nair,M,46-60,Hyderabad,Platinum,2022-04-26,Yes
CU11292,Aditya Das,M,36-45,Chennai,Gold,2021-04-03,Yes
CU11293,Priya Nair,M,46-60,Hyderabad,Bronze,2024-09-12,Yes
CU11294,Ananya Gupta,M,26-35,Coimbatore,Bronze,2023-10-10,No
CU11295,Sneha Pillai,M,26-35,Pune,Silver,2021-12-15,No
CU11296,Sanjay Singh,F,46-60,Mysuru,Silver,2024-01-01,Yes
CU11297,Sneha Singh,F,26-35,Bengaluru,Silver,2023-01-20,Yes
CU11298,Diya Patel,M,26-35,Mumbai,Gold,2021-03-13,Yes
CU11299,Naveen Reddy,F,36-45,Kochi,Bronze,2023-05-28,Yes
CU11300,Lakshmi Gupta,M,18-25,Hyderabad,Silver,2023-04-06,Yes
CU11301,Deepak Patel,M,36-45,Chennai,Bronze,2022-09-30,Yes
CU11302,Aman Khan,M,26-35,Coimbatore,Bronze,2023-06-04,Yes
CU11303,Farhan Khan,M,46-60,Kochi,Gold,2023-09-22,Yes
CU11304,Myra Singh,M,18-25,Delhi,Bronze,2021-04-30,No
CU11305,Vihaan Pillai,M,46-60,Hyderabad,Platinum,2021-05-04,Yes
CU11306,Pooja Menon,M,36-45,Kochi,Silver,2022-06-03,No
CU11307,Aadhya Das,M,46-60,Mumbai,Bronze,2021-03-08,Yes
CU11308,Sai Singh,M,60+,Kolkata,Bronze,2022-09-19,Yes
CU11309,Nikita Verma,F,36-45,Pune,Bronze,2021-08-06,No
CU11310,Aadhya Pillai,M,26-35,Delhi,Silver,2023-07-19,Yes
CU11311,Sneha Sharma,M,26-35,Bengaluru,Silver,2024-07-09,No
CU11312,Naveen Pillai,M,,Mumbai,Silver,2024-08-13,Yes
CU11313,Priya Singh,F,36-45,Bengaluru,Bronze,2024-10-04,Yes
CU11314,Diya Patel,F,18-25,Chennai,Silver,2022-10-25,Yes
CU11315,Vivaan Khan,F,46-60,Mumbai,Bronze,2024-07-03,Yes
CU11316,Arun Rao,F,36-45,Hyderabad,Bronze,2023-08-19,Yes
CU11317,Kiara Gupta,M,36-45,Mysuru,Bronze,2021-07-12,No
CU11318,Aman Nair,M,60+,Kochi,Silver,2023-10-24,Yes
CU11319,Ananya Khan,F,36-45,Bengaluru,Gold,2022-10-11,Yes
CU11320,Nikita Verma,F,36-45,Delhi,Bronze,2022-07-05,Yes
CU11321,Priya Pillai,F,26-35,Mumbai,Bronze,2021-12-23,Yes
CU11322,Aditya Verma,F,36-45,Pune,Gold,2021-10-06,No
CU11323,Myra Patel,M,18-25,Mysuru,Platinum,2023-09-11,Yes
CU11324,Ganesh Patel,F,18-25,Kolkata,Platinum,2022-01-28,No
CU11325,Nikita Reddy,M,46-60,Coimbatore,Silver,2023-11-22,Yes
CU11326,Naveen Nair,F,36-45,Mumbai,Bronze,2021-09-05,No
CU11327,Ishaan Iyer,F,26-35,Pune,Gold,2024-03-02,No
CU11328,Ananya Pillai,M,26-35,Kolkata,gold,2022-11-15,Yes
CU11329,Naveen Patel,F,26-35,Pune,Bronze,2024-05-08,Yes
CU11330,Ganesh Sharma,M,26-35,Pune,Bronze,2024-10-23,Yes
CU11331,Rahul Reddy,M,46-60,Pune,Bronze,2023-02-28,No
CU11332,Sai Reddy,M,36-45,Mumbai,Platinum,2024-09-11,No
CU11333,Tara Nair,F,36-45,Hyderabad,Silver,2023-09-03,No
CU11334,Arjun Pillai,F,60+,Delhi,Silver,2022-07-15,No
CU11335,Myra Gupta,F,26-35,Delhi,Bronze,2022-02-12,Yes
CU11336,Sneha Verma,F,18-25,Delhi,Silver,2023-08-18,Yes
CU11337,Deepak Reddy,F,36-45,Delhi,Platinum,2021-08-29,Yes
CU11338,Nikita Iyer,M,18-25,Mumbai,Bronze,2023-10-12,Yes
CU11339,Sneha Das,M,36-45,Chennai,Silver,2024-08-01,No
CU11340,Ananya Iyer,F,26-35,Chennai,Silver,2023-05-16,No
CU11341,Ananya Menon,F,60+,Chennai,Bronze,2022-10-20,No
CU11342,Sanjay Menon,M,46-60,Hyderabad,Bronze,2021-01-09,No
CU11343,Aditya Reddy,M,26-35,Pune,Bronze,2024-11-15,No
CU11344,Farhan Das,F,26-35,Coimbatore,Platinum,2021-10-09,Yes
CU11345,Sai Pillai,M,18-25,Delhi,Silver,2022-01-27,Yes
CU11346,Aadhya Das,M,26-35,Kochi,Silver,2021-05-08,Yes
CU11347,Nikita Verma,F,36-45,Chennai,Gold,2021-03-06,Yes
CU11348,Ananya Rao,F,46-60,Pune,Gold,2022-05-28,Yes
CU11349,Kavya Rao,M,46-60,Mumbai,Silver,2023-12-23,Yes
CU11350,Rahul Menon,M,36-45,Mysuru,Bronze,2023-12-20,Yes
CU11351,Arun Nair,M,46-60,Bengaluru,Bronze,2024-02-16,Yes
CU11352,Lakshmi Sharma,M,46-60,Delhi,Bronze,2024-12-14,Yes
CU11353,Kavya Gupta,F,26-35,Pune,Silver,2022-02-20,Yes
CU11354,Pooja Menon,M,26-35,Chennai,Silver,2021-11-20,No
CU11355,Kavya Gupta,M,36-45,Pune,Silver,2024-07-09,Yes
CU11356,Ishaan Gupta,M,46-60,Mumbai,Silver,2023-02-17,Yes
CU11357,Ishaan Sharma,M,60+,Bengaluru,Gold,2021-11-09,Yes
CU11358,Tara Gupta,F,36-45,Kochi,Bronze,2022-01-18,No
CU11359,Kavya Das,M,36-45,Kochi,Bronze,2022-10-12,Yes
CU11360,Kavya Gupta,M,26-35,Kochi,Bronze,2021-07-01,No
CU11361,Zoya Verma,M,46-60,Chennai,Gold,2022-05-11,Yes
CU11362,Aadhya Verma,M,18-25,Mysuru,Silver,2022-04-23,Yes
CU11363,Kiara Khan,M,26-35,Mysuru,Bronze,2021-09-05,No
CU11364,Sanjay Singh,M,26-35,Bengaluru,Silver,2023-02-16,Yes
CU11365,Ishaan Iyer,F,18-25,Kochi,Gold,2024-05-02,No
CU11366,Kiara Verma,M,26-35,Chennai,Bronze,2024-07-23,Yes
CU11367,Vihaan Nair,F,26-35,Coimbatore,Silver,2023-08-02,No
CU11368,Ganesh Das,F,18-25,Delhi,Gold,2023-04-05,Yes
CU11369,Aman Sharma,F,,Bengaluru,Gold,2024-12-17,Yes
CU11370,Pooja Verma,M,36-45,Pune,Gold,2023-08-01,No
CU11371,Isha Patel,M,36-45,Kolkata,Bronze,2022-03-04,Yes
CU11372,Arjun Sharma,M,36-45,Delhi,Bronze,2023-02-15,Yes
CU11373,Vivaan Khan,M,36-45,Bengaluru,Platinum,2023-06-07,Yes
CU11374,Aman Nair,M,26-35,Bengaluru,Gold,2024-08-09,Yes
CU11375,Tara Verma,F,26-35,Hyderabad,Bronze,2024-01-19,No
CU11376,Nikita Patel,F,36-45,Coimbatore,Gold,2021-07-17,Yes
CU11377,Rohan Singh,F,26-35,Bengaluru,Silver,2024-10-18,Yes
CU11378,Sai Reddy,F,26-35,Mumbai,Bronze,2024-09-07,Yes
CU11379,Tara Reddy,M,46-60,Bengaluru,Bronze,2024-02-24,No
CU11380,Aadhya Das,F,46-60,Mysuru,Bronze,2021-03-20,Yes
CU11381,Rahul Khan,F,26-35,Bengaluru,Silver,2022-04-29,No
CU11382,Priya Menon,M,26-35,Coimbatore,Gold,2023-05-22,Yes
CU11383,Farhan Pillai,M,26-35,Hyderabad,bronze,2022-12-19,Yes
CU11384,Naveen Verma,F,36-45,Kolkata,Bronze,2022-01-03,No
CU11385,Pooja Khan,M,18-25,Kolkata,Silver,2021-05-26,Yes
CU11386,Aadhya Menon,M,26-35,Delhi,Gold,2024-10-05,No
CU11387,Vivaan Menon,M,46-60,Mysuru,Bronze,2022-07-12,No
CU11388,Divya Khan,F,46-60,Kolkata,Platinum,2022-07-31,Yes
CU11389,Aditya Rao,F,36-45,Kolkata,Gold,2022-10-22,No
CU11390,Sanjay Menon,M,46-60,Delhi,Bronze,2021-03-07,Yes
CU11391,Sneha Khan,M,26-35,Bengaluru,Bronze,2024-10-21,Yes
CU11392,Ganesh Singh,F,36-45,Kochi,platinum,2024-12-02,Yes
CU11393,Arjun Gupta,M,18-25,Mysuru,Bronze,2021-01-15,Yes
CU11394,Kavya Sharma,F,18-25,Delhi,Gold,2021-12-23,No
CU11395,Ishaan Reddy,M,26-35,Hyderabad,Gold,2024-09-10,Yes
CU11396,Vivaan Nair,M,26-35,Kochi,Silver,2021-03-24,Yes
CU11397,Kiara Singh,F,26-35,Pune,Gold,2021-06-14,Yes
CU11398,Tara Singh,F,46-60,Bengaluru,Bronze,2023-12-26,No
CU11399,Pooja Nair,M,18-25,Mysuru,Silver,2023-03-01,Yes
CU11400,Tara Patel,M,46-60,Kolkata,Gold,2024-02-03,No
CU11401,Sneha Rao,M,18-25,Mumbai,Bronze,2021-10-10,Yes
CU11402,Diya Reddy,F,36-45,Kochi,Silver,2021-10-11,Yes
CU11403,Kavya Patel,F,26-35,Delhi,Silver,2021-10-16,Yes
CU11404,Sanjay Singh,F,18-25,Bengaluru,Bronze,2024-10-18,No
CU11405,Zoya Verma,M,18-25,Chennai,Bronze,2021-03-21,No
CU11406,Deepak Nair,F,18-25,Kochi,Bronze,2021-06-09,No
CU11407,Deepak Rao,M,46-60,Coimbatore,Gold,2024-07-30,Yes
CU11408,Sai Rao,F,36-45,Kolkata,,2021-09-09,Yes
CU11409,Divya Singh,M,18-25,Mumbai,Bronze,2021-03-16,Yes
CU11410,Divya Pillai,F,46-60,Mumbai,Bronze,2023-02-08,Yes
CU11411,Ganesh Menon,F,60+,Mysuru,Bronze,2022-06-20,No
CU11412,Arun Khan,M,46-60,Coimbatore,Platinum,2021-11-25,Yes
CU11413,Divya Gupta,F,36-45,Mumbai,Gold,2021-09-02,No
CU11414,Arun Gupta,M,46-60,Coimbatore,Bronze,2024-07-14,No
CU11415,Aadhya Iyer,F,26-35,Mumbai,Gold,2024-12-17,Yes
CU11416,Arun Sharma,F,36-45,Kolkata,Gold,2021-08-18,Yes
CU11417,Kavya Sharma,F,46-60,Mumbai,Silver,2022-08-07,No
CU11418,Vivaan Pillai,M,26-35,Hyderabad,Silver,2021-08-01,Yes
CU11419,Deepak Das,M,60+,Mumbai,Platinum,2021-10-12,No
CU11420,Deepak Nair,M,36-45,Bengaluru,Bronze,2024-12-14,Yes
CU11421,Priya Menon,M,46-60,Bengaluru,Bronze,2023-11-21,No
CU11422,Riya Iyer,M,46-60,Delhi,Gold,2024-06-22,Yes
CU11423,Ananya Iyer,M,46-60,Mysuru,Silver,2024-11-22,Yes
CU11424,Nikita Iyer,F,46-60,Coimbatore,Silver,2022-06-14,Yes
CU11425,Aarav Gupta,M,46-60,Pune,Silver,2023-12-15,Yes
CU11426,Riya Reddy,F,46-60,Bengaluru,Silver,2022-10-07,No
CU11427,Sanjay Rao,F,26-35,Mysuru,Bronze,2022-06-23,Yes
CU11428,Naveen Reddy,M,18-25,Mumbai,Silver,2024-07-09,Yes
CU11429,Riya Menon,F,46-60,Coimbatore,Silver,2024-09-14,Yes
CU11430,Lakshmi Reddy,F,26-35,Chennai,Gold,2023-08-26,Yes
CU11431,Sai Das,F,26-35,Bengaluru,Bronze,2023-11-25,No
CU11432,Arun Gupta,F,26-35,Hyderabad,Bronze,2022-04-23,No
CU11433,Naveen Das,F,46-60,Bengaluru,Bronze,2023-08-26,Yes
CU11434,Lakshmi Sharma,M,46-60,Bengaluru,gold,2022-12-06,No
CU11435,Aditya Das,F,18-25,Kochi,Gold,2024-04-11,Yes
CU11436,Divya Verma,M,46-60,Mumbai,Bronze,2022-02-16,Yes
CU11437,Sanjay Singh,M,18-25,Delhi,Bronze,2021-05-14,Yes
CU11438,Vihaan Gupta,F,18-25,Kochi,Bronze,2021-12-18,Yes
CU11439,Pooja Patel,M,36-45,Coimbatore,Gold,2021-06-22,Yes
CU11440,Lakshmi Menon,F,46-60,Hyderabad,Bronze,2022-04-14,Yes
CU11441,Sneha Sharma,F,26-35,Pune,Bronze,2023-12-25,Yes
CU11442,Ganesh Iyer,M,60+,Pune,Bronze,2022-07-25,No
CU11443,Isha Verma,F,60+,Kochi,,2022-09-05,Yes
CU11444,Tara Reddy,F,26-35,Hyderabad,Silver,2022-05-28,No
CU11445,Priya Menon,M,46-60,Delhi,Gold,2024-09-27,No
CU11446,Sai Reddy,M,36-45,Chennai,Bronze,2021-10-15,Yes
CU11447,Myra Gupta,M,18-25,Kolkata,Silver,2023-05-13,No
CU11448,Sanjay Menon,F,36-45,Chennai,Silver,2021-12-24,Yes
CU11449,Ganesh Gupta,F,26-35,Kolkata,,2021-04-23,Yes
CU11450,Tara Patel,M,36-45,Delhi,Bronze,2022-08-12,Yes
CU11451,Farhan Das,M,46-60,Chennai,Bronze,2021-10-08,No
CU11452,Vivaan Rao,F,18-25,Kochi,Bronze,2022-08-25,No
CU11453,Zoya Menon,F,46-60,Chennai,Bronze,2022-02-22,No
CU11454,Diya Menon,F,46-60,Pune,Silver,2023-09-14,Yes
CU11455,Riya Gupta,F,26-35,Mumbai,Bronze,2023-06-10,Yes
CU11456,Kavya Verma,M,26-35,Chennai,Silver,2023-01-19,No
CU11457,Lakshmi Patel,F,26-35,Coimbatore,Gold,2024-07-22,Yes
CU11458,Farhan Gupta,F,18-25,Coimbatore,Bronze,2024-05-22,No
CU11459,Ananya Reddy,F,36-45,Kolkata,Gold,2023-11-03,Yes
CU11460,Kiara Iyer,F,26-35,Hyderabad,Bronze,2024-10-16,No
CU11461,Rahul Nair,M,36-45,Delhi,Bronze,2021-05-17,Yes
CU11462,Ganesh Menon,F,18-25,Mumbai,Silver,2022-02-26,No
CU11463,Sai Iyer,F,18-25,Kolkata,Bronze,2022-08-17,Yes
CU11464,Riya Singh,M,26-35,Mysuru,Silver,2021-01-14,Yes
CU11465,Aadhya Iyer,M,36-45,Pune,Gold,2024-11-17,Yes
CU11466,Aarav Khan,F,18-25,Hyderabad,Silver,2024-08-02,Yes
CU11467,Kiara Iyer,M,36-45,Mumbai,bronze,2022-11-16,No
CU11468,Lakshmi Verma,F,26-35,Chennai,Gold,2021-06-12,No
CU11469,Sneha Pillai,M,46-60,Coimbatore,Silver,2022-03-19,Yes
CU11470,Aadhya Verma,M,18-25,Bengaluru,Silver,2021-09-14,No
CU11471,Tara Verma,M,60+,Bengaluru,Gold,2021-03-14,Yes
CU11472,Naveen Sharma,F,36-45,Delhi,Silver,2022-02-21,No
CU11473,Vivaan Gupta,F,18-25,Kochi,Bronze,2022-06-09,Yes
CU11474,Pooja Das,F,26-35,Delhi,Gold,2023-05-10,No
CU11475,Aarav Singh,M,46-60,Kochi,Silver,2022-12-15,No
CU11476,Priya Reddy,F,36-45,Hyderabad,Silver,2022-01-01,Yes
CU11477,Meera Reddy,M,26-35,Kolkata,Gold,2021-09-22,No
CU11478,Divya Singh,M,46-60,Pune,Gold,2023-04-28,No
CU11479,Priya Khan,M,18-25,Bengaluru,Platinum,2024-08-24,No
CU11480,Lakshmi Nair,F,36-45,Hyderabad,Bronze,2023-01-21,No
CU11481,Aadhya Das,M,18-25,Kolkata,Bronze,2024-01-31,Yes
CU11482,Priya Khan,F,36-45,Mysuru,Bronze,2021-11-10,Yes
CU11483,Aman Iyer,M,26-35,Bengaluru,Silver,2021-09-20,Yes
CU11484,Rahul Gupta,F,18-25,Kochi,Bronze,2023-11-08,Yes
CU11485,Naveen Pillai,F,46-60,Kolkata,Bronze,2023-08-27,No
CU11486,Aarav Das,M,26-35,Kolkata,Bronze,2023-10-15,Yes
CU11487,Kavya Pillai,F,18-25,Kolkata,Gold,2022-04-23,Yes
CU11488,Pooja Rao,F,26-35,Mysuru,Bronze,2021-12-16,Yes
CU11489,Tara Sharma,F,18-25,Coimbatore,Silver,2023-04-11,Yes
CU11490,Farhan Verma,F,26-35,Kolkata,Bronze,2021-09-18,Yes
CU11491,Vivaan Sharma,M,26-35,Hyderabad,Silver,2021-06-20,Yes
CU11492,Deepak Reddy,F,26-35,Pune,Bronze,2022-03-30,No
CU11493,Rahul Menon,M,18-25,Delhi,Silver,2021-05-15,Yes
CU11494,Karthik Menon,M,18-25,Pune,Silver,2021-06-16,Yes
CU11495,Myra Rao,M,26-35,Chennai,Silver,2024-10-17,No
CU11496,Meera Menon,F,36-45,Chennai,Bronze,2024-09-22,Yes
CU11497,Arjun Singh,M,26-35,Chennai,Silver,2024-01-25,No
CU11498,Vivaan Khan,F,46-60,Kolkata,Bronze,2021-07-02,No
CU11499,Arjun Patel,M,18-25,Kolkata,Bronze,2021-10-07,Yes
CU11500,Farhan Khan,M,26-35,Delhi,Silver,2021-04-19,Yes
CU11501,Riya Sharma,F,46-60,Coimbatore,Bronze,2024-03-06,Yes
CU11502,Zoya Sharma,M,36-45,Kolkata,Bronze,2023-12-08,Yes
CU11503,Vihaan Iyer,F,26-35,Chennai,Bronze,2024-05-01,Yes
CU11504,Isha Reddy,M,26-35,Kochi,Gold,2022-04-03,Yes
CU11505,Vivaan Menon,F,18-25,Coimbatore,Bronze,2024-11-28,Yes
CU11506,Naveen Menon,F,36-45,Pune,Bronze,2024-08-21,Yes
CU11507,Zoya Nair,F,18-25,Delhi,Silver,2022-10-02,No
CU11508,Vihaan Menon,F,26-35,Hyderabad,Bronze,2021-08-25,No
CU11509,Deepak Verma,M,36-45,Delhi,Bronze,2024-09-30,Yes
CU11510,Zoya Verma,M,36-45,Kochi,Silver,2024-11-18,Yes
CU11511,Lakshmi Patel,F,26-35,Kochi,Gold,2021-04-14,Yes
CU11512,Aadhya Gupta,M,46-60,Hyderabad,Bronze,2022-05-05,Yes
CU11513,Arjun Sharma,F,46-60,Chennai,Silver,2024-02-25,No
CU11514,Aman Nair,M,26-35,Kolkata,Bronze,2021-09-18,Yes
CU11515,Nikita Rao,M,18-25,Hyderabad,Silver,2021-12-29,No
CU11516,Sanjay Verma,M,36-45,Bengaluru,Platinum,2023-06-14,No
CU11517,Karthik Pillai,M,36-45,Mysuru,Silver,2023-07-30,No
CU11518,Sai Sharma,M,26-35,Mumbai,Bronze,2021-12-16,Yes
CU11519,Vihaan Das,M,26-35,Delhi,Bronze,2023-01-07,Yes
CU11520,Rohan Nair,M,18-25,Coimbatore,Silver,2022-02-03,No
CU11521,Riya Reddy,F,46-60,Chennai,Bronze,2022-08-14,No
CU11522,Pooja Iyer,M,26-35,Delhi,Bronze,2024-01-30,Yes
CU11523,Vivaan Rao,F,60+,Bengaluru,Silver,2022-03-11,No
CU11524,Aditya Verma,M,36-45,Mumbai,Silver,2024-11-16,Yes
CU11525,Pooja Patel,M,36-45,Mumbai,Silver,2022-12-15,Yes
CU11526,Meera Patel,M,36-45,Mysuru,Gold,2021-10-14,Yes
CU11527,Divya Pillai,M,46-60,Mumbai,Bronze,2023-09-26,Yes
CU11528,Arun Khan,M,18-25,Coimbatore,Bronze,2023-08-23,No
CU11529,Riya Patel,F,18-25,Pune,Silver,2022-11-27,No
CU11530,Ishaan Iyer,F,26-35,Delhi,Bronze,2023-01-13,Yes
CU11531,Nikita Sharma,M,36-45,Kochi,Bronze,2022-08-06,Yes
CU11532,Meera Singh,F,26-35,Delhi,Silver,2024-04-04,No
CU11533,Naveen Verma,F,26-35,Kochi,Bronze,2021-12-07,No
CU11534,Nikita Das,M,18-25,Kolkata,Bronze,2021-11-16,Yes
CU11535,Tara Verma,M,26-35,Delhi,Bronze,2021-12-13,Yes
CU11536,Myra Gupta,M,26-35,Bengaluru,Gold,2023-05-23,Yes
CU11537,Riya Khan,M,26-35,Mysuru,Silver,2021-09-16,No
CU11538,Nikita Sharma,F,36-45,Kolkata,Gold,2021-06-13,Yes
CU11539,Rohan Verma,F,26-35,Kochi,Gold,2022-12-17,No
CU11540,Divya Verma,M,60+,Kochi,Bronze,2023-01-13,No
CU11541,Meera Reddy,F,36-45,Pune,silver,2021-06-10,No
CU11542,Kavya Verma,F,36-45,Hyderabad,Silver,2021-08-08,No
CU11543,Kavya Iyer,M,18-25,Hyderabad,Gold,2022-08-07,No
CU11544,Lakshmi Reddy,F,46-60,Chennai,Bronze,2022-02-15,No
CU11545,Pooja Das,M,18-25,Chennai,Silver,2022-03-23,Yes
CU11546,Naveen Das,M,26-35,Delhi,Bronze,2021-06-02,Yes
CU11547,Diya Rao,M,60+,Hyderabad,Bronze,2021-05-09,Yes
CU11548,Myra Reddy,F,26-35,Kolkata,bronze,2024-05-31,No
CU11549,Vihaan Nair,F,18-25,Chennai,Bronze,2022-02-04,Yes
CU11550,Pooja Menon,M,26-35,Kolkata,Bronze,2022-04-16,Yes
CU11551,Sai Sharma,M,26-35,Kochi,Bronze,2021-10-24,Yes
CU11552,Karthik Singh,M,26-35,Kochi,Silver,2021-09-10,Yes
CU11553,Lakshmi Rao,F,18-25,Coimbatore,gold,2024-12-09,Yes
CU11554,Sneha Patel,F,26-35,Chennai,Bronze,2024-07-26,Yes
CU11555,Priya Menon,M,36-45,Delhi,Gold,2022-12-18,No
CU11556,Aman Das,F,36-45,Kolkata,Silver,2021-07-05,No
CU11557,Meera Pillai,F,26-35,Coimbatore,Silver,2024-10-09,Yes
CU11558,Myra Das,F,18-25,Delhi,Silver,2024-11-13,Yes
CU11559,Priya Khan,F,36-45,Mysuru,Bronze,2024-04-12,Yes
CU11560,Vivaan Patel,M,26-35,Mysuru,Silver,2023-08-30,No
CU11561,Sanjay Nair,F,46-60,Kochi,Gold,2023-09-21,No
CU11562,Kiara Verma,M,26-35,Kolkata,Silver,2021-11-24,Yes
CU11563,Ishaan Singh,M,46-60,Mysuru,Gold,2022-02-04,Yes
CU11564,Kiara Reddy,M,18-25,Bengaluru,Bronze,2024-10-11,Yes
CU11565,Aarav Iyer,F,46-60,Kolkata,Bronze,2022-06-11,Yes
CU11566,Arun Pillai,M,36-45,Bengaluru,Bronze,2024-05-16,Yes
CU11567,Arjun Gupta,F,36-45,Mysuru,Bronze,2021-12-06,Yes
CU11568,Nikita Das,F,26-35,Kolkata,Silver,2024-09-23,No
CU11569,Naveen Verma,M,26-35,Bengaluru,Bronze,2021-12-18,Yes
CU11570,Nikita Pillai,F,36-45,Bengaluru,Bronze,2023-02-22,Yes
CU11571,Arjun Verma,M,46-60,Pune,Silver,2022-12-23,Yes
CU11572,Aman Menon,F,36-45,Pune,Silver,2022-08-16,No
CU11573,Ananya Gupta,F,26-35,Chennai,Gold,2022-01-26,No
CU11574,Vivaan Reddy,F,60+,Kolkata,Bronze,2022-02-18,Yes
CU11575,Karthik Das,M,36-45,Pune,Bronze,2023-06-03,Yes
CU11576,Aarav Reddy,F,60+,Hyderabad,Silver,2023-08-12,Yes
CU11577,Deepak Pillai,F,18-25,Mumbai,Silver,2023-07-22,Yes
CU11578,Zoya Iyer,F,26-35,Kochi,Gold,2024-02-13,Yes
CU11579,Sneha Singh,F,26-35,Kolkata,Bronze,2024-04-30,Yes
CU11580,Riya Rao,F,26-35,Kolkata,Bronze,2024-01-28,Yes
CU11581,Karthik Verma,M,18-25,Coimbatore,Gold,2023-12-22,Yes
CU11582,Arjun Pillai,F,36-45,Kochi,silver,2022-11-11,Yes
CU11583,Arjun Iyer,F,46-60,Hyderabad,Silver,2022-07-29,Yes
CU11584,Arun Das,F,46-60,Bengaluru,Bronze,2023-06-30,Yes
CU11585,Vihaan Pillai,F,60+,Kolkata,Bronze,2021-02-23,Yes
CU11586,Aarav Patel,F,36-45,Kochi,Bronze,2021-02-02,Yes
CU11587,Isha Rao,F,36-45,Coimbatore,Bronze,2021-07-12,Yes
CU11588,Zoya Gupta,F,36-45,Bengaluru,Gold,2023-10-13,Yes
CU11589,Isha Patel,M,18-25,Kochi,Gold,2022-12-03,Yes
CU11590,Zoya Gupta,F,46-60,Coimbatore,Gold,2021-06-12,No
CU11591,Sai Menon,F,36-45,Hyderabad,Bronze,2021-07-20,No
CU11592,Sneha Rao,F,36-45,Coimbatore,Platinum,2024-12-13,No
CU11593,Aditya Khan,F,26-35,Bengaluru,Gold,2024-04-11,No
CU11594,Nikita Menon,M,36-45,Delhi,,2023-07-27,No
CU11595,Karthik Singh,F,36-45,Coimbatore,Bronze,2024-06-19,Yes
CU11596,Sai Singh,F,60+,Bengaluru,Bronze,2024-07-14,Yes
CU11597,Rohan Patel,F,26-35,Mumbai,Gold,2023-06-19,Yes
CU11598,Myra Reddy,F,26-35,Mumbai,Bronze,2022-06-09,Yes
CU11599,Lakshmi Nair,F,36-45,Coimbatore,Bronze,2024-09-24,No
CU11600,Naveen Reddy,F,26-35,Bengaluru,Bronze,2021-01-14,Yes
CU11601,Zoya Menon,M,,Kochi,Silver,2024-06-03,Yes
CU11602,Karthik Iyer,M,36-45,Delhi,Bronze,2023-05-03,Yes
CU11603,Rohan Singh,M,18-25,Chennai,Gold,2024-04-20,No
CU11604,Arjun Nair,F,36-45,Coimbatore,Gold,2021-05-23,Yes
CU11605,Aadhya Khan,F,60+,Pune,Platinum,2021-08-14,Yes
CU11606,Ganesh Gupta,F,26-35,Delhi,Silver,2023-03-21,No
CU11607,Aditya Gupta,M,26-35,Mumbai,Gold,2023-07-31,Yes
CU11608,Farhan Nair,M,36-45,Kolkata,Bronze,2022-07-11,No
CU11609,Vivaan Singh,F,18-25,Mumbai,Gold,2022-06-07,Yes
CU11610,Farhan Verma,M,60+,Bengaluru,Silver,2022-06-09,No
CU11611,Isha Iyer,M,46-60,Coimbatore,Bronze,2023-02-04,Yes
CU11612,Sanjay Khan,F,36-45,Chennai,Silver,2022-01-29,Yes
CU11613,Arun Verma,M,18-25,Pune,Bronze,2022-06-21,Yes
CU11614,Aarav Menon,F,46-60,Hyderabad,Bronze,2024-08-25,No
CU11615,Naveen Pillai,M,46-60,Bengaluru,Silver,2023-09-20,Yes
CU11616,Aman Das,F,18-25,Delhi,Silver,2022-12-23,No
CU11617,Riya Patel,M,36-45,Coimbatore,Bronze,2021-10-08,No
CU11618,Rahul Sharma,M,18-25,Hyderabad,Silver,2022-04-11,Yes
CU11619,Divya Das,M,26-35,Kochi,Platinum,2024-03-17,Yes
CU11620,Divya Khan,F,26-35,Mysuru,Bronze,2021-06-01,No
CU11621,Tara Verma,F,36-45,Hyderabad,Gold,2022-09-11,Yes
CU11622,Sanjay Singh,F,18-25,Mysuru,Silver,2021-01-29,No
CU11623,Riya Nair,F,36-45,Coimbatore,Platinum,2024-10-27,No
CU11624,Kiara Pillai,F,46-60,Bengaluru,Bronze,2024-02-15,No
CU11625,Aditya Verma,F,26-35,Hyderabad,Silver,2023-08-17,No
CU11626,Riya Pillai,M,18-25,Kochi,Bronze,2024-01-24,Yes
CU11627,Ganesh Sharma,M,36-45,Kolkata,Bronze,2024-07-08,No
CU11628,Divya Khan,M,60+,Mysuru,Gold,2024-08-15,Yes
CU11629,Aman Patel,M,46-60,Pune,Silver,2021-06-10,No
CU11630,Isha Pillai,M,46-60,Delhi,Silver,2024-04-04,Yes
CU11631,Diya Nair,M,26-35,Chennai,Silver,2022-11-14,Yes
CU11632,Rahul Menon,M,36-45,Mumbai,Silver,2023-07-23,Yes
CU11633,Ganesh Reddy,F,,Chennai,silver,2021-05-28,Yes
CU11634,Aditya Pillai,F,46-60,Bengaluru,Silver,2021-04-22,Yes
CU11635,Arun Verma,F,26-35,Bengaluru,Bronze,2021-07-20,Yes
CU11636,Aman Patel,M,26-35,Mysuru,Silver,2024-07-23,No
CU11637,Priya Iyer,F,26-35,Pune,Bronze,2024-05-31,Yes
CU11638,Kavya Reddy,M,18-25,Kochi,Gold,2022-08-15,No
CU11639,Meera Rao,M,26-35,Delhi,Gold,2021-08-25,Yes
CU11640,Divya Menon,F,26-35,Delhi,Silver,2021-06-22,Yes
CU11641,Vivaan Pillai,M,18-25,Coimbatore,Bronze,2021-12-18,Yes
CU11642,Vivaan Gupta,M,46-60,Chennai,Silver,2024-03-27,Yes
CU11643,Pooja Iyer,F,60+,Mysuru,Bronze,2022-08-12,Yes
CU11644,Aditya Patel,M,18-25,Coimbatore,Silver,2021-11-25,No
CU11645,Rahul Patel,F,36-45,Hyderabad,Gold,2024-08-31,Yes
CU11646,Arun Reddy,F,36-45,Hyderabad,Bronze,2022-08-07,Yes
CU11647,Tara Reddy,M,36-45,Bengaluru,bronze,2022-01-11,No
CU11648,Lakshmi Reddy,M,18-25,Delhi,Platinum,2023-07-01,No
CU11649,Ishaan Das,M,36-45,Delhi,Platinum,2021-08-16,Yes
CU11650,Myra Das,F,26-35,Kochi,Silver,2021-05-21,No
CU11651,Diya Rao,M,26-35,Chennai,Bronze,2024-06-29,Yes
CU11652,Myra Verma,F,18-25,Hyderabad,Bronze,2023-01-19,Yes
CU11653,Naveen Rao,F,18-25,Kochi,Silver,2023-06-09,Yes
CU11654,Sai Menon,F,46-60,Kolkata,Gold,2021-01-30,Yes
CU11655,Aarav Nair,M,26-35,Bengaluru,Silver,2023-11-18,Yes
CU11656,Vivaan Verma,M,18-25,Pune,Gold,2021-01-13,No
CU11657,Sneha Patel,M,26-35,Coimbatore,Bronze,2023-09-11,No
CU11658,Pooja Patel,M,60+,Mysuru,Bronze,2024-03-04,No
CU11659,Isha Iyer,F,36-45,Delhi,Silver,2022-02-27,Yes
CU11660,Divya Rao,M,26-35,Bengaluru,Gold,2024-08-02,Yes
CU11661,Deepak Reddy,M,18-25,Coimbatore,Bronze,2022-07-16,Yes
CU11662,Diya Das,M,36-45,Hyderabad,silver,2022-03-09,No
CU11663,Pooja Singh,F,26-35,Coimbatore,Platinum,2024-03-30,Yes
CU11664,Rahul Reddy,F,18-25,Kolkata,Gold,2024-02-17,No
CU11665,Vihaan Pillai,F,36-45,Chennai,Silver,2023-07-15,Yes
CU11666,Farhan Sharma,F,26-35,Pune,Silver,2021-12-29,No
CU11667,Diya Menon,M,36-45,Delhi,Silver,2024-12-07,No
CU11668,Sai Iyer,F,26-35,Delhi,Silver,2023-02-05,No
CU11669,Sanjay Verma,F,36-45,Chennai,Bronze,2022-09-29,Yes
CU11670,Myra Patel,M,26-35,Coimbatore,Bronze,2024-11-09,Yes
CU11671,Zoya Rao,F,18-25,Pune,Silver,2022-03-17,Yes
CU11672,Ishaan Sharma,M,18-25,Coimbatore,Bronze,2024-04-08,No
CU11673,Rohan Iyer,F,26-35,Delhi,Silver,2023-12-11,Yes
CU11674,Aditya Gupta,M,46-60,Chennai,Bronze,2021-09-18,Yes
CU11675,Aarav Verma,F,18-25,Kolkata,Silver,2021-01-09,Yes
CU11676,Aarav Verma,F,46-60,Bengaluru,Silver,2023-06-12,No
CU11677,Isha Khan,M,26-35,Mysuru,Gold,2023-06-07,Yes
CU11678,Diya Iyer,M,36-45,Mysuru,Silver,2022-10-29,Yes
CU11679,Meera Pillai,F,18-25,Chennai,silver,2023-11-04,Yes
CU11680,Aman Sharma,M,36-45,Mumbai,Gold,2024-02-13,No
CU11681,Sai Sharma,M,36-45,Mysuru,Gold,2022-05-17,Yes
CU11682,Tara Verma,F,26-35,Mumbai,Silver,2023-04-30,Yes
CU11683,Lakshmi Iyer,F,36-45,Chennai,Silver,2023-02-14,Yes
CU11684,Pooja Das,M,26-35,Mysuru,Gold,2023-08-25,No
CU11685,Arun Sharma,F,18-25,Kolkata,Bronze,2023-10-04,No
CU11686,Diya Khan,M,36-45,Bengaluru,Gold,2023-07-17,No
CU11687,Kavya Gupta,M,36-45,Kolkata,Bronze,2023-12-18,Yes
CU11688,Priya Rao,M,36-45,Kochi,Gold,2023-01-02,Yes
CU11689,Arjun Singh,F,46-60,Mumbai,Bronze,2022-08-31,Yes
CU11690,Kavya Nair,F,26-35,Chennai,Gold,2021-10-26,Yes
CU11691,Rahul Verma,F,26-35,Delhi,Silver,2023-11-08,Yes
CU11692,Sanjay Pillai,F,18-25,Coimbatore,Bronze,2022-03-03,No
CU11693,Naveen Reddy,F,18-25,Mysuru,Bronze,2021-02-15,Yes
CU11694,Ananya Rao,F,36-45,Delhi,Bronze,2022-08-13,Yes
CU11695,Meera Verma,F,36-45,Mysuru,Platinum,2022-09-23,No
CU11696,Riya Sharma,M,36-45,Kolkata,Silver,2024-01-23,Yes
CU11697,Sai Reddy,F,36-45,Hyderabad,Bronze,2023-10-30,No
CU11698,Vihaan Rao,F,26-35,Chennai,Silver,2022-11-06,Yes
CU11699,Zoya Pillai,M,60+,Bengaluru,Bronze,2023-06-11,No
CU11700,Naveen Nair,F,18-25,Mumbai,Silver,2023-05-29,No
CU11701,Lakshmi Sharma,F,46-60,Coimbatore,Bronze,2023-08-24,Yes
CU11702,Ishaan Khan,F,26-35,Coimbatore,Bronze,2022-01-28,Yes
CU11703,Kavya Patel,M,60+,Mumbai,Gold,2023-07-18,No
CU11704,Sneha Nair,M,36-45,Coimbatore,Gold,2022-08-22,Yes
CU11705,Arjun Iyer,M,26-35,Mumbai,Bronze,2024-02-08,Yes
CU11706,Divya Verma,F,18-25,Hyderabad,Bronze,2024-06-03,Yes
CU11707,Kavya Menon,M,26-35,Kochi,Bronze,2022-08-16,Yes
CU11708,Aarav Menon,F,26-35,Kolkata,Gold,2021-01-24,Yes
CU11709,Rohan Gupta,F,26-35,Coimbatore,Bronze,2022-04-11,Yes
CU11710,Karthik Gupta,F,36-45,Mysuru,Silver,2023-12-09,Yes
CU11711,Sai Reddy,M,36-45,Chennai,Bronze,2024-11-13,No
CU11712,Aditya Khan,M,18-25,Mysuru,Silver,2024-03-02,Yes
CU11713,Lakshmi Gupta,M,26-35,Kolkata,Gold,2024-10-02,No
CU11714,Aditya Pillai,M,36-45,Mumbai,Bronze,2023-01-30,Yes
CU11715,Divya Iyer,F,26-35,Bengaluru,Silver,2022-04-28,Yes
CU11716,Kiara Patel,M,18-25,Delhi,Bronze,2021-05-30,No
CU11717,Ganesh Reddy,F,26-35,Kolkata,Silver,2024-07-09,Yes
CU11718,Farhan Sharma,F,18-25,Chennai,Bronze,2022-09-10,Yes
CU11719,Diya Nair,F,26-35,Mumbai,Bronze,2024-06-21,Yes
CU11720,Riya Verma,M,18-25,Kolkata,Bronze,2021-11-20,No
CU11721,Farhan Iyer,F,18-25,Hyderabad,Gold,2024-06-05,Yes
CU11722,Arun Iyer,M,18-25,Hyderabad,Gold,2023-11-10,Yes
CU11723,Zoya Sharma,F,26-35,Chennai,Bronze,2021-01-05,No
CU11724,Arjun Sharma,F,26-35,Kochi,Platinum,2022-12-08,No
CU11725,Ananya Das,M,36-45,Mysuru,Gold,2022-01-03,No
CU11726,Isha Verma,F,18-25,Coimbatore,Gold,2024-03-03,Yes
CU11727,Karthik Rao,F,36-45,Pune,Silver,2021-03-23,No
CU11728,Myra Rao,F,18-25,Delhi,Bronze,2024-12-13,Yes
CU11729,Diya Iyer,M,36-45,Coimbatore,Bronze,2023-11-15,No
CU11730,Arjun Reddy,M,26-35,Hyderabad,Silver,2023-10-06,Yes
CU11731,Zoya Gupta,M,60+,Kolkata,Silver,2024-01-07,Yes
CU11732,Ananya Nair,F,46-60,Kolkata,Silver,2021-12-08,Yes
CU11733,Kiara Rao,F,26-35,Bengaluru,Silver,2021-11-18,No
CU11734,Farhan Rao,M,26-35,Mysuru,Platinum,2024-04-13,No
CU11735,Tara Singh,M,18-25,Chennai,Bronze,2024-03-15,No
CU11736,Farhan Verma,M,26-35,Coimbatore,Silver,2023-06-09,Yes
CU11737,Pooja Gupta,F,36-45,Kolkata,Bronze,2023-02-14,Yes
CU11738,Meera Gupta,M,60+,Mysuru,Gold,2024-03-15,Yes
CU11739,Sanjay Rao,F,26-35,Bengaluru,Bronze,2021-01-21,No
CU11740,Karthik Nair,F,36-45,Kochi,Silver,2023-09-15,No
CU11741,Aditya Singh,F,18-25,Kochi,Gold,2024-05-04,Yes
CU11742,Vivaan Das,M,26-35,Chennai,Bronze,2023-07-26,Yes
CU11743,Ananya Iyer,M,18-25,Bengaluru,Silver,2023-09-05,No
CU11744,Diya Verma,F,18-25,Delhi,Gold,2022-03-09,No
CU11745,Aman Iyer,F,46-60,Kochi,,2023-05-31,Yes
CU11746,Priya Reddy,M,18-25,Chennai,Gold,2023-02-08,Yes
CU11747,Vivaan Singh,F,18-25,Mysuru,Silver,2022-03-11,No
CU11748,Diya Singh,M,18-25,Mumbai,Gold,2022-08-11,Yes
CU11749,Sanjay Iyer,M,36-45,Kochi,Bronze,2024-09-24,No
CU11750,Zoya Patel,M,46-60,Mysuru,Silver,2021-04-18,Yes
CU11751,Arjun Das,M,18-25,Coimbatore,Silver,2023-07-25,No
CU11752,Sneha Nair,M,46-60,Kolkata,Gold,2021-09-03,Yes
CU11753,Vivaan Verma,M,26-35,Kolkata,Platinum,2024-07-06,Yes
CU11754,Farhan Sharma,F,46-60,Mumbai,Silver,2024-12-08,Yes
CU11755,Deepak Pillai,M,18-25,Kolkata,bronze,2022-04-16,Yes
CU11756,Karthik Reddy,F,36-45,Mumbai,Gold,2022-02-06,Yes
CU11757,Priya Nair,F,60+,Mumbai,Silver,2024-08-10,Yes
CU11758,Kavya Menon,M,18-25,Chennai,Silver,2021-01-13,Yes
CU11759,Ganesh Nair,M,18-25,Chennai,Silver,2023-05-15,Yes
CU11760,Tara Singh,F,18-25,Pune,Bronze,2021-02-08,No
CU11761,Pooja Reddy,M,26-35,Coimbatore,Bronze,2022-08-07,Yes
CU11762,Sanjay Gupta,F,46-60,Mysuru,Silver,2021-05-16,No
CU11763,Ganesh Menon,F,60+,Coimbatore,Gold,2023-06-18,No
CU11764,Diya Pillai,M,18-25,Chennai,Bronze,2021-09-28,Yes
CU11765,Diya Khan,M,46-60,Bengaluru,Silver,2022-12-30,No
CU11766,Sanjay Gupta,F,18-25,Coimbatore,Bronze,2021-07-16,Yes
CU11767,Divya Khan,M,18-25,Mumbai,Bronze,2022-05-26,No
CU11768,Rahul Reddy,F,60+,Delhi,Bronze,2022-09-23,No
CU11769,Myra Sharma,M,36-45,Pune,Bronze,2024-04-11,Yes
CU11770,Arun Reddy,M,26-35,Delhi,Bronze,2024-04-26,Yes
CU11771,Vihaan Khan,F,36-45,Mumbai,Silver,2023-08-26,Yes
CU11772,Arjun Das,M,26-35,Kolkata,Bronze,2024-11-11,Yes
CU11773,Kiara Sharma,F,36-45,Hyderabad,Gold,2022-05-03,No
CU11774,Rohan Reddy,F,36-45,Delhi,Bronze,2023-12-20,No
CU11775,Aman Menon,F,36-45,Kochi,Gold,2021-12-09,No
CU11776,Rohan Rao,M,36-45,Chennai,Bronze,2021-03-25,No
CU11777,Aadhya Nair,M,18-25,Pune,Gold,2024-08-05,No
CU11778,Deepak Iyer,F,36-45,Pune,Bronze,2024-11-14,Yes
CU11779,Arun Verma,F,36-45,Kochi,Bronze,2021-05-11,Yes
CU11780,Vivaan Verma,M,26-35,Bengaluru,Platinum,2021-06-23,No
CU11781,Arun Khan,F,26-35,Mysuru,Silver,2022-09-23,Yes
CU11782,Vihaan Reddy,M,26-35,Coimbatore,Bronze,2021-03-22,Yes
CU11783,Karthik Pillai,M,18-25,Kolkata,Gold,2024-01-06,No
CU11784,Vihaan Pillai,M,26-35,Mumbai,Bronze,2021-04-20,Yes
CU11785,Deepak Singh,F,18-25,Kochi,Bronze,2024-06-29,No
CU11786,Arun Iyer,F,26-35,Hyderabad,Gold,2022-01-23,No
CU11787,Ishaan Singh,F,18-25,Chennai,Silver,2021-11-20,No
CU11788,Aman Khan,M,18-25,Kolkata,Silver,2023-02-13,Yes
CU11789,Sanjay Nair,F,36-45,Bengaluru,Bronze,2024-08-05,No
CU11790,Divya Pillai,M,46-60,Kolkata,Silver,2024-09-27,Yes
CU11791,Nikita Rao,M,36-45,Mumbai,Silver,2024-11-26,No
CU11792,Diya Iyer,F,26-35,Bengaluru,Platinum,2021-09-05,Yes
CU11793,Divya Singh,F,46-60,Hyderabad,Silver,2021-11-05,Yes
CU11794,Sanjay Rao,M,26-35,Chennai,Bronze,2023-03-06,Yes
CU11795,Nikita Khan,M,26-35,Mysuru,Gold,2023-12-16,No
CU11796,Kiara Rao,F,26-35,Mumbai,Silver,2021-11-16,Yes
CU11797,Karthik Verma,F,60+,Coimbatore,Bronze,2022-08-12,No
CU11798,Kavya Khan,M,18-25,Bengaluru,platinum,2022-08-05,Yes
CU11799,Arun Iyer,F,18-25,Kolkata,Silver,2021-12-10,Yes
CU11800,Aditya Iyer,F,46-60,Coimbatore,Gold,2023-10-18,No
CU11801,Zoya Rao,F,46-60,Pune,Silver,2022-10-07,Yes
CU11802,Diya Menon,M,46-60,Chennai,Silver,2024-05-14,Yes
CU11803,Deepak Sharma,F,36-45,Kolkata,Bronze,2021-02-09,No
CU11804,Riya Nair,M,26-35,Mumbai,silver,2021-03-27,Yes
CU11805,Ishaan Sharma,F,36-45,Hyderabad,Bronze,2024-06-30,Yes
CU11806,Arjun Pillai,F,18-25,Coimbatore,Silver,2024-09-30,No
CU11807,Kavya Singh,F,36-45,Hyderabad,Bronze,2023-06-28,No
CU11808,Vivaan Patel,M,26-35,Chennai,Bronze,2022-10-28,No
CU11809,Priya Das,M,60+,Mysuru,Silver,2024-05-19,Yes
CU11810,Arjun Sharma,F,18-25,Pune,Bronze,2021-06-19,No
CU11811,Arun Pillai,F,26-35,Kochi,Platinum,2022-10-25,No
CU11812,Diya Das,F,18-25,Delhi,Silver,2023-12-31,Yes
CU11813,Arun Das,F,,Bengaluru,Silver,2022-04-28,Yes
CU11814,Aarav Khan,M,26-35,Kochi,,2021-11-26,Yes
CU11815,Arun Singh,F,36-45,Kochi,Silver,2022-03-04,Yes
CU11816,Naveen Das,F,36-45,Pune,Gold,2023-02-13,No
CU11817,Riya Verma,M,60+,Pune,Bronze,2024-03-07,No
CU11818,Aditya Gupta,F,18-25,Pune,Gold,2021-08-07,No
CU11819,Vihaan Menon,M,18-25,Chennai,Silver,2021-01-18,Yes
CU11820,Arun Nair,F,36-45,Pune,Gold,2023-11-27,Yes
CU11821,Sai Das,M,26-35,Delhi,Silver,2022-06-08,No
CU11822,Priya Iyer,M,36-45,Chennai,Gold,2024-04-20,Yes
CU11823,Isha Patel,F,26-35,Coimbatore,Bronze,2022-11-12,No
CU11824,Karthik Reddy,F,18-25,Coimbatore,Bronze,2022-07-18,No
CU11825,Ishaan Gupta,M,46-60,Kochi,Bronze,2023-11-20,Yes
CU11826,Diya Gupta,M,36-45,Delhi,Bronze,2021-12-24,Yes
CU11827,Pooja Das,F,,Mumbai,Gold,2024-01-10,Yes
CU11828,Isha Patel,M,36-45,Delhi,Bronze,2022-10-09,Yes
CU11829,Lakshmi Gupta,M,46-60,Pune,Bronze,2023-02-18,Yes
CU11830,Sneha Nair,M,26-35,Kochi,Silver,2022-08-13,No
CU11831,Arun Verma,F,26-35,Chennai,Bronze,2022-09-07,No
CU11832,Aadhya Pillai,M,26-35,Kochi,Silver,2021-11-09,Yes
CU11833,Arun Rao,F,18-25,Bengaluru,Bronze,2021-01-05,Yes
CU11834,Arun Das,M,26-35,Kolkata,Bronze,2021-09-19,No
CU11835,Lakshmi Verma,F,46-60,Bengaluru,Gold,2021-07-29,Yes
CU11836,Aadhya Das,F,18-25,Bengaluru,Bronze,2021-09-25,No
CU11837,Sai Pillai,M,26-35,Mumbai,Bronze,2021-10-29,Yes
CU11838,Naveen Nair,F,26-35,Bengaluru,Silver,2022-05-21,Yes
CU11839,Aarav Singh,F,18-25,Mumbai,Gold,2023-12-19,No
CU11840,Ishaan Iyer,M,26-35,Delhi,Bronze,2022-12-16,Yes
CU11841,Aarav Pillai,M,60+,Kolkata,Gold,2023-05-20,No
CU11842,Priya Reddy,M,26-35,Kochi,Gold,2023-11-19,No
CU11843,Kiara Verma,M,36-45,Delhi,Silver,2024-03-14,Yes
CU11844,Isha Nair,M,26-35,Coimbatore,Bronze,2022-06-25,Yes
CU11845,Ishaan Patel,F,46-60,Mysuru,Silver,2021-10-31,No
CU11846,Aditya Rao,F,18-25,Hyderabad,Platinum,2024-12-05,Yes
CU11847,Sanjay Gupta,F,60+,Mysuru,Platinum,2024-11-25,Yes
CU11848,Zoya Menon,M,36-45,Coimbatore,Bronze,2021-06-27,Yes
CU11849,Rohan Gupta,M,46-60,Kochi,Bronze,2023-10-09,Yes
CU11850,Kavya Verma,F,18-25,Chennai,Bronze,2022-02-22,No
CU11851,Isha Khan,M,26-35,Coimbatore,Silver,2022-06-13,Yes
CU11852,Lakshmi Sharma,M,26-35,Hyderabad,Bronze,2022-05-25,Yes
CU11853,Pooja Sharma,M,46-60,Pune,Bronze,2023-04-17,Yes
CU11854,Myra Nair,F,36-45,Kochi,Silver,2024-06-13,Yes
CU11855,Aarav Singh,F,36-45,Kochi,Bronze,2024-04-07,Yes
CU11856,Lakshmi Das,M,46-60,Kochi,Bronze,2021-10-02,No
CU11857,Divya Sharma,M,26-35,Kolkata,Silver,2024-10-09,Yes
CU11858,Aman Menon,M,46-60,Mysuru,Bronze,2023-07-29,Yes
CU11859,Nikita Menon,M,36-45,Pune,Platinum,2021-04-17,No
CU11860,Ananya Sharma,M,46-60,Bengaluru,Bronze,2024-11-23,No
CU11861,Kavya Singh,M,46-60,Hyderabad,Gold,2024-08-08,Yes
CU11862,Farhan Menon,F,26-35,Kochi,Silver,2022-02-15,Yes
CU11863,Aditya Pillai,M,26-35,Hyderabad,Silver,2022-03-21,Yes
CU11864,Vivaan Sharma,M,26-35,Chennai,Gold,2023-09-17,Yes
CU11865,Rohan Pillai,M,36-45,Pune,silver,2024-11-27,Yes
CU11866,Vihaan Singh,M,36-45,Pune,Gold,2021-10-28,Yes
CU11867,Sanjay Reddy,M,60+,Hyderabad,Bronze,2023-12-01,No
CU11868,Aditya Singh,M,26-35,Kolkata,Gold,2022-09-11,Yes
CU11869,Isha Rao,F,36-45,Mysuru,Silver,2022-03-13,Yes
CU11870,Pooja Khan,M,36-45,Kolkata,Gold,2023-01-27,Yes
CU11871,Tara Gupta,M,36-45,Hyderabad,Gold,2023-04-10,Yes
CU11872,Sanjay Verma,F,18-25,Coimbatore,Gold,2023-09-24,Yes
CU11873,Arun Menon,M,18-25,Mysuru,,2024-09-07,Yes
CU11874,Divya Khan,F,18-25,Bengaluru,Bronze,2022-07-03,Yes
CU11875,Deepak Patel,M,36-45,Hyderabad,Silver,2023-03-07,No
CU11876,Aditya Singh,M,46-60,Pune,Silver,2023-01-15,Yes
CU11877,Aadhya Patel,M,26-35,Chennai,Bronze,2021-08-15,No
CU11878,Vihaan Singh,M,46-60,Coimbatore,Silver,2021-08-22,No
CU11879,Aarav Khan,F,26-35,Pune,,2022-11-03,Yes
CU11880,Diya Patel,M,26-35,Bengaluru,Bronze,2021-03-19,Yes
CU11881,Divya Gupta,M,26-35,Coimbatore,Silver,2023-08-18,Yes
CU11882,Tara Sharma,F,18-25,Hyderabad,Bronze,2024-10-26,No
CU11883,Tara Reddy,M,36-45,Kochi,Silver,2021-03-25,Yes
CU11884,Myra Nair,F,26-35,Pune,Bronze,2021-03-13,No
CU11885,Meera Das,M,46-60,Mysuru,Bronze,2023-03-09,Yes
CU11886,Tara Singh,F,26-35,Coimbatore,,2024-05-17,Yes
CU11887,Pooja Pillai,F,46-60,Bengaluru,Bronze,2024-02-17,Yes
CU11888,Myra Gupta,M,18-25,Coimbatore,Platinum,2023-05-04,Yes
CU11889,Riya Nair,F,46-60,Hyderabad,Silver,2021-03-12,Yes
CU11890,Ganesh Pillai,M,46-60,Hyderabad,Platinum,2022-05-13,No
CU11891,Farhan Rao,F,26-35,Kochi,Gold,2024-02-21,Yes
CU11892,Aditya Menon,M,46-60,Mysuru,Bronze,2023-10-31,No
CU11893,Aditya Khan,F,46-60,Delhi,Bronze,2022-05-04,No
CU11894,Nikita Iyer,M,26-35,Kochi,Bronze,2024-02-01,No
CU11895,Aman Khan,F,46-60,Kochi,Bronze,2023-05-06,No
CU11896,Aman Khan,M,46-60,Bengaluru,Silver,2022-11-17,No
CU11897,Ishaan Verma,F,26-35,Delhi,Bronze,2024-10-03,Yes
CU11898,Karthik Patel,F,18-25,Mumbai,Silver,2024-07-03,Yes
CU11899,Farhan Menon,F,,Mysuru,Bronze,2021-12-05,Yes
CU11900,Pooja Singh,M,36-45,Hyderabad,Platinum,2021-12-19,Yes
CU11901,Lakshmi Das,M,36-45,Coimbatore,Bronze,2021-06-11,Yes
CU11902,Sai Gupta,F,46-60,Kolkata,Bronze,2022-08-25,Yes
CU11903,Kavya Gupta,M,26-35,Chennai,Bronze,2022-10-23,No
CU11904,Rahul Nair,F,46-60,Coimbatore,Gold,2024-01-11,No
CU11905,Aditya Reddy,M,46-60,Delhi,Gold,2024-01-05,No
CU11906,Rahul Gupta,F,26-35,Mysuru,Bronze,2022-10-23,Yes
CU11907,Vivaan Singh,M,18-25,Delhi,,2022-11-25,No
CU11908,Arun Das,M,26-35,Delhi,Bronze,2023-08-04,Yes
CU11909,Aditya Menon,F,46-60,Bengaluru,Silver,2024-07-15,Yes
CU11910,Myra Nair,F,26-35,Kochi,Platinum,2024-01-30,Yes
CU11911,Meera Gupta,F,26-35,Pune,Bronze,2024-08-20,Yes
CU11912,Sai Gupta,F,36-45,Delhi,Silver,2024-07-11,Yes
CU11913,Myra Patel,M,36-45,Bengaluru,Silver,2021-12-15,No
CU11914,Aman Nair,M,26-35,Coimbatore,Platinum,2022-01-09,No
CU11915,Sneha Iyer,F,46-60,Hyderabad,Bronze,2024-11-12,Yes
CU11916,Ganesh Pillai,M,26-35,Delhi,Silver,2022-03-15,Yes
CU11917,Myra Iyer,F,36-45,Coimbatore,Gold,2021-07-03,Yes
CU11918,Tara Reddy,M,36-45,Delhi,Bronze,2022-01-06,Yes
CU11919,Priya Nair,M,18-25,Kolkata,Silver,2024-09-27,Yes
CU11920,Kiara Gupta,F,18-25,Kolkata,Bronze,2022-05-25,No
CU11921,Aadhya Khan,M,26-35,Pune,Silver,2023-05-02,Yes
CU11922,Aman Patel,F,18-25,Kolkata,Gold,2024-11-05,Yes
CU11923,Ananya Verma,M,26-35,Pune,Silver,2022-06-25,Yes
CU11924,Lakshmi Nair,M,46-60,Mumbai,Platinum,2024-10-14,No
CU11925,Tara Nair,F,60+,Bengaluru,Silver,2023-05-11,No
CU11926,Divya Iyer,M,36-45,Coimbatore,Silver,2023-11-16,No
CU11927,Isha Nair,F,26-35,Delhi,Silver,2023-04-14,Yes
CU11928,Naveen Nair,F,36-45,Chennai,Bronze,2024-03-15,Yes
CU11929,Kiara Sharma,M,36-45,Bengaluru,Bronze,2021-06-04,Yes
CU11930,Diya Khan,F,36-45,Hyderabad,Bronze,2022-02-04,No
CU11931,Diya Khan,F,36-45,Coimbatore,Silver,2024-01-26,Yes
CU11932,Aditya Rao,F,18-25,Coimbatore,Silver,2022-02-02,Yes
CU11933,Diya Rao,M,18-25,Kochi,Bronze,2023-06-23,Yes
CU11934,Isha Patel,F,26-35,Chennai,Gold,2023-04-07,Yes
CU11935,Pooja Sharma,M,26-35,Pune,Silver,2024-08-11,No
CU11936,Naveen Khan,F,26-35,Bengaluru,Bronze,2022-07-21,No
CU11937,Vivaan Rao,F,36-45,Coimbatore,Gold,2024-09-18,Yes
CU11938,Zoya Nair,M,60+,Chennai,Silver,2023-03-24,No
CU11939,Ishaan Sharma,F,18-25,Coimbatore,Bronze,2024-03-19,Yes
CU11940,Ishaan Verma,F,46-60,Kochi,Bronze,2024-07-29,No
CU11941,Myra Verma,M,26-35,Mysuru,Bronze,2021-02-25,Yes
CU11942,Aman Patel,M,26-35,Pune,Gold,2021-07-26,Yes
CU11943,Nikita Verma,M,18-25,Pune,Bronze,2024-02-29,No
CU11944,Zoya Pillai,M,26-35,Hyderabad,Bronze,2023-07-22,No
CU11945,Farhan Das,M,60+,Hyderabad,Silver,2021-09-01,No
CU11946,Ganesh Das,F,26-35,Delhi,Gold,2024-02-25,No
CU11947,Aman Singh,F,36-45,Coimbatore,Bronze,2021-05-08,No
CU11948,Aarav Rao,M,18-25,Kolkata,Bronze,2024-09-14,No
CU11949,Nikita Patel,F,18-25,Delhi,Bronze,2021-11-25,No
CU11950,Diya Pillai,F,18-25,Kolkata,Bronze,2023-04-12,Yes
CU11951,Aman Khan,M,26-35,Chennai,Bronze,2021-05-01,Yes
CU11952,Priya Iyer,F,60+,Kolkata,Bronze,2023-11-14,No
CU11953,Nikita Singh,M,36-45,Pune,Silver,2024-07-26,Yes
CU11954,Zoya Das,F,26-35,Bengaluru,Bronze,2022-03-20,No
CU11955,Aman Khan,F,18-25,Mysuru,Bronze,2021-05-19,Yes
CU11956,Rahul Das,M,26-35,Chennai,Gold,2023-09-23,No
CU11957,Myra Das,F,26-35,Mysuru,Gold,2021-11-24,No
CU11958,Pooja Nair,F,46-60,Coimbatore,Bronze,2021-12-18,No
CU11959,Lakshmi Das,F,18-25,Pune,Silver,2022-05-23,No
CU11960,Aditya Sharma,M,36-45,Mumbai,Silver,2021-08-18,Yes
CU11961,Aman Nair,F,46-60,Coimbatore,Silver,2022-11-28,Yes
CU11962,Vihaan Verma,F,26-35,Mumbai,Silver,2022-11-02,No
CU11963,Nikita Pillai,F,46-60,Mysuru,Bronze,2021-06-13,Yes
CU11964,Nikita Gupta,F,36-45,Kochi,Platinum,2021-04-15,No
CU11965,Nikita Das,F,18-25,Mysuru,Bronze,2024-10-06,Yes
CU11966,Ishaan Patel,M,46-60,Chennai,Bronze,2022-10-25,No
CU11967,Sanjay Nair,F,26-35,Coimbatore,Bronze,2021-04-10,No
CU11968,Pooja Rao,F,26-35,Mysuru,Bronze,2022-03-27,Yes
CU11969,Pooja Patel,M,36-45,Pune,Silver,2024-09-13,No
CU11970,Lakshmi Singh,M,46-60,Mumbai,Bronze,2022-02-03,Yes
CU11971,Lakshmi Verma,F,26-35,Mumbai,Bronze,2021-04-04,Yes
CU11972,Aditya Menon,F,60+,Hyderabad,Silver,2022-03-10,Yes
CU11973,Lakshmi Pillai,F,46-60,Chennai,Bronze,2021-07-11,Yes
CU11974,Aarav Rao,F,36-45,Pune,Gold,2022-08-25,No
CU11975,Priya Menon,M,36-45,Hyderabad,Gold,2022-12-23,Yes
CU11976,Tara Reddy,F,18-25,Hyderabad,Silver,2023-06-02,No
CU11977,Ganesh Menon,F,46-60,Pune,,2021-04-04,Yes
CU11978,Ananya Reddy,F,46-60,Kochi,Gold,2023-05-05,Yes
CU11979,Ananya Rao,M,46-60,Pune,Silver,2021-03-07,No
CU11980,Arjun Reddy,M,60+,Kochi,Silver,2021-03-19,Yes
CU11981,Lakshmi Iyer,M,26-35,Mumbai,Bronze,2022-03-02,Yes
CU11982,Sneha Rao,M,18-25,Coimbatore,Bronze,2021-10-03,Yes
CU11983,Riya Nair,F,60+,Chennai,Silver,2022-11-25,No
CU11984,Vivaan Rao,F,26-35,Coimbatore,Bronze,2023-09-11,Yes
CU11985,Aarav Menon,F,36-45,Bengaluru,Bronze,2024-04-19,No
CU11986,Rahul Pillai,M,18-25,Mysuru,Silver,2022-05-09,No
CU11987,Divya Iyer,M,36-45,Pune,Silver,2024-01-21,No
CU11988,Kavya Menon,F,26-35,Bengaluru,Bronze,2022-04-17,Yes
CU11989,Deepak Rao,F,18-25,Chennai,Platinum,2022-01-23,Yes
CU11990,Sneha Nair,F,18-25,Hyderabad,Gold,2022-01-11,No
CU11991,Nikita Iyer,M,18-25,Coimbatore,Bronze,2024-03-11,Yes
CU11992,Aadhya Nair,F,26-35,Mysuru,Gold,2021-05-29,No
CU11993,Meera Singh,F,46-60,Kolkata,Silver,2022-10-16,Yes
CU11994,Isha Singh,M,26-35,Hyderabad,Silver,2022-10-20,Yes
CU11995,Pooja Rao,M,46-60,Hyderabad,Silver,2022-05-26,No
CU11996,Aman Patel,M,26-35,Coimbatore,Silver,2023-05-19,Yes
CU11997,Karthik Gupta,F,46-60,Bengaluru,Gold,2021-10-26,No
CU11998,Ishaan Das,F,46-60,Kolkata,Silver,2022-07-02,Yes
CU11999,Nikita Nair,M,18-25,Pune,Bronze,2022-07-20,Yes
CU12000,Farhan Verma,M,18-25,Chennai,Bronze,2021-11-22,Yes
CU12001,Aditya Patel,M,26-35,Kolkata,Bronze,2022-07-06,Yes
CU12002,Deepak Menon,M,46-60,Kolkata,Bronze,2022-07-23,Yes
CU12003,Vivaan Das,M,36-45,Mumbai,Bronze,2023-08-07,No
CU12004,Ishaan Khan,F,26-35,Mumbai,Silver,2022-12-09,No
CU12005,Tara Pillai,M,26-35,Bengaluru,Gold,2023-09-26,Yes
CU12006,Aadhya Sharma,F,26-35,Delhi,Bronze,2024-07-09,No
CU12007,Arun Patel,M,18-25,Chennai,Silver,2022-12-20,Yes
CU12008,Aditya Reddy,M,36-45,Pune,Silver,2021-03-04,Yes
CU12009,Ananya Iyer,F,18-25,Chennai,Gold,2023-01-26,Yes
CU12010,Vivaan Sharma,M,18-25,Hyderabad,Bronze,2021-11-18,Yes
CU12011,Arjun Iyer,M,18-25,Mysuru,Bronze,2023-02-04,No
CU12012,Deepak Verma,M,36-45,Mumbai,Bronze,2022-02-28,No
CU12013,Sanjay Menon,F,36-45,Pune,Bronze,2022-04-20,Yes
CU12014,Myra Pillai,F,26-35,Mysuru,Bronze,2022-10-05,No
CU12015,Ishaan Nair,M,26-35,Kochi,Bronze,2023-04-05,Yes
CU12016,Pooja Nair,F,60+,Delhi,Bronze,2021-11-03,Yes
CU12017,Sanjay Rao,F,46-60,Coimbatore,Bronze,2022-05-25,No
CU12018,Sneha Singh,F,36-45,Chennai,Silver,2023-01-18,No
CU12019,Myra Patel,F,60+,Bengaluru,Gold,2021-08-23,Yes
CU12020,Priya Rao,M,18-25,Pune,Bronze,2023-06-06,No
CU12021,Tara Gupta,M,26-35,Mumbai,Gold,2024-09-10,Yes
CU12022,Ganesh Verma,F,18-25,Kolkata,Silver,2023-06-20,Yes
CU12023,Zoya Nair,F,26-35,Pune,Bronze,2023-08-22,Yes
CU12024,Kavya Nair,F,36-45,Coimbatore,Bronze,2022-07-16,Yes
CU12025,Aditya Das,M,36-45,Pune,Bronze,2024-11-01,No
CU12026,Kavya Sharma,M,36-45,Kochi,Bronze,2024-05-08,No
CU12027,Aadhya Patel,M,18-25,Kolkata,Silver,2023-04-12,No
CU12028,Zoya Patel,M,46-60,Mumbai,Platinum,2021-10-22,Yes
CU12029,Aman Reddy,F,18-25,Chennai,Bronze,2022-08-09,Yes
CU12030,Zoya Nair,M,46-60,Delhi,Bronze,2024-11-05,No
CU12031,Aditya Patel,M,36-45,Coimbatore,Silver,2024-06-27,Yes
CU12032,Priya Singh,M,46-60,Delhi,Silver,2022-02-09,Yes
CU12033,Tara Iyer,M,60+,Delhi,Bronze,2024-01-15,No
CU12034,Kiara Iyer,F,36-45,Hyderabad,Silver,2024-06-19,Yes
CU12035,Myra Das,F,36-45,Chennai,Bronze,2022-04-24,No
CU12036,Kavya Pillai,F,36-45,Delhi,Silver,2022-06-22,Yes
CU12037,Naveen Patel,F,26-35,Kochi,Silver,2023-03-24,Yes
CU12038,Tara Singh,F,36-45,Bengaluru,Gold,2024-09-26,Yes
CU12039,Divya Rao,M,18-25,Kolkata,Bronze,2022-04-11,Yes
CU12040,Isha Reddy,M,46-60,Kolkata,Bronze,2023-05-05,No
CU12041,Farhan Pillai,F,26-35,Hyderabad,Bronze,2024-04-12,Yes
CU12042,Divya Iyer,F,26-35,Mumbai,Bronze,2023-03-16,Yes
CU12043,Meera Rao,M,26-35,Mysuru,Bronze,2024-07-08,Yes
CU12044,Sanjay Nair,F,26-35,Delhi,Bronze,2023-08-08,Yes
CU12045,Meera Rao,M,46-60,Delhi,Silver,2022-03-27,No
CU12046,Nikita Das,M,36-45,Pune,Gold,2022-12-29,No
CU12047,Sanjay Menon,F,36-45,Mumbai,Silver,2022-01-14,Yes
CU12048,Kavya Reddy,M,18-25,Chennai,Bronze,2022-12-18,Yes
CU12049,Aditya Gupta,F,46-60,Pune,Bronze,2024-04-23,No
CU12050,Lakshmi Sharma,M,18-25,Kochi,Silver,2024-05-18,Yes
CU12051,Karthik Singh,M,46-60,Mumbai,Gold,2022-11-01,Yes
CU12052,Pooja Nair,M,36-45,Kolkata,Platinum,2022-04-11,No
CU12053,Tara Nair,M,18-25,Delhi,Bronze,2024-02-27,No
CU12054,Ananya Gupta,M,46-60,Kochi,Bronze,2024-05-11,Yes
CU12055,Rahul Sharma,M,60+,Kolkata,Bronze,2024-02-12,Yes
CU12056,Vihaan Patel,F,60+,Mumbai,Bronze,2023-01-27,No
CU12057,Ananya Menon,F,46-60,Delhi,Platinum,2024-02-28,No
CU12058,Isha Rao,F,36-45,Delhi,Bronze,2021-08-11,Yes
CU12059,Sneha Pillai,F,26-35,Pune,Bronze,2023-09-23,Yes
CU12060,Arun Patel,M,46-60,Kolkata,Platinum,2024-02-17,Yes
CU12061,Lakshmi Das,M,18-25,Bengaluru,Bronze,2022-07-03,No
CU12062,Kiara Khan,F,46-60,Mysuru,Bronze,2022-09-29,Yes
CU12063,Kiara Das,F,26-35,Coimbatore,Bronze,2021-10-27,No
CU12064,Sneha Patel,F,26-35,Delhi,Bronze,2024-06-14,No
CU12065,Aman Pillai,M,46-60,Bengaluru,Silver,2024-03-05,Yes
CU12066,Kiara Nair,M,36-45,Delhi,Bronze,2022-08-12,No
CU12067,Arun Pillai,F,36-45,Mysuru,Bronze,2023-09-16,Yes
CU12068,Vivaan Verma,F,46-60,Mysuru,Bronze,2024-03-29,No
CU12069,Vihaan Pillai,F,26-35,Delhi,Bronze,2022-05-29,Yes
CU12070,Deepak Menon,M,36-45,Coimbatore,Bronze,2021-02-04,Yes
CU12071,Nikita Pillai,M,18-25,Mumbai,Silver,2023-05-19,Yes
CU12072,Riya Iyer,M,26-35,Chennai,Silver,2023-08-28,Yes
CU12073,Deepak Iyer,M,18-25,Mysuru,Bronze,2022-08-27,Yes
CU12074,Lakshmi Sharma,F,,Chennai,Silver,2021-07-25,Yes
CU12075,Ishaan Reddy,M,60+,Kochi,Bronze,2024-08-06,Yes
CU12076,Karthik Das,F,18-25,Pune,Bronze,2023-12-23,Yes
CU12077,Lakshmi Rao,M,26-35,Delhi,Gold,2022-10-22,No
CU12078,Sai Iyer,F,46-60,Coimbatore,Bronze,2024-12-18,Yes
CU12079,Kiara Khan,F,26-35,Pune,Silver,2021-09-16,Yes
CU12080,Tara Menon,M,26-35,Coimbatore,Bronze,2023-09-14,No
CU12081,Ananya Das,F,46-60,Mysuru,Bronze,2023-06-21,Yes
CU12082,Ananya Reddy,M,18-25,Kolkata,Bronze,2021-12-10,Yes
CU12083,Riya Verma,F,18-25,Mysuru,Bronze,2023-12-25,Yes
CU12084,Divya Patel,M,18-25,Mumbai,Bronze,2023-07-09,Yes
CU12085,Diya Pillai,M,26-35,Kolkata,Silver,2021-11-15,Yes
CU12086,Ganesh Singh,M,46-60,Hyderabad,Bronze,2021-06-16,Yes
CU12087,Kavya Nair,F,36-45,Chennai,Gold,2024-10-29,No
CU12088,Rohan Patel,M,36-45,Bengaluru,Bronze,2023-04-14,No
CU12089,Isha Singh,F,26-35,Chennai,Bronze,2024-01-07,No
CU12090,Ananya Sharma,F,36-45,Kochi,Platinum,2022-02-10,Yes
CU12091,Sneha Singh,M,18-25,Hyderabad,Bronze,2022-06-20,Yes
CU12092,Vivaan Menon,F,26-35,Pune,Silver,2024-02-16,No
CU12093,Zoya Iyer,F,18-25,Delhi,Bronze,2023-06-10,No
CU12094,Meera Iyer,F,26-35,Bengaluru,Bronze,2022-10-29,No
CU12095,Rahul Singh,F,26-35,Mysuru,Silver,2021-07-21,No
CU12096,Pooja Nair,M,26-35,Bengaluru,Silver,2024-10-17,No
CU12097,Sai Gupta,F,18-25,Mysuru,Bronze,2024-04-06,Yes
CU12098,Priya Rao,M,36-45,Kolkata,Silver,2024-09-11,No
CU12099,Myra Das,F,36-45,Pune,Bronze,2023-06-01,Yes
CU12100,Ganesh Rao,M,46-60,Bengaluru,Bronze,2022-11-10,Yes
CU12101,Aditya Nair,M,26-35,Kochi,Bronze,2021-10-06,Yes
CU12102,Kavya Das,F,46-60,Delhi,Bronze,2024-05-05,Yes
CU12103,Pooja Patel,M,26-35,Pune,Silver,2021-07-28,Yes
CU12104,Vihaan Sharma,F,18-25,Delhi,Bronze,2023-07-31,No
CU12105,Deepak Singh,M,18-25,Chennai,Bronze,2023-07-01,No
CU12106,Ishaan Rao,F,26-35,Delhi,Gold,2024-09-09,Yes
CU12107,Lakshmi Pillai,M,36-45,Hyderabad,Bronze,2023-04-05,Yes
CU12108,Arun Das,M,26-35,Coimbatore,Silver,2023-12-15,Yes
CU12109,Vihaan Iyer,M,26-35,Mysuru,Silver,2024-05-09,Yes
CU12110,Aman Reddy,M,46-60,Pune,Gold,2023-05-12,Yes
CU12111,Aadhya Sharma,F,26-35,Delhi,Bronze,2022-08-13,Yes
CU12112,Ganesh Sharma,F,60+,Kochi,Bronze,2022-11-01,Yes
CU12113,Myra Rao,M,18-25,Delhi,Bronze,2024-02-04,Yes
CU12114,Priya Sharma,F,18-25,Hyderabad,Bronze,2022-07-29,No
CU12115,Lakshmi Iyer,F,18-25,Chennai,Gold,2021-07-18,No
CU12116,Arjun Gupta,M,26-35,Pune,Gold,2023-05-21,No
CU12117,Ishaan Reddy,F,18-25,Coimbatore,silver,2024-05-08,No
CU12118,Vihaan Khan,M,46-60,Chennai,Silver,2021-03-01,Yes
CU12119,Diya Khan,F,18-25,Hyderabad,Bronze,2022-05-18,No
CU12120,Ganesh Verma,F,18-25,Coimbatore,Bronze,2023-01-31,No
CU12121,Rohan Verma,F,26-35,Delhi,Bronze,2022-12-11,No
CU12122,Vihaan Verma,F,36-45,Kolkata,Bronze,2022-03-20,Yes
CU12123,Lakshmi Nair,M,18-25,Delhi,Silver,2023-05-09,Yes
CU12124,Sneha Patel,F,46-60,Kochi,Gold,2023-08-01,Yes
CU12125,Aarav Menon,F,26-35,Mumbai,Bronze,2024-01-27,No
CU12126,Rohan Khan,F,26-35,Hyderabad,Bronze,2024-05-22,Yes
CU12127,Ishaan Khan,F,26-35,Bengaluru,Silver,2023-02-09,No
CU12128,Meera Reddy,F,26-35,Kolkata,Bronze,2023-02-08,Yes
CU12129,Vihaan Sharma,M,18-25,Coimbatore,Silver,2022-03-06,No
CU12130,Zoya Sharma,M,26-35,Delhi,Silver,2022-09-25,Yes
CU12131,Pooja Singh,F,18-25,Hyderabad,Bronze,2022-01-10,Yes
CU12132,Ishaan Pillai,F,36-45,Hyderabad,Bronze,2022-01-02,Yes
CU12133,Riya Nair,F,46-60,Bengaluru,Gold,2021-05-05,Yes
CU12134,Priya Nair,F,46-60,Mumbai,Gold,2023-09-18,No
CU12135,Nikita Singh,F,26-35,Chennai,Gold,2023-10-03,No
CU12136,Kiara Das,F,18-25,Coimbatore,Bronze,2024-09-12,Yes
CU12137,Aarav Singh,F,36-45,Mumbai,Silver,2024-07-03,No
CU12138,Aadhya Patel,M,36-45,Bengaluru,Gold,2024-11-17,No
CU12139,Sanjay Reddy,F,18-25,Mysuru,Bronze,2022-04-13,Yes
CU12140,Sai Verma,M,18-25,Delhi,Bronze,2023-02-04,Yes
CU12141,Zoya Nair,F,18-25,Mumbai,Bronze,2023-09-15,Yes
CU12142,Lakshmi Iyer,F,26-35,Bengaluru,Bronze,2023-01-24,Yes
CU12143,Ishaan Sharma,F,36-45,Kochi,Bronze,2023-02-26,No
CU12144,Arun Reddy,F,60+,Mysuru,Silver,2024-02-22,Yes
CU12145,Arjun Reddy,M,18-25,Mumbai,Bronze,2023-07-06,Yes
CU12146,Kiara Verma,M,26-35,Mysuru,Bronze,2023-03-17,Yes
CU12147,Riya Rao,M,36-45,Pune,Silver,2024-03-03,No
CU12148,Kiara Menon,M,46-60,Delhi,Silver,2022-09-28,Yes
CU12149,Diya Pillai,M,26-35,Mysuru,Bronze,2023-01-26,Yes
CU12150,Tara Khan,F,26-35,Kochi,Silver,2021-12-24,No
CU12151,Deepak Pillai,M,46-60,Delhi,Bronze,2024-05-25,Yes
CU12152,Meera Rao,M,46-60,Bengaluru,Bronze,2021-04-18,Yes
CU12153,Arjun Verma,M,18-25,Bengaluru,Bronze,2023-03-07,No
CU12154,Sanjay Rao,M,36-45,Hyderabad,Gold,2023-05-25,No
CU12155,Sanjay Reddy,F,26-35,Mysuru,Bronze,2022-12-07,No
CU12156,Aarav Das,M,46-60,Hyderabad,Platinum,2023-04-05,Yes
CU12157,Arun Sharma,F,46-60,Mysuru,Bronze,2022-10-04,Yes
CU12158,Pooja Menon,M,26-35,Mysuru,Silver,2021-12-10,Yes
CU12159,Sai Khan,F,26-35,Bengaluru,Silver,2024-10-19,Yes
CU12160,Priya Iyer,M,18-25,Pune,Gold,2023-01-17,Yes
CU12161,Karthik Verma,F,18-25,Coimbatore,Bronze,2024-12-16,No
CU12162,Divya Nair,F,18-25,Delhi,Gold,2024-09-27,Yes
CU12163,Vivaan Reddy,F,60+,Bengaluru,Bronze,2023-06-02,No
CU12164,Arun Menon,M,36-45,Delhi,Silver,2021-12-10,No
CU12165,Myra Pillai,M,18-25,Chennai,Silver,2022-04-16,Yes
CU12166,Nikita Iyer,F,60+,Chennai,Gold,2021-03-30,No
CU12167,Nikita Rao,F,36-45,Mysuru,Silver,2023-12-11,Yes
CU12168,Kiara Menon,M,26-35,Mysuru,Platinum,2024-03-02,Yes
CU12169,Priya Das,F,26-35,Chennai,Bronze,2021-04-04,Yes
CU12170,Vihaan Reddy,M,26-35,Bengaluru,Bronze,2022-10-08,Yes
CU12171,Aarav Das,F,60+,Mumbai,Silver,2023-07-08,Yes
CU12172,Sanjay Menon,F,26-35,Kolkata,Platinum,2023-04-12,Yes
CU12173,Arun Das,M,18-25,Kochi,Gold,2024-05-06,No
CU12174,Sai Rao,F,18-25,Chennai,Platinum,2021-07-10,Yes
CU12175,Aadhya Das,M,46-60,Kochi,Silver,2021-12-14,Yes
CU12176,Meera Rao,M,26-35,Kolkata,Silver,2021-03-05,No
CU12177,Rohan Patel,F,36-45,Mysuru,Bronze,2021-06-26,Yes
CU12178,Ananya Nair,F,26-35,Mysuru,Bronze,2021-01-23,No
CU12179,Priya Verma,M,26-35,Kolkata,Platinum,2023-12-18,No
CU12180,Meera Iyer,F,26-35,Pune,Platinum,2024-12-12,Yes
CU12181,Ishaan Iyer,M,36-45,Kolkata,Bronze,2021-08-04,Yes
CU12182,Sneha Reddy,M,26-35,Coimbatore,Gold,2024-01-18,Yes
CU12183,Priya Patel,M,18-25,Hyderabad,Silver,2021-05-01,Yes
CU12184,Tara Singh,M,26-35,Hyderabad,Silver,2022-05-17,No
CU12185,Kiara Rao,F,18-25,Pune,Silver,2023-10-14,Yes
CU12186,Pooja Das,M,36-45,Chennai,Gold,2023-10-01,No
CU12187,Isha Verma,M,36-45,Mumbai,Bronze,2021-11-13,Yes
CU12188,Riya Patel,M,26-35,Pune,Gold,2023-12-20,Yes
CU12189,Deepak Reddy,F,46-60,Pune,Silver,2024-10-16,No
CU12190,Aarav Menon,M,36-45,Kochi,Platinum,2022-08-21,No
CU12191,Meera Iyer,M,18-25,Coimbatore,Bronze,2022-12-30,Yes
CU12192,Nikita Iyer,F,46-60,Coimbatore,Bronze,2022-06-13,Yes
CU12193,Lakshmi Khan,F,46-60,Pune,Silver,2021-07-10,Yes
CU12194,Vihaan Khan,F,18-25,Coimbatore,Platinum,2021-08-18,Yes
CU12195,Isha Menon,F,36-45,Pune,Bronze,2024-01-06,No
CU12196,Priya Nair,M,46-60,Bengaluru,Bronze,2022-08-30,Yes
CU12197,Sneha Patel,M,18-25,Kolkata,silver,2023-02-03,No
CU12198,Vihaan Verma,F,36-45,Pune,Silver,2024-05-28,Yes
CU12199,Divya Patel,M,18-25,Mysuru,Silver,2024-11-28,No
CU12200,Aditya Reddy,M,26-35,Kochi,silver,2022-05-18,No
CU12201,Ananya Das,M,36-45,Hyderabad,Bronze,2023-02-10,No
CU12202,Rohan Sharma,F,26-35,Coimbatore,Gold,2022-12-02,No
CU12203,Pooja Das,F,26-35,Chennai,Bronze,2022-01-06,Yes
CU12204,Riya Khan,M,36-45,Delhi,Bronze,2024-10-08,Yes
CU12205,Tara Das,F,46-60,Bengaluru,Silver,2024-09-07,Yes
CU12206,Ganesh Menon,M,18-25,Coimbatore,Gold,2023-03-01,Yes
CU12207,Karthik Patel,M,18-25,Mysuru,,2021-05-08,Yes
CU12208,Arun Verma,F,46-60,Kochi,Bronze,2021-09-10,No
CU12209,Vihaan Rao,M,26-35,Mumbai,Bronze,2021-03-27,Yes
CU12210,Farhan Patel,F,46-60,Kolkata,Silver,2021-07-28,No
CU12211,Pooja Khan,M,36-45,Pune,Bronze,2023-01-05,Yes
CU12212,Aman Nair,M,46-60,Hyderabad,Silver,2024-04-30,Yes
CU12213,Vivaan Sharma,F,18-25,Chennai,Bronze,2023-05-15,Yes
CU12214,Isha Pillai,F,26-35,Delhi,Bronze,2023-09-18,Yes
CU12215,Priya Pillai,M,36-45,Bengaluru,Silver,2021-02-28,No
CU12216,Sanjay Iyer,M,36-45,Mysuru,Gold,2021-02-19,Yes
CU12217,Vivaan Singh,M,18-25,Hyderabad,Platinum,2022-08-17,No
CU12218,Arun Patel,M,26-35,Kolkata,Silver,2021-09-18,No
CU12219,Rahul Patel,F,46-60,Coimbatore,Silver,2022-12-17,No
CU12220,Isha Nair,F,36-45,Pune,Bronze,2022-10-29,Yes
CU12221,Myra Khan,F,18-25,Coimbatore,Bronze,2021-01-16,Yes
CU12222,Arjun Pillai,M,,Delhi,Silver,2023-03-15,No
CU12223,Vihaan Singh,F,18-25,Pune,Bronze,2022-07-02,No
CU12224,Meera Menon,F,18-25,Delhi,Gold,2024-11-23,No
CU12225,Meera Singh,M,26-35,Chennai,Platinum,2023-07-18,No
CU12226,Nikita Nair,F,18-25,Pune,Silver,2022-12-11,Yes
CU12227,Ananya Menon,F,36-45,Mysuru,Bronze,2023-12-26,Yes
CU12228,Zoya Sharma,F,36-45,Coimbatore,bronze,2022-12-08,No
CU12229,Ganesh Verma,M,18-25,Delhi,Gold,2024-01-01,No
CU12230,Aadhya Das,M,18-25,Kochi,Platinum,2021-05-13,No
CU12231,Riya Singh,F,26-35,Mumbai,Bronze,2024-12-16,No
CU12232,Ganesh Patel,M,18-25,Kochi,Bronze,2021-03-09,Yes
CU12233,Divya Pillai,F,26-35,Coimbatore,Silver,2021-01-25,Yes
CU12234,Diya Gupta,F,26-35,Bengaluru,Bronze,2022-08-28,Yes
CU12235,Ishaan Das,F,26-35,Kolkata,Bronze,2022-12-18,No
CU12236,Aarav Verma,F,26-35,Bengaluru,Platinum,2021-09-08,No
CU12237,Rahul Rao,F,26-35,Kolkata,Silver,2021-11-02,No
CU12238,Priya Nair,M,26-35,Coimbatore,Bronze,2024-02-26,Yes
CU12239,Arjun Gupta,F,26-35,Delhi,,2023-12-29,Yes
CU12240,Divya Reddy,F,26-35,Delhi,Silver,2024-04-18,Yes
CU12241,Sneha Rao,M,36-45,Bengaluru,Silver,2024-01-27,No
CU12242,Vivaan Singh,F,18-25,Mysuru,Bronze,2023-11-17,No
CU12243,Divya Singh,M,36-45,Kolkata,Gold,2022-12-03,Yes
CU12244,Deepak Pillai,M,26-35,Coimbatore,Bronze,2022-11-03,Yes
CU12245,Rohan Sharma,M,36-45,Coimbatore,Silver,2021-07-17,Yes
CU12246,Karthik Menon,M,26-35,Kochi,Bronze,2021-12-25,Yes
CU12247,Arun Menon,M,36-45,Bengaluru,Gold,2021-11-08,No
CU12248,Aadhya Menon,F,26-35,Chennai,Bronze,2023-05-12,Yes
CU12249,Priya Gupta,M,36-45,Mysuru,Bronze,2023-06-03,Yes
CU12250,Ananya Menon,F,60+,Bengaluru,,2021-07-01,Yes
CU12251,Kiara Das,M,,Kochi,Bronze,2023-08-30,Yes
CU12252,Naveen Das,F,18-25,Pune,Bronze,2023-07-14,Yes
CU12253,Sanjay Nair,M,46-60,Pune,Bronze,2021-07-28,Yes
CU12254,Rahul Das,F,26-35,Kolkata,Bronze,2023-05-01,No
CU12255,Deepak Singh,M,60+,Coimbatore,Gold,2021-12-28,Yes
CU12256,Diya Reddy,F,36-45,Mumbai,Gold,2023-08-03,No
CU12257,Ganesh Patel,F,26-35,Kolkata,Silver,2023-02-05,Yes
CU12258,Zoya Reddy,M,18-25,Mysuru,Bronze,2021-01-24,Yes
CU12259,Priya Rao,F,36-45,Kolkata,Silver,2021-09-05,Yes
CU12260,Pooja Verma,M,46-60,Coimbatore,Platinum,2021-09-01,No
CU12261,Sneha Sharma,F,26-35,Kolkata,Gold,2024-12-05,Yes
CU12262,Aman Singh,F,46-60,Chennai,Silver,2024-04-12,Yes
CU12263,Aditya Rao,M,36-45,Chennai,Bronze,2021-06-21,Yes
CU12264,Myra Reddy,F,18-25,Kolkata,Gold,2023-05-04,No
CU12265,Ishaan Menon,F,26-35,Kolkata,Gold,2023-01-18,No
CU12266,Rahul Singh,M,46-60,Bengaluru,Bronze,2024-05-14,No
CU12267,Priya Das,M,36-45,Kolkata,Bronze,2022-04-14,No
CU12268,Vivaan Reddy,F,26-35,Chennai,Bronze,2024-08-19,Yes
CU12269,Diya Rao,F,46-60,Bengaluru,Bronze,2024-01-28,Yes
CU12270,Divya Singh,F,26-35,Mysuru,Gold,2021-03-19,Yes
CU12271,Divya Pillai,M,26-35,Kolkata,Silver,2022-12-04,Yes
CU12272,Aarav Pillai,F,18-25,Bengaluru,Gold,2021-08-23,Yes
CU12273,Ganesh Iyer,F,18-25,Mumbai,Silver,2023-09-29,Yes
CU12274,Kavya Khan,M,26-35,Coimbatore,Bronze,2021-02-04,No
CU12275,Meera Khan,F,26-35,Bengaluru,Bronze,2021-02-21,No
CU12276,Vivaan Singh,F,36-45,Bengaluru,Gold,2024-02-03,Yes
CU12277,Karthik Singh,F,60+,Kochi,Silver,2024-04-04,Yes
CU12278,Divya Khan,F,18-25,Kolkata,Bronze,2021-07-22,Yes
CU12279,Nikita Sharma,F,26-35,Hyderabad,Silver,2021-03-12,Yes
CU12280,Myra Singh,M,18-25,Mysuru,Silver,2021-12-13,No
CU12281,Meera Menon,M,36-45,Coimbatore,,2022-12-17,Yes
CU12282,Ganesh Patel,M,36-45,Delhi,Gold,2021-02-27,Yes
CU12283,Ganesh Khan,M,46-60,Hyderabad,Bronze,2023-08-07,Yes
CU12284,Myra Nair,F,36-45,Hyderabad,Bronze,2022-11-25,Yes
CU12285,Ishaan Patel,M,36-45,Delhi,Bronze,2023-10-03,No
CU12286,Ananya Sharma,M,60+,Hyderabad,Silver,2024-01-08,Yes
CU12287,Diya Das,F,36-45,Delhi,Bronze,2023-01-13,Yes
CU12288,Zoya Nair,M,18-25,Pune,Gold,2024-09-16,No
CU12289,Riya Iyer,M,18-25,Delhi,Silver,2022-09-18,Yes
CU12290,Aman Das,M,46-60,Mysuru,Silver,2023-01-07,Yes
CU12291,Aarav Pillai,F,36-45,Mumbai,Silver,2023-08-27,Yes
CU12292,Diya Verma,M,36-45,Mumbai,Gold,2021-12-08,Yes
CU12293,Sai Iyer,M,26-35,Pune,Bronze,2022-12-01,Yes
CU12294,Vivaan Pillai,F,36-45,Coimbatore,Silver,2023-02-11,No
CU12295,Aarav Menon,M,26-35,Pune,Bronze,2024-04-09,Yes
CU12296,Deepak Das,M,26-35,Coimbatore,Silver,2023-05-19,Yes
CU12297,Vihaan Reddy,M,46-60,Hyderabad,Gold,2021-05-14,No
CU12298,Aman Sharma,M,26-35,Bengaluru,Gold,2021-06-09,No
CU12299,Tara Nair,F,60+,Pune,Bronze,2024-01-03,Yes
CU12300,Ananya Reddy,M,36-45,Pune,Silver,2024-05-14,Yes
CU12301,Ishaan Rao,M,18-25,Pune,Gold,2021-09-29,Yes
CU12302,Isha Sharma,M,26-35,Kolkata,Gold,2021-12-07,No
CU12303,Pooja Khan,M,26-35,Bengaluru,Bronze,2024-10-27,No
CU12304,Naveen Khan,M,46-60,Kochi,Bronze,2024-05-12,Yes
CU12305,Arjun Gupta,M,18-25,Hyderabad,Silver,2022-04-21,Yes
CU12306,Deepak Reddy,M,18-25,Pune,Silver,2024-05-02,Yes
CU12307,Ananya Singh,F,60+,Mumbai,Bronze,2024-03-07,Yes
CU12308,Aman Rao,M,18-25,Bengaluru,Bronze,2023-04-26,Yes
CU12309,Sai Pillai,M,26-35,Mysuru,Silver,2023-09-28,Yes
CU12310,Zoya Sharma,M,36-45,Kolkata,Gold,2021-02-24,No
CU12311,Tara Khan,M,26-35,Kolkata,Bronze,2024-10-12,No
CU12312,Lakshmi Gupta,F,26-35,Pune,Bronze,2024-08-03,No
CU12313,Ananya Pillai,M,46-60,Pune,Gold,2022-12-08,No
CU12314,Aman Singh,M,26-35,Delhi,Silver,2024-12-06,No
CU12315,Riya Patel,F,26-35,Chennai,Bronze,2021-11-06,Yes
CU12316,Deepak Pillai,M,26-35,Kolkata,bronze,2024-09-19,Yes
CU12317,Karthik Pillai,M,60+,Chennai,Bronze,2023-01-20,Yes
CU12318,Tara Das,F,46-60,Kochi,Silver,2022-12-29,Yes
CU12319,Tara Nair,M,60+,Chennai,Platinum,2021-09-02,No
CU12320,Farhan Verma,F,60+,Delhi,Bronze,2023-09-04,Yes
CU12321,Aadhya Das,M,46-60,Delhi,Silver,2023-11-08,No
CU12322,Tara Iyer,F,18-25,Coimbatore,Gold,2023-10-13,Yes
CU12323,Kavya Patel,F,18-25,Pune,Silver,2023-03-18,Yes
CU12324,Rahul Menon,M,18-25,Mumbai,Gold,2024-05-13,Yes
CU12325,Ganesh Singh,M,18-25,Delhi,Bronze,2024-07-21,No
CU12326,Vivaan Verma,F,18-25,Hyderabad,Bronze,2021-11-05,Yes
CU12327,Pooja Nair,M,26-35,Mumbai,Silver,2024-05-04,Yes
CU12328,Pooja Das,M,18-25,Pune,Bronze,2023-04-15,Yes
CU12329,Riya Reddy,F,26-35,Kolkata,Bronze,2021-03-22,Yes
CU12330,Arun Rao,M,18-25,Kochi,Gold,2024-04-09,Yes
CU12331,Zoya Singh,F,18-25,Delhi,Gold,2023-05-28,Yes
CU12332,Myra Singh,M,60+,Chennai,Silver,2023-01-10,Yes
CU12333,Deepak Verma,F,26-35,Coimbatore,Bronze,2021-03-01,Yes
CU12334,Aman Menon,F,46-60,Delhi,Bronze,2023-07-13,Yes
CU12335,Farhan Khan,F,36-45,Chennai,Silver,2022-08-02,Yes
CU12336,Arun Pillai,F,36-45,Bengaluru,Gold,2022-09-07,Yes
CU12337,Arun Singh,F,18-25,Bengaluru,Bronze,2024-12-04,No
CU12338,Pooja Singh,F,46-60,Pune,Gold,2024-06-01,No
CU12339,Ananya Sharma,F,36-45,Kochi,Bronze,2022-04-20,No
CU12340,Pooja Sharma,F,18-25,Kochi,Bronze,2023-01-13,Yes
CU12341,Isha Verma,F,46-60,Mumbai,Bronze,2022-10-13,Yes
CU12342,Sneha Reddy,M,36-45,Chennai,Silver,2024-10-30,Yes
CU12343,Naveen Verma,M,26-35,Pune,Bronze,2022-11-16,Yes
CU12344,Vihaan Nair,F,18-25,Delhi,Silver,2023-12-27,Yes
CU12345,Tara Patel,M,60+,Hyderabad,Bronze,2023-06-29,No
CU12346,Arjun Menon,F,36-45,Bengaluru,silver,2021-02-02,Yes
CU12347,Farhan Rao,M,46-60,Kolkata,Platinum,2021-06-20,Yes
CU12348,Diya Nair,M,18-25,Mysuru,platinum,2024-04-06,Yes
CU12349,Ananya Singh,M,26-35,Mysuru,Silver,2024-04-22,Yes
CU12350,Myra Verma,F,18-25,Delhi,Bronze,2024-04-25,No
CU12351,Kavya Menon,F,26-35,Coimbatore,Gold,2024-01-04,Yes
CU12352,Sneha Pillai,F,26-35,Coimbatore,Bronze,2023-02-27,Yes
CU12353,Arjun Sharma,M,18-25,Mysuru,Gold,2024-02-25,Yes
CU12354,Aditya Sharma,M,36-45,Coimbatore,Silver,2021-09-30,Yes
CU12355,Aman Das,F,18-25,Pune,Bronze,2023-08-08,Yes
CU12356,Ishaan Das,F,46-60,Coimbatore,Platinum,2023-09-23,No
CU12357,Ishaan Verma,M,46-60,Mysuru,Gold,2024-12-01,Yes
CU12358,Isha Gupta,M,26-35,Mysuru,Platinum,2024-10-24,No
CU12359,Sneha Nair,F,26-35,Bengaluru,Bronze,2021-07-08,Yes
CU12360,Aditya Pillai,M,18-25,Chennai,Gold,2021-02-03,Yes
CU12361,Zoya Khan,F,36-45,Hyderabad,Silver,2023-11-20,No
CU12362,Deepak Sharma,F,46-60,Coimbatore,Bronze,2021-04-01,Yes
CU12363,Tara Verma,F,26-35,Kochi,Platinum,2021-10-04,Yes
CU12364,Zoya Iyer,M,36-45,Chennai,Silver,2021-11-08,No
CU12365,Naveen Gupta,F,36-45,Kolkata,Silver,2024-01-14,No
CU12366,Deepak Verma,F,26-35,Coimbatore,Bronze,2022-09-27,Yes
CU12367,Divya Pillai,F,46-60,Chennai,Bronze,2021-09-14,Yes
CU12368,Tara Patel,M,18-25,Coimbatore,Silver,2023-06-18,No
CU12369,Kavya Reddy,M,46-60,Mysuru,Gold,2022-01-06,No
CU12370,Farhan Sharma,M,26-35,Kolkata,Bronze,2021-03-09,Yes
CU12371,Naveen Sharma,M,26-35,Coimbatore,Platinum,2024-04-14,No
CU12372,Arjun Iyer,M,18-25,Hyderabad,Gold,2024-04-13,No
CU12373,Kavya Reddy,M,18-25,Bengaluru,Silver,2023-08-19,No
CU12374,Priya Gupta,M,26-35,Bengaluru,Bronze,2023-11-07,Yes
CU12375,Ananya Singh,M,46-60,Bengaluru,Silver,2023-06-18,Yes
CU12376,Lakshmi Reddy,F,18-25,Mumbai,Bronze,2023-11-25,No
CU12377,Riya Patel,M,36-45,Coimbatore,Bronze,2022-10-29,No
CU12378,Rohan Patel,F,18-25,Delhi,Silver,2022-12-10,Yes
CU12379,Ganesh Singh,M,26-35,Pune,Bronze,2021-04-12,No
CU12380,Nikita Nair,M,18-25,Chennai,bronze,2022-06-05,Yes
CU12381,Zoya Patel,F,,Mysuru,Silver,2022-10-02,Yes
CU12382,Meera Menon,M,26-35,Kolkata,Gold,2022-07-07,No
CU12383,Vihaan Gupta,F,36-45,Hyderabad,Bronze,2022-01-21,Yes
CU12384,Aditya Pillai,F,36-45,Kochi,Silver,2022-10-26,No
CU12385,Vihaan Pillai,F,36-45,Bengaluru,Bronze,2024-01-16,No
CU12386,Deepak Nair,F,36-45,Coimbatore,Silver,2024-03-21,No
CU12387,Aditya Reddy,M,36-45,Mysuru,Bronze,2023-12-03,Yes
CU12388,Riya Reddy,M,18-25,Kolkata,Gold,2023-09-05,Yes
CU12389,Vivaan Rao,F,36-45,Kolkata,Bronze,2022-12-03,Yes
CU12390,Vivaan Patel,M,26-35,Mysuru,Platinum,2024-05-16,No
CU12391,Ganesh Das,M,36-45,Kolkata,Bronze,2021-08-23,Yes
CU12392,Meera Sharma,F,36-45,Kochi,Silver,2021-03-14,Yes
CU12393,Aarav Reddy,M,18-25,Mysuru,Bronze,2024-05-15,Yes
CU12394,Aman Das,F,26-35,Delhi,Bronze,2022-07-12,No
CU12395,Aadhya Reddy,F,46-60,Pune,Silver,2024-06-12,No
CU12396,Nikita Reddy,F,36-45,Delhi,Gold,2024-10-19,No
CU12397,Meera Gupta,F,60+,Kolkata,Bronze,2021-06-22,No
CU12398,Naveen Iyer,M,46-60,Pune,Silver,2022-03-21,No
CU12399,Ananya Reddy,F,18-25,Chennai,silver,2022-08-14,Yes
CU12400,Kavya Reddy,M,18-25,Bengaluru,Bronze,2022-01-13,Yes
CU12401,Diya Rao,F,26-35,Delhi,Platinum,2021-04-03,Yes
CU12402,Aman Rao,M,26-35,Hyderabad,Bronze,2022-05-20,Yes
CU12403,Naveen Das,F,18-25,Bengaluru,Gold,2022-10-25,No
CU12404,Arun Sharma,F,18-25,Coimbatore,Silver,2023-06-05,No
CU12405,Divya Iyer,M,26-35,Kochi,Gold,2022-05-30,Yes
CU12406,Diya Reddy,F,36-45,Pune,Silver,2024-05-08,No
CU12407,Isha Khan,M,,Pune,Platinum,2023-05-11,No
CU12408,Arjun Nair,M,18-25,Bengaluru,Bronze,2021-04-25,Yes
CU12409,Nikita Reddy,M,46-60,Pune,Platinum,2021-10-10,No
CU12410,Kiara Gupta,F,18-25,Delhi,Bronze,2021-11-16,No
CU12411,Vivaan Das,M,26-35,Coimbatore,Silver,2023-10-03,Yes
CU12412,Sneha Khan,F,46-60,Kochi,Bronze,2024-12-11,Yes
CU12413,Tara Reddy,F,26-35,Chennai,Bronze,2022-07-26,Yes
CU12414,Kavya Pillai,F,46-60,Delhi,Platinum,2022-10-27,Yes
CU12415,Nikita Reddy,M,36-45,Coimbatore,Platinum,2024-03-22,Yes
CU12416,Kiara Reddy,F,26-35,Chennai,Gold,2023-10-29,Yes
CU12417,Aarav Nair,M,26-35,Mumbai,Silver,2024-08-13,Yes
CU12418,Nikita Gupta,M,18-25,Bengaluru,Silver,2021-08-27,Yes
CU12419,Isha Verma,M,36-45,Hyderabad,Gold,2022-01-21,No
CU12420,Priya Verma,F,36-45,Delhi,Bronze,2024-10-08,Yes
CU12421,Ananya Menon,M,36-45,Chennai,Gold,2023-04-13,No
CU12422,Rahul Iyer,F,18-25,Kolkata,Bronze,2021-07-16,No
CU12423,Ishaan Reddy,M,46-60,Mysuru,Bronze,2023-12-09,Yes
CU12424,Kavya Rao,F,36-45,Hyderabad,Silver,2024-02-22,Yes
CU12425,Isha Pillai,F,26-35,Hyderabad,Platinum,2021-06-07,Yes
CU12426,Deepak Gupta,F,18-25,Bengaluru,Gold,2021-04-09,Yes
CU12427,Kavya Rao,M,18-25,Kochi,Bronze,2022-04-21,Yes
CU12428,Arun Singh,M,26-35,Bengaluru,Silver,2023-10-19,No
CU12429,Nikita Verma,F,18-25,Delhi,Gold,2022-01-19,Yes
CU12430,Rohan Pillai,F,36-45,Delhi,Gold,2021-10-16,No
CU12431,Pooja Sharma,M,36-45,Mysuru,Bronze,2023-08-05,No
CU12432,Vivaan Menon,F,18-25,Bengaluru,Bronze,2022-05-18,Yes
CU12433,Farhan Gupta,F,18-25,Mysuru,Silver,2023-01-14,No
CU12434,Divya Nair,M,18-25,Delhi,Silver,2023-08-02,No
CU12435,Vivaan Sharma,M,18-25,Mysuru,Silver,2022-08-22,No
CU12436,Priya Patel,F,36-45,Pune,Bronze,2022-05-29,Yes
CU12437,Vihaan Menon,M,26-35,Bengaluru,Bronze,2023-10-20,No
CU12438,Kiara Patel,F,36-45,Delhi,Silver,2022-01-07,No
CU12439,Meera Reddy,M,36-45,Chennai,Silver,2023-07-22,No
CU12440,Ganesh Menon,F,26-35,Coimbatore,Silver,2023-11-30,Yes
CU12441,Tara Gupta,F,36-45,Bengaluru,Platinum,2023-01-01,No
CU12442,Isha Verma,M,26-35,Kochi,Bronze,2021-05-09,No
CU12443,Lakshmi Das,F,26-35,Mysuru,Bronze,2022-06-15,No
CU12444,Zoya Menon,F,18-25,Hyderabad,Silver,2022-08-09,Yes
CU12445,Arun Pillai,F,18-25,Hyderabad,Bronze,2022-01-31,Yes
CU12446,Aadhya Sharma,M,26-35,Coimbatore,Bronze,2023-08-19,Yes
CU12447,Aditya Reddy,F,18-25,Kochi,Bronze,2021-07-08,Yes
CU12448,Rahul Khan,M,46-60,Pune,Bronze,2021-05-13,Yes
CU12449,Meera Verma,F,26-35,Mysuru,Silver,2021-07-28,Yes
CU12450,Riya Nair,F,18-25,Chennai,Bronze,2022-07-18,No
CU12451,Rohan Reddy,F,36-45,Mumbai,Silver,2024-04-13,Yes
CU12452,Lakshmi Verma,M,18-25,Delhi,Bronze,2024-10-07,No
CU12453,Aman Gupta,M,46-60,Kochi,Bronze,2024-02-05,Yes
CU12454,Rahul Pillai,M,46-60,Mumbai,Bronze,2022-08-15,Yes
CU12455,Lakshmi Gupta,M,18-25,Kolkata,Bronze,2023-04-06,No
CU12456,Naveen Gupta,F,26-35,Delhi,Silver,2021-05-24,Yes
CU12457,Nikita Rao,M,26-35,Delhi,Bronze,2024-07-24,No
CU12458,Arun Nair,F,26-35,Kolkata,Bronze,2024-07-12,No
CU12459,Aman Menon,F,26-35,Mumbai,Silver,2024-06-06,No
CU12460,Sai Das,M,36-45,Coimbatore,Gold,2024-12-14,No
CU12461,Kiara Menon,M,36-45,Coimbatore,Gold,2023-10-16,No
CU12462,Sanjay Das,F,18-25,Bengaluru,Gold,2023-01-13,Yes
CU12463,Sanjay Singh,M,26-35,Hyderabad,Platinum,2021-10-09,Yes
CU12464,Kavya Rao,F,26-35,Delhi,Silver,2024-02-23,Yes
CU12465,Isha Sharma,M,26-35,Kolkata,Bronze,2021-02-28,Yes
CU12466,Myra Singh,M,36-45,Mumbai,Bronze,2021-03-06,Yes
CU12467,Ananya Das,M,26-35,Chennai,Silver,2024-05-01,No
CU12468,Ganesh Patel,F,18-25,Delhi,Bronze,2022-11-29,Yes
CU12469,Riya Nair,M,60+,Mumbai,Silver,2023-12-10,No
CU12470,Sai Verma,M,18-25,Bengaluru,Platinum,2023-07-13,Yes
CU12471,Vivaan Das,M,18-25,Delhi,Gold,2024-02-17,No
CU12472,Ganesh Menon,F,18-25,Kochi,Bronze,2021-03-23,No
CU12473,Pooja Gupta,M,36-45,Kochi,Bronze,2023-02-21,Yes
CU12474,Zoya Sharma,M,18-25,Kolkata,Silver,2022-11-16,No
CU12475,Sai Verma,F,18-25,Hyderabad,Bronze,2024-08-09,No
CU12476,Sneha Iyer,M,46-60,Coimbatore,Silver,2021-03-26,Yes
CU12477,Kavya Iyer,M,26-35,Hyderabad,Gold,2023-10-07,No
CU12478,Diya Menon,F,18-25,Bengaluru,Bronze,2023-01-16,Yes
CU12479,Vivaan Iyer,F,26-35,Hyderabad,Silver,2023-12-15,No
CU12480,Deepak Khan,M,60+,Bengaluru,Gold,2024-09-11,Yes
CU12481,Divya Das,F,26-35,Mysuru,Bronze,2021-12-01,No
CU12482,Priya Patel,F,36-45,Kochi,Platinum,2021-03-31,No
CU12483,Kiara Nair,F,36-45,Kolkata,Gold,2021-11-29,Yes
CU12484,Kavya Das,M,46-60,Chennai,Silver,2024-05-16,Yes
CU12485,Pooja Menon,F,18-25,Pune,Bronze,2023-02-02,No
CU12486,Arjun Gupta,M,26-35,Kolkata,Bronze,2023-04-16,No
CU12487,Sneha Das,M,46-60,Kochi,Gold,2022-08-18,No
CU12488,Karthik Verma,M,36-45,Bengaluru,Gold,2021-12-13,Yes
CU12489,Deepak Nair,M,46-60,Hyderabad,Silver,2022-09-27,Yes
CU12490,Rohan Iyer,M,36-45,Coimbatore,Gold,2022-08-04,Yes
CU12491,Ananya Pillai,F,26-35,Coimbatore,Platinum,2022-10-25,No
CU12492,Myra Sharma,F,36-45,Mysuru,Gold,2021-01-17,No
CU12493,Arun Singh,F,36-45,Pune,Bronze,2023-07-27,No
CU12494,Ishaan Nair,F,26-35,Delhi,Bronze,2024-03-13,Yes
CU12495,Pooja Gupta,M,46-60,Bengaluru,Gold,2022-02-24,Yes
CU12496,Pooja Das,F,36-45,Kochi,Bronze,2024-01-01,Yes
CU12497,Naveen Sharma,F,36-45,Pune,Bronze,2024-11-26,Yes
CU12498,Ishaan Verma,M,36-45,Mysuru,Bronze,2021-01-06,Yes
CU12499,Karthik Pillai,M,18-25,Hyderabad,Bronze,2024-07-10,Yes
CU12500,Divya Singh,M,26-35,Bengaluru,Gold,2024-02-25,Yes
CU12501,Rahul Patel,M,26-35,Delhi,Bronze,2023-06-11,Yes
CU12502,Karthik Pillai,M,18-25,Mysuru,Silver,2022-04-23,No
CU12503,Vivaan Singh,M,46-60,Delhi,Silver,2021-07-29,Yes
CU12504,Tara Rao,F,26-35,Kolkata,Bronze,2023-05-27,No
CU12505,Arun Verma,F,60+,Kochi,Bronze,2023-09-30,Yes
CU12506,Vivaan Menon,F,46-60,Delhi,Silver,2021-03-21,Yes
CU12507,Divya Menon,F,46-60,Chennai,Silver,2024-07-02,Yes
CU12508,Ishaan Sharma,M,26-35,Hyderabad,Gold,2021-12-07,No
CU12509,Myra Rao,F,18-25,Mumbai,Silver,2024-10-29,Yes
CU12510,Vihaan Reddy,F,26-35,Coimbatore,Gold,2023-09-17,Yes
CU12511,Aadhya Gupta,M,26-35,Mumbai,Gold,2024-10-30,Yes
CU12512,Farhan Patel,M,26-35,Mumbai,Gold,2023-09-04,No
CU12513,Kiara Menon,M,18-25,Hyderabad,Bronze,2022-03-02,No
CU12514,Rohan Pillai,F,18-25,Coimbatore,Bronze,2021-03-27,Yes
CU12515,Meera Sharma,F,26-35,Bengaluru,Bronze,2021-06-02,Yes
CU12516,Rohan Iyer,F,18-25,Bengaluru,Bronze,2024-11-29,Yes
CU12517,Tara Verma,M,46-60,Hyderabad,Platinum,2022-01-11,No
CU12518,Aditya Pillai,F,18-25,Chennai,Bronze,2021-04-17,Yes
CU12519,Ishaan Reddy,M,26-35,Mysuru,Bronze,2024-06-04,No
CU12520,Vivaan Patel,M,18-25,Kochi,Bronze,2023-12-28,Yes
CU12521,Divya Sharma,F,36-45,Kolkata,Bronze,2021-08-04,Yes
CU12522,Lakshmi Nair,F,36-45,Bengaluru,Silver,2023-09-28,Yes
CU12523,Arjun Singh,M,18-25,Pune,Bronze,2022-12-03,Yes
CU12524,Myra Menon,F,46-60,Bengaluru,Bronze,2024-12-20,No
CU12525,Aadhya Sharma,F,36-45,Kolkata,Silver,2023-01-01,Yes
CU12526,Ganesh Pillai,F,46-60,Coimbatore,Gold,2022-07-20,No
CU12527,Arun Reddy,F,26-35,Mumbai,,2024-02-14,Yes
CU12528,Sai Sharma,F,36-45,Pune,Silver,2024-05-01,Yes
CU12529,Kiara Patel,F,26-35,Mumbai,Bronze,2024-10-27,No
CU12530,Ganesh Singh,F,36-45,Delhi,Silver,2021-09-10,Yes
CU12531,Pooja Nair,M,46-60,Mysuru,Gold,2021-07-23,Yes
CU12532,Ishaan Patel,F,26-35,Hyderabad,Silver,2021-12-16,No
CU12533,Ishaan Patel,M,26-35,Kochi,Gold,2022-01-30,Yes
CU12534,Nikita Pillai,M,26-35,Pune,Silver,2022-04-23,No
CU12535,Zoya Reddy,M,60+,Kolkata,Bronze,2022-12-23,Yes
CU12536,Tara Singh,M,46-60,Delhi,Gold,2021-05-04,Yes
CU12537,Farhan Menon,M,18-25,Mysuru,Gold,2023-02-24,No
CU12538,Zoya Singh,M,18-25,Kochi,Platinum,2021-12-08,Yes
CU12539,Aarav Das,M,26-35,Kochi,Silver,2024-07-05,No
CU12540,Ganesh Das,M,18-25,Coimbatore,Bronze,2024-11-16,Yes
CU12541,Myra Nair,M,26-35,Hyderabad,Platinum,2023-12-23,Yes
CU12542,Vihaan Iyer,F,26-35,Kochi,bronze,2023-12-25,Yes
CU12543,Tara Nair,M,26-35,Mumbai,Platinum,2023-02-26,No
CU12544,Rahul Verma,F,46-60,Coimbatore,Silver,2021-07-05,No
CU12545,Sai Verma,M,36-45,Mumbai,Bronze,2024-07-23,Yes
CU12546,Aarav Das,F,46-60,Mumbai,Platinum,2023-11-11,Yes
CU12547,Deepak Patel,F,18-25,Kolkata,Platinum,2021-12-27,Yes
CU12548,Karthik Rao,M,26-35,Delhi,Bronze,2023-10-31,Yes
CU12549,Pooja Pillai,F,36-45,Chennai,Bronze,2023-10-18,Yes
CU12550,Aditya Menon,M,36-45,Kolkata,Silver,2022-05-07,No
CU12551,Deepak Verma,F,26-35,Pune,Bronze,2022-09-26,Yes
CU12552,Kiara Sharma,F,18-25,Mysuru,Bronze,2024-07-22,No
CU12553,Riya Verma,F,26-35,Bengaluru,,2023-03-12,Yes
CU12554,Aman Sharma,F,26-35,Pune,Platinum,2024-12-01,Yes
CU12555,Deepak Reddy,F,60+,Delhi,Silver,2024-05-11,Yes
CU12556,Aarav Rao,M,36-45,Bengaluru,Bronze,2024-05-01,No
CU12557,Arjun Patel,F,36-45,Delhi,Platinum,2022-08-03,No
CU12558,Riya Rao,M,36-45,Delhi,Silver,2022-08-01,Yes
CU12559,Aditya Iyer,F,18-25,Hyderabad,Silver,2024-06-30,No
CU12560,Nikita Khan,M,18-25,Delhi,Bronze,2022-02-27,Yes
CU12561,Zoya Rao,F,46-60,Kolkata,Bronze,2024-09-27,Yes
CU12562,Ganesh Verma,M,46-60,Hyderabad,Gold,2024-05-07,Yes
CU12563,Ananya Pillai,M,18-25,Hyderabad,Silver,2024-06-20,Yes
CU12564,Zoya Menon,M,36-45,Kolkata,Bronze,2022-12-23,Yes
CU12565,Aadhya Reddy,F,26-35,Hyderabad,Silver,2023-10-23,Yes
CU12566,Vihaan Reddy,M,26-35,Pune,Bronze,2021-09-14,Yes
CU12567,Naveen Rao,F,26-35,Pune,Gold,2023-12-04,Yes
CU12568,Nikita Pillai,F,18-25,Chennai,Silver,2021-12-11,No
CU12569,Pooja Pillai,M,26-35,Pune,Platinum,2024-07-08,No
CU12570,Farhan Patel,F,36-45,Coimbatore,Platinum,2024-11-12,No
CU12571,Arjun Patel,M,18-25,Hyderabad,Silver,2024-03-29,Yes
CU12572,Nikita Verma,M,60+,Mysuru,Bronze,2021-03-13,Yes
CU12573,Arjun Khan,M,60+,Pune,Silver,2022-12-25,Yes
CU12574,Lakshmi Singh,F,18-25,Bengaluru,Gold,2021-02-17,No
CU12575,Naveen Rao,F,26-35,Coimbatore,Bronze,2024-08-18,No
CU12576,Aman Pillai,F,60+,Kochi,Bronze,2021-11-03,Yes
CU12577,Pooja Verma,M,26-35,Chennai,Silver,2024-08-27,Yes
CU12578,Diya Singh,F,26-35,Chennai,Silver,2023-12-12,No
CU12579,Rahul Patel,M,26-35,Mysuru,Gold,2022-09-22,Yes
CU12580,Ganesh Nair,F,36-45,Mumbai,Silver,2023-11-26,No
CU12581,Tara Menon,F,18-25,Mumbai,Bronze,2022-01-26,No
CU12582,Vivaan Patel,M,26-35,Hyderabad,Silver,2022-12-26,No
CU12583,Arjun Das,M,60+,Pune,Bronze,2023-07-16,No
CU12584,Naveen Verma,F,36-45,Chennai,Silver,2024-07-09,No
CU12585,Rahul Nair,F,26-35,Delhi,Silver,2021-02-19,Yes
CU12586,Farhan Menon,F,18-25,Hyderabad,Bronze,2021-08-08,Yes
CU12587,Ishaan Patel,F,26-35,Pune,Gold,2022-08-22,Yes
CU12588,Priya Das,M,36-45,Mumbai,gold,2022-01-11,No
CU12589,Lakshmi Menon,M,18-25,Delhi,Bronze,2021-07-13,No
CU12590,Isha Das,F,36-45,Chennai,Bronze,2024-10-19,Yes
CU12591,Sanjay Sharma,F,46-60,Bengaluru,silver,2022-05-19,Yes
CU12592,Rahul Pillai,F,18-25,Kochi,Silver,2021-02-16,No
CU12593,Myra Rao,F,36-45,Hyderabad,Bronze,2023-11-15,Yes
CU12594,Naveen Patel,M,26-35,Kochi,Silver,2024-08-18,No
CU12595,Vivaan Singh,F,36-45,Delhi,Silver,2021-10-27,No
CU12596,Ishaan Patel,F,46-60,Chennai,Bronze,2023-08-19,Yes
CU12597,Karthik Verma,M,18-25,Chennai,Bronze,2024-06-03,No
CU12598,Ganesh Das,F,18-25,Coimbatore,Platinum,2022-05-22,No
CU12599,Kavya Singh,F,46-60,Hyderabad,Platinum,2023-04-18,No
CU12600,Tara Das,M,18-25,Kochi,Silver,2023-05-22,No
CU12601,Rahul Reddy,F,60+,Mysuru,Bronze,2021-09-07,No
CU12602,Ishaan Menon,F,26-35,Kochi,Bronze,2023-12-16,Yes
CU12603,Kiara Reddy,M,26-35,Hyderabad,Silver,2021-06-10,Yes
CU12604,Sai Rao,M,46-60,Pune,Platinum,2023-07-01,Yes
CU12605,Aman Nair,M,18-25,Mysuru,Bronze,2023-04-08,No
CU12606,Diya Rao,M,26-35,Delhi,Gold,2021-08-04,Yes
CU12607,Ananya Reddy,M,60+,Mumbai,Bronze,2024-08-13,Yes
CU12608,Aadhya Das,M,26-35,Bengaluru,Gold,2021-06-23,No
CU12609,Aman Khan,M,36-45,Hyderabad,Gold,2024-08-22,Yes
CU12610,Zoya Nair,M,60+,Kolkata,Platinum,2022-08-02,Yes
CU12611,Rohan Rao,M,26-35,Delhi,Bronze,2023-12-20,Yes
CU12612,Kiara Singh,F,36-45,Bengaluru,Platinum,2023-11-23,No
CU12613,Naveen Verma,M,18-25,Bengaluru,Gold,2022-01-17,Yes
CU12614,Karthik Sharma,M,46-60,Coimbatore,Bronze,2021-10-12,Yes
CU12615,Rohan Gupta,M,46-60,Hyderabad,Gold,2024-03-24,No
CU12616,Diya Gupta,F,46-60,Bengaluru,bronze,2024-04-08,Yes
CU12617,Priya Khan,F,18-25,Coimbatore,Bronze,2022-05-25,Yes
CU12618,Sneha Sharma,M,46-60,Hyderabad,Bronze,2021-03-19,No
CU12619,Aditya Verma,M,18-25,Kolkata,silver,2021-01-15,Yes
CU12620,Aadhya Menon,M,26-35,Delhi,Silver,2023-08-07,Yes
CU12621,Riya Iyer,M,36-45,Mysuru,Bronze,2023-11-01,No
CU12622,Ishaan Reddy,M,18-25,Pune,Bronze,2024-06-11,Yes
CU12623,Sai Rao,M,26-35,Mysuru,Bronze,2024-03-13,Yes
CU12624,Ishaan Rao,M,46-60,Pune,Gold,2024-12-18,No
CU12625,Arjun Gupta,F,26-35,Delhi,Bronze,2023-05-19,Yes
CU12626,Pooja Verma,M,36-45,Hyderabad,Bronze,2022-09-11,Yes
CU12627,Aditya Verma,F,26-35,Delhi,Gold,2021-09-24,No
CU12628,Priya Patel,F,60+,Mumbai,Platinum,2021-06-24,No
CU12629,Aadhya Sharma,M,18-25,Kochi,Gold,2024-10-31,Yes
CU12630,Farhan Menon,F,46-60,Mysuru,Silver,2023-05-04,Yes
CU12631,Aman Reddy,F,18-25,Kochi,Silver,2022-10-14,Yes
CU12632,Ananya Sharma,F,46-60,Chennai,Silver,2024-01-17,Yes
CU12633,Vivaan Iyer,M,18-25,Mumbai,Silver,2022-05-15,Yes
CU12634,Sai Patel,M,26-35,Bengaluru,Bronze,2022-01-13,Yes
CU12635,Divya Das,F,18-25,Kolkata,Gold,2021-12-02,Yes
CU12636,Naveen Rao,F,26-35,Hyderabad,gold,2021-08-10,Yes
CU12637,Zoya Nair,F,46-60,Kolkata,Bronze,2023-01-04,No
CU12638,Pooja Pillai,F,26-35,Bengaluru,Gold,2022-12-17,Yes
CU12639,Kavya Nair,F,26-35,Mumbai,Bronze,2022-01-18,Yes
CU12640,Riya Sharma,F,18-25,Kochi,Bronze,2022-01-28,No
CU12641,Aditya Rao,M,26-35,Mysuru,Silver,2022-08-10,Yes
CU12642,Pooja Nair,M,18-25,Hyderabad,Gold,2021-11-07,Yes
CU12643,Karthik Pillai,F,36-45,Kolkata,Gold,2021-04-02,Yes
CU12644,Karthik Iyer,M,46-60,Mysuru,Bronze,2021-04-16,No
CU12645,Aman Iyer,M,26-35,Kochi,Bronze,2023-03-15,Yes
CU12646,Aditya Pillai,F,18-25,Hyderabad,Bronze,2022-09-01,Yes
CU12647,Deepak Patel,M,46-60,Mumbai,Gold,2022-05-06,Yes
CU12648,Arun Gupta,M,18-25,Mumbai,Bronze,2022-03-27,No
CU12649,Sneha Das,M,26-35,Bengaluru,bronze,2021-05-21,No
CU12650,Nikita Singh,M,18-25,Coimbatore,Bronze,2023-04-03,No
CU12651,Rohan Gupta,M,26-35,Kolkata,Silver,2024-02-20,Yes
CU12652,Naveen Menon,F,46-60,Kochi,Silver,2022-07-07,Yes
CU12653,Ganesh Gupta,M,46-60,Kolkata,Bronze,2022-05-23,No
CU12654,Naveen Nair,M,26-35,Coimbatore,Bronze,2022-08-11,Yes
CU12655,Pooja Nair,F,36-45,Chennai,Bronze,2022-01-14,No
CU12656,Deepak Nair,F,26-35,Mysuru,Silver,2023-06-19,No
CU12657,Lakshmi Gupta,M,60+,Kochi,Bronze,2023-01-04,Yes
CU12658,Myra Singh,F,26-35,Pune,Silver,2024-03-13,No
CU12659,Kavya Das,M,60+,Chennai,Silver,2023-11-18,No
CU12660,Zoya Reddy,F,46-60,Pune,Bronze,2024-02-19,Yes
CU12661,Sneha Khan,F,46-60,Chennai,Bronze,2021-03-23,Yes
CU12662,Sanjay Singh,M,36-45,Kochi,Silver,2022-06-17,No
CU12663,Sanjay Verma,F,26-35,Mysuru,Bronze,2024-07-11,Yes
CU12664,Deepak Khan,M,36-45,Kochi,Bronze,2021-06-12,No
CU12665,Ananya Khan,M,18-25,Kolkata,Bronze,2023-01-17,Yes
CU12666,Kavya Khan,F,60+,Hyderabad,Silver,2024-11-17,No
CU12667,Vihaan Verma,M,18-25,Bengaluru,Silver,2023-04-16,No
CU12668,Arjun Iyer,F,36-45,Delhi,Platinum,2023-10-22,Yes
CU12669,Vivaan Verma,M,18-25,Hyderabad,Bronze,2021-08-19,Yes
CU12670,Deepak Singh,M,18-25,Delhi,Gold,2021-10-13,No
CU12671,Aditya Singh,F,46-60,Delhi,Bronze,2021-02-28,No
CU12672,Deepak Nair,F,46-60,Delhi,Silver,2024-04-12,Yes
CU12673,Arun Reddy,F,36-45,Bengaluru,Bronze,2022-03-18,Yes
CU12674,Arun Patel,M,26-35,Kolkata,Silver,2021-04-16,Yes
CU12675,Sneha Patel,F,46-60,Chennai,Bronze,2023-10-25,Yes
CU12676,Zoya Patel,M,26-35,Pune,Bronze,2023-09-10,Yes
CU12677,Vivaan Iyer,M,26-35,Bengaluru,Bronze,2024-04-21,Yes
CU12678,Arun Nair,F,26-35,Coimbatore,Platinum,2022-11-05,Yes
CU12679,Vivaan Menon,M,36-45,Kochi,Silver,2021-01-09,Yes
CU12680,Divya Singh,M,18-25,Coimbatore,Bronze,2021-09-23,Yes
CU12681,Meera Reddy,M,26-35,Kochi,bronze,2021-05-24,Yes
CU12682,Aditya Pillai,M,18-25,Kolkata,Silver,2023-09-21,Yes
CU12683,Lakshmi Das,F,36-45,Mysuru,silver,2021-02-06,Yes
CU12684,Aditya Patel,F,36-45,Mysuru,Silver,2024-04-08,Yes
CU12685,Zoya Khan,F,46-60,Mysuru,Silver,2023-12-08,Yes
CU12686,Sai Menon,F,26-35,Delhi,Platinum,2023-10-22,No
CU12687,Ishaan Rao,F,46-60,Delhi,Platinum,2022-02-13,Yes
CU12688,Riya Verma,M,18-25,Chennai,Silver,2022-02-09,No
CU12689,Isha Singh,F,46-60,Pune,Silver,2024-05-15,Yes
CU12690,Riya Patel,F,46-60,Mysuru,Silver,2021-12-08,Yes
CU12691,Farhan Pillai,M,36-45,Mumbai,Bronze,2022-04-03,Yes
CU12692,Nikita Patel,F,26-35,Kolkata,Silver,2022-10-08,Yes
CU12693,Aarav Reddy,M,18-25,Chennai,Bronze,2024-11-27,Yes
CU12694,Aadhya Pillai,M,36-45,Kochi,Silver,2021-07-04,Yes
CU12695,Pooja Pillai,F,18-25,Mumbai,Bronze,2021-10-09,Yes
CU12696,Diya Sharma,M,60+,Hyderabad,Gold,2021-07-28,Yes
CU12697,Sneha Pillai,F,36-45,Mysuru,Bronze,2023-10-06,Yes
CU12698,Aman Pillai,M,26-35,Kolkata,Bronze,2023-02-27,No
CU12699,Karthik Rao,M,26-35,Pune,Gold,2021-07-20,Yes
CU12700,Nikita Verma,M,36-45,Coimbatore,Silver,2022-10-06,Yes
CU12701,Vivaan Das,M,26-35,Kolkata,Bronze,2023-01-15,Yes
CU12702,Vivaan Verma,F,26-35,Hyderabad,Silver,2021-05-03,Yes
CU12703,Kavya Menon,M,36-45,Bengaluru,Bronze,2022-11-03,Yes
CU12704,Lakshmi Patel,M,18-25,Kolkata,Bronze,2022-04-09,Yes
CU12705,Sneha Gupta,M,26-35,Bengaluru,Bronze,2024-11-20,No
CU12706,Tara Gupta,F,36-45,Chennai,Silver,2023-04-14,No
CU12707,Aarav Menon,M,26-35,Chennai,Gold,2021-04-18,Yes
CU12708,Vihaan Pillai,M,,Kolkata,Bronze,2023-11-25,Yes
CU12709,Sanjay Rao,M,46-60,Pune,Bronze,2022-08-05,Yes
CU12710,Deepak Sharma,F,36-45,Mumbai,Gold,2022-10-05,Yes
CU12711,Divya Sharma,F,18-25,Hyderabad,Bronze,2024-01-01,Yes
CU12712,Diya Das,F,18-25,Pune,Bronze,2022-08-11,Yes
CU12713,Tara Singh,F,36-45,Hyderabad,Bronze,2021-03-07,Yes
CU12714,Diya Patel,M,46-60,Kochi,Silver,2021-06-22,Yes
CU12715,Diya Rao,M,26-35,Mysuru,Bronze,2022-06-03,Yes
CU12716,Ganesh Sharma,M,26-35,Pune,Gold,2023-03-12,Yes
CU12717,Karthik Das,M,46-60,Hyderabad,Silver,2021-04-09,Yes
CU12718,Myra Reddy,M,36-45,Hyderabad,Bronze,2024-09-19,Yes
CU12719,Sneha Das,F,26-35,Chennai,Gold,2024-04-12,Yes
CU12720,Isha Gupta,F,36-45,Delhi,Silver,2023-05-08,No
CU12721,Ishaan Patel,F,18-25,Kolkata,Silver,2022-05-04,Yes
CU12722,Farhan Singh,M,46-60,Delhi,Bronze,2023-02-01,No
CU12723,Aditya Sharma,M,46-60,Mumbai,Bronze,2022-07-08,No
CU12724,Rohan Rao,M,26-35,Delhi,Bronze,2021-11-11,No
CU12725,Aditya Pillai,F,18-25,Mysuru,Gold,2023-10-25,Yes
CU12726,Aarav Singh,F,36-45,Mysuru,Bronze,2022-12-01,Yes
CU12727,Meera Das,F,36-45,Mysuru,Bronze,2021-10-28,No
CU12728,Karthik Rao,F,46-60,Mysuru,Gold,2024-11-13,No
CU12729,Divya Rao,M,60+,Mumbai,Gold,2022-11-30,No
CU12730,Zoya Pillai,F,60+,Kochi,Platinum,2024-09-18,Yes
CU12731,Aadhya Reddy,M,26-35,Pune,Bronze,2021-01-07,Yes
CU12732,Deepak Singh,F,46-60,Delhi,Silver,2021-02-20,Yes
CU12733,Priya Gupta,F,46-60,Kochi,Bronze,2021-12-17,No
CU12734,Sai Rao,F,46-60,Mysuru,Bronze,2022-07-18,No
CU12735,Riya Nair,M,36-45,Bengaluru,silver,2023-02-20,Yes
CU12736,Rahul Reddy,F,36-45,Bengaluru,Silver,2021-05-11,Yes
CU12737,Aarav Singh,M,36-45,Chennai,Silver,2023-10-24,Yes
CU12738,Arjun Patel,M,18-25,Kolkata,Silver,2024-06-27,No
CU12739,Sanjay Singh,F,36-45,Bengaluru,Bronze,2023-10-26,Yes
CU12740,Kavya Das,M,60+,Chennai,Bronze,2023-10-21,No
CU12741,Nikita Singh,M,46-60,Kochi,Silver,2021-01-30,No
CU12742,Pooja Patel,M,46-60,Coimbatore,Gold,2022-07-28,Yes
CU12743,Kiara Iyer,M,26-35,Delhi,Bronze,2024-09-05,Yes
CU12744,Aarav Menon,M,36-45,Mysuru,Bronze,2023-05-25,Yes
CU12745,Meera Verma,M,18-25,Coimbatore,Gold,2023-01-13,Yes
CU12746,Kavya Sharma,M,26-35,Delhi,Bronze,2024-10-27,Yes
CU12747,Ishaan Sharma,F,46-60,Chennai,Bronze,2024-05-20,No
CU12748,Divya Khan,M,36-45,Delhi,Gold,2021-03-03,Yes
CU12749,Deepak Reddy,F,26-35,Kolkata,Silver,2022-04-15,No
CU12750,Meera Verma,F,18-25,Mysuru,Bronze,2021-03-19,Yes
CU12751,Karthik Nair,M,26-35,Coimbatore,Bronze,2022-12-20,Yes
CU12752,Deepak Pillai,M,36-45,Bengaluru,bronze,2022-08-15,Yes
CU12753,Sai Singh,M,60+,Pune,Gold,2022-03-17,Yes
CU12754,Vivaan Reddy,M,36-45,Kolkata,Silver,2024-10-18,No
CU12755,Meera Patel,F,60+,Kochi,Silver,2023-01-30,Yes
CU12756,Lakshmi Patel,M,26-35,Kochi,Bronze,2022-09-25,Yes
CU12757,Sai Reddy,M,18-25,Mumbai,Bronze,2021-12-23,No
CU12758,Pooja Patel,F,18-25,Bengaluru,Gold,2021-12-08,Yes
CU12759,Ganesh Rao,F,36-45,Chennai,Silver,2022-11-27,No
CU12760,Farhan Singh,M,60+,Delhi,Gold,2023-09-07,No
CU12761,Sneha Iyer,M,18-25,Chennai,Silver,2023-05-14,Yes
CU12762,Nikita Verma,F,26-35,Pune,Bronze,2021-10-24,Yes
CU12763,Myra Nair,M,46-60,Bengaluru,Bronze,2021-09-25,Yes
CU12764,Deepak Menon,M,60+,Mumbai,Silver,2023-12-25,Yes
CU12765,Priya Verma,M,36-45,Kochi,Silver,2021-01-31,No
CU12766,Kiara Menon,F,36-45,Mumbai,Silver,2024-05-10,No
CU12767,Kavya Pillai,M,26-35,Mumbai,Bronze,2024-07-24,No
CU12768,Myra Das,F,46-60,Delhi,silver,2021-04-29,No
CU12769,Riya Verma,F,18-25,Kochi,Silver,2023-01-10,No
CU12770,Priya Khan,M,18-25,Bengaluru,Silver,2023-12-13,No
CU12771,Deepak Reddy,M,26-35,Chennai,Gold,2023-05-07,Yes
CU12772,Diya Patel,F,60+,Chennai,Gold,2023-04-23,Yes
CU12773,Riya Khan,F,36-45,Mysuru,Silver,2021-09-24,No
CU12774,Deepak Gupta,M,18-25,Hyderabad,Silver,2024-04-12,Yes
CU12775,Naveen Khan,M,18-25,Bengaluru,Silver,2023-08-14,Yes
CU12776,Arjun Gupta,M,36-45,Chennai,Silver,2021-02-03,No
CU12777,Arjun Reddy,F,36-45,Chennai,Bronze,2023-09-01,Yes
CU12778,Pooja Singh,M,26-35,Kolkata,Bronze,2023-02-15,Yes
CU12779,Naveen Pillai,M,26-35,Chennai,Gold,2023-10-06,Yes
CU12780,Naveen Singh,F,46-60,Kolkata,Bronze,2021-04-17,Yes
CU12781,Sanjay Singh,F,46-60,Kochi,Platinum,2021-03-18,Yes
CU12782,Priya Das,M,36-45,Delhi,Bronze,2024-10-20,Yes
CU12783,Ananya Reddy,F,36-45,Hyderabad,Bronze,2021-07-25,Yes
CU12784,Naveen Menon,F,26-35,Hyderabad,Gold,2024-10-16,No
CU12785,Priya Menon,M,36-45,Kochi,,2024-07-20,Yes
CU12786,Ishaan Das,F,36-45,Coimbatore,Gold,2023-09-16,Yes
CU12787,Aman Khan,M,18-25,Kolkata,Silver,2022-02-27,Yes
CU12788,Aadhya Gupta,M,26-35,Mumbai,Silver,2024-10-15,No
CU12789,Farhan Verma,F,26-35,Chennai,Bronze,2023-02-15,Yes
CU12790,Diya Menon,M,26-35,Mumbai,Bronze,2024-07-12,No
CU12791,Rahul Khan,M,36-45,Kochi,Gold,2022-09-22,Yes
CU12792,Naveen Verma,F,26-35,Mysuru,Bronze,2024-08-08,No
CU12793,Diya Reddy,M,36-45,Bengaluru,Gold,2022-02-18,Yes
CU12794,Rohan Sharma,M,18-25,Kolkata,Silver,2024-04-18,No
CU12795,Aarav Menon,F,26-35,Hyderabad,Gold,2024-01-05,No
CU12796,Vihaan Sharma,F,18-25,Mumbai,Silver,2024-11-24,Yes
CU12797,Kavya Nair,M,46-60,Pune,Silver,2024-07-21,No
CU12798,Ishaan Menon,F,36-45,Hyderabad,Bronze,2024-05-16,No
CU12799,Isha Sharma,M,46-60,Pune,Bronze,2022-06-25,Yes
CU12800,Sanjay Patel,F,18-25,Kolkata,Bronze,2023-11-23,No
CU12801,Zoya Das,M,18-25,Mumbai,Bronze,2021-07-18,Yes
CU12802,Divya Reddy,F,26-35,Mysuru,Silver,2021-08-22,Yes
CU12803,Rahul Menon,M,26-35,Coimbatore,Silver,2022-07-16,No
CU12804,Aman Rao,M,26-35,Bengaluru,Silver,2023-02-18,Yes
CU12805,Lakshmi Rao,F,26-35,Kochi,Silver,2021-07-17,Yes
CU12806,Nikita Singh,M,26-35,Coimbatore,Gold,2021-05-25,No
CU12807,Kiara Verma,M,46-60,Delhi,Gold,2024-04-26,Yes
CU12808,Meera Singh,M,18-25,Coimbatore,Gold,2021-10-26,Yes
CU12809,Sanjay Gupta,F,36-45,Delhi,Gold,2022-02-03,Yes
CU12810,Lakshmi Pillai,F,26-35,Delhi,Platinum,2023-10-17,Yes
CU12811,Ishaan Menon,F,18-25,Delhi,Silver,2021-08-18,Yes
CU12812,Tara Das,F,26-35,Kolkata,Silver,2021-12-10,Yes
CU12813,Myra Menon,F,26-35,Hyderabad,Silver,2023-06-17,Yes
CU12814,Rahul Khan,F,18-25,Delhi,Bronze,2021-12-09,No
CU12815,Sai Pillai,F,36-45,Mysuru,Bronze,2024-10-26,No
CU12816,Sanjay Patel,M,18-25,Delhi,Platinum,2023-04-04,No
CU12817,Diya Das,F,36-45,Coimbatore,Silver,2023-11-05,Yes
CU12818,Vivaan Patel,M,26-35,Delhi,Bronze,2022-12-16,Yes
CU12819,Ishaan Verma,F,18-25,Bengaluru,Bronze,2023-08-28,No
CU12820,Farhan Gupta,F,36-45,Kochi,Silver,2021-10-11,Yes
CU12821,Vihaan Singh,M,26-35,Mysuru,Bronze,2022-12-07,Yes
CU12822,Karthik Reddy,F,36-45,Chennai,Gold,2024-10-14,Yes
CU12823,Ananya Gupta,F,26-35,Pune,Bronze,2021-10-03,No
CU12824,Isha Menon,F,18-25,Hyderabad,Silver,2023-07-08,Yes
CU12825,Nikita Das,M,26-35,Kochi,Silver,2021-06-20,No
CU12826,Myra Menon,M,26-35,Mysuru,Bronze,2024-03-15,Yes
CU12827,Riya Patel,M,60+,Delhi,,2024-04-09,Yes
CU12828,Aarav Gupta,F,26-35,Chennai,Bronze,2021-08-23,Yes
CU12829,Riya Khan,M,26-35,Kolkata,Gold,2023-06-23,No
CU12830,Arjun Iyer,M,18-25,Chennai,Silver,2024-03-28,Yes
CU12831,Karthik Rao,M,18-25,Chennai,Silver,2022-06-25,No
CU12832,Aarav Das,F,26-35,Bengaluru,Silver,2024-03-11,No
CU12833,Rohan Menon,F,26-35,Pune,Bronze,2021-04-21,No
CU12834,Rohan Nair,F,18-25,Bengaluru,Platinum,2023-08-07,No
CU12835,Zoya Sharma,F,36-45,Mysuru,Bronze,2021-12-28,No
CU12836,Tara Patel,F,18-25,Kolkata,Bronze,2023-04-09,Yes
CU12837,Arun Singh,F,60+,Delhi,Bronze,2022-10-04,Yes
CU12838,Ananya Menon,M,36-45,Hyderabad,Bronze,2023-07-04,Yes
CU12839,Isha Khan,F,26-35,Pune,Gold,2022-09-02,Yes
CU12840,Sanjay Iyer,M,46-60,Chennai,Bronze,2023-02-04,Yes
CU12841,Pooja Singh,F,18-25,Delhi,Silver,2022-04-26,Yes
CU12842,Priya Sharma,F,36-45,Mysuru,Silver,2021-12-03,Yes
CU12843,Arun Das,M,,Mumbai,Bronze,2022-06-08,No
CU12844,Isha Iyer,M,46-60,Pune,Silver,2022-03-01,No
CU12845,Karthik Menon,M,36-45,Pune,Gold,2021-10-20,Yes
CU12846,Pooja Patel,M,46-60,Chennai,Silver,2021-06-14,Yes
CU12847,Vihaan Gupta,M,26-35,Mumbai,Silver,2023-03-06,Yes
CU12848,Zoya Das,F,36-45,Kolkata,Gold,2021-09-28,No
CU12849,Zoya Verma,F,18-25,Mysuru,Silver,2022-12-14,Yes
CU12850,Sai Nair,F,,Mysuru,Bronze,2021-09-10,Yes
CU12851,Ananya Iyer,M,26-35,Kochi,Bronze,2021-05-22,Yes
CU12852,Naveen Reddy,M,26-35,Mumbai,Bronze,2023-04-15,Yes
CU12853,Isha Sharma,F,46-60,Kolkata,Bronze,2024-08-26,Yes
CU12854,Kavya Patel,M,26-35,Coimbatore,Bronze,2024-05-13,Yes
CU12855,Divya Das,M,36-45,Bengaluru,Silver,2024-11-01,Yes
CU12856,Meera Sharma,M,26-35,Hyderabad,Gold,2021-07-02,Yes
CU12857,Aarav Rao,M,26-35,Kolkata,Bronze,2023-03-25,No
CU12858,Rohan Menon,F,26-35,Hyderabad,Gold,2022-07-05,Yes
CU12859,Ganesh Sharma,M,46-60,Kochi,Silver,2021-05-25,No
CU12860,Zoya Iyer,F,18-25,Hyderabad,Gold,2022-11-24,Yes
CU12861,Pooja Rao,F,18-25,Kochi,Silver,2021-08-03,No
CU12862,Sneha Nair,F,26-35,Kolkata,Platinum,2024-07-31,Yes
CU12863,Sanjay Rao,F,36-45,Pune,Silver,2021-09-29,Yes
CU12864,Deepak Reddy,M,36-45,Coimbatore,Silver,2024-04-17,Yes
CU12865,Diya Nair,M,18-25,Hyderabad,Bronze,2021-04-26,Yes
CU12866,Kavya Rao,F,18-25,Kolkata,Silver,2023-10-02,No
CU12867,Karthik Pillai,M,26-35,Mumbai,Platinum,2023-09-12,No
CU12868,Sneha Khan,M,26-35,Mysuru,Bronze,2022-04-10,Yes
CU12869,Aarav Sharma,F,36-45,Chennai,Silver,2023-10-25,Yes
CU12870,Deepak Rao,F,26-35,Coimbatore,Bronze,2023-11-01,No
CU12871,Sanjay Gupta,F,36-45,Mumbai,Gold,2024-11-28,Yes
CU12872,Naveen Singh,M,18-25,Kolkata,Bronze,2024-09-09,Yes
CU12873,Tara Rao,F,46-60,Kochi,Gold,2021-11-05,Yes
CU12874,Aadhya Verma,F,36-45,Pune,Bronze,2022-07-08,Yes
CU12875,Ananya Gupta,F,36-45,Coimbatore,Bronze,2024-11-10,No
CU12876,Deepak Sharma,M,36-45,Pune,Silver,2024-08-17,Yes
CU12877,Naveen Nair,M,26-35,Hyderabad,Silver,2022-11-22,Yes
CU12878,Aarav Gupta,M,36-45,Bengaluru,Bronze,2023-11-26,Yes
CU12879,Priya Reddy,M,26-35,Kolkata,Platinum,2022-01-03,No
CU12880,Farhan Reddy,F,26-35,Mumbai,Silver,2022-10-25,Yes
CU12881,Meera Khan,F,18-25,Bengaluru,Silver,2022-11-25,Yes
CU12882,Sneha Gupta,M,46-60,Kochi,Silver,2021-11-18,Yes
CU12883,Sneha Menon,M,26-35,Delhi,Platinum,2022-07-29,No
CU12884,Zoya Iyer,M,36-45,Mysuru,Silver,2022-01-02,Yes
CU12885,Priya Das,F,26-35,Hyderabad,Silver,2024-06-28,Yes
CU12886,Meera Khan,F,26-35,Coimbatore,Bronze,2023-01-17,No
CU12887,Vivaan Rao,F,60+,Kochi,Silver,2021-10-01,Yes
CU12888,Myra Khan,F,18-25,Chennai,Bronze,2024-02-23,Yes
CU12889,Pooja Rao,M,36-45,Hyderabad,Silver,2021-03-07,Yes
CU12890,Aditya Patel,F,46-60,Kolkata,Silver,2023-08-18,No
CU12891,Sneha Sharma,F,46-60,Coimbatore,Gold,2023-10-06,No
CU12892,Vihaan Das,F,18-25,Mumbai,silver,2022-02-08,Yes
CU12893,Zoya Singh,M,46-60,Mumbai,Silver,2023-03-20,No
CU12894,Rahul Patel,F,60+,Mysuru,Bronze,2021-02-05,No
CU12895,Arun Menon,M,18-25,Kolkata,Bronze,2024-09-13,No
CU12896,Karthik Sharma,M,36-45,Hyderabad,Bronze,2021-07-20,No
CU12897,Naveen Pillai,F,26-35,Chennai,Silver,2021-04-24,No
CU12898,Nikita Patel,F,36-45,Bengaluru,Gold,2023-05-12,Yes
CU12899,Priya Singh,M,26-35,Kochi,Bronze,2021-04-14,Yes
CU12900,Ishaan Iyer,F,36-45,Delhi,Bronze,2024-05-19,No
CU12901,Pooja Das,M,26-35,Delhi,Bronze,2023-01-21,No
CU12902,Karthik Singh,M,46-60,Kolkata,Bronze,2022-07-23,No
CU12903,Meera Das,F,26-35,Chennai,Bronze,2024-08-17,Yes
CU12904,Naveen Patel,M,26-35,Delhi,Bronze,2024-04-08,Yes
CU12905,Rahul Verma,F,26-35,Kolkata,Platinum,2024-11-01,No
CU12906,Aditya Nair,M,36-45,Chennai,Gold,2023-10-11,Yes
CU12907,Sneha Reddy,F,46-60,Kolkata,Bronze,2021-08-27,No
CU12908,Priya Sharma,F,18-25,Mumbai,Bronze,2024-08-20,Yes
CU12909,Ishaan Rao,F,36-45,Delhi,Platinum,2024-11-27,Yes
CU12910,Aadhya Pillai,M,46-60,Kochi,Gold,2022-07-17,Yes
CU12911,Ganesh Patel,M,26-35,Pune,Gold,2023-09-06,Yes
CU12912,Riya Gupta,M,26-35,Mysuru,Bronze,2021-10-24,Yes
CU12913,Divya Menon,F,26-35,Pune,,2023-11-29,Yes
CU12914,Sneha Patel,M,26-35,Delhi,Bronze,2024-08-17,Yes
CU12915,Aadhya Menon,M,26-35,Kochi,Bronze,2024-09-14,Yes
CU12916,Rohan Rao,M,18-25,Hyderabad,Bronze,2021-10-25,No
CU12917,Meera Das,F,46-60,Kochi,Bronze,2023-07-08,No
CU12918,Aadhya Nair,M,26-35,Pune,Bronze,2024-01-09,Yes
CU12919,Riya Nair,F,46-60,Mumbai,Platinum,2021-06-29,No
CU12920,Rohan Rao,M,26-35,Kochi,Gold,2023-08-29,Yes
CU12921,Arun Sharma,F,18-25,Kochi,Bronze,2022-04-29,Yes
CU12922,Diya Khan,F,36-45,Kochi,Bronze,2024-12-13,Yes
CU12923,Nikita Menon,F,18-25,Hyderabad,Gold,2024-09-15,No
CU12924,Naveen Reddy,M,26-35,Delhi,Bronze,2023-05-25,Yes
CU12925,Aadhya Patel,F,18-25,Mumbai,Bronze,2021-09-13,No
CU12926,Deepak Pillai,M,36-45,Kochi,Bronze,2023-11-24,No
CU12927,Vihaan Pillai,M,26-35,Kolkata,Silver,2022-04-10,Yes
CU12928,Sai Sharma,M,46-60,Mumbai,Bronze,2023-09-12,Yes
CU12929,Aditya Verma,M,18-25,Kolkata,Silver,2023-05-05,No
CU12930,Isha Menon,M,46-60,Chennai,Bronze,2023-12-11,Yes
CU12931,Zoya Reddy,F,18-25,Pune,Bronze,2024-10-08,Yes
CU12932,Farhan Reddy,M,36-45,Kolkata,Bronze,2023-04-02,No
CU12933,Zoya Pillai,F,26-35,Kolkata,Silver,2023-04-05,Yes
CU12934,Karthik Reddy,M,18-25,Bengaluru,Silver,2023-06-21,Yes
CU12935,Meera Singh,M,26-35,Hyderabad,Bronze,2024-05-04,Yes
CU12936,Aditya Khan,M,36-45,Delhi,Silver,2024-07-04,Yes
CU12937,Kiara Reddy,F,46-60,Bengaluru,Bronze,2023-03-26,Yes
CU12938,Divya Patel,M,36-45,Delhi,Bronze,2021-01-08,Yes
CU12939,Aman Das,M,46-60,Chennai,Silver,2021-03-18,No
CU12940,Ananya Das,M,36-45,Delhi,Platinum,2022-03-01,No
CU12941,Arjun Patel,F,26-35,Pune,Platinum,2022-12-25,No
CU12942,Priya Pillai,F,46-60,Hyderabad,Silver,2022-01-11,No
CU12943,Arun Nair,F,36-45,Hyderabad,Gold,2022-12-07,No
CU12944,Sneha Verma,F,26-35,Delhi,Silver,2021-08-29,No
CU12945,Arun Reddy,M,26-35,Bengaluru,Bronze,2022-12-19,Yes
CU12946,Rahul Iyer,M,46-60,Chennai,Bronze,2021-02-21,No
CU12947,Myra Gupta,F,26-35,Chennai,Platinum,2023-10-10,Yes
CU12948,Rahul Patel,M,26-35,Kochi,Gold,2024-09-25,Yes
CU12949,Aman Verma,M,26-35,Kochi,Gold,2024-05-31,No
CU12950,Pooja Patel,F,36-45,Mysuru,Silver,2024-09-11,Yes
CU12951,Aarav Gupta,M,18-25,Coimbatore,Platinum,2022-03-28,Yes
CU12952,Meera Iyer,F,36-45,Hyderabad,Bronze,2024-07-20,No
CU12953,Vihaan Verma,F,60+,Hyderabad,Bronze,2023-02-04,No
CU12954,Divya Nair,M,18-25,Pune,Silver,2024-09-19,Yes
CU12955,Vihaan Nair,F,18-25,Mysuru,Silver,2021-02-07,Yes
CU12956,Riya Iyer,F,18-25,Kolkata,Bronze,2024-05-31,Yes
CU12957,Aarav Pillai,M,36-45,Bengaluru,Bronze,2021-03-11,No
CU12958,Aadhya Singh,M,18-25,Mumbai,Bronze,2023-09-08,Yes
CU12959,Sneha Das,F,18-25,Pune,Bronze,2022-05-09,Yes
CU12960,Riya Nair,M,60+,Delhi,Bronze,2024-06-08,Yes
CU12961,Isha Pillai,F,60+,Kolkata,Bronze,2023-11-24,No
CU12962,Arun Verma,M,36-45,Kolkata,Silver,2021-03-28,Yes
CU12963,Meera Rao,F,60+,Hyderabad,Bronze,2021-05-20,No
CU12964,Pooja Patel,F,26-35,Coimbatore,Bronze,2022-01-13,No
CU12965,Divya Pillai,F,26-35,Bengaluru,Bronze,2024-02-03,No
CU12966,Aadhya Rao,M,46-60,Mumbai,Bronze,2022-12-07,Yes
CU12967,Rohan Menon,M,46-60,Mysuru,Bronze,2023-11-16,No
CU12968,Meera Menon,F,46-60,Mumbai,Platinum,2021-11-21,Yes
CU12969,Farhan Nair,F,18-25,Pune,Gold,2022-08-12,Yes
CU12970,Sanjay Pillai,M,26-35,Mumbai,Bronze,2023-08-26,Yes
CU12971,Rohan Das,F,36-45,Bengaluru,Gold,2024-02-02,Yes
CU12972,Vivaan Das,F,18-25,Coimbatore,Bronze,2021-04-05,Yes
CU12973,Riya Singh,M,18-25,Coimbatore,Platinum,2022-08-07,No
CU12974,Pooja Verma,F,26-35,Mumbai,Silver,2024-11-24,Yes
CU12975,Sai Rao,F,46-60,Delhi,Silver,2021-07-30,Yes
CU12976,Tara Das,M,36-45,Mysuru,Bronze,2022-09-28,Yes
CU12977,Vihaan Menon,F,26-35,Chennai,Bronze,2022-02-15,Yes
CU12978,Arjun Reddy,M,,Pune,Bronze,2023-12-18,Yes
CU12979,Nikita Reddy,F,46-60,Kolkata,Bronze,2024-07-12,No
CU12980,Sneha Das,F,36-45,Bengaluru,Silver,2023-10-02,Yes
CU12981,Diya Patel,M,36-45,Chennai,Bronze,2022-11-21,Yes
CU12982,Vihaan Nair,M,26-35,Kolkata,Silver,2021-12-04,Yes
CU12983,Meera Khan,F,26-35,Coimbatore,Bronze,2024-06-21,Yes
CU12984,Diya Patel,M,46-60,Mysuru,Silver,2021-01-19,Yes
CU12985,Kavya Rao,M,46-60,Pune,,2022-03-28,Yes
CU12986,Sai Rao,M,26-35,Bengaluru,gold,2024-09-12,Yes
CU12987,Aman Menon,F,26-35,Mysuru,Bronze,2023-04-19,No
CU12988,Lakshmi Menon,F,46-60,Mysuru,Gold,2022-08-06,Yes
CU12989,Zoya Rao,F,26-35,Kochi,Gold,2023-10-27,No
CU12990,Aarav Menon,F,18-25,Kochi,Bronze,2023-12-30,Yes
CU12991,Zoya Menon,F,46-60,Mumbai,Platinum,2023-01-21,Yes
CU12992,Isha Menon,M,18-25,Hyderabad,Silver,2023-06-20,No
CU12993,Kiara Nair,M,46-60,Mysuru,Platinum,2023-09-14,Yes
CU12994,Pooja Pillai,M,46-60,Coimbatore,Bronze,2024-05-23,No
CU12995,Aman Verma,M,26-35,Kochi,Gold,2024-05-06,Yes
CU12996,Ishaan Singh,F,26-35,Bengaluru,Bronze,2022-01-07,No
CU12997,Vivaan Pillai,F,18-25,Bengaluru,Bronze,2021-11-11,Yes
CU12998,Kiara Iyer,M,36-45,Hyderabad,Bronze,2021-11-06,No
CU12999,Pooja Verma,F,26-35,Delhi,Bronze,2024-11-01,No
CU13000,Aadhya Nair,F,26-35,Coimbatore,Bronze,2024-07-05,No
CU11397,Kiara Singh,F,26-35,Pune,Gold,2021-06-14,Yes
CU11012,Isha Patel,F,36-45,Kolkata,Bronze,2021-11-21,No
CU10934,Zoya Gupta,M,26-35,Mumbai,Silver,2024-07-23,No
CU10393,Divya Sharma,M,18-25,Kolkata,Bronze,2021-06-28,Yes
CU12869,Aarav Sharma,F,36-45,Chennai,Silver,2023-10-25,Yes
CU12958,Aadhya Singh,M,18-25,Mumbai,Bronze,2023-09-08,Yes
CU12711,Divya Sharma,F,18-25,Hyderabad,Bronze,2024-01-01,Yes
CU10939,Divya Rao,F,36-45,Kolkata,Bronze,2021-04-02,Yes
CU12572,Nikita Verma,M,60+,Mysuru,Bronze,2021-03-13,Yes
CU10346,Myra Nair,M,46-60,Hyderabad,Bronze,2023-07-27,Yes
CU12426,Deepak Gupta,F,18-25,Bengaluru,Gold,2021-04-09,Yes
CU12970,Sanjay Pillai,M,26-35,Mumbai,Bronze,2023-08-26,Yes
CU12065,Aman Pillai,M,46-60,Bengaluru,Silver,2024-03-05,Yes
CU12156,Aarav Das,M,46-60,Hyderabad,Platinum,2023-04-05,Yes
CU11716,Kiara Patel,M,18-25,Delhi,Bronze,2021-05-30,No
CU10099,Deepak Sharma,M,26-35,Mumbai,Bronze,2022-10-10,Yes
CU11085,Sneha Verma,M,60+,Hyderabad,Silver,2024-09-24,Yes
CU11304,Myra Singh,M,18-25,Delhi,Bronze,2021-04-30,No
CU10368,Riya Gupta,F,46-60,Kochi,Platinum,2024-04-02,Yes
CU12336,Arun Pillai,F,36-45,Bengaluru,Gold,2022-09-07,Yes
CU10210,Deepak Rao,M,26-35,Hyderabad,Platinum,2022-12-11,Yes
CU10484,Vihaan Gupta,M,26-35,Kolkata,Bronze,2023-02-21,Yes
