ReturnID,TransactionID,ReturnDate,Reason,RefundAmount,Condition
RT50001,TX217099,2023-10-26,Damaged,13747.05,Resellable
RT50002,TX231532,2024-02-19,Not as Described,7620.01,Damaged
RT50003,TX247970,2024-10-22,Defective,692.97,Resellable
RT50004,TX253103,2024-11-26,Not as Described,3301.98,Resellable
RT50005,TX253744,2024-12-05,Size Issue,5341.26,Resellable
RT50006,TX212077,2023-07-25,Changed Mind,62343.07,Damaged
RT50007,TX242367,2024-07-31,Size Issue,1942.7,Resellable
RT50008,TX245765,2024-09-07,Size Issue,59567.39,Resellable
RT50009,TX228373,2024-01-05,Changed Mind,2093.9,Resellable
RT50010,TX229991,2024-01-31,Changed Mind,4148.22,Damaged
RT50011,TX227277,2024-01-07,Not as Described,6301.11,Resellable
RT50012,TX240986,2024-07-12,Not as Described,23049.28,Damaged
RT50013,TX201437,2023-02-22,Changed Mind,10067.89,Resellable
RT50014,TX250674,2024-11-08,Defective,644.2,Scrap
RT50015,TX206833,2023-05-05,Size Issue,8861.38,Resellable
RT50016,TX260290,2025-01-18,Defective,2513.24,Damaged
RT50017,TX215772,2023-09-27,Changed Mind,2396.53,Scrap
RT50018,TX239732,2024-07-02,Defective,18034.78,Resellable
RT50019,TX227330,2023-12-28,damaged,4071.72,Resellable
RT50020,TX239673,2024-06-26,Damaged,15065.37,Damaged
RT50021,TX236790,2024-05-18,changed mind,12831.76,Resellable
RT50022,TX236526,2024-05-06,Size Issue,2053.04,Resellable
RT50023,TX228184,2024-01-17,Size Issue,826.92,Damaged
RT50024,TX260197,2024-12-31,Not as Described,50703.3,Resellable
RT50025,TX248603,2024-11-02,Defective,12552.14,Resellable
RT50026,TX209887,2023-06-17,Defective,15063.76,Scrap
RT50027,TX203991,2023-03-24,Size Issue,2015.63,Damaged
RT50028,TX216965,2023-10-01,Size Issue,12908.58,Resellable
RT50029,TX211879,2023-07-27,Size Issue,5217.62,Resellable
RT50030,TX235353,2024-04-08,Defective,2408.08,Resellable
RT50031,TX229170,2024-01-13,Not as Described,1921.36,Resellable
RT50032,TX236749,2024-05-17,Not as Described,3989.52,Scrap
RT50033,TX226558,2023-12-25,Late Delivery,1338.24,Resellable
RT50034,TX216598,2023-10-12,Changed Mind,4455.01,Resellable
RT50035,TX219073,2023-11-09,Changed Mind,1610.33,Damaged
RT50036,TX207012,2023-04-29,Not as Described,3566.36,Resellable
RT50037,TX217996,2023-11-05,Not as Described,4909.28,Damaged
RT50038,TX214867,2023-09-01,Changed Mind,9721.32,Damaged
RT50039,TX226471,2024-01-03,Late Delivery,18588.69,Resellable
RT50040,TX242589,2024-08-01,Size Issue,1907.18,Damaged
RT50041,TX205145,2023-04-06,Late Delivery,15698.18,Damaged
RT50042,TX245322,2024-09-18,Changed Mind,9206.14,Resellable
RT50043,TX203250,2023-03-01,Changed Mind,28082.6,Scrap
RT50044,TX213328,2023-08-25,Not as Described,1874.53,Resellable
RT50045,TX201703,2023-02-10,Size Issue,38071.26,Resellable
RT50046,TX255132,2024-11-30,Size Issue,1950.32,Scrap
RT50047,TX250666,2024-10-29,Size Issue,31275.2,Resellable
RT50048,TX227628,2024-01-10,Size Issue,1675.49,Resellable
RT50049,TX230444,2024-02-10,Damaged,8017.96,Resellable
RT50050,TX223471,2023-11-29,Size Issue,5265.76,Damaged
RT50051,TX254712,2024-11-19,Changed Mind,4057.66,Damaged
RT50052,TX245321,2024-09-13,Size Issue,4331.72,Damaged
RT50053,TX247401,2024-09-29,Changed Mind,43942.72,Resellable
RT50054,TX254198,2024-12-08,Defective,1373.26,Resellable
RT50055,TX211906,2023-08-08,Not as Described,294.01,Resellable
RT50056,TX226823,2023-12-17,Size Issue,1588.69,Resellable
RT50057,TX242532,2024-08-12,Size Issue,14664.17,Resellable
RT50058,TX223692,2023-11-24,changed mind,9283.33,Scrap
RT50059,TX244815,2024-09-08,Not as Described,9913.91,Resellable
RT50060,TX208779,2023-05-27,Size Issue,2009.61,Resellable
RT50061,TX240664,2024-07-13,Size Issue,4674.43,Scrap
RT50062,TX222109,2023-12-03,Defective,1811.72,Scrap
RT50063,TX206578,2023-04-22,Damaged,5029.23,Damaged
RT50064,TX222108,2023-12-02,Not as Described,282070.32,Damaged
RT50065,TX231017,2024-02-21,Changed Mind,5804.36,Resellable
RT50066,TX238505,2024-06-01,Defective,6421.53,Resellable
RT50067,TX220435,2023-11-14,Changed Mind,10491.92,Resellable
RT50068,TX240810,2024-06-25,Damaged,12712.7,Resellable
RT50069,TX253667,2024-12-02,Late Delivery,7489.96,Scrap
RT50070,TX220589,2023-11-21,Not as Described,39485.3,Damaged
RT50071,TX216724,2023-10-22,Defective,9721.32,Resellable
RT50072,TX237860,2024-05-22,Late Delivery,782.24,Damaged
RT50073,TX219291,2023-11-09,Not as Described,5856.18,Damaged
RT50074,TX242394,2024-08-02,Defective,1213.52,Damaged
RT50075,TX245080,2024-09-06,Changed Mind,73252.3,Resellable
RT50076,TX251952,2024-11-24,Defective,1330.13,Damaged
RT50077,TX234063,2024-03-23,Late Delivery,1919.5,Scrap
RT50078,TX228339,2024-01-03,Not as Described,23415.56,Damaged
RT50079,TX247990,2024-10-22,Damaged,6514.98,Damaged
RT50080,TX207464,2023-05-13,Late Delivery,5931.91,Resellable
RT50081,TX254878,2024-11-22,Changed Mind,3771.92,Resellable
RT50082,TX248540,2024-10-19,Changed Mind,16787.07,Resellable
RT50083,TX235266,2024-04-20,Late Delivery,5199.43,Resellable
RT50084,TX238361,2024-05-19,Not as Described,8004.38,Resellable
RT50085,TX241361,2024-07-23,size issue,11122.39,Damaged
RT50086,TX238999,2024-06-08,Size Issue,7502.78,Scrap
RT50087,TX209690,2023-06-15,Defective,8285.15,Damaged
RT50088,TX246793,2024-09-29,Changed Mind,1901.79,Damaged
RT50089,TX217563,2023-10-12,Late Delivery,9146.45,Resellable
RT50090,TX215750,2023-09-16,Not as Described,2494.65,Scrap
RT50091,TX204772,2023-04-07,Changed Mind,7931.13,Damaged
RT50092,TX225436,2023-12-19,Not as Described,117603.01,Resellable
RT50093,TX248333,2024-10-31,Damaged,513.36,Resellable
RT50094,TX231979,2024-02-25,Defective,1280.12,Resellable
RT50095,TX213866,2023-09-09,Not as Described,9327.77,Damaged
RT50096,TX224920,2023-12-26,Not as Described,9205.69,Resellable
RT50097,TX241045,2024-07-21,Damaged,18418.19,Resellable
RT50098,TX238378,2024-05-26,Defective,12391.86,Resellable
RT50099,TX234153,2024-04-13,Defective,12953.74,Resellable
RT50100,TX205530,2023-03-30,Damaged,6105.47,Resellable
RT50101,TX201467,2023-02-01,Size Issue,18082.08,Resellable
RT50102,TX240969,2024-07-19,Late Delivery,4108.46,Damaged
RT50103,TX258100,2024-12-14,Damaged,7266.91,Scrap
RT50104,TX215345,2023-09-13,Size Issue,8619.88,Scrap
RT50105,TX248084,2024-10-22,Changed Mind,2169.7,Resellable
RT50106,TX220918,2023-11-14,Size Issue,4818.57,Resellable
RT50107,TX217525,2023-10-15,Damaged,5933.35,Damaged
RT50108,TX229622,2024-02-05,Not as Described,13550.3,Damaged
RT50109,TX257915,2024-12-31,Not as Described,1560.26,Resellable
RT50110,TX216355,2023-09-20,Defective,104802.2,Scrap
RT50111,TX254218,2024-12-01,Size Issue,139853.46,Damaged
RT50112,TX255095,2024-12-07,Size Issue,59316.27,Resellable
RT50113,TX258631,2024-12-20,Late Delivery,3545.39,Resellable
RT50114,TX202908,2023-02-24,Damaged,859.4,Resellable
RT50115,TX237371,2024-05-18,Damaged,9022.44,Resellable
RT50116,TX250236,2024-10-16,Damaged,2188.32,Damaged
RT50117,TX222448,2023-11-13,Damaged,1333.38,Resellable
RT50118,TX216267,2023-10-05,Damaged,2602.28,Resellable
RT50119,TX258016,2024-12-10,Size Issue,1993.1,Scrap
RT50120,TX226193,2023-12-19,Not as Described,1537.11,Resellable
RT50121,TX242584,2024-07-24,Not as Described,34794.84,Resellable
RT50122,TX206276,2023-04-10,Damaged,4812.41,Damaged
RT50123,TX247716,2024-10-23,Damaged,862.82,Resellable
RT50124,TX215865,2023-09-17,Size Issue,1409.95,Damaged
RT50125,TX205306,2023-03-25,Changed Mind,15280.17,Resellable
RT50126,TX232532,2024-03-11,Size Issue,2009.61,Resellable
RT50127,TX249879,2024-11-04,Late Delivery,8749.19,Resellable
RT50128,TX247708,2024-10-14,Size Issue,2882.96,Resellable
RT50129,TX215301,2023-09-08,Damaged,4723.2,Damaged
RT50130,TX221232,2023-11-07,Not as Described,19388.47,Damaged
RT50131,TX234614,2024-04-13,Size Issue,18101.54,Resellable
RT50132,TX223138,2023-11-28,Size Issue,3125.09,Resellable
RT50133,TX207428,2023-05-13,Changed Mind,12297.91,Damaged
RT50134,TX246476,2024-09-25,Size Issue,6471.57,Damaged
RT50135,TX239012,2024-06-05,Damaged,7263.78,Damaged
RT50136,TX236815,2024-05-19,Not as Described,1970.4,Resellable
RT50137,TX209006,2023-06-07,Defective,4680.34,Resellable
RT50138,TX240586,2024-07-07,Late Delivery,125405.04,Resellable
RT50139,TX257821,2024-12-23,Not as Described,1906.56,Damaged
RT50140,TX233225,2024-04-04,Defective,27387.48,Resellable
RT50141,TX205276,2023-04-03,Size Issue,73008.82,Resellable
RT50142,TX244652,2024-09-11,Damaged,17523.23,Resellable
RT50143,TX240818,2024-07-05,Late Delivery,3652.02,Resellable
RT50144,TX201520,2023-02-07,Damaged,2337.96,Resellable
RT50145,TX254266,2024-11-20,Size Issue,19317.17,Resellable
RT50146,TX220656,2023-11-16,Changed Mind,26754.4,Resellable
RT50147,TX218238,2023-11-05,Not as Described,2161.1,Resellable
RT50148,TX203403,2023-03-02,Not as Described,3416.34,Resellable
RT50149,TX212073,2023-08-10,Damaged,3026.92,Damaged
RT50150,TX248521,2024-10-21,Size Issue,4789.26,Damaged
RT50151,TX203475,2023-03-24,Size Issue,74349.15,Damaged
RT50152,TX227958,2023-12-31,Defective,6495.5,Resellable
RT50153,TX259362,2025-01-20,Late Delivery,,Damaged
RT50154,TX211578,2023-07-07,Not as Described,390.31,Damaged
RT50155,TX217270,2023-10-08,Changed Mind,45426.3,Resellable
RT50156,TX255972,2024-12-14,Changed Mind,2704.79,Damaged
RT50157,TX211960,2023-07-27,Not as Described,39867.75,Resellable
RT50158,TX210087,2023-06-23,Defective,1866.7,Damaged
RT50159,TX236225,2024-04-23,Size Issue,4268.62,Resellable
RT50160,TX211715,2023-07-17,Changed Mind,11333.01,Damaged
RT50161,TX235584,2024-04-19,Changed Mind,44239.25,Damaged
RT50162,TX215862,2023-09-18,Damaged,5368.76,Resellable
RT50163,TX245643,2024-09-12,Changed Mind,4771.21,Resellable
RT50164,TX240976,2024-07-12,Damaged,12412.32,Scrap
RT50165,TX207046,2023-04-21,Late Delivery,3394.53,Resellable
RT50166,TX214956,2023-09-12,Not as Described,7816.14,Resellable
RT50167,TX242224,2024-08-01,Damaged,2529.51,Scrap
RT50168,TX235036,2024-04-08,Size Issue,10600.68,Resellable
RT50169,TX234313,2024-04-16,Changed Mind,5728.42,Resellable
RT50170,TX219045,2023-11-04,Size Issue,3917.61,Resellable
RT50171,TX217145,2023-10-26,Size Issue,29629.82,Resellable
RT50172,TX227474,2024-01-10,Size Issue,950.84,Damaged
RT50173,TX229044,2024-01-15,Size Issue,7664.68,Damaged
RT50174,TX217054,2023-10-24,Not as Described,13305.21,Resellable
RT50175,TX247945,2024-10-09,Not as Described,1780.42,Resellable
RT50176,TX254884,2024-12-03,Not as Described,4689.06,Damaged
RT50177,TX239868,2024-07-05,Size Issue,773.46,Damaged
RT50178,TX245560,2024-09-14,Changed Mind,2203.13,Resellable
RT50179,TX222932,2023-11-25,Size Issue,1987.27,Damaged
RT50180,TX205676,2023-04-25,Size Issue,6630.84,Resellable
RT50181,TX241576,2024-08-01,Size Issue,3771.7,Resellable
RT50182,TX203054,2023-02-23,Size Issue,22239.9,Damaged
RT50183,TX226961,2024-01-07,Not as Described,6069.38,Resellable
RT50184,TX208052,2023-06-01,Changed Mind,1328.6,Damaged
RT50185,TX216497,2023-09-23,Changed Mind,191.26,Scrap
RT50186,TX217891,2023-10-09,Defective,209.38,Resellable
RT50187,TX244226,2024-08-19,Late Delivery,9205.69,Damaged
RT50188,TX220862,2023-11-12,Changed Mind,109847.65,Resellable
RT50189,TX256875,2024-12-09,Not as Described,4689.68,Resellable
RT50190,TX253210,2024-11-05,Size Issue,85943.89,Resellable
RT50191,TX230119,2024-02-14,Not as Described,219695.31,Resellable
RT50192,TX213711,2023-09-07,Not as Described,3182.11,Resellable
RT50193,TX244305,2024-09-11,Damaged,1350.39,Resellable
RT50194,TX213395,2023-08-30,Size Issue,9905.08,Damaged
RT50195,TX214352,2023-09-11,Late Delivery,11348.04,Resellable
RT50196,TX230549,2024-02-08,Size Issue,6933.56,Damaged
RT50197,TX251027,2024-11-10,Damaged,3369.24,Resellable
RT50198,TX213790,2023-09-02,Size Issue,116467.67,Resellable
RT50199,TX221609,2023-11-06,Late Delivery,3926.34,Resellable
RT50200,TX245481,2024-09-19,Changed Mind,28925.7,Resellable
RT50201,TX233381,2024-03-11,Not as Described,32013.91,Resellable
RT50202,TX237958,2024-06-02,Defective,9147.2,Resellable
RT50203,TX238221,2024-06-09,Changed Mind,1622.51,Resellable
RT50204,TX255006,2024-12-15,Defective,5043.46,Resellable
RT50205,TX211116,2023-07-09,Not as Described,2846.0,Resellable
RT50206,TX205453,2023-04-13,Not as Described,5921.96,Scrap
RT50207,TX221522,2023-11-13,Damaged,78138.25,Resellable
RT50208,TX201329,2023-01-24,Not as Described,4379.68,Resellable
RT50209,TX252564,2024-11-25,Defective,8446.64,Resellable
RT50210,TX249654,2024-11-04,Late Delivery,1873.84,Resellable
RT50211,TX250865,2024-10-31,Size Issue,7931.13,Scrap
RT50212,TX233880,2024-03-17,Damaged,9000.26,Resellable
RT50213,TX210796,2023-07-12,Late Delivery,15065.37,Resellable
RT50214,TX220766,2023-11-19,Not as Described,9630.81,Damaged
RT50215,TX225471,2023-12-27,Changed Mind,9108.84,Resellable
RT50216,TX242676,2024-08-07,Size Issue,7994.87,Damaged
RT50217,TX257291,2024-12-31,Damaged,134359.34,Resellable
RT50218,TX234737,2024-04-04,Size Issue,5098.12,Damaged
RT50219,TX245923,2024-09-30,Changed Mind,147437.26,Damaged
RT50220,TX245406,2024-08-31,Not as Described,83260.93,Resellable
RT50221,TX230146,2024-02-20,Changed Mind,3906.36,Resellable
RT50222,TX248429,2024-10-07,Damaged,4946.82,Resellable
RT50223,TX223902,2023-12-05,Damaged,55291.79,Resellable
RT50224,TX200295,2023-01-08,Late Delivery,8830.06,Resellable
RT50225,TX234828,2024-04-16,Defective,6813.14,Resellable
RT50226,TX201102,2023-02-09,Not as Described,59137.74,Resellable
RT50227,TX246916,2024-10-11,Damaged,3940.89,Resellable
RT50228,TX206947,2023-05-02,Late Delivery,5338.72,Damaged
RT50229,TX206816,2023-05-01,Defective,7831.51,Resellable
RT50230,TX215136,2023-09-13,Size Issue,294.01,Damaged
RT50231,TX206386,2023-05-06,Not as Described,8811.72,Resellable
RT50232,TX236063,2024-05-06,Defective,3527.61,Resellable
RT50233,TX203383,2023-03-22,Not as Described,3237.61,Resellable
RT50234,TX214029,2023-08-31,Size Issue,1429.82,Resellable
RT50235,TX235484,2024-04-23,Changed Mind,974.17,Scrap
RT50236,TX229019,2024-01-19,Size Issue,4750.06,Damaged
RT50237,TX248901,2024-10-30,Changed Mind,9600.15,Resellable
RT50238,TX250527,2024-10-28,Changed Mind,11581.35,Scrap
RT50239,TX236553,2024-05-11,Size Issue,2255.5,Resellable
RT50240,TX204014,2023-03-16,Not as Described,5167.66,Scrap
RT50241,TX232056,2024-03-06,Damaged,976.54,Resellable
RT50242,TX203811,2023-03-28,Not as Described,6509.1,Damaged
RT50243,TX212979,2023-08-11,Damaged,30560.34,Resellable
RT50244,TX223743,2023-12-04,Late Delivery,27883.03,Resellable
RT50245,TX216765,2023-10-15,Not as Described,4220.18,Damaged
RT50246,TX211762,2023-07-16,Size Issue,4379.68,Damaged
RT50247,TX249851,2024-10-19,Size Issue,105983.22,Resellable
RT50248,TX238250,2024-06-12,Defective,10763.84,Scrap
RT50249,TX237629,2024-05-23,Not as Described,819.23,Damaged
RT50250,TX228858,2024-01-19,Size Issue,7433.45,Resellable
RT50251,TX227504,2024-01-12,not as described,2670.04,Resellable
RT50252,TX255054,2024-12-04,Damaged,499.61,Resellable
RT50253,TX226302,2023-12-25,Damaged,48168.14,Resellable
RT50254,TX235663,2024-04-29,Not as Described,1302.12,Damaged
RT50255,TX242503,2024-07-29,Changed Mind,5367.13,Resellable
RT50256,TX209907,2023-06-16,Size Issue,1690.55,Resellable
RT50257,TX231729,2024-02-22,Damaged,16836.8,Resellable
RT50258,TX230462,2024-02-21,Defective,119785.68,Resellable
RT50259,TX244063,2024-09-06,Size Issue,3168.94,Damaged
RT50260,TX239375,2024-06-21,Damaged,5229.26,Resellable
RT50261,TX242634,2024-08-15,Damaged,132693.53,Resellable
RT50262,TX228319,2024-01-24,Size Issue,9297.19,Scrap
RT50263,TX239616,2024-06-17,Late Delivery,8125.27,Resellable
RT50264,TX200058,2023-01-17,Late Delivery,187029.21,Resellable
RT50265,TX210506,2023-06-29,Changed Mind,3017.36,Resellable
RT50266,TX204050,2023-03-27,Not as Described,13724.55,Damaged
RT50267,TX221528,2023-11-15,Size Issue,1883.84,Damaged
RT50268,TX213336,2023-08-25,Defective,6426.81,Damaged
RT50269,TX258945,2025-01-13,Changed Mind,200034.04,Resellable
RT50270,TX242048,2024-07-29,Size Issue,6472.22,Resellable
RT50271,TX207887,2023-05-28,Size Issue,7552.36,Damaged
RT50272,TX245812,2024-09-19,Size Issue,119727.94,Scrap
RT50273,TX241424,2024-07-02,Damaged,7297.02,Scrap
RT50274,TX258938,2024-12-23,Not as Described,10839.01,Resellable
RT50275,TX256695,2024-12-17,Not as Described,40756.64,Resellable
RT50276,TX242515,2024-08-06,Size Issue,3583.11,Damaged
RT50277,TX208110,2023-05-30,Size Issue,5845.95,Resellable
RT50278,TX254843,2024-11-19,Changed Mind,25195.51,Resellable
RT50279,TX217197,2023-10-06,Size Issue,15108.07,Resellable
RT50280,TX249914,2024-11-06,Size Issue,5268.5,Damaged
RT50281,TX247849,2024-10-05,damaged,7303.9,Resellable
RT50282,TX231254,2024-02-22,Changed Mind,43097.81,Resellable
RT50283,TX202695,2023-02-18,Damaged,105983.22,Resellable
RT50284,TX203343,2023-03-20,Damaged,1950.32,Resellable
RT50285,TX254694,2024-11-19,Size Issue,3888.53,Resellable
RT50286,TX247567,2024-10-18,Damaged,2106.18,Resellable
RT50287,TX217792,2023-10-25,Changed Mind,8347.56,Resellable
RT50288,TX206600,2023-04-18,Size Issue,177411.97,Damaged
RT50289,TX200700,2023-01-30,Defective,983.52,Resellable
RT50290,TX218341,2023-10-14,Late Delivery,3798.79,Scrap
RT50291,TX219177,2023-10-31,Defective,141543.58,Resellable
RT50292,TX222461,2023-12-02,Defective,5300.34,Resellable
RT50293,TX251987,2024-11-02,Not as Described,2341.38,Resellable
RT50294,TX203916,2023-03-04,Changed Mind,1944.99,Damaged
RT50295,TX255000,2024-11-30,Not as Described,67506.48,Resellable
RT50296,TX204231,2023-03-17,Size Issue,5979.3,Damaged
RT50297,TX224159,2023-11-28,Not as Described,5620.18,Scrap
RT50298,TX232933,2024-03-13,Size Issue,3118.31,Resellable
RT50299,TX233139,2024-03-25,Damaged,14217.04,Resellable
RT50300,TX248866,2024-10-10,Changed Mind,961.63,Damaged
RT50301,TX209961,2023-06-15,Not as Described,806.55,Resellable
RT50302,TX209715,2023-06-15,Not as Described,5751.15,Scrap
RT50303,TX227920,2024-01-17,Not as Described,3207.18,Resellable
RT50304,TX219528,2023-10-29,Not as Described,6086.45,Damaged
RT50305,TX206748,2023-04-18,Not as Described,110241.42,Resellable
RT50306,TX255948,2024-11-30,Not as Described,2165.66,Scrap
RT50307,TX240254,2024-07-11,Changed Mind,18143.46,Damaged
RT50308,TX218299,2023-10-11,Size Issue,9680.84,Resellable
RT50309,TX200585,2023-02-01,Damaged,7402.74,Damaged
RT50310,TX219520,2023-10-23,Changed Mind,6044.69,Damaged
RT50311,TX242984,2024-08-11,Defective,5352.35,Resellable
RT50312,TX216365,2023-10-13,Changed Mind,19693.64,Resellable
RT50313,TX200542,2023-01-15,Size Issue,2662.81,Resellable
RT50314,TX229124,2024-01-27,Size Issue,124136.51,Resellable
RT50315,TX255032,2024-11-20,Damaged,22612.83,Resellable
RT50316,TX229031,2024-02-04,Not as Described,3043.26,Resellable
RT50317,TX225072,2023-12-06,Size Issue,2100.8,Resellable
RT50318,TX239139,2024-06-11,Defective,4944.05,Resellable
RT50319,TX208306,2023-05-17,Defective,117999.33,Resellable
RT50320,TX237915,2024-05-30,Not as Described,3066.39,Damaged
RT50321,TX208964,2023-06-04,Size Issue,1658.76,Scrap
RT50322,TX259235,2025-01-01,Defective,840.04,Scrap
RT50323,TX230106,2024-02-08,Size Issue,131626.78,Scrap
RT50324,TX248797,2024-11-04,Damaged,5507.82,Scrap
RT50325,TX233473,2024-04-08,Not as Described,4663.58,Damaged
RT50326,TX228376,2024-01-02,Size Issue,10575.35,Resellable
RT50327,TX227667,2024-01-21,Changed Mind,10166.93,Resellable
RT50328,TX236438,2024-04-22,Defective,1660.62,Damaged
RT50329,TX232479,2024-03-12,Not as Described,11023.95,Damaged
RT50330,TX254261,2024-11-14,Damaged,2146.37,Resellable
RT50331,TX208210,2023-05-22,Changed Mind,,Damaged
RT50332,TX236039,2024-05-09,Not as Described,1746.61,Damaged
RT50333,TX225732,2023-12-07,Damaged,160401.93,Resellable
RT50334,TX229993,2024-02-18,Changed Mind,8665.06,Resellable
RT50335,TX204613,2023-04-10,Changed Mind,24896.53,Resellable
RT50336,TX240290,2024-06-20,Size Issue,6084.62,Resellable
RT50337,TX205769,2023-04-22,Size Issue,35081.11,Resellable
RT50338,TX201503,2023-02-16,Late Delivery,10341.3,Damaged
RT50339,TX225506,2023-12-31,Late Delivery,2393.58,Damaged
RT50340,TX243601,2024-08-24,Changed Mind,4023.38,Scrap
RT50341,TX256831,2024-12-26,Changed Mind,271344.2,Resellable
RT50342,TX244487,2024-09-12,Damaged,1138.56,Damaged
RT50343,TX237505,2024-05-14,Not as Described,8158.07,Resellable
RT50344,TX250839,2024-11-11,Size Issue,4108.46,Damaged
RT50345,TX203697,2023-03-11,Size Issue,3026.71,Resellable
RT50346,TX208561,2023-05-21,Damaged,7097.6,Resellable
RT50347,TX223699,2023-12-17,Changed Mind,3629.14,Damaged
RT50348,TX236806,2024-05-08,Changed Mind,1159.56,Resellable
RT50349,TX221251,2023-11-02,Not as Described,93174.14,Resellable
RT50350,TX258840,2024-12-21,Size Issue,14562.89,Resellable
RT50351,TX259515,2025-01-14,Size Issue,6331.32,Resellable
RT50352,TX258018,2024-12-16,Damaged,8194.32,Damaged
RT50353,TX214796,2023-09-22,Late Delivery,481205.79,Resellable
RT50354,TX220511,2023-11-09,Size Issue,6289.95,Resellable
RT50355,TX214108,2023-08-30,Damaged,3735.04,Resellable
RT50356,TX219675,2023-11-07,Changed Mind,3348.42,Resellable
RT50357,TX248312,2024-10-19,Changed Mind,8752.73,Resellable
RT50358,TX243155,2024-08-06,Not as Described,6335.54,Damaged
RT50359,TX249537,2024-11-05,Damaged,1500.11,Resellable
RT50360,TX201628,2023-02-01,Size Issue,5433.59,Scrap
RT50361,TX243274,2024-08-16,Defective,7185.42,Damaged
RT50362,TX220989,2023-11-15,Damaged,3476.06,Damaged
RT50363,TX202317,2023-02-20,Size Issue,17128.31,Scrap
RT50364,TX241200,2024-07-26,Changed Mind,2815.98,Resellable
RT50365,TX255386,2024-12-05,Damaged,9594.23,Resellable
RT50366,TX232497,2024-03-13,Changed Mind,16248.05,Resellable
RT50367,TX240027,2024-07-07,Late Delivery,1115.34,Damaged
RT50368,TX217147,2023-10-03,Late Delivery,5043.46,Resellable
RT50369,TX201268,2023-02-15,Changed Mind,4296.32,Resellable
RT50370,TX220686,2023-11-05,Damaged,20023.22,Resellable
RT50371,TX209018,2023-06-06,Damaged,1179.2,Scrap
RT50372,TX254429,2024-11-29,Not as Described,1918.23,Resellable
RT50373,TX219417,2023-10-24,Damaged,6727.16,Resellable
RT50374,TX251698,2024-11-18,Size Issue,4103.74,Scrap
RT50375,TX205719,2023-04-22,Defective,2399.3,Resellable
RT50376,TX220884,2023-11-11,Defective,4059.92,Damaged
RT50377,TX228907,2024-01-31,Size Issue,12571.67,Damaged
RT50378,TX226200,2024-01-06,Not as Described,650.67,Resellable
RT50379,TX207007,2023-04-30,Late Delivery,4296.35,Resellable
RT50380,TX206813,2023-04-19,Late Delivery,58000.93,Damaged
RT50381,TX235120,2024-04-04,Size Issue,1451.72,Scrap
RT50382,TX235491,2024-04-29,Damaged,5125.73,Resellable
RT50383,TX206759,2023-05-07,Changed Mind,933.38,Resellable
RT50384,TX243969,2024-09-08,Size Issue,5334.66,Damaged
RT50385,TX231626,2024-03-08,Size Issue,2817.21,Resellable
RT50386,TX219364,2023-11-15,Size Issue,21678.02,Resellable
RT50387,TX211465,2023-07-14,Not as Described,124209.82,Damaged
RT50388,TX232744,2024-03-16,Not as Described,17464.48,Resellable
RT50389,TX210661,2023-07-14,Damaged,2280.24,Damaged
RT50390,TX257890,2024-12-21,Size Issue,1577.22,Resellable
RT50391,TX212677,2023-08-22,Defective,1015.75,Damaged
RT50392,TX247422,2024-10-19,Changed Mind,5802.08,Resellable
RT50393,TX254229,2024-11-13,Size Issue,8626.96,Resellable
RT50394,TX249401,2024-10-19,Changed Mind,667.58,Scrap
RT50395,TX238664,2024-05-31,Late Delivery,140065.4,Resellable
RT50396,TX251447,2024-11-22,Not as Described,4480.74,Resellable
RT50397,TX239504,2024-06-07,Changed Mind,1588.35,Resellable
RT50398,TX207703,2023-05-10,Damaged,6123.88,Resellable
RT50399,TX244466,2024-09-01,Not as Described,31612.15,Resellable
RT50400,TX225441,2023-12-28,Size Issue,2731.22,Resellable
RT50401,TX234331,2024-04-11,Size Issue,728.62,Damaged
RT50402,TX214413,2023-09-13,Size Issue,964.96,Resellable
RT50403,TX227159,2024-01-05,Damaged,7408.42,Damaged
RT50404,TX213184,2023-08-15,Not as Described,,Resellable
RT50405,TX249215,2024-10-18,Not as Described,4156.45,Damaged
RT50406,TX236140,2024-05-03,Not as Described,5511.7,Damaged
RT50407,TX251563,2024-11-04,Changed Mind,10160.11,Damaged
RT50408,TX250256,2024-10-29,Defective,23136.19,Resellable
RT50409,TX241524,2024-07-14,Changed Mind,12169.25,Resellable
RT50410,TX240942,2024-07-07,Defective,53450.92,Resellable
RT50411,TX253665,2024-11-17,Changed Mind,1533.78,Resellable
RT50412,TX219857,2023-11-07,Not as Described,2263.39,Resellable
RT50413,TX207002,2023-04-26,Size Issue,76294.61,Resellable
RT50414,TX242731,2024-07-27,Not as Described,2426.12,Scrap
RT50415,TX204051,2023-03-19,Not as Described,1056.49,Scrap
RT50416,TX203931,2023-03-20,Not as Described,1344.97,Damaged
RT50417,TX257894,2025-01-01,Late Delivery,44239.25,Damaged
RT50418,TX201242,2023-02-03,Size Issue,14171.91,Resellable
RT50419,TX208848,2023-06-12,Defective,9144.1,Resellable
RT50420,TX202470,2023-02-26,Damaged,6238.33,Resellable
RT50421,TX258527,2025-01-11,Defective,78262.26,Resellable
RT50422,TX236981,2024-05-02,Size Issue,4059.92,Damaged
RT50423,TX213467,2023-08-29,Changed Mind,4541.82,Resellable
RT50424,TX232159,2024-03-03,Size Issue,7112.08,Resellable
RT50425,TX248547,2024-11-02,Changed Mind,15249.5,Damaged
RT50426,TX256712,2024-12-18,Damaged,6313.1,Resellable
RT50427,TX204436,2023-03-23,Changed Mind,2012.91,Resellable
RT50428,TX212218,2023-07-28,Damaged,3479.15,Damaged
RT50429,TX233480,2024-03-21,Size Issue,8767.63,Resellable
RT50430,TX227776,2023-12-31,Damaged,3297.17,Resellable
RT50431,TX209196,2023-05-26,Size Issue,8981.55,Scrap
RT50432,TX210211,2023-06-12,Damaged,782.24,Resellable
RT50433,TX245771,2024-09-17,Late Delivery,14852.69,Damaged
RT50434,TX215350,2023-09-05,Changed Mind,1952.73,Resellable
RT50435,TX238154,2024-05-16,Late Delivery,124136.51,Resellable
RT50436,TX249107,2024-10-23,Size Issue,11938.95,Resellable
RT50437,TX252728,2024-11-05,Not as Described,8767.24,Resellable
RT50438,TX231354,2024-02-23,Damaged,4565.02,Resellable
RT50439,TX213139,2023-08-27,Size Issue,81635.68,Scrap
RT50440,TX221039,2023-11-21,Changed Mind,4956.01,Resellable
RT50441,TX259367,2025-01-15,Damaged,10166.93,Resellable
RT50442,TX203573,2023-03-24,Defective,12042.09,Scrap
RT50443,TX259899,2025-01-25,Size Issue,222139.02,Resellable
RT50444,TX234015,2024-03-20,Not as Described,918.49,Resellable
RT50445,TX216219,2023-09-27,Damaged,976.54,Damaged
RT50446,TX255487,2024-11-25,Late Delivery,3112.92,Scrap
RT50447,TX230606,2024-02-19,Not as Described,2053.04,Resellable
RT50448,TX213420,2023-08-11,Changed Mind,5301.13,Resellable
RT50449,TX244750,2024-09-16,Defective,3628.04,Damaged
RT50450,TX237831,2024-06-06,Size Issue,3378.65,Resellable
RT50451,TX202409,2023-03-06,Changed Mind,427351.11,Damaged
RT50452,TX218160,2023-10-22,Size Issue,317.9,Scrap
RT50453,TX240093,2024-06-25,Changed Mind,8588.99,Resellable
RT50454,TX260308,2025-01-28,Changed Mind,7849.09,Damaged
RT50455,TX245705,2024-09-19,Not as Described,729.44,Resellable
RT50456,TX238950,2024-06-03,Defective,15240.01,Damaged
RT50457,TX211570,2023-07-17,Changed Mind,8055.29,Resellable
RT50458,TX232649,2024-03-19,Changed Mind,8779.52,Resellable
RT50459,TX200724,2023-01-29,Damaged,1811.72,Resellable
RT50460,TX205167,2023-04-08,Defective,8828.51,Damaged
RT50461,TX212388,2023-08-12,Not as Described,12500.45,Damaged
RT50462,TX216720,2023-09-29,Changed Mind,14664.17,Resellable
RT50463,TX237364,2024-05-28,Changed Mind,1015.75,Scrap
RT50464,TX209929,2023-06-16,Damaged,5664.96,Scrap
RT50465,TX216005,2023-10-08,Size Issue,8158.07,Damaged
RT50466,TX235152,2024-04-07,Late Delivery,7425.34,Resellable
RT50467,TX227535,2023-12-28,Damaged,37456.67,Resellable
RT50468,TX256683,2024-12-23,Not as Described,8935.44,Resellable
RT50469,TX254462,2024-11-27,Changed Mind,170540.9,Resellable
RT50470,TX228682,2024-01-27,Late Delivery,12089.38,Scrap
RT50471,TX221658,2023-11-16,Damaged,4813.92,Resellable
RT50472,TX214261,2023-08-30,Size Issue,17241.26,Resellable
RT50473,TX200909,2023-01-28,Defective,2116.57,Scrap
RT50474,TX243402,2024-08-07,Late Delivery,2035.86,Resellable
RT50475,TX237339,2024-05-30,Size Issue,8681.34,Resellable
RT50476,TX246082,2024-09-16,Late Delivery,12316.13,Resellable
RT50477,TX219741,2023-10-22,Size Issue,23547.27,Resellable
RT50478,TX209945,2023-06-12,Size Issue,3846.24,Resellable
RT50479,TX251348,2024-10-24,Size Issue,2396.63,Resellable
RT50480,TX215774,2023-10-03,Not as Described,16995.54,Damaged
RT50481,TX207681,2023-05-02,Damaged,9022.44,Resellable
RT50482,TX239105,2024-06-12,Not as Described,5199.43,Resellable
RT50483,TX215071,2023-09-20,Size Issue,4930.31,Damaged
RT50484,TX242631,2024-08-18,Defective,1363.16,Damaged
RT50485,TX206946,2023-04-27,Size Issue,49561.61,Resellable
RT50486,TX242197,2024-08-08,Damaged,3346.25,Resellable
RT50487,TX207503,2023-05-01,Changed Mind,6539.2,Damaged
RT50488,TX227337,2024-01-02,Changed Mind,13670.21,Resellable
RT50489,TX245300,2024-09-04,Changed Mind,3400.38,Damaged
RT50490,TX235813,2024-05-06,Not as Described,5100.32,Resellable
RT50491,TX238554,2024-06-07,Size Issue,3653.67,Damaged
RT50492,TX253297,2024-11-11,Size Issue,6315.71,Resellable
RT50493,TX239323,2024-06-26,Changed Mind,5778.92,Resellable
RT50494,TX250513,2024-10-29,Not as Described,28245.02,Scrap
RT50495,TX221792,2023-11-15,Size Issue,1610.33,Resellable
RT50496,TX237423,2024-05-29,Size Issue,1344.97,Damaged
RT50497,TX243633,2024-08-15,Not as Described,984.01,Resellable
RT50498,TX245823,2024-09-12,Damaged,4118.99,Damaged
RT50499,TX218467,2023-10-17,Not as Described,19236.19,Damaged
RT50500,TX252838,2024-11-21,Not as Described,1105.25,Damaged
RT50501,TX257670,2024-12-20,Changed Mind,18418.19,Damaged
RT50502,TX229051,2024-01-14,Damaged,3182.11,Damaged
RT50503,TX247810,2024-10-19,Size Issue,10190.77,Resellable
RT50504,TX256303,2024-11-27,Not as Described,17177.98,Resellable
RT50505,TX200939,2023-01-21,Not as Described,11190.35,Resellable
RT50506,TX202592,2023-03-02,Changed Mind,966.78,Resellable
RT50507,TX236831,2024-05-19,Changed Mind,4240.05,Resellable
RT50508,TX250119,2024-10-31,Not as Described,6351.77,Resellable
RT50509,TX232079,2024-03-10,Late Delivery,4927.97,Resellable
RT50510,TX228033,2024-01-20,Changed Mind,124209.82,Resellable
RT50511,TX228709,2024-01-15,Not as Described,300.24,Damaged
RT50512,TX237784,2024-05-30,Damaged,7508.18,Resellable
RT50513,TX201710,2023-02-03,Damaged,1906.56,Resellable
RT50514,TX239891,2024-06-18,Changed Mind,7508.12,Damaged
RT50515,TX226778,2023-12-30,Size Issue,6757.36,Resellable
RT50516,TX259792,2025-01-08,Defective,1449.55,Resellable
RT50517,TX242301,2024-07-30,Not as Described,4159.54,Resellable
RT50518,TX214720,2023-08-26,Size Issue,1115.34,Resellable
RT50519,TX233005,2024-03-14,Size Issue,157627.53,Resellable
RT50520,TX256049,2024-12-05,Damaged,77072.61,Scrap
RT50521,TX255055,2024-12-16,Changed Mind,99367.86,Damaged
RT50522,TX231329,2024-02-10,Damaged,89758.37,Resellable
RT50523,TX232936,2024-03-30,Changed Mind,11022.98,Resellable
RT50524,TX243318,2024-08-29,Damaged,688.81,Damaged
RT50525,TX230082,2024-02-12,Not as Described,6806.33,Damaged
RT50526,TX210118,2023-06-09,Size Issue,3024.57,Damaged
RT50527,TX234626,2024-04-10,Not as Described,5517.95,Resellable
RT50528,TX254230,2024-11-22,Not as Described,4937.63,Scrap
RT50529,TX224659,2023-12-11,Changed Mind,13793.01,Resellable
RT50530,TX226739,2023-12-28,Changed Mind,1588.69,Resellable
RT50531,TX234448,2024-04-11,Changed Mind,21800.49,Resellable
RT50532,TX239019,2024-06-04,Damaged,10149.37,Damaged
RT50533,TX221253,2023-11-27,Not as Described,12224.14,Damaged
RT50534,TX258469,2024-12-30,Not as Described,5248.0,Damaged
RT50535,TX212722,2023-08-19,Size Issue,20142.63,Resellable
RT50536,TX212476,2023-07-22,Not as Described,6132.78,Resellable
RT50537,TX234745,2024-04-09,Damaged,7555.34,Damaged
RT50538,TX220957,2023-11-09,Size Issue,1407.18,Damaged
RT50539,TX227606,2024-01-10,Damaged,1858.67,Resellable
RT50540,TX211681,2023-07-11,Changed Mind,6539.2,Resellable
RT50541,TX236757,2024-05-01,Damaged,1947.9,Resellable
RT50542,TX226992,2024-01-08,Not as Described,853.36,Scrap
RT50543,TX218511,2023-11-02,Size Issue,10297.48,Scrap
RT50544,TX259348,2025-01-20,Changed Mind,1605.46,Resellable
RT50545,TX240734,2024-07-20,Changed Mind,904.06,Resellable
RT50546,TX237741,2024-05-26,Damaged,21544.61,Resellable
RT50547,TX255228,2024-12-02,Size Issue,61950.44,Damaged
RT50548,TX223635,2023-11-26,Defective,2743.61,Resellable
RT50549,TX254571,2024-12-01,Late Delivery,12412.32,Resellable
RT50550,TX249823,2024-10-26,Size Issue,1326.12,Resellable
RT50551,TX258931,2025-01-03,damaged,1474.77,Resellable
RT50552,TX210909,2023-06-30,Not as Described,1893.44,Resellable
RT50553,TX241597,2024-07-21,Defective,15917.99,Resellable
RT50554,TX235665,2024-05-05,Damaged,19283.8,Resellable
RT50555,TX250408,2024-11-08,Size Issue,8572.4,Resellable
RT50556,TX224844,2023-12-05,Damaged,8935.44,Resellable
RT50557,TX209483,2023-05-30,Not as Described,10885.58,Resellable
RT50558,TX211538,2023-07-08,Late Delivery,85943.89,Resellable
RT50559,TX248705,2024-10-30,Size Issue,2326.56,Resellable
RT50560,TX228965,2024-01-31,Late Delivery,2402.16,Resellable
RT50561,TX209673,2023-06-22,Damaged,7617.7,Scrap
RT50562,TX210389,2023-06-15,Size Issue,939.46,Damaged
RT50563,TX252643,2024-11-16,Size Issue,7489.96,Resellable
RT50564,TX235556,2024-04-13,Not as Described,11610.48,Resellable
RT50565,TX231918,2024-03-13,Damaged,195300.96,Resellable
RT50566,TX253319,2024-11-17,Not as Described,1780.42,Resellable
RT50567,TX249149,2024-10-09,Not as Described,127198.43,Resellable
RT50568,TX224724,2023-12-21,Late Delivery,499.6,Damaged
RT50569,TX226467,2024-01-05,Not as Described,1907.18,Resellable
RT50570,TX248753,2024-11-02,Changed Mind,238.25,Resellable
RT50571,TX205424,2023-04-17,Late Delivery,22947.88,Resellable
RT50572,TX237006,2024-05-23,Late Delivery,4693.88,Resellable
RT50573,TX249494,2024-11-02,Defective,1953.67,Resellable
RT50574,TX230259,2024-02-14,Defective,125321.67,Resellable
RT50575,TX241493,2024-07-16,Changed Mind,4029.82,Resellable
RT50576,TX232326,2024-03-14,Size Issue,6442.24,Scrap
RT50577,TX226023,2023-12-14,Changed Mind,31612.15,Resellable
RT50578,TX214349,2023-08-28,Size Issue,101768.75,Resellable
RT50579,TX230678,2024-02-04,Changed Mind,2395.95,Scrap
RT50580,TX229271,2024-01-28,Late Delivery,27660.6,Damaged
RT50581,TX236982,2024-04-29,Size Issue,2692.78,Resellable
RT50582,TX227148,2024-01-13,changed mind,1606.02,Resellable
RT50583,TX207268,2023-05-02,Changed Mind,1001.85,Damaged
RT50584,TX256586,2024-12-26,Late Delivery,7909.52,Resellable
RT50585,TX256320,2024-11-26,Changed Mind,1280.9,Damaged
RT50586,TX230904,2024-02-29,Changed Mind,3118.31,Resellable
RT50587,TX232632,2024-03-25,Not as Described,611.99,Resellable
RT50588,TX215888,2023-10-04,Changed Mind,1811.55,Resellable
RT50589,TX224463,2023-12-04,Defective,2899.01,Resellable
RT50590,TX205271,2023-03-27,Not as Described,6677.76,Resellable
RT50591,TX241227,2024-07-15,Changed Mind,9913.91,Resellable
RT50592,TX228154,2024-01-12,Changed Mind,3282.49,Resellable
RT50593,TX214861,2023-09-22,Defective,2377.24,Resellable
RT50594,TX222769,2023-11-27,Damaged,11227.06,Resellable
RT50595,TX213427,2023-08-17,Changed Mind,2802.06,Damaged
RT50596,TX246701,2024-10-07,Not as Described,83260.93,Damaged
RT50597,TX246560,2024-09-30,Not as Described,3036.28,Resellable
RT50598,TX212830,2023-07-31,Defective,11822.67,Damaged
RT50599,TX219754,2023-10-27,Changed Mind,2825.89,Resellable
RT50600,TX202353,2023-03-03,Damaged,94700.61,Resellable
RT50601,TX216319,2023-09-27,Size Issue,25907.48,Damaged
RT50602,TX237639,2024-05-09,Size Issue,416653.42,Resellable
RT50603,TX230015,2024-02-18,Late Delivery,26435.16,Resellable
RT50604,TX249330,2024-10-27,Size Issue,22852.22,Resellable
RT50605,TX252918,2024-11-04,Damaged,1596.17,Resellable
RT50606,TX209104,2023-06-14,Defective,22181.18,Resellable
RT50607,TX246516,2024-09-19,Defective,125321.67,Damaged
RT50608,TX204288,2023-03-30,Not as Described,1799.26,Resellable
RT50609,TX248614,2024-10-26,Defective,4298.44,Resellable
RT50610,TX248947,2024-10-20,Defective,6585.04,Damaged
RT50611,TX209434,2023-06-05,Size Issue,583.55,Scrap
RT50612,TX223324,2023-11-19,Damaged,4830.42,Resellable
RT50613,TX256538,2024-12-05,Changed Mind,4445.17,Scrap
RT50614,TX258715,2024-12-20,Changed Mind,20795.57,Resellable
RT50615,TX212300,2023-08-02,Size Issue,85060.73,Resellable
RT50616,TX251341,2024-11-13,Changed Mind,9929.86,Resellable
RT50617,TX201810,2023-02-02,Not as Described,4331.72,Resellable
RT50618,TX226220,2024-01-03,Size Issue,9327.77,Resellable
RT50619,TX248571,2024-10-07,Defective,2933.32,Damaged
RT50620,TX221753,2023-11-30,Not as Described,8511.03,Damaged
RT50621,TX240196,2024-06-26,Late Delivery,3926.34,Scrap
RT50622,TX202934,2023-02-22,Late Delivery,1859.03,Resellable
RT50623,TX218784,2023-11-06,Size Issue,2061.21,Damaged
RT50624,TX211759,2023-07-09,Size Issue,13726.21,Resellable
RT50625,TX212269,2023-08-06,Changed Mind,1380.4,Damaged
RT50626,TX247984,2024-10-27,Not as Described,5065.06,Resellable
RT50627,TX252376,2024-11-09,Damaged,67749.12,Resellable
RT50628,TX252959,2024-12-02,Not as Described,8216.92,Damaged
RT50629,TX231947,2024-03-01,Damaged,5137.99,Damaged
RT50630,TX203212,2023-03-02,Size Issue,2215.2,Damaged
RT50631,TX247437,2024-10-19,Size Issue,9905.08,Resellable
RT50632,TX249129,2024-11-06,Late Delivery,27152.31,Damaged
RT50633,TX251684,2024-11-10,Changed Mind,76294.61,Resellable
RT50634,TX246708,2024-09-16,Damaged,4689.06,Resellable
RT50635,TX207814,2023-05-05,Damaged,9009.82,Resellable
RT50636,TX219074,2023-11-11,Changed Mind,40620.12,Damaged
RT50637,TX226926,2023-12-27,Not as Described,1156.57,Scrap
RT50638,TX224197,2023-11-23,Size Issue,2823.8,Damaged
RT50639,TX240055,2024-06-28,Not as Described,3802.08,Damaged
RT50640,TX229499,2024-02-11,Changed Mind,142450.37,Scrap
RT50641,TX231025,2024-02-25,Size Issue,4269.58,Damaged
RT50642,TX211801,2023-07-17,Not as Described,3926.34,Resellable
RT50643,TX258361,2025-01-03,Not as Described,9783.52,Resellable
RT50644,TX212560,2023-07-24,Size Issue,167949.17,Resellable
RT50645,TX213690,2023-08-28,Defective,16110.58,Damaged
RT50646,TX213615,2023-08-16,Not as Described,1732.53,Damaged
RT50647,TX251269,2024-11-12,Size Issue,34086.54,Damaged
RT50648,TX243234,2024-08-15,Changed Mind,15280.17,Resellable
RT50649,TX234891,2024-04-20,Defective,58852.92,Resellable
RT50650,TX250623,2024-11-11,Damaged,4231.28,Resellable
RT50651,TX252342,2024-11-16,Changed Mind,3237.61,Damaged
RT50652,TX232602,2024-03-17,Damaged,3516.36,Damaged
RT50653,TX222581,2023-11-17,Changed Mind,2662.81,Damaged
RT50654,TX256815,2024-12-05,Size Issue,5851.8,Resellable
RT50655,TX250982,2024-10-26,Changed Mind,62815.08,Resellable
RT50656,TX223640,2023-12-14,Changed Mind,15907.05,Resellable
RT50657,TX240390,2024-07-10,Not as Described,684.47,Resellable
RT50658,TX252949,2024-11-17,Size Issue,12320.07,Damaged
RT50659,TX222886,2023-12-04,Changed Mind,4460.8,Damaged
RT50660,TX204710,2023-03-31,Size Issue,15908.81,Resellable
RT50661,TX208185,2023-05-19,Size Issue,5367.13,Damaged
RT50662,TX235522,2024-04-09,Size Issue,154527.68,Resellable
RT50663,TX230941,2024-02-10,Size Issue,3931.81,Scrap
RT50664,TX240745,2024-07-04,Damaged,8828.51,Damaged
RT50665,TX230448,2024-01-31,Size Issue,870.44,Resellable
RT50666,TX223798,2023-11-26,Size Issue,27285.31,Damaged
RT50667,TX235940,2024-05-07,Size Issue,58544.24,Damaged
RT50668,TX214262,2023-08-22,Damaged,62702.52,Scrap
RT50669,TX211491,2023-07-12,Changed Mind,5337.32,Damaged
RT50670,TX218722,2023-11-07,Defective,898.39,Scrap
RT50671,TX240333,2024-07-06,Not as Described,12040.19,Resellable
RT50672,TX201643,2023-01-31,Defective,3148.3,Resellable
RT50673,TX251074,2024-11-14,Changed Mind,136070.58,Resellable
RT50674,TX219114,2023-11-10,Size Issue,1083.73,Resellable
RT50675,TX254473,2024-11-26,Damaged,4372.92,Resellable
RT50676,TX202929,2023-02-27,Not as Described,10532.64,Damaged
RT50677,TX219455,2023-10-28,Late Delivery,3603.71,Damaged
RT50678,TX241303,2024-07-15,Size Issue,3853.54,Scrap
RT50679,TX204998,2023-04-13,Late Delivery,2806.29,Damaged
RT50680,TX255322,2024-12-12,Size Issue,9578.18,Damaged
RT50681,TX227049,2023-12-30,Size Issue,5381.37,Resellable
RT50682,TX243800,2024-08-09,Size Issue,11484.91,Damaged
RT50683,TX229940,2024-02-16,Changed Mind,3227.78,Damaged
RT50684,TX232975,2024-03-16,Size Issue,142.56,Damaged
RT50685,TX253146,2024-11-17,Changed Mind,7498.12,Resellable
RT50686,TX254735,2024-12-01,Changed Mind,327.88,Resellable
RT50687,TX223501,2023-12-03,Damaged,2395.95,Resellable
RT50688,TX221953,2023-11-16,Size Issue,2343.49,Resellable
RT50689,TX257697,2024-12-20,Not as Described,59225.92,Resellable
RT50690,TX249580,2024-11-05,Damaged,26596.86,Damaged
RT50691,TX250002,2024-10-27,Defective,10190.77,Damaged
RT50692,TX245042,2024-09-15,Size Issue,727.23,Scrap
RT50693,TX207869,2023-05-22,Size Issue,5694.61,Scrap
RT50694,TX224846,2023-11-30,Defective,8136.94,Resellable
RT50695,TX201750,2023-02-24,Not as Described,8588.99,Resellable
RT50696,TX213750,2023-08-30,Changed Mind,124209.82,Damaged
RT50697,TX201252,2023-02-07,Late Delivery,10149.37,Resellable
RT50698,TX233775,2024-04-13,Damaged,5374.6,Damaged
RT50699,TX234199,2024-04-15,Changed Mind,3623.44,Resellable
RT50700,TX207381,2023-05-01,Late Delivery,1151.55,Resellable
RT50701,TX234098,2024-03-23,Size Issue,48385.24,Resellable
RT50702,TX201915,2023-02-21,Not as Described,6753.56,Resellable
RT50703,TX222170,2023-11-25,Changed Mind,23462.67,Resellable
RT50704,TX245649,2024-09-20,Damaged,1373.26,Damaged
RT50705,TX244111,2024-09-04,Changed Mind,1313.0,Resellable
RT50706,TX226153,2023-12-23,Size Issue,11312.89,Damaged
RT50707,TX209375,2023-06-14,Size Issue,1426.15,Resellable
RT50708,TX234317,2024-04-14,Size Issue,13549.09,Resellable
RT50709,TX205858,2023-04-21,Late Delivery,29658.19,Resellable
RT50710,TX246619,2024-10-03,Not as Described,4890.23,Damaged
RT50711,TX205095,2023-04-08,Size Issue,1993.1,Scrap
RT50712,TX205406,2023-04-07,Defective,2585.17,Damaged
RT50713,TX235390,2024-04-09,Changed Mind,11270.63,Resellable
RT50714,TX234428,2024-04-22,Defective,4512.56,Resellable
RT50715,TX237128,2024-05-28,Changed Mind,2169.7,Damaged
RT50716,TX230367,2024-02-21,Defective,7460.05,Resellable
RT50717,TX243408,2024-08-24,Late Delivery,2408.08,Resellable
RT50718,TX246643,2024-09-24,Damaged,13426.37,Resellable
RT50719,TX210209,2023-07-06,Changed Mind,50212.53,Scrap
RT50720,TX233137,2024-03-12,Late Delivery,15634.41,Scrap
RT50721,TX209728,2023-06-10,Damaged,12447.27,Damaged
RT50722,TX223959,2023-12-05,Late Delivery,28752.01,Scrap
RT50723,TX244807,2024-09-04,Not as Described,21561.28,Resellable
RT50724,TX242682,2024-08-03,Size Issue,2092.1,Resellable
RT50725,TX217766,2023-10-15,Defective,5900.21,Resellable
RT50726,TX260205,2025-01-27,Damaged,15968.12,Resellable
RT50727,TX260210,2025-01-03,Size Issue,7508.12,Resellable
RT50728,TX207730,2023-05-11,Not as Described,20023.22,Resellable
RT50729,TX212912,2023-08-18,Changed Mind,1525.84,Damaged
RT50730,TX221708,2023-11-30,Not as Described,8745.41,Resellable
RT50731,TX233759,2024-03-27,Not as Described,37622.92,Resellable
RT50732,TX209742,2023-06-17,Size Issue,17299.12,Resellable
RT50733,TX250983,2024-11-06,Damaged,26678.47,Resellable
RT50734,TX203893,2023-03-06,Size Issue,137445.0,Damaged
RT50735,TX259048,2024-12-30,Size Issue,353.22,Damaged
RT50736,TX241525,2024-07-22,Defective,2754.57,Damaged
RT50737,TX237279,2024-05-12,Changed Mind,4939.46,Resellable
RT50738,TX209793,2023-06-06,Size Issue,8624.05,Scrap
RT50739,TX253393,2024-11-14,Changed Mind,14098.75,Damaged
RT50740,TX206470,2023-05-08,Size Issue,39485.3,Resellable
RT50741,TX239834,2024-06-16,Changed Mind,2377.24,Resellable
RT50742,TX219573,2023-10-23,Not as Described,77072.61,Scrap
RT50743,TX243169,2024-08-02,Late Delivery,2882.38,Scrap
RT50744,TX235488,2024-04-09,Late Delivery,27116.8,Damaged
RT50745,TX224602,2023-11-28,Defective,37603.36,Damaged
RT50746,TX205795,2023-04-14,Late Delivery,2529.51,Damaged
RT50747,TX206638,2023-04-17,Defective,6893.28,Resellable
RT50748,TX201759,2023-02-22,Late Delivery,9426.57,Resellable
RT50749,TX210275,2023-06-19,Damaged,550.95,Resellable
RT50750,TX254442,2024-12-03,Defective,9124.12,Resellable
RT50751,TX216547,2023-10-21,Defective,1273.08,Resellable
RT50752,TX250844,2024-10-23,Not as Described,18418.19,Resellable
RT50753,TX255472,2024-11-22,Not as Described,4565.02,Damaged
RT50754,TX235749,2024-05-05,Not as Described,682.69,Resellable
RT50755,TX223322,2023-12-01,Not as Described,2228.73,Resellable
RT50756,TX241129,2024-07-09,Damaged,217621.61,Resellable
RT50757,TX201691,2023-02-08,Changed Mind,10155.03,Damaged
RT50758,TX231318,2024-02-17,Late Delivery,8067.86,Damaged
RT50759,TX232985,2024-03-11,Damaged,7413.03,Resellable
RT50760,TX225416,2023-12-19,Defective,353.22,Damaged
RT50761,TX231824,2024-03-14,Defective,6816.02,Resellable
RT50762,TX244113,2024-08-19,Late Delivery,110241.42,Resellable
RT50763,TX224521,2023-12-05,Not as Described,1500.11,Resellable
RT50764,TX202684,2023-03-02,Defective,1949.09,Resellable
RT50765,TX253206,2024-11-22,Size Issue,11268.1,Resellable
RT50766,TX230499,2024-02-11,Size Issue,6584.01,Resellable
RT50767,TX241409,2024-07-12,Size Issue,12727.0,Scrap
RT50768,TX232880,2024-03-25,Size Issue,1025.44,Resellable
RT50769,TX240379,2024-06-23,Late Delivery,999.49,Resellable
RT50770,TX255130,2024-12-06,Damaged,1691.98,Resellable
RT50771,TX248829,2024-10-09,Defective,3800.05,Resellable
RT50772,TX250296,2024-10-24,Size Issue,30560.34,Resellable
RT50773,TX233503,2024-03-17,Size Issue,3771.7,Scrap
RT50774,TX224974,2023-12-17,Size Issue,16282.91,Resellable
RT50775,TX215135,2023-09-11,Late Delivery,7552.36,Resellable
RT50776,TX226589,2023-12-23,Size Issue,1484.62,Damaged
RT50777,TX233338,2024-03-11,Changed Mind,2177.65,Resellable
RT50778,TX223409,2023-12-05,Changed Mind,1115.34,Resellable
RT50779,TX254335,2024-12-09,Size Issue,4674.43,Resellable
RT50780,TX226830,2024-01-09,Damaged,47701.9,Resellable
RT50781,TX234679,2024-04-13,Size Issue,8490.28,Resellable
RT50782,TX240788,2024-06-23,Size Issue,10156.34,Resellable
RT50783,TX206359,2023-04-30,Size Issue,2991.98,Resellable
RT50784,TX220165,2023-10-27,Size Issue,12362.08,Resellable
RT50785,TX236007,2024-04-19,Changed Mind,3747.68,Scrap
RT50786,TX211953,2023-07-27,Damaged,16997.59,Damaged
RT50787,TX211820,2023-08-05,Changed Mind,9967.32,Resellable
RT50788,TX205663,2023-04-21,Late Delivery,4463.21,Damaged
RT50789,TX219402,2023-11-01,Size Issue,5395.51,Resellable
RT50790,TX237232,2024-05-22,Not as Described,2652.87,Resellable
RT50791,TX231163,2024-02-28,Not as Described,6044.69,Damaged
RT50792,TX252730,2024-11-18,Damaged,235285.76,Resellable
RT50793,TX222482,2023-11-22,Size Issue,2408.08,Resellable
RT50794,TX207765,2023-05-04,Not as Described,5141.45,Resellable
RT50795,TX205574,2023-04-26,Changed Mind,2147.47,Scrap
RT50796,TX259155,2025-01-10,Size Issue,9037.4,Scrap
RT50797,TX238807,2024-06-19,Damaged,5539.16,Scrap
RT50798,TX230521,2024-02-16,Damaged,21682.65,Resellable
RT50799,TX252283,2024-11-06,Not as Described,5334.66,Damaged
RT50800,TX255685,2024-12-12,Size Issue,107901.65,Resellable
RT50801,TX244449,2024-08-18,changed mind,6938.7,Damaged
RT50802,TX215975,2023-09-16,Size Issue,4514.04,Damaged
RT50803,TX216923,2023-10-13,Late Delivery,21968.99,Scrap
RT50804,TX254171,2024-11-30,Changed Mind,9070.81,Resellable
RT50805,TX219309,2023-11-11,Damaged,7049.38,Damaged
RT50806,TX238961,2024-06-23,Changed Mind,1175.87,Damaged
RT50807,TX223926,2023-12-01,Size Issue,6567.02,Resellable
RT50808,TX254373,2024-12-07,Late Delivery,21416.18,Resellable
RT50809,TX229343,2024-02-07,Not as Described,30378.24,Damaged
RT50810,TX245878,2024-09-15,Changed Mind,12602.26,Damaged
RT50811,TX238166,2024-05-30,Defective,55880.37,Resellable
RT50812,TX254998,2024-11-19,Damaged,4506.34,Damaged
RT50813,TX231637,2024-02-26,Late Delivery,2131.23,Resellable
RT50814,TX257359,2024-12-09,Damaged,132835.02,Resellable
RT50815,TX252779,2024-11-22,Defective,4990.54,Scrap
RT50816,TX201320,2023-02-01,Changed Mind,6387.84,Resellable
RT50817,TX254181,2024-11-25,Changed Mind,5475.9,Damaged
RT50818,TX240999,2024-07-23,Changed Mind,2331.79,Resellable
RT50819,TX226957,2023-12-20,Damaged,3546.8,Resellable
RT50820,TX251958,2024-11-19,Damaged,3257.38,Damaged
RT50821,TX224011,2023-12-08,Not as Described,12194.18,Resellable
RT50822,TX203207,2023-03-17,Changed Mind,5885.89,Scrap
RT50823,TX254803,2024-11-16,Size Issue,3251.64,Damaged
RT50824,TX220976,2023-11-21,Size Issue,25816.36,Resellable
RT50825,TX228839,2024-01-25,Changed Mind,4354.34,Damaged
RT50826,TX248154,2024-10-14,Size Issue,7574.51,Resellable
RT50827,TX219184,2023-11-09,Late Delivery,8952.28,Damaged
RT50828,TX211133,2023-07-16,Size Issue,316.24,Resellable
RT50829,TX222774,2023-11-22,Size Issue,3998.74,Scrap
RT50830,TX246179,2024-10-01,Size Issue,19859.71,Damaged
RT50831,TX204081,2023-04-03,Changed Mind,4023.38,Resellable
RT50832,TX215770,2023-09-20,Damaged,15140.3,Scrap
RT50833,TX233833,2024-04-02,Size Issue,9140.54,Resellable
RT50834,TX202071,2023-02-20,Changed Mind,11591.65,Resellable
RT50835,TX213793,2023-09-07,Changed Mind,617.2,Scrap
RT50836,TX256190,2024-12-23,Not as Described,5289.49,Resellable
RT50837,TX252798,2024-11-25,Defective,2019.1,Resellable
RT50838,TX247052,2024-10-17,Changed Mind,38378.04,Resellable
RT50839,TX251125,2024-10-30,Damaged,2933.61,Scrap
RT50840,TX211011,2023-07-14,Late Delivery,12699.0,Resellable
RT50841,TX254148,2024-12-01,Late Delivery,8347.56,Damaged
RT50842,TX242018,2024-07-24,Late Delivery,1592.76,Resellable
RT50843,TX201275,2023-02-05,Not as Described,19742.65,Damaged
RT50844,TX257861,2024-12-22,Defective,2287.87,Damaged
RT50845,TX218835,2023-11-07,Size Issue,3022.57,Resellable
RT50846,TX208917,2023-06-06,Not as Described,5078.17,Damaged
RT50847,TX243445,2024-08-15,Not as Described,5300.34,Resellable
RT50848,TX253133,2024-11-15,Defective,10137.3,Resellable
RT50849,TX208372,2023-05-13,Defective,4974.03,Resellable
RT50850,TX213789,2023-08-31,Changed Mind,4674.43,Resellable
RT50851,TX221702,2023-11-10,Not as Described,1332.56,Resellable
RT50852,TX213372,2023-08-08,Not as Described,16553.85,Scrap
RT50853,TX202156,2023-03-01,Late Delivery,2623.38,Resellable
RT50854,TX248295,2024-10-18,Changed Mind,7307.35,Resellable
RT50855,TX244538,2024-09-03,Damaged,135672.1,Damaged
RT50856,TX227381,2024-01-14,Changed Mind,42893.1,Damaged
RT50857,TX245259,2024-09-22,Late Delivery,1092.17,Resellable
RT50858,TX228068,2024-01-15,Changed Mind,1328.6,Resellable
RT50859,TX220974,2023-11-13,Size Issue,3282.49,Damaged
RT50860,TX241073,2024-07-21,Changed Mind,9205.69,Scrap
RT50861,TX207855,2023-05-04,Changed Mind,7997.48,Resellable
RT50862,TX244172,2024-08-31,Not as Described,38776.95,Damaged
RT50863,TX239415,2024-06-11,Late Delivery,1172.0,Resellable
RT50864,TX207172,2023-05-01,Not as Described,353.22,Resellable
RT50865,TX209546,2023-06-11,Changed Mind,688.69,Scrap
RT50866,TX202185,2023-02-12,Size Issue,9119.42,Resellable
RT50867,TX216852,2023-10-17,Not as Described,2662.81,Scrap
RT50868,TX225309,2023-12-25,Damaged,4016.89,Resellable
RT50869,TX225415,2023-12-07,Not as Described,123700.5,Resellable
RT50870,TX204667,2023-03-20,Not as Described,1783.84,Damaged
RT50871,TX217323,2023-10-18,Damaged,250.79,Resellable
RT50872,TX215334,2023-09-17,Damaged,3400.39,Resellable
RT50873,TX241452,2024-07-21,Not as Described,12441.61,Resellable
RT50874,TX243968,2024-08-25,Not as Described,14141.11,Damaged
RT50875,TX254943,2024-12-01,Not as Described,7033.92,Resellable
RT50876,TX247590,2024-10-04,Defective,17892.2,Resellable
RT50877,TX250382,2024-10-21,Not as Described,4015.12,Damaged
RT50878,TX211901,2023-07-12,Size Issue,7891.37,Resellable
RT50879,TX237531,2024-05-24,Changed Mind,163293.39,Resellable
RT50880,TX232264,2024-03-17,Late Delivery,1718.8,Resellable
RT50881,TX249483,2024-10-22,Not as Described,1246.66,Damaged
RT50882,TX223999,2023-12-10,Late Delivery,1406.73,Damaged
RT50883,TX213579,2023-08-31,Changed Mind,170540.9,Resellable
RT50884,TX220223,2023-11-01,Size Issue,185433.22,Resellable
RT50885,TX260307,2025-01-09,Size Issue,9378.12,Damaged
RT50886,TX236891,2024-05-20,Changed Mind,80335.13,Resellable
RT50887,TX255927,2024-12-22,Not as Described,111069.51,Resellable
RT50888,TX230107,2024-02-20,Size Issue,2991.98,Resellable
RT50889,TX232863,2024-03-04,Size Issue,1350.39,Resellable
RT50890,TX256977,2024-12-20,Changed Mind,8306.17,Resellable
RT50891,TX209231,2023-06-01,Not as Described,1344.97,Damaged
RT50892,TX200743,2023-02-01,Not as Described,9517.82,Damaged
RT50893,TX225792,2024-01-02,Size Issue,1746.61,Resellable
RT50894,TX258691,2025-01-13,Size Issue,15280.17,Resellable
RT50895,TX208579,2023-06-04,Size Issue,58000.93,Resellable
RT50896,TX201303,2023-01-26,Late Delivery,27314.41,Damaged
RT50897,TX210711,2023-06-20,Not as Described,11297.06,Resellable
RT50898,TX238835,2024-06-03,Defective,1746.61,Resellable
RT50899,TX225360,2023-12-27,Size Issue,2846.0,Resellable
RT50900,TX226112,2023-12-14,Size Issue,35081.11,Resellable
RT50901,TX237407,2024-05-07,Damaged,12577.51,Resellable
RT50902,TX232770,2024-03-07,Changed Mind,7928.6,Resellable
RT50903,TX212701,2023-08-04,Damaged,5506.28,Resellable
RT50904,TX227512,2024-01-11,Not as Described,3017.36,Resellable
RT50905,TX219361,2023-11-13,Size Issue,1824.41,Resellable
RT50906,TX252071,2024-11-01,Damaged,3647.77,Resellable
RT50907,TX240194,2024-06-16,Size Issue,3603.71,Resellable
RT50908,TX231404,2024-02-19,Defective,8533.73,Damaged
RT50909,TX213044,2023-08-28,Size Issue,9213.54,Resellable
RT50910,TX213808,2023-08-14,Defective,4008.98,Resellable
RT50911,TX237593,2024-05-24,Damaged,1262.95,Resellable
RT50912,TX250027,2024-10-22,Changed Mind,22987.28,Resellable
RT50913,TX240269,2024-06-27,Changed Mind,739.54,Damaged
RT50914,TX232872,2024-03-31,Size Issue,77263.84,Resellable
RT50915,TX237725,2024-05-11,Not as Described,146104.61,Resellable
RT50916,TX231877,2024-02-26,Damaged,90713.72,Resellable
RT50917,TX220737,2023-11-13,Size Issue,9216.91,Resellable
RT50918,TX233518,2024-03-19,Late Delivery,8918.13,Resellable
RT50919,TX223362,2023-12-01,Defective,10070.65,Resellable
RT50920,TX207969,2023-05-14,Changed Mind,5466.81,Resellable
RT50921,TX252119,2024-10-31,Damaged,1944.46,Resellable
RT50922,TX238014,2024-05-22,Changed Mind,68722.61,Resellable
RT50923,TX208545,2023-05-23,Changed Mind,1956.5,Scrap
RT50924,TX224405,2023-12-19,Late Delivery,6800.76,Resellable
RT50925,TX249359,2024-11-03,Changed Mind,8075.1,Resellable
RT50926,TX253419,2024-11-30,Late Delivery,3633.46,Resellable
RT50927,TX229511,2024-01-24,Size Issue,1972.05,Damaged
RT50928,TX225305,2023-12-02,Changed Mind,15619.36,Resellable
RT50929,TX226141,2023-12-21,Changed Mind,6707.66,Damaged
RT50930,TX238697,2024-05-26,Changed Mind,4855.96,Damaged
RT50931,TX249958,2024-10-29,Changed Mind,29658.19,Resellable
RT50932,TX256131,2024-12-05,Not as Described,6458.88,Damaged
RT50933,TX223262,2023-11-30,Changed Mind,19200.3,Damaged
RT50934,TX247691,2024-10-25,Size Issue,223567.45,Damaged
RT50935,TX253770,2024-11-29,Not as Described,1015.08,Scrap
RT50936,TX241259,2024-07-27,Changed Mind,94511.92,Scrap
RT50937,TX223287,2023-11-21,Changed Mind,2012.91,Resellable
RT50938,TX213836,2023-08-29,Size Issue,38979.01,Scrap
RT50939,TX241399,2024-07-28,Damaged,459.22,Resellable
RT50940,TX200964,2023-02-13,Damaged,4830.42,Resellable
RT50941,TX208212,2023-05-26,Changed Mind,55793.4,Resellable
RT50942,TX255844,2024-11-28,Late Delivery,93705.21,Damaged
RT50943,TX244401,2024-08-25,Damaged,4740.96,Resellable
RT50944,TX207906,2023-05-17,Defective,6902.62,Resellable
RT50945,TX225520,2023-12-26,Changed Mind,1401.03,Damaged
RT50946,TX260304,2025-01-15,Damaged,25289.72,Resellable
RT50947,TX258719,2025-01-08,Changed Mind,12108.03,Resellable
RT50948,TX219558,2023-11-12,Not as Described,15716.8,Damaged
RT50949,TX222955,2023-11-17,Late Delivery,1496.44,Scrap
RT50950,TX247122,2024-10-12,Size Issue,684.47,Resellable
RT50951,TX238836,2024-06-15,Damaged,3118.31,Resellable
RT50952,TX200680,2023-02-01,Not as Described,1956.5,Resellable
RT50953,TX233979,2024-04-15,Damaged,1479.95,Resellable
RT50954,TX223884,2023-11-29,Damaged,6428.76,Resellable
RT50955,TX228584,2024-01-22,Not as Described,246.33,Resellable
RT50956,TX212515,2023-08-12,Not as Described,273.23,Scrap
RT50957,TX240642,2024-06-23,Late Delivery,18147.9,Resellable
RT50958,TX231541,2024-02-24,Changed Mind,23410.42,Scrap
RT50959,TX241276,2024-07-17,Size Issue,4008.98,Resellable
RT50960,TX246475,2024-10-05,Changed Mind,12781.6,Resellable
RT50961,TX215437,2023-09-23,Late Delivery,141171.46,Resellable
RT50962,TX246843,2024-10-05,Damaged,10940.91,Resellable
RT50963,TX257342,2024-12-20,Not as Described,1934.07,Damaged
RT50964,TX210731,2023-07-05,Not as Described,14645.02,Scrap
RT50965,TX255619,2024-12-08,Defective,3655.15,Resellable
RT50966,TX209155,2023-06-17,Damaged,5805.24,Damaged
RT50967,TX243044,2024-08-05,Damaged,18831.71,Resellable
RT50968,TX211974,2023-07-12,Late Delivery,6195.01,Resellable
RT50969,TX257157,2024-12-02,Size Issue,21069.38,Damaged
RT50970,TX201152,2023-02-15,Defective,132738.98,Damaged
RT50971,TX212504,2023-07-28,Not as Described,898.39,Damaged
RT50972,TX221664,2023-11-10,Defective,2650.56,Resellable
RT50973,TX212257,2023-07-25,Changed Mind,8055.29,Resellable
RT50974,TX250841,2024-11-16,Changed Mind,5381.92,Damaged
RT50975,TX231701,2024-03-08,Damaged,8677.42,Resellable
RT50976,TX259439,2025-01-08,Not as Described,10071.32,Damaged
RT50977,TX207691,2023-05-24,Defective,5267.79,Resellable
RT50978,TX223446,2023-11-24,Late Delivery,21480.38,Damaged
RT50979,TX214273,2023-08-26,Not as Described,585.92,Resellable
RT50980,TX205463,2023-04-07,Late Delivery,28217.19,Damaged
RT50981,TX253192,2024-11-22,Not as Described,16576.37,Damaged
RT50982,TX208782,2023-06-07,Not as Described,5614.96,Resellable
RT50983,TX248932,2024-11-01,size issue,2304.42,Resellable
RT50984,TX237298,2024-05-24,Late Delivery,30130.74,Resellable
RT50985,TX238525,2024-06-10,Changed Mind,2776.57,Damaged
RT50986,TX229433,2024-02-08,Changed Mind,828.75,Resellable
RT50987,TX251304,2024-10-31,Damaged,1760.52,Scrap
RT50988,TX218204,2023-10-21,Not as Described,2049.55,Resellable
RT50989,TX204610,2023-03-28,Late Delivery,1616.4,Scrap
RT50990,TX249783,2024-10-28,Late Delivery,3990.84,Resellable
RT50991,TX203668,2023-03-10,Damaged,1422.36,Damaged
RT50992,TX233808,2024-04-04,Not as Described,2015.63,Damaged
RT50993,TX244076,2024-08-14,Size Issue,16007.31,Resellable
RT50994,TX206250,2023-04-22,Not as Described,9120.14,Resellable
RT50995,TX247062,2024-09-29,Not as Described,725.36,Damaged
RT50996,TX209990,2023-06-28,Damaged,6131.32,Damaged
RT50997,TX260276,2025-01-11,Not as Described,901.88,Damaged
RT50998,TX249230,2024-10-30,Defective,3177.38,Resellable
RT50999,TX247273,2024-10-03,Changed Mind,27219.05,Scrap
RT51000,TX239224,2024-06-09,Damaged,1760.52,Scrap
RT51001,TX242330,2024-07-17,Damaged,110.96,Resellable
RT51002,TX216058,2023-10-05,Size Issue,36626.15,Resellable
RT51003,TX208666,2023-06-01,Not as Described,1918.23,Resellable
RT51004,TX218708,2023-10-23,Damaged,1302.12,Resellable
RT51005,TX208751,2023-06-09,Defective,6074.05,Resellable
RT51006,TX227893,2024-01-02,Damaged,14487.02,Scrap
RT51007,TX217217,2023-10-16,Damaged,8377.89,Damaged
RT51008,TX210479,2023-06-25,Defective,6932.17,Resellable
RT51009,TX218421,2023-11-07,Not as Described,6979.68,Scrap
RT51010,TX245512,2024-09-01,Size Issue,111783.73,Damaged
RT51011,TX230918,2024-02-28,Not as Described,4939.46,Resellable
RT51012,TX236523,2024-04-30,Size Issue,7555.34,Resellable
RT51013,TX209153,2023-06-10,Size Issue,14814.91,Resellable
RT51014,TX224793,2023-11-30,Not as Described,926.02,Resellable
RT51015,TX259467,2025-01-18,Size Issue,85943.89,Resellable
RT51016,TX219527,2023-10-23,Changed Mind,1707.9,Resellable
RT51017,TX201298,2023-02-11,Late Delivery,5125.15,Resellable
RT51018,TX255448,2024-11-25,Late Delivery,18930.7,Scrap
RT51019,TX243631,2024-08-16,Size Issue,2182.82,Resellable
RT51020,TX243093,2024-08-17,Size Issue,5778.92,Scrap
RT51021,TX254089,2024-11-16,Damaged,2260.61,Damaged
RT51022,TX211813,2023-07-21,Changed Mind,5933.35,Scrap
RT51023,TX200693,2023-02-01,Changed Mind,29328.34,Resellable
RT51024,TX213477,2023-08-21,Changed Mind,17623.44,Resellable
RT51025,TX260080,2025-01-23,Defective,2567.68,Resellable
RT51026,TX210335,2023-06-16,Damaged,58821.44,Resellable
RT51027,TX234751,2024-04-13,Changed Mind,6123.88,Resellable
RT51028,TX224711,2023-12-10,Changed Mind,1289.1,Scrap
RT51029,TX205987,2023-04-09,Not as Described,9979.92,Damaged
RT51030,TX207794,2023-05-28,Damaged,7824.84,Resellable
RT51031,TX202931,2023-02-28,Changed Mind,4346.87,Resellable
RT51032,TX234054,2024-04-07,Size Issue,7433.45,Damaged
RT51033,TX239254,2024-06-07,Not as Described,58938.0,Damaged
RT51034,TX224514,2023-12-10,Late Delivery,15989.74,Resellable
RT51035,TX239749,2024-06-13,Size Issue,8377.89,Damaged
RT51036,TX221356,2023-11-05,Size Issue,1782.69,Damaged
RT51037,TX207100,2023-05-19,Defective,8158.07,Resellable
RT51038,TX216380,2023-10-08,Size Issue,20647.64,Resellable
RT51039,TX228337,2024-01-17,Defective,215203.1,Resellable
RT51040,TX224850,2023-12-11,Damaged,11205.12,Scrap
RT51041,TX231435,2024-02-28,Changed Mind,3537.6,Resellable
RT51042,TX241124,2024-07-16,Not as Described,19742.65,Resellable
RT51043,TX242223,2024-08-07,Not as Described,4725.79,Damaged
RT51044,TX220241,2023-11-06,Changed Mind,11538.72,Damaged
RT51045,TX212848,2023-08-24,Defective,6738.48,Resellable
RT51046,TX231998,2024-03-03,Size Issue,22724.36,Resellable
RT51047,TX228748,2024-01-09,Changed Mind,10314.4,Resellable
RT51048,TX224889,2023-12-11,Damaged,4091.83,Scrap
RT51049,TX236825,2024-05-05,Not as Described,4653.48,Damaged
RT51050,TX221510,2023-11-17,Changed Mind,4131.56,Resellable
RT51051,TX242746,2024-08-17,Changed Mind,13830.3,Resellable
RT51052,TX222382,2023-11-28,Not as Described,18673.64,Damaged
RT51053,TX211742,2023-07-31,Changed Mind,125405.04,Damaged
RT51054,TX206827,2023-04-26,Not as Described,2991.98,Resellable
RT51055,TX241313,2024-07-16,Changed Mind,33414.01,Scrap
RT51056,TX214864,2023-09-11,Changed Mind,22696.08,Resellable
RT51057,TX214931,2023-09-02,Late Delivery,9281.67,Resellable
RT51058,TX257405,2024-12-23,Size Issue,9846.82,Resellable
RT51059,TX205873,2023-04-15,Size Issue,1914.85,Scrap
RT51060,TX255316,2024-11-20,Size Issue,881.65,Resellable
RT51061,TX233122,2024-03-26,Late Delivery,1354.66,Damaged
RT51062,TX246780,2024-09-24,Late Delivery,1179.37,Damaged
RT51063,TX222427,2023-11-10,Changed Mind,3803.51,Resellable
RT51064,TX259523,2024-12-25,Size Issue,7303.68,Scrap
RT51065,TX218147,2023-10-17,Late Delivery,1516.26,Damaged
RT51066,TX202712,2023-02-15,Size Issue,7826.82,Scrap
RT51067,TX230619,2024-01-31,Changed Mind,6878.08,Damaged
RT51068,TX228281,2024-01-26,Late Delivery,6539.2,Resellable
RT51069,TX211673,2023-08-03,Size Issue,1354.66,Damaged
RT51070,TX249848,2024-10-29,Size Issue,5570.07,Resellable
RT51071,TX201552,2023-02-04,Damaged,717.81,Damaged
RT51072,TX250879,2024-11-08,Damaged,35046.45,Resellable
RT51073,TX218521,2023-10-18,Not as Described,64633.83,Resellable
RT51074,TX240643,2024-07-09,Changed Mind,7593.59,Resellable
RT51075,TX239539,2024-06-10,Defective,1845.38,Resellable
RT51076,TX203904,2023-03-23,Defective,8251.52,Resellable
RT51077,TX200860,2023-02-10,Size Issue,3605.07,Resellable
RT51078,TX216260,2023-09-29,Damaged,2392.78,Resellable
RT51079,TX251656,2024-11-09,Not as Described,12304.43,Resellable
RT51080,TX212868,2023-08-14,Damaged,16838.64,Resellable
RT51081,TX235829,2024-05-05,Not as Described,12194.18,Resellable
RT51082,TX252181,2024-11-19,Not as Described,,Resellable
RT51083,TX229174,2024-01-30,Damaged,10326.55,Resellable
RT51084,TX259641,2024-12-31,Defective,5029.23,Damaged
RT51085,TX223954,2023-11-26,Size Issue,5335.77,Damaged
RT51086,TX209074,2023-06-14,Defective,1780.8,Damaged
RT51087,TX255015,2024-12-08,Size Issue,5539.16,Resellable
RT51088,TX240585,2024-07-13,Changed Mind,8119.5,Resellable
RT51089,TX221202,2023-11-06,Late Delivery,200.63,Resellable
RT51090,TX236699,2024-05-16,Not as Described,4891.49,Damaged
RT51091,TX259763,2025-01-09,Late Delivery,8649.56,Resellable
RT51092,TX252189,2024-11-20,defective,6003.28,Damaged
RT51093,TX241369,2024-07-21,Damaged,13347.94,Scrap
RT51094,TX231828,2024-03-04,Changed Mind,1727.55,Resellable
RT51095,TX247265,2024-09-23,Defective,1727.55,Resellable
RT51096,TX230623,2024-02-04,Late Delivery,688.95,Resellable
RT51097,TX217212,2023-10-21,Changed Mind,4390.98,Damaged
RT51098,TX246767,2024-09-20,Damaged,1780.42,Damaged
RT51099,TX227430,2024-01-09,changed mind,3884.68,Scrap
RT51100,TX222289,2023-11-27,Size Issue,18896.63,Resellable
RT51101,TX207852,2023-05-09,Size Issue,9491.99,Resellable
RT51102,TX248053,2024-10-25,Not as Described,7866.02,Resellable
RT51103,TX200311,2023-01-24,Changed Mind,1747.47,Damaged
RT51104,TX224795,2023-12-11,Changed Mind,1521.04,Resellable
RT51105,TX223511,2023-11-24,Damaged,4565.02,Resellable
RT51106,TX244233,2024-09-11,Not as Described,2078.23,Damaged
RT51107,TX200232,2023-01-19,Defective,3067.97,Resellable
RT51108,TX214625,2023-09-07,Defective,1328.6,Damaged
RT51109,TX207096,2023-05-12,Size Issue,5636.68,Damaged
RT51110,TX214628,2023-09-13,Changed Mind,5802.08,Damaged
RT51111,TX246386,2024-10-09,Damaged,2724.23,Resellable
RT51112,TX239134,2024-06-21,Size Issue,9517.82,Resellable
RT51113,TX209837,2023-06-09,Changed Mind,12108.03,Resellable
RT51114,TX212645,2023-08-01,Size Issue,18029.8,Resellable
RT51115,TX245041,2024-09-10,Changed Mind,2402.16,Resellable
RT51116,TX206910,2023-04-30,Not as Described,17795.73,Resellable
RT51117,TX242416,2024-07-29,Not as Described,5299.0,Resellable
RT51118,TX201349,2023-02-08,Damaged,1344.97,Resellable
RT51119,TX223983,2023-12-16,Changed Mind,18356.15,Resellable
RT51120,TX200340,2023-01-19,Size Issue,2343.82,Resellable
RT51121,TX259102,2025-01-11,Size Issue,1258.53,Damaged
RT51122,TX234462,2024-03-26,Size Issue,4372.92,Scrap
RT51123,TX225997,2024-01-04,Changed Mind,10046.58,Damaged
RT51124,TX255795,2024-11-25,Late Delivery,6753.56,Damaged
RT51125,TX229309,2024-02-11,Damaged,1127.75,Scrap
RT51126,TX228639,2024-01-18,Defective,124209.82,Scrap
RT51127,TX236899,2024-05-15,Size Issue,16316.14,Resellable
RT51128,TX238746,2024-05-26,Defective,257423.91,Damaged
RT51129,TX256087,2024-12-06,Defective,217075.36,Resellable
RT51130,TX217603,2023-10-04,Size Issue,3802.89,Resellable
RT51131,TX231154,2024-03-02,Changed Mind,1758.3,Resellable
RT51132,TX208040,2023-05-23,Changed Mind,13443.95,Resellable
RT51133,TX237841,2024-05-12,Not as Described,4298.44,Resellable
RT51134,TX254611,2024-12-12,Damaged,160991.04,Resellable
RT51135,TX223270,2023-12-10,Changed Mind,2833.47,Scrap
RT51136,TX201807,2023-01-30,Size Issue,894.82,Resellable
RT51137,TX205366,2023-03-31,Damaged,1557.84,Scrap
RT51138,TX238890,2024-06-21,Size Issue,7954.52,Resellable
RT51139,TX202763,2023-02-27,Size Issue,3529.66,Resellable
RT51140,TX208763,2023-06-11,Not as Described,10763.31,Resellable
RT51141,TX211277,2023-07-20,Changed Mind,160401.93,Resellable
RT51142,TX239893,2024-06-21,Damaged,5433.59,Damaged
RT51143,TX202499,2023-02-18,Size Issue,23438.68,Resellable
RT51144,TX251710,2024-10-28,Not as Described,3129.05,Resellable
RT51145,TX233914,2024-04-06,Damaged,5299.0,Scrap
RT51146,TX211626,2023-07-17,Not as Described,3840.89,Scrap
RT51147,TX250907,2024-11-02,Not as Described,4532.14,Resellable
RT51148,TX210420,2023-07-02,Not as Described,6931.86,Damaged
RT51149,TX210152,2023-07-07,Not as Described,5802.08,Scrap
RT51150,TX207256,2023-05-01,Changed Mind,3546.8,Resellable
RT51151,TX227543,2023-12-31,Not as Described,234.01,Damaged
RT51152,TX243324,2024-08-18,Damaged,4233.92,Damaged
RT51153,TX221571,2023-11-18,Size Issue,7297.02,Resellable
RT51154,TX236149,2024-04-19,Damaged,5631.97,Damaged
RT51155,TX224333,2023-11-30,Not as Described,898.02,Resellable
RT51156,TX259373,2025-01-05,Defective,4174.18,Resellable
RT51157,TX222344,2023-11-21,Size Issue,4185.32,Scrap
RT51158,TX200788,2023-02-02,Damaged,101768.75,Resellable
RT51159,TX237899,2024-05-22,Size Issue,1579.93,Scrap
RT51160,TX215436,2023-09-18,Not as Described,3820.63,Resellable
RT51161,TX232801,2024-03-28,Changed Mind,191.26,Resellable
RT51162,TX242469,2024-08-06,Size Issue,4350.13,Resellable
RT51163,TX204502,2023-04-01,Not as Described,22947.88,Resellable
RT51164,TX200159,2023-01-19,changed mind,3208.84,Resellable
RT51165,TX219391,2023-10-26,Late Delivery,18756.94,Resellable
RT51166,TX220425,2023-10-29,Size Issue,329066.96,Resellable
RT51167,TX235010,2024-04-17,Changed Mind,9491.99,Resellable
RT51168,TX239611,2024-06-21,Size Issue,22854.72,Damaged
RT51169,TX235370,2024-05-03,Late Delivery,24824.64,Damaged
RT51170,TX257397,2024-12-20,Changed Mind,452.03,Damaged
RT51171,TX201098,2023-02-10,Damaged,10160.11,Scrap
RT51172,TX208264,2023-05-14,Late Delivery,20504.6,Damaged
RT51173,TX244831,2024-09-03,Defective,2946.44,Resellable
RT51174,TX254918,2024-11-30,Not as Described,10600.68,Resellable
RT51175,TX227253,2024-01-13,Late Delivery,13521.93,Resellable
RT51176,TX223246,2023-12-07,Changed Mind,5755.14,Resellable
RT51177,TX204786,2023-03-24,Size Issue,3065.66,Resellable
RT51178,TX220391,2023-11-05,Damaged,27255.78,Resellable
RT51179,TX249895,2024-10-19,Damaged,11517.75,Damaged
RT51180,TX253061,2024-11-12,Late Delivery,1101.9,Resellable
RT51181,TX258080,2024-12-28,Not as Described,3836.46,Resellable
RT51182,TX228278,2024-01-03,Not as Described,2894.19,Resellable
RT51183,TX243068,2024-08-10,Damaged,7296.69,Resellable
RT51184,TX239597,2024-06-26,Not as Described,2882.96,Resellable
RT51185,TX243689,2024-08-25,Changed Mind,4967.29,Resellable
RT51186,TX230632,2024-02-26,Changed Mind,16737.51,Damaged
RT51187,TX240408,2024-07-01,Not as Described,13381.79,Scrap
RT51188,TX225911,2023-12-14,Damaged,7085.96,Resellable
RT51189,TX237289,2024-05-07,Not as Described,1605.46,Resellable
RT51190,TX234248,2024-04-06,Changed Mind,2995.79,Damaged
RT51191,TX242876,2024-08-10,Damaged,11427.36,Resellable
RT51192,TX252751,2024-11-25,Size Issue,7758.57,Damaged
RT51193,TX249620,2024-10-21,Size Issue,13096.43,Resellable
RT51194,TX207715,2023-05-19,Damaged,1793.79,Resellable
RT51195,TX248926,2024-10-25,changed mind,39797.71,Resellable
RT51196,TX259521,2024-12-25,Not as Described,2426.12,Resellable
RT51197,TX246029,2024-09-13,Not as Described,1632.86,Damaged
RT51198,TX214232,2023-09-06,Defective,3118.31,Resellable
RT51199,TX253846,2024-11-29,Size Issue,19584.78,Resellable
RT51200,TX230873,2024-02-15,Not as Described,3210.91,Resellable
RT51201,TX254529,2024-11-17,Defective,3660.48,Resellable
RT51202,TX235079,2024-04-28,Changed Mind,5648.46,Resellable
RT51203,TX203195,2023-02-25,Damaged,35365.2,Damaged
RT51204,TX200942,2023-01-30,Size Issue,722.49,Damaged
RT51205,TX201267,2023-02-16,Size Issue,15798.39,Resellable
RT51206,TX213819,2023-09-02,Defective,8336.42,Resellable
RT51207,TX239282,2024-06-14,Size Issue,4823.4,Resellable
RT51208,TX251419,2024-11-02,Not as Described,1036.43,Resellable
RT51209,TX238303,2024-05-25,Changed Mind,7153.63,Resellable
RT51210,TX214884,2023-08-29,Changed Mind,4604.11,Damaged
RT51211,TX238549,2024-06-13,Changed Mind,4532.14,Damaged
RT51212,TX235836,2024-04-28,Changed Mind,5043.35,Resellable
RT51213,TX218230,2023-10-15,Late Delivery,6404.98,Scrap
RT51214,TX215338,2023-09-29,Size Issue,14041.3,Damaged
RT51215,TX249488,2024-10-27,Not as Described,69408.58,Resellable
RT51216,TX259123,2025-01-10,Size Issue,1284.71,Damaged
RT51217,TX253122,2024-11-19,Size Issue,411.44,Resellable
RT51218,TX237420,2024-05-09,Size Issue,246.33,Resellable
RT51219,TX202036,2023-02-18,Size Issue,26398.2,Resellable
RT51220,TX235026,2024-04-01,Not as Described,6933.56,Resellable
RT51221,TX200790,2023-01-31,Late Delivery,296160.26,Resellable
RT51222,TX246229,2024-10-07,Changed Mind,12412.32,Damaged
RT51223,TX227548,2024-01-08,Changed Mind,16853.65,Resellable
RT51224,TX214427,2023-08-25,Damaged,33132.16,Scrap
RT51225,TX232364,2024-03-12,Size Issue,43097.81,Resellable
RT51226,TX207858,2023-05-18,Changed Mind,1496.44,Damaged
RT51227,TX252688,2024-11-21,Not as Described,20615.56,Damaged
RT51228,TX253445,2024-11-25,Changed Mind,14217.04,Resellable
RT51229,TX200616,2023-01-20,Size Issue,10549.08,Scrap
RT51230,TX231720,2024-03-01,Changed Mind,5424.38,Resellable
RT51231,TX249014,2024-10-18,Not as Described,7831.51,Resellable
RT51232,TX237165,2024-05-17,Size Issue,1867.33,Damaged
RT51233,TX241094,2024-07-03,Changed Mind,1172.0,Damaged
RT51234,TX211957,2023-07-26,Damaged,6941.42,Resellable
RT51235,TX221776,2023-11-05,Size Issue,24780.18,Resellable
RT51236,TX247288,2024-10-15,changed mind,3069.17,Resellable
RT51237,TX233393,2024-03-25,Not as Described,27219.05,Resellable
RT51238,TX231463,2024-02-25,Not as Described,5620.18,Resellable
RT51239,TX244894,2024-09-20,Size Issue,19827.82,Damaged
RT51240,TX221883,2023-11-20,Changed Mind,2984.32,Damaged
RT51241,TX236259,2024-05-04,Size Issue,15900.63,Resellable
RT51242,TX244962,2024-09-19,Not as Described,29658.19,Resellable
RT51243,TX218591,2023-10-24,Changed Mind,44042.72,Resellable
RT51244,TX225326,2023-12-14,Changed Mind,6931.62,Damaged
RT51245,TX218333,2023-11-05,Damaged,20426.47,Resellable
RT51246,TX211307,2023-07-17,Not as Described,3939.32,Resellable
RT51247,TX243718,2024-09-01,Not as Described,1593.77,Resellable
RT51248,TX209206,2023-06-01,Size Issue,78138.25,Resellable
RT51249,TX204017,2023-03-29,Size Issue,131348.53,Damaged
RT51250,TX217291,2023-10-26,Defective,9936.64,Resellable
RT51251,TX200704,2023-01-16,Size Issue,166521.86,Resellable
RT51252,TX226899,2023-12-25,Size Issue,3168.94,Damaged
RT51253,TX202799,2023-02-22,Size Issue,1780.42,Damaged
RT51254,TX231973,2024-03-11,Not as Described,1897.16,Resellable
RT51255,TX222365,2023-11-27,Not as Described,22380.7,Resellable
RT51256,TX236506,2024-04-25,Changed Mind,8989.05,Resellable
RT51257,TX230414,2024-02-17,Not as Described,4989.96,Damaged
RT51258,TX201677,2023-02-24,Size Issue,27116.8,Resellable
RT51259,TX233981,2024-04-12,Changed Mind,1901.44,Resellable
RT51260,TX210807,2023-06-26,Defective,1895.02,Resellable
RT51261,TX252879,2024-12-01,Defective,4228.34,Resellable
RT51262,TX223031,2023-12-07,Late Delivery,4750.06,Damaged
RT51263,TX245800,2024-09-30,Not as Described,874.57,Damaged
RT51264,TX217434,2023-10-09,Changed Mind,3916.91,Resellable
RT51265,TX225185,2023-12-19,Not as Described,8811.72,Resellable
RT51266,TX252642,2024-11-03,Damaged,569.28,Resellable
RT51267,TX215984,2023-10-06,Size Issue,8571.32,Resellable
RT51268,TX229544,2024-02-14,Changed Mind,273.23,Damaged
RT51269,TX232668,2024-03-08,Changed Mind,128205.33,Resellable
RT51270,TX216959,2023-10-19,Changed Mind,386.71,Resellable
RT51271,TX241579,2024-07-26,Size Issue,3456.63,Damaged
RT51272,TX244690,2024-08-31,Not as Described,2984.71,Resellable
RT51273,TX227840,2024-01-03,Changed Mind,3215.77,Damaged
RT51274,TX244576,2024-08-27,Changed Mind,5424.38,Resellable
RT51275,TX238823,2024-06-03,Not as Described,6233.64,Damaged
RT51276,TX203098,2023-02-23,Changed Mind,19388.47,Resellable
RT51277,TX244332,2024-08-31,Size Issue,4355.3,Resellable
RT51278,TX237755,2024-05-27,Size Issue,9465.35,Resellable
RT51279,TX255942,2024-12-09,Damaged,9022.44,Damaged
RT51280,TX250232,2024-11-04,Changed Mind,3094.48,Resellable
RT51281,TX227205,2024-01-04,Size Issue,17438.34,Damaged
RT51282,TX233482,2024-03-23,Damaged,2603.64,Damaged
RT51283,TX234084,2024-03-29,Defective,1993.1,Resellable
RT51284,TX205738,2023-04-04,Changed Mind,2225.86,Scrap
RT51285,TX242906,2024-08-17,Defective,18663.7,Resellable
RT51286,TX246001,2024-10-04,Not as Described,3106.18,Damaged
RT51287,TX224617,2023-12-09,Damaged,97269.39,Resellable
RT51288,TX201778,2023-02-09,Changed Mind,50703.3,Damaged
RT51289,TX233470,2024-03-20,Size Issue,390.31,Resellable
RT51290,TX212673,2023-08-10,Damaged,11001.67,Damaged
RT51291,TX237293,2024-05-26,Late Delivery,6812.56,Damaged
RT51292,TX237136,2024-05-09,Not as Described,1764.83,Resellable
RT51293,TX254989,2024-12-09,Defective,1105.25,Resellable
RT51294,TX226409,2023-12-15,Changed Mind,18427.08,Damaged
RT51295,TX236179,2024-04-26,Changed Mind,12145.12,Resellable
RT51296,TX205479,2023-04-04,Size Issue,22500.81,Resellable
RT51297,TX237237,2024-05-17,Not as Described,1343.8,Resellable
RT51298,TX245604,2024-09-02,Damaged,2092.66,Resellable
RT51299,TX210159,2023-06-25,Late Delivery,4132.69,Resellable
RT51300,TX211984,2023-08-01,Defective,2845.3,Resellable
RT51301,TX256862,2024-12-03,Late Delivery,3452.81,Resellable
RT51302,TX214800,2023-09-21,Changed Mind,1778.76,Resellable
RT51303,TX234830,2024-04-12,Changed Mind,26398.2,Resellable
RT51304,TX207614,2023-05-05,Defective,135.59,Damaged
RT51305,TX254114,2024-12-06,Not as Described,8143.78,Resellable
RT51306,TX229317,2024-01-17,Not as Described,75963.18,Damaged
RT51307,TX216032,2023-10-07,Late Delivery,1783.84,Resellable
RT51308,TX226733,2023-12-16,Size Issue,9681.23,Resellable
RT51309,TX221339,2023-11-06,Not as Described,2092.1,Resellable
RT51310,TX250579,2024-11-08,Not as Described,766.89,Resellable
RT51311,TX239781,2024-06-28,Changed Mind,5335.77,Scrap
RT51312,TX259506,2025-01-18,Not as Described,24977.19,Damaged
RT51313,TX233953,2024-04-01,Changed Mind,6161.0,Damaged
RT51314,TX225850,2023-12-10,Not as Described,261145.5,Resellable
RT51315,TX222663,2023-11-14,Size Issue,131626.78,Resellable
RT51316,TX227419,2024-01-01,Size Issue,12336.14,Damaged
RT51317,TX200892,2023-01-15,Late Delivery,1942.7,Resellable
RT51318,TX260185,2025-01-14,Not as Described,5802.08,Damaged
RT51319,TX227578,2024-01-05,Defective,1344.97,Resellable
RT51320,TX259360,2025-01-16,size issue,7570.15,Scrap
RT51321,TX209461,2023-06-26,Damaged,663.0,Resellable
RT51322,TX213975,2023-09-11,Damaged,2020.65,Damaged
RT51323,TX258607,2025-01-08,Size Issue,2255.5,Resellable
RT51324,TX252942,2024-11-06,Size Issue,22868.0,Resellable
RT51325,TX205246,2023-04-18,Late Delivery,7943.63,Resellable
RT51326,TX225479,2023-12-10,Defective,9354.93,Resellable
RT51327,TX211032,2023-07-07,Changed Mind,1755.29,Resellable
RT51328,TX246163,2024-09-14,Late Delivery,19898.08,Resellable
RT51329,TX215965,2023-10-09,Size Issue,6195.01,Resellable
RT51330,TX206203,2023-04-20,Defective,3529.66,Resellable
RT51331,TX200831,2023-02-07,Damaged,1464.03,Resellable
RT51332,TX242597,2024-07-31,Size Issue,1406.59,Resellable
RT51333,TX249551,2024-10-13,Damaged,7881.02,Scrap
RT51334,TX253893,2024-12-03,Defective,2605.84,Damaged
RT51335,TX231926,2024-03-15,Size Issue,6078.2,Damaged
RT51336,TX212244,2023-08-08,Damaged,12763.8,Damaged
RT51337,TX208750,2023-05-21,Size Issue,1539.96,Resellable
RT51338,TX239364,2024-06-25,Changed Mind,1277.72,Damaged
RT51339,TX251537,2024-11-23,Changed Mind,8125.29,Damaged
RT51340,TX220178,2023-11-04,Damaged,2640.19,Scrap
RT51341,TX257001,2024-12-19,Changed Mind,1782.69,Resellable
RT51342,TX242923,2024-08-21,Damaged,8158.07,Damaged
RT51343,TX212323,2023-08-09,Not as Described,1449.55,Resellable
RT51344,TX231071,2024-02-15,Changed Mind,20504.6,Resellable
RT51345,TX225117,2023-12-21,Changed Mind,6434.63,Scrap
RT51346,TX237830,2024-05-21,Changed Mind,6682.22,Resellable
RT51347,TX258319,2024-12-26,Changed Mind,1001.64,Damaged
RT51348,TX248369,2024-10-10,Size Issue,17653.14,Damaged
RT51349,TX218397,2023-10-29,Damaged,410.88,Damaged
RT51350,TX234820,2024-04-04,Size Issue,2049.36,Resellable
RT51351,TX244262,2024-08-25,Not as Described,976.54,Resellable
RT51352,TX204995,2023-04-16,Changed Mind,294.01,Resellable
RT51353,TX222479,2023-12-08,Size Issue,1935.55,Resellable
RT51354,TX202417,2023-02-17,Not as Described,3002.12,Damaged
RT51355,TX220108,2023-11-13,changed mind,26032.26,Resellable
RT51356,TX243381,2024-08-17,Late Delivery,1480.62,Resellable
RT51357,TX226691,2023-12-22,Defective,45150.63,Resellable
RT51358,TX236293,2024-04-28,Size Issue,23726.55,Resellable
RT51359,TX200435,2023-02-05,Not as Described,149645.21,Damaged
RT51360,TX214643,2023-09-08,Late Delivery,2751.85,Resellable
RT51361,TX213092,2023-08-10,Late Delivery,3963.81,Damaged
RT51362,TX215635,2023-09-12,Not as Described,29594.14,Damaged
RT51363,TX215150,2023-09-03,Defective,760.52,Scrap
RT51364,TX227495,2024-01-14,Not as Described,110241.42,Damaged
RT51365,TX233237,2024-04-01,Size Issue,55755.4,Damaged
RT51366,TX223060,2023-11-21,Changed Mind,1328.6,Resellable
RT51367,TX216313,2023-10-12,Damaged,1944.46,Resellable
RT51368,TX202311,2023-02-17,Defective,1129.31,Resellable
RT51369,TX201072,2023-01-19,Defective,5043.35,Damaged
RT51370,TX214347,2023-08-31,Damaged,5634.05,Scrap
RT51371,TX232977,2024-03-11,Changed Mind,5694.61,Resellable
RT51372,TX217925,2023-10-29,Damaged,4672.0,Resellable
RT51373,TX223553,2023-11-20,Changed Mind,23511.51,Damaged
RT51374,TX215599,2023-09-19,Changed Mind,8811.72,Resellable
RT51375,TX232650,2024-03-20,Changed Mind,2863.9,Resellable
RT51376,TX214059,2023-09-02,Size Issue,5474.76,Resellable
RT51377,TX214189,2023-08-25,Not as Described,16387.29,Resellable
RT51378,TX217059,2023-10-01,Late Delivery,27219.05,Damaged
RT51379,TX216702,2023-10-02,Defective,5172.48,Resellable
RT51380,TX222238,2023-11-24,Damaged,9281.67,Scrap
RT51381,TX242546,2024-07-27,Size Issue,46903.23,Resellable
RT51382,TX258708,2025-01-09,Size Issue,5298.59,Damaged
RT51383,TX202484,2023-03-04,Damaged,21682.65,Resellable
RT51384,TX212577,2023-08-16,Defective,3060.34,Resellable
RT51385,TX228127,2024-01-11,Not as Described,125405.04,Resellable
RT51386,TX209588,2023-06-08,Not as Described,7191.35,Damaged
RT51387,TX213981,2023-09-09,Size Issue,6428.76,Scrap
RT51388,TX217102,2023-10-22,Damaged,1832.27,Damaged
RT51389,TX237538,2024-05-18,Not as Described,10644.17,Resellable
RT51390,TX240445,2024-07-06,Size Issue,9152.17,Damaged
RT51391,TX200605,2023-01-29,Changed Mind,23410.42,Damaged
RT51392,TX236630,2024-05-10,Not as Described,1367.02,Resellable
RT51393,TX225147,2023-12-06,Not as Described,8822.66,Resellable
RT51394,TX237061,2024-05-22,Size Issue,89758.37,Resellable
RT51395,TX247549,2024-09-28,Size Issue,3214.09,Scrap
RT51396,TX211006,2023-06-28,Damaged,5172.48,Damaged
RT51397,TX210512,2023-07-05,Late Delivery,2657.2,Resellable
RT51398,TX216671,2023-10-14,Damaged,7297.02,Resellable
RT51399,TX243982,2024-09-07,Size Issue,2004.64,Resellable
RT51400,TX234441,2024-04-06,Changed Mind,18811.46,Damaged
RT51401,TX234861,2024-04-05,Defective,4185.32,Resellable
RT51402,TX252806,2024-11-15,Size Issue,5962.27,Resellable
RT51403,TX226244,2023-12-12,Damaged,2185.96,Resellable
RT51404,TX220185,2023-10-27,Defective,5770.35,Resellable
RT51405,TX200424,2023-01-21,Damaged,3846.24,Resellable
RT51406,TX245633,2024-09-28,Damaged,5891.88,Resellable
RT51407,TX250404,2024-11-06,Damaged,3667.41,Resellable
RT51408,TX225377,2023-12-12,Not as Described,7297.02,Resellable
RT51409,TX243853,2024-08-21,Damaged,10011.61,Resellable
RT51410,TX257826,2024-12-19,Size Issue,2662.81,Resellable
RT51411,TX220993,2023-11-21,Changed Mind,12214.64,Resellable
RT51412,TX215652,2023-09-15,damaged,21148.13,Resellable
RT51413,TX224180,2023-12-06,Size Issue,3836.93,Resellable
RT51414,TX204887,2023-03-29,Not as Described,2875.57,Damaged
RT51415,TX220879,2023-11-09,Damaged,1870.37,Resellable
RT51416,TX216330,2023-10-10,Size Issue,2046.36,Resellable
RT51417,TX245304,2024-09-19,Defective,12297.91,Damaged
RT51418,TX255521,2024-12-19,Size Issue,4617.63,Scrap
RT51419,TX218394,2023-11-04,Defective,12013.09,Resellable
RT51420,TX254965,2024-12-09,Size Issue,5376.89,Resellable
RT51421,TX253346,2024-11-13,Changed Mind,80335.13,Resellable
RT51422,TX254124,2024-11-28,Not as Described,547.57,Resellable
RT51423,TX247540,2024-09-27,Late Delivery,2758.62,Resellable
RT51424,TX223172,2023-12-07,Changed Mind,232.25,Damaged
RT51425,TX220743,2023-11-06,Changed Mind,20725.98,Resellable
RT51426,TX212886,2023-08-25,Defective,61086.77,Resellable
RT51427,TX251752,2024-10-29,Defective,885.61,Scrap
RT51428,TX215830,2023-10-07,Late Delivery,6753.56,Damaged
RT51429,TX239242,2024-05-30,Late Delivery,3400.38,Damaged
RT51430,TX243323,2024-08-21,Size Issue,8745.41,Scrap
RT51431,TX214043,2023-08-30,Size Issue,21923.88,Resellable
RT51432,TX201941,2023-02-19,Not as Described,3589.3,Damaged
RT51433,TX242477,2024-07-28,Damaged,5225.32,Damaged
RT51434,TX210097,2023-07-02,Defective,1226.84,Resellable
RT51435,TX252496,2024-11-01,Changed Mind,1003.67,Resellable
RT51436,TX253868,2024-11-28,Size Issue,58568.3,Resellable
RT51437,TX244836,2024-09-16,Changed Mind,6212.24,Damaged
RT51438,TX234387,2024-04-02,Defective,585.39,Resellable
RT51439,TX227103,2024-01-09,Not as Described,8624.05,Damaged
RT51440,TX230214,2024-02-11,Size Issue,9622.93,Resellable
RT51441,TX217274,2023-10-18,Size Issue,713.73,Resellable
RT51442,TX222284,2023-12-04,Size Issue,12108.03,Resellable
RT51443,TX204188,2023-03-25,Damaged,5805.91,Damaged
RT51444,TX204992,2023-04-17,Defective,4490.96,Resellable
RT51445,TX236535,2024-05-03,Changed Mind,3647.77,Resellable
RT51446,TX208120,2023-05-28,Changed Mind,8201.84,Resellable
RT51447,TX220949,2023-11-05,Size Issue,9138.25,Resellable
RT51448,TX234957,2024-04-08,Not as Described,9130.04,Resellable
RT51449,TX245764,2024-09-10,Damaged,4269.58,Damaged
RT51450,TX220284,2023-11-05,Damaged,3127.17,Resellable
RT51451,TX246763,2024-09-19,Changed Mind,464.14,Resellable
RT51452,TX206684,2023-05-07,Not as Described,10946.32,Resellable
RT51453,TX253643,2024-11-13,Size Issue,2694.47,Scrap
RT51454,TX208021,2023-05-19,Changed Mind,5162.94,Resellable
RT51455,TX210185,2023-07-01,Size Issue,4233.92,Scrap
RT51456,TX213833,2023-09-06,Changed Mind,3215.77,Scrap
RT51457,TX243096,2024-08-11,Not as Described,9666.17,Damaged
RT51458,TX251680,2024-11-23,Damaged,27219.05,Damaged
RT51459,TX250480,2024-10-31,size issue,124686.14,Scrap
RT51460,TX201772,2023-02-24,Late Delivery,7624.75,Resellable
RT51461,TX221976,2023-11-28,Not as Described,9832.53,Damaged
RT51462,TX229308,2024-01-24,Not as Described,878.89,Resellable
RT51463,TX247639,2024-10-11,Not as Described,43937.98,Damaged
RT51464,TX259848,2024-12-28,Defective,250.79,Resellable
RT51465,TX218748,2023-10-19,Late Delivery,2020.65,Damaged
RT51466,TX237877,2024-05-20,Late Delivery,6281.71,Resellable
RT51467,TX234818,2024-04-23,Not as Described,35323.16,Resellable
RT51468,TX252885,2024-12-01,Defective,1739.41,Damaged
RT51469,TX254384,2024-11-13,Changed Mind,10867.17,Damaged
RT51470,TX203392,2023-02-27,Not as Described,,Scrap
RT51471,TX246066,2024-10-02,Size Issue,782.24,Damaged
RT51472,TX221707,2023-11-15,Changed Mind,26328.94,Damaged
RT51473,TX226475,2023-12-23,Size Issue,6168.07,Resellable
RT51474,TX253930,2024-11-24,Damaged,11926.24,Damaged
RT51475,TX231136,2024-03-07,Late Delivery,2684.77,Resellable
RT51476,TX200428,2023-01-15,Damaged,45815.08,Resellable
RT51477,TX217168,2023-10-08,Not as Described,45426.3,Resellable
RT51478,TX241631,2024-08-03,Defective,2991.98,Resellable
RT51479,TX238130,2024-05-25,Size Issue,898.39,Damaged
RT51480,TX201950,2023-02-18,Changed Mind,527.69,Resellable
RT51481,TX207372,2023-05-19,Size Issue,10359.25,Resellable
RT51482,TX246596,2024-10-06,Changed Mind,2134.84,Resellable
RT51483,TX220677,2023-11-23,Damaged,1002.32,Damaged
RT51484,TX232462,2024-03-03,Not as Described,137445.0,Resellable
RT51485,TX246903,2024-10-12,Damaged,5584.98,Damaged
RT51486,TX211832,2023-07-29,Size Issue,5229.26,Resellable
RT51487,TX246513,2024-10-06,Late Delivery,15024.99,Damaged
RT51488,TX245655,2024-09-22,Size Issue,62343.07,Damaged
RT51489,TX242172,2024-07-31,Size Issue,151189.53,Damaged
RT51490,TX221141,2023-11-28,Size Issue,2954.24,Resellable
RT51491,TX259971,2025-01-04,Damaged,6416.85,Resellable
RT51492,TX256887,2024-12-03,Late Delivery,2587.1,Resellable
RT51493,TX222727,2023-11-29,Changed Mind,7570.15,Damaged
RT51494,TX258568,2024-12-17,Size Issue,4645.39,Resellable
RT51495,TX214340,2023-09-18,Size Issue,152589.23,Resellable
RT51496,TX247379,2024-10-02,Damaged,8767.63,Damaged
RT51497,TX245900,2024-09-26,Size Issue,5496.47,Resellable
RT51498,TX238356,2024-05-30,Changed Mind,6439.11,Resellable
RT51499,TX233737,2024-03-16,Changed Mind,5199.43,Resellable
RT51500,TX220242,2023-10-24,Late Delivery,1577.22,Resellable
RT51501,TX259392,2024-12-28,Size Issue,1583.08,Resellable
RT51502,TX218481,2023-10-28,Changed Mind,1944.46,Resellable
RT51503,TX228706,2024-01-07,Not as Described,52796.4,Damaged
RT51504,TX215990,2023-10-12,Not as Described,54233.6,Damaged
RT51505,TX227774,2023-12-28,Not as Described,5736.79,Damaged
RT51506,TX229543,2024-02-08,Size Issue,7433.45,Resellable
RT51507,TX245260,2024-09-20,Size Issue,4118.99,Resellable
RT51508,TX224476,2023-12-21,Late Delivery,10294.66,Resellable
RT51509,TX230794,2024-02-16,Damaged,152381.83,Scrap
RT51510,TX236004,2024-04-30,Size Issue,9213.54,Resellable
RT51511,TX210817,2023-07-04,Damaged,6471.57,Damaged
RT51512,TX221345,2023-11-17,Changed Mind,10612.4,Resellable
RT51513,TX215145,2023-09-22,Size Issue,1948.34,Scrap
RT51514,TX228390,2024-01-07,Damaged,2585.17,Damaged
RT51515,TX216995,2023-10-12,Changed Mind,4245.14,Resellable
RT51516,TX246483,2024-10-09,Defective,13233.34,Damaged
RT51517,TX227801,2024-01-10,Size Issue,5395.51,Resellable
RT51518,TX245010,2024-08-27,Damaged,5162.94,Resellable
RT51519,TX219677,2023-11-03,Late Delivery,176386.27,Resellable
RT51520,TX205309,2023-04-19,Changed Mind,6889.62,Resellable
RT51521,TX250942,2024-11-04,Late Delivery,31132.23,Damaged
RT51522,TX232498,2024-03-20,Damaged,8677.42,Damaged
RT51523,TX227217,2023-12-29,Not as Described,29594.14,Resellable
RT51524,TX241617,2024-07-31,Size Issue,25195.51,Damaged
RT51525,TX250309,2024-10-21,Size Issue,250.79,Scrap
RT51526,TX205240,2023-03-27,Late Delivery,1343.8,Damaged
RT51527,TX248930,2024-10-26,Not as Described,3211.02,Resellable
RT51528,TX205473,2023-04-12,Size Issue,5300.34,Scrap
RT51529,TX205456,2023-04-01,Size Issue,6364.22,Damaged
RT51530,TX244873,2024-09-12,Damaged,6434.63,Resellable
RT51531,TX204190,2023-03-21,Changed Mind,4504.15,Damaged
RT51532,TX210175,2023-06-11,Changed Mind,20906.45,Resellable
RT51533,TX205767,2023-04-03,Defective,7097.6,Resellable
RT51534,TX251750,2024-10-29,Changed Mind,2079.53,Scrap
RT51535,TX256739,2024-12-23,Damaged,7553.71,Resellable
RT51536,TX253786,2024-11-18,Defective,1173.33,Resellable
RT51537,TX203696,2023-03-20,Damaged,569.28,Resellable
RT51538,TX210589,2023-07-12,Size Issue,2074.11,Resellable
RT51539,TX237075,2024-05-10,Changed Mind,14195.2,Damaged
RT51540,TX210421,2023-06-17,Size Issue,6428.76,Resellable
RT51541,TX223118,2023-12-04,Damaged,3836.21,Resellable
RT51542,TX205960,2023-04-09,size issue,4706.33,Resellable
RT51543,TX228955,2024-01-23,Changed Mind,12872.78,Resellable
RT51544,TX253835,2024-11-10,Damaged,2675.64,Damaged
RT51545,TX246842,2024-09-17,Not as Described,4354.34,Resellable
RT51546,TX225146,2023-12-25,Size Issue,8216.92,Resellable
RT51547,TX208020,2023-05-31,Not as Described,29629.82,Resellable
RT51548,TX202054,2023-02-10,Changed Mind,38378.04,Resellable
RT51549,TX241261,2024-06-30,Defective,165923.72,Scrap
RT51550,TX222222,2023-11-18,Not as Described,3451.31,Resellable
RT51551,TX213194,2023-08-30,Late Delivery,836.41,Resellable
RT51552,TX257583,2025-01-03,Defective,5308.91,Resellable
RT51553,TX221852,2023-11-21,Defective,3549.36,Resellable
RT51554,TX257950,2024-12-18,Defective,13039.9,Resellable
RT51555,TX227082,2024-01-15,Late Delivery,24039.89,Resellable
RT51556,TX200842,2023-02-12,Size Issue,1588.69,Scrap
RT51557,TX233412,2024-04-03,Not as Described,3237.61,Damaged
RT51558,TX226769,2023-12-21,Not as Described,41034.48,Scrap
RT51559,TX256529,2024-11-28,Size Issue,71868.51,Damaged
RT51560,TX248948,2024-10-21,Size Issue,4974.03,Damaged
RT51561,TX216886,2023-10-24,Size Issue,1240.05,Resellable
RT51562,TX258501,2024-12-25,Changed Mind,4059.92,Resellable
RT51563,TX217822,2023-10-11,Changed Mind,3567.68,Resellable
RT51564,TX240198,2024-06-29,Size Issue,6471.57,Resellable
RT51565,TX227873,2024-01-03,Changed Mind,10144.36,Scrap
RT51566,TX233929,2024-04-03,Defective,1715.9,Resellable
RT51567,TX242256,2024-07-18,Changed Mind,74349.15,Resellable
RT51568,TX235653,2024-04-16,Size Issue,16101.39,Resellable
RT51569,TX226793,2023-12-18,Defective,6200.66,Damaged
RT51570,TX214582,2023-09-13,Damaged,4346.87,Damaged
RT51571,TX218927,2023-10-19,Defective,1727.55,Damaged
RT51572,TX228179,2024-01-11,Late Delivery,8745.41,Resellable
RT51573,TX238872,2024-06-09,Size Issue,5869.83,Resellable
RT51574,TX232735,2024-03-21,Damaged,2003.27,Damaged
RT51575,TX246369,2024-09-28,Changed Mind,6931.62,Resellable
RT51576,TX254463,2024-11-28,Changed Mind,42943.46,Resellable
RT51577,TX241750,2024-07-14,Damaged,483.39,Resellable
RT51578,TX221681,2023-11-29,Defective,8633.06,Damaged
RT51579,TX202067,2023-02-23,Size Issue,1942.7,Scrap
RT51580,TX231474,2024-02-28,Changed Mind,11429.1,Damaged
RT51581,TX228417,2024-01-23,Damaged,23432.03,Resellable
RT51582,TX206994,2023-04-22,Changed Mind,5824.75,Resellable
RT51583,TX253795,2024-12-01,Not as Described,9578.18,Resellable
RT51584,TX258584,2024-12-24,Changed Mind,3941.71,Damaged
RT51585,TX209596,2023-06-03,Damaged,4833.48,Resellable
RT51586,TX255203,2024-12-10,Not as Described,20408.92,Resellable
RT51587,TX242699,2024-08-04,Size Issue,8009.29,Scrap
RT51588,TX243864,2024-08-21,Changed Mind,28607.7,Resellable
RT51589,TX258302,2025-01-10,Size Issue,1766.08,Damaged
RT51590,TX230609,2024-02-03,Changed Mind,5978.83,Damaged
RT51591,TX226170,2024-01-02,Changed Mind,2818.11,Resellable
RT51592,TX223642,2023-11-23,Not as Described,3249.02,Resellable
RT51593,TX229409,2024-02-04,Changed Mind,15280.17,Resellable
RT51594,TX220252,2023-11-13,Late Delivery,5676.1,Resellable
RT51595,TX244239,2024-09-01,Changed Mind,29658.19,Damaged
RT51596,TX253100,2024-11-20,Late Delivery,7758.57,Resellable
RT51597,TX247192,2024-10-12,Not as Described,32356.32,Resellable
RT51598,TX220231,2023-11-03,Defective,18335.25,Damaged
RT51599,TX200379,2023-01-07,Not as Described,3914.61,Resellable
RT51600,TX216772,2023-10-13,Damaged,11047.37,Resellable
RT51601,TX233125,2024-03-12,Not as Described,36712.3,Damaged
RT51602,TX209045,2023-05-25,Late Delivery,7737.19,Damaged
RT51603,TX213850,2023-09-10,Late Delivery,18082.08,Resellable
RT51604,TX209496,2023-06-03,Not as Described,4812.41,Damaged
RT51605,TX243015,2024-08-15,Changed Mind,840.04,Resellable
RT51606,TX209199,2023-05-28,Damaged,5229.26,Damaged
RT51607,TX200807,2023-01-24,Damaged,4750.06,Damaged
RT51608,TX259426,2025-01-19,Size Issue,17128.31,Resellable
RT51609,TX234431,2024-04-08,Size Issue,32220.57,Resellable
RT51610,TX218843,2023-10-16,Defective,2640.19,Resellable
RT51611,TX259225,2024-12-31,Changed Mind,4062.64,Resellable
RT51612,TX225284,2023-12-25,Changed Mind,3108.32,Resellable
RT51613,TX246992,2024-09-21,Size Issue,5332.39,Scrap
RT51614,TX249003,2024-11-05,Changed Mind,1092.17,Damaged
RT51615,TX233785,2024-03-23,Not as Described,18082.08,Damaged
RT51616,TX232301,2024-03-02,Changed Mind,1195.53,Resellable
RT51617,TX215909,2023-09-27,Size Issue,12099.56,Resellable
RT51618,TX218841,2023-10-21,Damaged,11035.9,Damaged
RT51619,TX249690,2024-10-26,Size Issue,3853.54,Resellable
RT51620,TX215945,2023-09-29,Size Issue,11866.7,Resellable
RT51621,TX217876,2023-10-30,Damaged,3632.86,Damaged
RT51622,TX222102,2023-11-18,Not as Described,1782.69,Resellable
RT51623,TX213791,2023-08-23,Size Issue,10160.11,Resellable
RT51624,TX234549,2024-04-08,Not as Described,9600.15,Resellable
RT51625,TX251401,2024-11-17,Damaged,836.5,Damaged
RT51626,TX247844,2024-10-12,Size Issue,13265.5,Resellable
RT51627,TX205633,2023-04-26,Not as Described,492.66,Resellable
RT51628,TX216580,2023-10-10,Changed Mind,2377.24,Resellable
RT51629,TX248285,2024-10-26,Late Delivery,5896.83,Resellable
RT51630,TX240245,2024-06-29,Damaged,11042.35,Scrap
RT51631,TX235424,2024-05-01,Changed Mind,128711.96,Resellable
RT51632,TX236307,2024-04-26,Changed Mind,47995.63,Damaged
RT51633,TX213908,2023-09-11,Not as Described,10631.6,Resellable
RT51634,TX201210,2023-01-23,Changed Mind,40562.64,Resellable
RT51635,TX248779,2024-10-27,Changed Mind,1066.77,Damaged
RT51636,TX250510,2024-11-03,Changed Mind,4037.55,Resellable
RT51637,TX247296,2024-10-08,Changed Mind,129850.67,Resellable
RT51638,TX240058,2024-06-20,Late Delivery,9621.62,Resellable
RT51639,TX225430,2023-12-04,Late Delivery,964.96,Damaged
RT51640,TX216537,2023-09-24,Size Issue,443.39,Resellable
RT51641,TX234907,2024-04-24,Size Issue,20760.73,Resellable
RT51642,TX229583,2024-01-27,Damaged,1286.93,Resellable
RT51643,TX223565,2023-12-11,Damaged,13434.05,Resellable
RT51644,TX248229,2024-10-31,Changed Mind,384.23,Damaged
RT51645,TX213186,2023-08-21,Size Issue,8631.78,Resellable
RT51646,TX256934,2024-12-07,Damaged,11275.67,Resellable
RT51647,TX213903,2023-08-25,Not as Described,94511.92,Damaged
RT51648,TX226708,2023-12-17,Defective,1778.76,Resellable
RT51649,TX200979,2023-02-10,Not as Described,10331.72,Resellable
RT51650,TX214437,2023-08-31,Not as Described,7831.51,Resellable
RT51651,TX216050,2023-09-25,Size Issue,6657.23,Damaged
RT51652,TX205365,2023-03-26,Late Delivery,6147.99,Resellable
RT51653,TX231917,2024-03-10,Changed Mind,1859.03,Resellable
RT51654,TX216017,2023-09-30,Late Delivery,4967.29,Scrap
RT51655,TX203802,2023-03-12,Defective,3034.08,Resellable
RT51656,TX235420,2024-05-02,Size Issue,7593.59,Damaged
RT51657,TX259499,2025-01-04,Size Issue,231194.59,Damaged
RT51658,TX258818,2024-12-18,Size Issue,136070.58,Resellable
RT51659,TX205751,2023-04-09,Damaged,1124.54,Resellable
RT51660,TX250760,2024-10-26,Not as Described,12671.08,Resellable
RT51661,TX241745,2024-07-27,Damaged,2258.38,Resellable
RT51662,TX245640,2024-09-11,Changed Mind,3388.56,Resellable
RT51663,TX257755,2025-01-05,Damaged,10099.19,Resellable
RT51664,TX232200,2024-03-01,Damaged,7737.84,Damaged
RT51665,TX227718,2024-01-07,Damaged,7303.9,Resellable
RT51666,TX241600,2024-07-26,Size Issue,117136.6,Damaged
RT51667,TX222218,2023-11-09,Size Issue,48672.55,Resellable
RT51668,TX216975,2023-10-01,Changed Mind,6534.87,Resellable
RT51669,TX258144,2025-01-07,Size Issue,9409.83,Resellable
RT51670,TX253275,2024-11-26,not as described,890.11,Scrap
RT51671,TX250531,2024-10-19,Defective,459.22,Resellable
RT51672,TX233809,2024-03-18,Late Delivery,8817.59,Resellable
RT51673,TX256844,2024-12-02,Not as Described,2676.48,Damaged
RT51674,TX213901,2023-08-21,Not as Described,2098.61,Resellable
RT51675,TX229833,2024-01-30,Size Issue,2884.47,Scrap
RT51676,TX222312,2023-11-25,Changed Mind,5676.1,Damaged
RT51677,TX243890,2024-09-08,Size Issue,2009.61,Resellable
RT51678,TX226263,2024-01-06,Changed Mind,28175.28,Scrap
RT51679,TX251370,2024-10-25,Damaged,9652.1,Damaged
RT51680,TX230398,2024-02-20,Size Issue,416653.42,Resellable
RT51681,TX210775,2023-07-01,Damaged,1302.12,Resellable
RT51682,TX232834,2024-03-11,Damaged,6238.33,Resellable
RT51683,TX249743,2024-10-22,Not as Described,9140.77,Resellable
RT51684,TX214692,2023-09-19,Defective,4750.06,Resellable
RT51685,TX238910,2024-05-28,Defective,13549.09,Resellable
RT51686,TX249036,2024-10-12,Changed Mind,7604.19,Damaged
RT51687,TX236930,2024-05-23,Not as Described,6583.51,Resellable
RT51688,TX250412,2024-11-09,damaged,2259.84,Resellable
RT51689,TX233098,2024-03-30,Damaged,2028.83,Damaged
RT51690,TX202819,2023-03-04,Not as Described,1237.01,Damaged
RT51691,TX208795,2023-05-20,Size Issue,10617.82,Resellable
RT51692,TX218558,2023-11-02,Changed Mind,2745.02,Damaged
RT51693,TX213476,2023-08-28,Size Issue,397.84,Scrap
RT51694,TX209897,2023-06-18,Defective,16792.64,Damaged
RT51695,TX241265,2024-07-21,Not as Described,1444.99,Damaged
RT51696,TX239654,2024-06-19,Late Delivery,6434.63,Resellable
RT51697,TX212749,2023-07-30,Changed Mind,892.27,Resellable
RT51698,TX242452,2024-07-21,Not as Described,1406.59,Resellable
RT51699,TX224021,2023-11-30,Changed Mind,3740.74,Damaged
RT51700,TX206949,2023-05-15,Damaged,13298.43,Resellable
RT51701,TX215103,2023-09-29,Changed Mind,10379.6,Resellable
RT51702,TX257218,2024-12-30,Changed Mind,12953.74,Resellable
RT51703,TX214227,2023-08-31,Defective,15968.12,Resellable
RT51704,TX248513,2024-11-01,Changed Mind,31268.82,Resellable
RT51705,TX226173,2024-01-05,Damaged,5150.12,Resellable
RT51706,TX225767,2023-12-20,size issue,7462.22,Scrap
RT51707,TX247552,2024-09-28,Changed Mind,3843.17,Resellable
RT51708,TX258070,2025-01-02,Damaged,7664.68,Damaged
RT51709,TX228342,2024-01-18,Changed Mind,2309.14,Resellable
RT51710,TX256171,2024-12-14,Late Delivery,1711.39,Resellable
RT51711,TX228163,2024-01-02,Not as Described,8598.23,Scrap
RT51712,TX234641,2024-04-06,Changed Mind,14965.19,Resellable
RT51713,TX215812,2023-09-29,Late Delivery,1808.65,Resellable
RT51714,TX234492,2024-04-05,Changed Mind,10638.74,Scrap
RT51715,TX223350,2023-11-29,Damaged,6083.07,Damaged
RT51716,TX251343,2024-11-14,Size Issue,4591.81,Resellable
RT51717,TX209687,2023-06-02,Damaged,45895.76,Damaged
RT51718,TX208793,2023-05-26,Size Issue,1406.59,Damaged
RT51719,TX255806,2024-12-13,Damaged,135.59,Scrap
RT51720,TX251118,2024-11-15,Changed Mind,7208.24,Resellable
RT51721,TX212384,2023-07-30,Late Delivery,14814.91,Damaged
RT51722,TX244072,2024-08-24,Changed Mind,23369.98,Resellable
RT51723,TX252706,2024-11-19,Size Issue,62730.5,Resellable
RT51724,TX244714,2024-09-17,Late Delivery,919.86,Scrap
RT51725,TX207121,2023-04-24,Size Issue,1046.95,Resellable
RT51726,TX208868,2023-06-09,Not as Described,73218.98,Resellable
RT51727,TX210357,2023-06-19,Changed Mind,17653.14,Resellable
RT51728,TX244518,2024-08-26,Size Issue,11191.16,Damaged
RT51729,TX200833,2023-02-09,Not as Described,62702.52,Resellable
RT51730,TX250347,2024-11-06,Damaged,3629.14,Resellable
RT51731,TX252170,2024-11-24,Changed Mind,27014.82,Scrap
RT51732,TX202008,2023-02-21,Not as Described,44239.25,Resellable
RT51733,TX231813,2024-02-17,Not as Described,1965.61,Resellable
RT51734,TX254476,2024-12-12,Size Issue,5387.25,Resellable
RT51735,TX239975,2024-06-26,Size Issue,2393.71,Resellable
RT51736,TX214343,2023-09-09,Changed Mind,31612.15,Scrap
RT51737,TX242345,2024-07-23,Changed Mind,3888.92,Resellable
RT51738,TX221893,2023-12-04,Late Delivery,2662.81,Resellable
RT51739,TX203139,2023-03-02,Defective,6931.86,Resellable
RT51740,TX200078,2023-01-03,Damaged,6812.56,Scrap
RT51741,TX232395,2024-03-20,Size Issue,9600.15,Damaged
RT51742,TX206885,2023-05-15,Damaged,452.03,Damaged
RT51743,TX243135,2024-08-23,Late Delivery,18955.3,Resellable
RT51744,TX250092,2024-11-10,Changed Mind,4923.74,Scrap
RT51745,TX251279,2024-11-02,Size Issue,15649.67,Resellable
RT51746,TX218868,2023-10-29,Not as Described,1274.11,Resellable
RT51747,TX212051,2023-07-20,Defective,8631.78,Resellable
RT51748,TX236436,2024-05-17,Damaged,59674.33,Resellable
RT51749,TX251414,2024-10-27,Changed Mind,8989.05,Damaged
RT51750,TX200506,2023-01-16,Size Issue,5496.47,Damaged
RT51751,TX240200,2024-06-24,Changed Mind,7710.97,Resellable
RT51752,TX235292,2024-04-21,Size Issue,1259.32,Damaged
RT51753,TX200644,2023-01-17,Damaged,3797.27,Resellable
RT51754,TX209661,2023-06-10,Not as Described,3603.71,Resellable
RT51755,TX239304,2024-06-28,Size Issue,12510.08,Damaged
RT51756,TX228293,2024-01-01,Size Issue,16777.11,Damaged
RT51757,TX256019,2024-12-16,Size Issue,597.35,Damaged
RT51758,TX244276,2024-08-22,Not as Described,74349.15,Resellable
RT51759,TX257779,2024-12-09,Not as Described,1942.7,Resellable
RT51760,TX205242,2023-03-25,Size Issue,25088.64,Resellable
RT51761,TX203137,2023-02-21,Not as Described,1115.34,Damaged
RT51762,TX259464,2024-12-23,Size Issue,2844.72,Scrap
RT51763,TX205208,2023-03-25,Changed Mind,3754.06,Resellable
RT51764,TX209699,2023-06-06,Size Issue,3452.81,Resellable
RT51765,TX208568,2023-06-12,Damaged,3465.88,Resellable
RT51766,TX219288,2023-11-08,Late Delivery,16240.39,Damaged
RT51767,TX227022,2024-01-07,Changed Mind,62815.08,Resellable
RT51768,TX259765,2025-01-08,Damaged,346.09,Resellable
RT51769,TX245229,2024-08-27,Size Issue,418.76,Resellable
RT51770,TX217287,2023-10-16,Size Issue,5221.87,Resellable
RT51771,TX245486,2024-09-15,Not as Described,16737.51,Scrap
RT51772,TX219602,2023-10-24,Size Issue,7155.06,Resellable
RT51773,TX258175,2025-01-07,Damaged,5366.81,Scrap
RT51774,TX258833,2025-01-05,Late Delivery,3227.78,Damaged
RT51775,TX239371,2024-06-25,Changed Mind,1464.86,Damaged
RT51776,TX227980,2024-01-24,Damaged,9409.83,Resellable
RT51777,TX209029,2023-06-17,Not as Described,232.25,Resellable
RT51778,TX257525,2024-12-11,Changed Mind,406.83,Resellable
RT51779,TX221687,2023-11-27,Not as Described,44876.94,Resellable
RT51780,TX234927,2024-04-21,Changed Mind,83260.93,Resellable
RT51781,TX218515,2023-11-02,Damaged,3230.36,Resellable
RT51782,TX228493,2024-01-10,Late Delivery,10144.36,Damaged
RT51783,TX245073,2024-09-03,Changed Mind,565.15,Resellable
RT51784,TX234896,2024-04-18,Defective,5207.76,Resellable
RT51785,TX203231,2023-03-20,Not as Described,21075.69,Resellable
RT51786,TX230787,2024-02-06,Defective,209.38,Damaged
RT51787,TX216619,2023-10-19,Damaged,2731.22,Resellable
RT51788,TX228695,2024-01-18,Defective,4571.79,Resellable
RT51789,TX257227,2024-12-18,Changed Mind,1466.66,Damaged
RT51790,TX231788,2024-02-26,Size Issue,4025.82,Resellable
RT51791,TX200199,2023-01-16,Not as Described,9108.84,Resellable
RT51792,TX252581,2024-11-07,Changed Mind,27044.7,Resellable
RT51793,TX242141,2024-07-18,Size Issue,3940.89,Damaged
RT51794,TX227099,2023-12-23,Changed Mind,6557.49,Scrap
RT51795,TX236451,2024-05-06,Size Issue,2826.07,Scrap
RT51796,TX257767,2024-12-10,Changed Mind,10005.49,Resellable
RT51797,TX246979,2024-09-25,Changed Mind,13819.85,Resellable
RT51798,TX248118,2024-10-21,Not as Described,1953.67,Damaged
RT51799,TX238059,2024-05-23,Size Issue,2991.98,Damaged
RT51800,TX242134,2024-08-08,Size Issue,6112.65,Resellable
RT51801,TX215476,2023-09-19,Changed Mind,25088.64,Resellable
RT51802,TX215005,2023-09-07,Size Issue,5676.1,Resellable
RT51803,TX231808,2024-03-14,Damaged,3063.15,Damaged
RT51804,TX231904,2024-03-14,Not as Described,2844.16,Resellable
RT51805,TX245392,2024-09-22,Size Issue,103333.04,Damaged
RT51806,TX203066,2023-02-19,Defective,61226.76,Resellable
RT51807,TX228002,2024-01-01,Damaged,70231.26,Resellable
RT51808,TX217927,2023-11-04,Not as Described,11068.12,Scrap
RT51809,TX232696,2024-03-17,Defective,1015.08,Damaged
RT51810,TX236989,2024-05-11,Not as Described,4455.01,Damaged
RT51811,TX219315,2023-10-26,Size Issue,7436.45,Damaged
RT51812,TX257286,2024-12-22,Changed Mind,135672.1,Resellable
RT51813,TX216016,2023-10-04,Late Delivery,21069.95,Scrap
RT51814,TX250751,2024-11-14,changed mind,150.66,Resellable
RT51815,TX232528,2024-03-09,Damaged,1946.89,Resellable
RT51816,TX248159,2024-10-21,Changed Mind,160991.04,Resellable
RT51817,TX215874,2023-10-06,Not as Described,1814.61,Resellable
RT51818,TX256820,2024-12-04,Changed Mind,218.58,Resellable
RT51819,TX232500,2024-03-07,Not as Described,15632.28,Resellable
RT51820,TX259408,2025-01-16,Changed Mind,1443.99,Resellable
RT51821,TX202500,2023-03-09,Changed Mind,4379.68,Damaged
RT51822,TX210689,2023-06-30,Changed Mind,2305.75,Resellable
RT51823,TX252548,2024-11-07,Damaged,1173.33,Scrap
RT51824,TX202633,2023-02-28,Not as Described,13298.43,Resellable
RT51825,TX206418,2023-05-01,Defective,1571.95,Resellable
RT51826,TX249323,2024-10-15,Not as Described,8353.5,Resellable
RT51827,TX224027,2023-12-13,Changed Mind,15634.41,Scrap
RT51828,TX208369,2023-05-28,Not as Described,6343.87,Resellable
RT51829,TX259825,2025-01-22,Changed Mind,4833.48,Resellable
RT51830,TX250206,2024-11-09,Changed Mind,79704.85,Resellable
RT51831,TX219900,2023-11-19,Damaged,13863.24,Resellable
RT51832,TX201131,2023-01-25,late delivery,3567.68,Damaged
RT51833,TX259312,2024-12-28,Size Issue,1516.26,Damaged
RT51834,TX228765,2024-01-28,Defective,6847.0,Resellable
RT51835,TX216526,2023-10-02,Late Delivery,12372.34,Resellable
RT51836,TX219681,2023-11-13,Damaged,2441.57,Damaged
RT51837,TX241560,2024-07-17,Size Issue,149331.35,Damaged
RT51838,TX211317,2023-07-04,Damaged,1083.01,Scrap
RT51839,TX205163,2023-04-05,Damaged,5802.08,Scrap
RT51840,TX209703,2023-06-12,Defective,27219.05,Damaged
RT51841,TX238610,2024-06-04,Damaged,5035.32,Resellable
RT51842,TX230339,2024-02-07,Late Delivery,8451.63,Resellable
RT51843,TX254720,2024-12-14,Late Delivery,899.63,Resellable
RT51844,TX255810,2024-12-04,Damaged,9104.8,Scrap
RT51845,TX240521,2024-07-17,Changed Mind,7484.71,Scrap
RT51846,TX212021,2023-07-28,Damaged,4348.64,Damaged
RT51847,TX209520,2023-06-04,Changed Mind,1302.12,Scrap
RT51848,TX227195,2023-12-22,Late Delivery,1944.99,Damaged
RT51849,TX211669,2023-08-02,Late Delivery,5462.79,Damaged
RT51850,TX255716,2024-12-07,Defective,13550.3,Damaged
RT51851,TX224161,2023-12-17,Not as Described,2732.45,Resellable
RT51852,TX237097,2024-05-08,Changed Mind,1095.14,Damaged
RT51853,TX240857,2024-07-14,Size Issue,9281.67,Scrap
RT51854,TX222115,2023-11-10,Damaged,1090.53,Resellable
RT51855,TX210549,2023-06-28,Size Issue,28355.09,Damaged
RT51856,TX210865,2023-07-02,Late Delivery,13317.36,Resellable
RT51857,TX207280,2023-05-09,Damaged,5506.28,Resellable
RT51858,TX254887,2024-11-21,Damaged,17523.23,Resellable
RT51859,TX228810,2024-01-15,Size Issue,2392.78,Scrap
RT51860,TX223869,2023-12-11,Defective,5742.46,Damaged
RT51861,TX205726,2023-04-01,Defective,7878.64,Damaged
RT51862,TX223137,2023-12-13,Size Issue,14664.17,Damaged
RT51863,TX250519,2024-10-27,Changed Mind,21721.85,Resellable
RT51864,TX218219,2023-10-29,Not as Described,72119.2,Resellable
RT51865,TX240174,2024-06-21,Size Issue,8460.28,Damaged
RT51866,TX238321,2024-05-24,Damaged,8745.41,Damaged
RT51867,TX251659,2024-11-15,Size Issue,15305.05,Resellable
RT51868,TX249404,2024-10-30,Size Issue,432.04,Damaged
RT51869,TX232974,2024-03-24,Not as Described,5672.28,Resellable
RT51870,TX244891,2024-09-13,Not as Described,4833.48,Resellable
RT51871,TX247280,2024-10-10,Size Issue,12745.3,Resellable
RT51872,TX220519,2023-10-29,Not as Described,177077.7,Resellable
RT51873,TX229455,2024-01-22,Late Delivery,4092.72,Damaged
RT51874,TX256931,2024-12-28,Damaged,18282.48,Resellable
RT51875,TX214258,2023-09-04,Changed Mind,5496.47,Damaged
RT51876,TX209416,2023-06-25,Changed Mind,15189.12,Damaged
RT51877,TX233635,2024-03-31,Size Issue,9648.71,Damaged
RT51878,TX217903,2023-10-29,Changed Mind,49367.1,Resellable
RT51879,TX248494,2024-10-16,Not as Described,24780.04,Damaged
RT51880,TX201013,2023-02-14,Size Issue,8572.4,Scrap
RT51881,TX215989,2023-10-05,Defective,11071.34,Resellable
RT51882,TX216606,2023-10-08,Not as Described,2074.11,Resellable
RT51883,TX243009,2024-08-20,Damaged,3839.0,Resellable
RT51884,TX216954,2023-10-18,Size Issue,124209.82,Damaged
RT51885,TX209617,2023-06-02,Damaged,3979.62,Resellable
RT51886,TX207632,2023-04-30,Size Issue,25885.06,Resellable
RT51887,TX200601,2023-01-10,Changed Mind,16150.82,Resellable
RT51888,TX244212,2024-09-12,Changed Mind,10884.12,Damaged
RT51889,TX215549,2023-10-02,Size Issue,4653.48,Resellable
RT51890,TX207867,2023-05-11,Changed Mind,9126.89,Damaged
RT51891,TX233692,2024-04-01,Changed Mind,2402.16,Scrap
RT51892,TX246092,2024-09-13,Size Issue,22136.24,Resellable
RT51893,TX238980,2024-06-02,Not as Described,3653.67,Resellable
RT51894,TX217386,2023-10-31,Damaged,3349.76,Damaged
RT51895,TX244935,2024-08-31,Defective,9418.21,Damaged
RT51896,TX239083,2024-06-15,Damaged,4679.13,Resellable
RT51897,TX232055,2024-03-09,Not as Described,10839.01,Resellable
RT51898,TX258565,2024-12-24,Defective,2754.57,Resellable
RT51899,TX249867,2024-10-27,Changed Mind,2322.58,Damaged
RT51900,TX220700,2023-11-04,Size Issue,2312.91,Resellable
RT51901,TX243821,2024-08-13,Size Issue,1149.82,Damaged
RT51902,TX227561,2024-01-16,Size Issue,50521.72,Damaged
RT51903,TX216752,2023-10-09,Late Delivery,3888.92,Resellable
RT51904,TX219055,2023-11-12,Size Issue,4130.14,Resellable
RT51905,TX245381,2024-09-10,Damaged,77349.5,Resellable
RT51906,TX254725,2024-11-22,Size Issue,13542.12,Resellable
RT51907,TX230436,2024-02-17,Size Issue,26610.42,Resellable
RT51908,TX224300,2023-12-03,Size Issue,8572.4,Resellable
RT51909,TX210571,2023-07-05,Not as Described,249782.79,Resellable
RT51910,TX227659,2024-01-08,Damaged,2844.16,Damaged
RT51911,TX255863,2024-12-19,Damaged,6202.47,Resellable
RT51912,TX259779,2025-01-04,Changed Mind,4946.82,Scrap
RT51913,TX242343,2024-07-22,Damaged,1740.88,Resellable
RT51914,TX252026,2024-10-29,Late Delivery,1434.39,Resellable
RT51915,TX253553,2024-12-03,Defective,18947.12,Resellable
RT51916,TX215981,2023-09-29,Not as Described,3740.74,Resellable
RT51917,TX256353,2024-12-07,Damaged,19769.86,Scrap
RT51918,TX229843,2024-02-12,Damaged,16737.51,Resellable
RT51919,TX225277,2023-12-21,Changed Mind,4504.15,Resellable
RT51920,TX256827,2024-12-01,Damaged,795.14,Resellable
RT51921,TX202560,2023-02-28,Late Delivery,21544.61,Resellable
RT51922,TX207008,2023-05-02,Size Issue,782.24,Scrap
RT51923,TX202667,2023-02-20,Damaged,136408.64,Damaged
RT51924,TX218185,2023-10-28,Size Issue,2757.52,Resellable
RT51925,TX234214,2024-04-12,Changed Mind,5199.43,Damaged
RT51926,TX207720,2023-05-08,Not as Described,6902.62,Resellable
RT51927,TX223970,2023-12-11,Damaged,8141.45,Damaged
RT51928,TX220573,2023-11-19,Not as Described,23758.38,Resellable
RT51929,TX236977,2024-05-13,Defective,14171.91,Damaged
RT51930,TX209954,2023-06-06,Size Issue,82666.43,Resellable
RT51931,TX242438,2024-08-13,Not as Described,6806.33,Damaged
RT51932,TX259960,2025-01-07,Changed Mind,128711.96,Resellable
RT51933,TX222760,2023-11-24,Defective,,Scrap
RT51934,TX219773,2023-11-06,Not as Described,5466.81,Scrap
RT51935,TX219075,2023-10-16,Changed Mind,1515.29,Resellable
RT51936,TX206644,2023-05-13,Damaged,75963.18,Resellable
RT51937,TX250619,2024-10-19,Size Issue,6848.46,Resellable
RT51938,TX258431,2024-12-20,Size Issue,40000.26,Resellable
RT51939,TX229717,2024-02-12,Late Delivery,135486.27,Resellable
RT51940,TX253048,2024-11-08,Damaged,5922.48,Resellable
RT51941,TX218119,2023-10-15,Changed Mind,5802.08,Resellable
RT51942,TX210633,2023-07-06,Damaged,8203.54,Damaged
RT51943,TX200815,2023-01-21,Defective,218476.9,Damaged
RT51944,TX223901,2023-12-03,Changed Mind,9797.02,Scrap
RT51945,TX250789,2024-10-24,Defective,4159.27,Resellable
RT51946,TX244599,2024-08-31,Size Issue,3743.3,Damaged
RT51947,TX236182,2024-05-01,Size Issue,9235.25,Damaged
RT51948,TX215594,2023-09-11,Damaged,6757.36,Damaged
RT51949,TX245687,2024-09-03,Size Issue,5824.41,Scrap
RT51950,TX209900,2023-06-16,Damaged,16920.56,Resellable
RT51951,TX217694,2023-10-15,Defective,9973.82,Damaged
RT51952,TX244501,2024-09-10,Late Delivery,48825.24,Resellable
RT51953,TX243818,2024-08-14,Late Delivery,7816.14,Resellable
RT51954,TX242382,2024-07-18,Size Issue,13390.01,Scrap
RT51955,TX202376,2023-03-06,Not as Described,40883.67,Resellable
RT51956,TX244743,2024-09-17,Size Issue,4514.04,Damaged
RT51957,TX210825,2023-07-20,Damaged,528.99,Damaged
RT51958,TX259372,2025-01-02,Not as Described,3263.15,Resellable
RT51959,TX255596,2024-12-12,Not as Described,2464.73,Damaged
RT51960,TX238680,2024-05-28,Defective,1112.93,Resellable
RT51961,TX213296,2023-08-08,Not as Described,2421.26,Scrap
RT51962,TX221177,2023-11-10,size issue,2165.66,Damaged
RT51963,TX231747,2024-03-13,Changed Mind,33060.42,Damaged
RT51964,TX219908,2023-11-01,Defective,1294.46,Damaged
RT51965,TX248235,2024-10-12,Size Issue,2004.64,Resellable
RT51966,TX247203,2024-10-13,Changed Mind,2689.94,Resellable
RT51967,TX213918,2023-09-03,Late Delivery,14250.18,Resellable
RT51968,TX259369,2025-01-07,Not as Described,2130.25,Resellable
RT51969,TX246818,2024-09-29,Defective,2810.57,Damaged
RT51970,TX225044,2023-12-08,Changed Mind,261145.5,Resellable
RT51971,TX252101,2024-11-17,Changed Mind,60632.78,Scrap
RT51972,TX234146,2024-03-31,Size Issue,9305.32,Scrap
RT51973,TX219222,2023-11-02,Damaged,2204.94,Damaged
RT51974,TX221061,2023-11-22,Damaged,7612.92,Resellable
RT51975,TX244575,2024-08-24,Damaged,79419.39,Resellable
RT51976,TX213370,2023-08-27,Not as Described,9798.21,Resellable
RT51977,TX234812,2024-03-31,Size Issue,11315.1,Resellable
RT51978,TX260097,2024-12-30,Size Issue,2525.71,Resellable
RT51979,TX223461,2023-12-05,Not as Described,3836.93,Resellable
RT51980,TX248373,2024-10-13,Changed Mind,6507.55,Damaged
RT51981,TX209755,2023-06-26,Changed Mind,2774.67,Resellable
RT51982,TX235866,2024-04-30,Not as Described,4802.19,Resellable
RT51983,TX227395,2024-01-14,Defective,6466.88,Damaged
RT51984,TX230252,2024-02-10,Size Issue,364.31,Resellable
RT51985,TX221244,2023-11-25,Not as Described,4653.48,Damaged
RT51986,TX251849,2024-10-30,Not as Described,579.78,Resellable
RT51987,TX233024,2024-03-19,Size Issue,8597.6,Resellable
RT51988,TX241279,2024-07-03,Defective,7570.15,Resellable
RT51989,TX213736,2023-09-05,Defective,6828.66,Resellable
RT51990,TX224017,2023-11-23,Size Issue,1578.85,Resellable
RT51991,TX221365,2023-11-26,Damaged,77072.61,Resellable
RT51992,TX217615,2023-10-29,Changed Mind,151154.25,Damaged
RT51993,TX257554,2024-12-30,Not as Described,13726.21,Resellable
RT51994,TX221838,2023-12-03,Damaged,688.87,Resellable
RT51995,TX257724,2024-12-17,Changed Mind,4855.96,Resellable
RT51996,TX238123,2024-06-05,Changed Mind,1487.22,Resellable
RT51997,TX200863,2023-02-08,Damaged,418.76,Scrap
RT51998,TX201293,2023-01-30,Size Issue,7243.51,Damaged
RT51999,TX257480,2024-12-28,Changed Mind,19772.09,Damaged
RT52000,TX221329,2023-11-07,Defective,2057.82,Damaged
RT52001,TX258365,2024-12-23,Changed Mind,1070.59,Resellable
RT52002,TX225876,2023-12-22,Not as Described,2602.28,Resellable
RT52003,TX252592,2024-11-29,Size Issue,18082.08,Resellable
RT52004,TX235333,2024-04-12,Late Delivery,89758.37,Resellable
RT52005,TX206060,2023-04-26,Changed Mind,3057.86,Resellable
RT52006,TX228034,2024-01-04,Changed Mind,9646.8,Resellable
RT52007,TX206025,2023-04-25,Size Issue,7160.53,Damaged
RT52008,TX242002,2024-08-05,Changed Mind,1319.99,Resellable
RT52009,TX203474,2023-03-25,Changed Mind,12993.51,Resellable
RT52010,TX202838,2023-03-14,Defective,329.1,Resellable
RT52011,TX251769,2024-11-23,Size Issue,1083.73,Resellable
RT52012,TX215540,2023-09-27,defective,150.66,Resellable
RT52013,TX245797,2024-09-08,Not as Described,7033.92,Damaged
RT52014,TX215035,2023-09-09,Changed Mind,265387.07,Resellable
RT52015,TX256027,2024-12-02,Changed Mind,142756.79,Resellable
RT52016,TX208376,2023-05-20,Not as Described,8572.4,Damaged
RT52017,TX259534,2025-01-01,Size Issue,117667.08,Scrap
RT52018,TX231362,2024-03-03,Changed Mind,14141.11,Resellable
RT52019,TX228116,2024-01-08,Late Delivery,7584.86,Resellable
RT52020,TX227291,2024-01-13,Changed Mind,5367.13,Resellable
RT52021,TX218643,2023-10-20,Not as Described,2337.96,Damaged
RT52022,TX204001,2023-03-20,Size Issue,3777.96,Resellable
RT52023,TX244909,2024-09-07,Changed Mind,9071.73,Resellable
RT52024,TX252791,2024-11-07,Changed Mind,38979.01,Resellable
RT52025,TX226025,2023-12-30,Not as Described,3106.18,Resellable
RT52026,TX218528,2023-10-30,Size Issue,3043.26,Damaged
RT52027,TX228327,2024-01-11,Late Delivery,17870.89,Resellable
RT52028,TX241187,2024-07-01,Damaged,1782.69,Damaged
RT52029,TX247861,2024-10-10,Size Issue,5381.66,Resellable
RT52030,TX251421,2024-11-04,Changed Mind,61026.47,Resellable
RT52031,TX230458,2024-02-19,Size Issue,14221.39,Damaged
RT52032,TX214629,2023-09-22,Defective,15782.74,Damaged
RT52033,TX210123,2023-07-02,Changed Mind,5248.0,Damaged
RT52034,TX216352,2023-10-16,Changed Mind,3123.64,Resellable
RT52035,TX256919,2024-11-30,Damaged,1466.66,Resellable
RT52036,TX253928,2024-11-30,Size Issue,3371.85,Scrap
RT52037,TX202172,2023-02-28,Size Issue,13197.75,Resellable
RT52038,TX230790,2024-02-19,Changed Mind,3521.04,Resellable
RT52039,TX222559,2023-12-01,Not as Described,25347.76,Resellable
RT52040,TX200050,2023-01-09,Not as Described,1571.95,Resellable
RT52041,TX248749,2024-10-15,Late Delivery,2368.27,Resellable
RT52042,TX213148,2023-08-28,Size Issue,22710.45,Resellable
RT52043,TX202970,2023-03-11,Not as Described,4274.85,Resellable
RT52044,TX231243,2024-02-22,Late Delivery,9820.66,Damaged
RT52045,TX246957,2024-09-19,Changed Mind,7185.42,Scrap
RT52046,TX239596,2024-06-25,Changed Mind,4273.6,Resellable
RT52047,TX238206,2024-06-07,Defective,10144.36,Scrap
RT52048,TX206072,2023-04-19,Size Issue,8391.51,Resellable
RT52049,TX240804,2024-07-11,Defective,13747.05,Resellable
RT52050,TX234473,2024-03-30,Size Issue,5963.12,Resellable
RT52051,TX204778,2023-03-20,Changed Mind,2595.83,Resellable
RT52052,TX213065,2023-08-12,Changed Mind,27219.05,Resellable
RT52053,TX215833,2023-09-17,Not as Described,12808.74,Damaged
RT52054,TX217037,2023-10-11,Changed Mind,961.63,Damaged
RT52055,TX219358,2023-10-28,Changed Mind,15232.39,Resellable
RT52056,TX258229,2024-12-17,Size Issue,1124.54,Resellable
RT52057,TX217401,2023-10-09,Not as Described,760.52,Resellable
RT52058,TX223238,2023-11-19,Not as Described,1816.15,Resellable
RT52059,TX236618,2024-05-19,Damaged,1673.13,Resellable
RT52060,TX221417,2023-11-29,Changed Mind,2995.79,Damaged
RT52061,TX257153,2024-12-25,Size Issue,1527.26,Resellable
RT52062,TX220604,2023-11-20,Size Issue,2817.21,Scrap
RT52063,TX227786,2023-12-27,Changed Mind,512.35,Resellable
RT52064,TX210482,2023-06-18,Late Delivery,3036.28,Damaged
RT52065,TX226743,2023-12-17,Not as Described,5141.45,Resellable
RT52066,TX242539,2024-08-06,Defective,10072.04,Resellable
RT52067,TX201207,2023-02-11,Late Delivery,2567.68,Scrap
RT52068,TX257756,2025-01-04,Changed Mind,45150.63,Resellable
RT52069,TX218857,2023-11-04,Size Issue,177411.97,Resellable
RT52070,TX251649,2024-11-14,Changed Mind,74349.15,Resellable
RT52071,TX245206,2024-09-07,Changed Mind,25078.29,Resellable
RT52072,TX211388,2023-07-09,Changed Mind,13507.12,Resellable
RT52073,TX250384,2024-10-24,Damaged,2650.56,Resellable
RT52074,TX219470,2023-11-10,Damaged,1852.8,Damaged
RT52075,TX228629,2024-01-13,Damaged,18587.01,Resellable
RT52076,TX220092,2023-11-03,Changed Mind,2350.48,Resellable
RT52077,TX217436,2023-10-08,Defective,2963.81,Damaged
RT52078,TX211065,2023-07-07,Late Delivery,1112.93,Resellable
RT52079,TX229088,2024-02-07,Size Issue,3037.82,Damaged
RT52080,TX205927,2023-04-08,Size Issue,5933.35,Resellable
RT52081,TX202913,2023-02-22,Late Delivery,14382.7,Scrap
RT52082,TX234528,2024-04-17,Not as Described,3037.82,Resellable
RT52083,TX226807,2024-01-05,Changed Mind,18427.08,Resellable
RT52084,TX214614,2023-08-25,Not as Described,4816.99,Resellable
RT52085,TX226092,2023-12-20,Late Delivery,6898.21,Damaged
RT52086,TX242335,2024-08-09,Not as Described,3576.82,Damaged
RT52087,TX241148,2024-07-12,Changed Mind,1690.55,Resellable
RT52088,TX211510,2023-07-04,Changed Mind,8504.67,Resellable
RT52089,TX259006,2025-01-08,Changed Mind,4101.06,Resellable
RT52090,TX217461,2023-10-05,Late Delivery,4240.05,Damaged
RT52091,TX214968,2023-09-15,Size Issue,546.46,Resellable
RT52092,TX255470,2024-12-02,Changed Mind,11334.63,Damaged
RT52093,TX237390,2024-05-18,Late Delivery,5595.58,Resellable
RT52094,TX247260,2024-10-06,Not as Described,,Damaged
RT52095,TX252723,2024-11-04,Damaged,869.62,Resellable
RT52096,TX242747,2024-08-03,Defective,79961.24,Resellable
RT52097,TX202286,2023-02-09,Late Delivery,828.75,Damaged
RT52098,TX217832,2023-10-16,Not as Described,3884.68,Damaged
RT52099,TX242810,2024-08-07,Not as Described,5373.74,Resellable
RT52100,TX251426,2024-10-28,Changed Mind,1743.25,Damaged
RT52101,TX259178,2025-01-08,Not as Described,7296.69,Resellable
RT52102,TX233705,2024-04-12,Changed Mind,,Resellable
RT52103,TX206057,2023-05-02,Changed Mind,38979.01,Damaged
RT52104,TX238179,2024-06-08,Changed Mind,2817.21,Resellable
RT52105,TX207425,2023-05-19,Damaged,1262.95,Resellable
RT52106,TX248963,2024-10-10,Defective,2929.12,Resellable
RT52107,TX244224,2024-08-24,Damaged,18587.79,Scrap
RT52108,TX236770,2024-05-20,Defective,6276.07,Resellable
RT52109,TX219967,2023-10-24,Size Issue,4245.14,Damaged
RT52110,TX244895,2024-09-14,Damaged,8377.89,Scrap
RT52111,TX259759,2025-01-21,Size Issue,3369.24,Resellable
RT52112,TX246945,2024-10-01,Size Issue,187847.97,Resellable
RT52113,TX248365,2024-10-20,Damaged,2203.13,Resellable
RT52114,TX219037,2023-11-06,Not as Described,4670.52,Resellable
RT52115,TX202112,2023-02-20,Not as Described,2057.38,Resellable
RT52116,TX216308,2023-09-22,Changed Mind,4274.85,Resellable
RT52117,TX206909,2023-05-12,Size Issue,5205.3,Resellable
RT52118,TX237485,2024-06-01,Size Issue,1893.44,Resellable
RT52119,TX215657,2023-09-29,Changed Mind,116446.89,Resellable
RT52120,TX211220,2023-07-18,Size Issue,12953.74,Resellable
RT52121,TX233712,2024-03-18,Not as Described,1760.85,Damaged
RT52122,TX207143,2023-05-01,Size Issue,170461.1,Resellable
RT52123,TX211044,2023-07-21,Not as Described,1337.24,Resellable
RT52124,TX237156,2024-05-15,Size Issue,208326.71,Damaged
RT52125,TX258427,2025-01-06,Late Delivery,8017.96,Resellable
RT52126,TX230744,2024-02-08,Size Issue,2662.81,Resellable
RT52127,TX215224,2023-09-29,Not as Described,14041.3,Resellable
RT52128,TX248522,2024-10-27,Size Issue,58568.3,Resellable
RT52129,TX214785,2023-09-16,Size Issue,737.31,Damaged
RT52130,TX231113,2024-02-09,Damaged,26596.86,Resellable
RT52131,TX212387,2023-08-11,Not as Described,9641.9,Damaged
RT52132,TX238925,2024-05-27,Not as Described,8830.06,Scrap
RT52133,TX247035,2024-09-24,Late Delivery,22618.86,Damaged
RT52134,TX212104,2023-07-28,Not as Described,14513.1,Resellable
RT52135,TX206458,2023-04-22,Not as Described,17653.14,Damaged
RT52136,TX214428,2023-09-04,Changed Mind,2053.04,Resellable
RT52137,TX241946,2024-08-03,Not as Described,5977.41,Scrap
RT52138,TX239128,2024-05-30,Damaged,2031.5,Resellable
RT52139,TX236157,2024-04-27,Not as Described,15637.6,Scrap
RT52140,TX248886,2024-11-04,Damaged,2995.79,Resellable
RT52141,TX250716,2024-11-09,Changed Mind,1106.8,Resellable
RT52142,TX253305,2024-12-02,Changed Mind,508.46,Resellable
RT52143,TX244771,2024-09-02,Late Delivery,1901.44,Damaged
RT52144,TX258370,2024-12-22,Damaged,2028.1,Resellable
RT52145,TX228303,2024-01-12,Size Issue,18015.65,Resellable
RT52146,TX258973,2025-01-01,Late Delivery,8488.02,Damaged
RT52147,TX228447,2024-01-15,Defective,135486.27,Resellable
RT52148,TX231758,2024-03-15,Defective,3118.31,Damaged
RT52149,TX234394,2024-04-18,Late Delivery,5262.2,Scrap
RT52150,TX254810,2024-12-06,Not as Described,2933.32,Scrap
RT52151,TX213495,2023-08-16,Damaged,1574.15,Scrap
RT52152,TX203185,2023-03-12,Not as Described,1414.53,Damaged
RT52153,TX206214,2023-04-10,Size Issue,1715.9,Damaged
RT52154,TX242519,2024-08-01,Late Delivery,4855.96,Resellable
RT52155,TX241404,2024-07-18,Not as Described,30469.62,Resellable
RT52156,TX202050,2023-02-07,Not as Described,13521.93,Damaged
RT52157,TX222874,2023-12-10,Damaged,3788.28,Resellable
RT52158,TX255143,2024-11-28,Damaged,1445.71,Resellable
RT52159,TX233266,2024-03-11,Changed Mind,7191.35,Damaged
RT52160,TX205670,2023-04-09,Size Issue,1528.93,Resellable
RT52161,TX229812,2024-02-05,Not as Described,11190.35,Damaged
RT52162,TX244409,2024-08-21,Changed Mind,4269.58,Resellable
RT52163,TX214045,2023-09-14,Changed Mind,12673.88,Damaged
RT52164,TX205394,2023-03-31,Changed Mind,766.89,Resellable
RT52165,TX237109,2024-05-19,Defective,579.75,Resellable
RT52166,TX250670,2024-11-09,Size Issue,18312.92,Resellable
RT52167,TX237854,2024-05-22,Damaged,3632.86,Resellable
RT52168,TX254920,2024-12-04,Not as Described,2104.16,Resellable
RT52169,TX210098,2023-07-03,Size Issue,77282.88,Resellable
RT52170,TX247602,2024-09-29,Not as Described,3603.71,Damaged
RT52171,TX250883,2024-11-04,Late Delivery,8105.51,Damaged
RT52172,TX205188,2023-04-10,Size Issue,11493.64,Resellable
RT52173,TX242684,2024-08-10,Size Issue,1049.99,Damaged
RT52174,TX219330,2023-10-31,Size Issue,3602.54,Resellable
RT52175,TX243194,2024-08-03,Not as Described,2169.7,Resellable
RT52176,TX222385,2023-11-28,Size Issue,6086.49,Damaged
RT52177,TX249886,2024-10-28,Defective,2813.45,Damaged
RT52178,TX254071,2024-11-22,Changed Mind,4572.05,Damaged
RT52179,TX213008,2023-08-17,Late Delivery,1873.84,Resellable
RT52180,TX252115,2024-11-07,Size Issue,87335.17,Resellable
RT52181,TX210916,2023-07-22,Size Issue,21771.16,Damaged
RT52182,TX250262,2024-10-21,Not as Described,100324.03,Resellable
RT52183,TX254337,2024-12-01,Not as Described,452.03,Resellable
RT52184,TX226866,2024-01-04,Size Issue,3023.0,Damaged
RT52185,TX242399,2024-08-07,Defective,5487.23,Resellable
RT52186,TX254290,2024-11-21,Size Issue,9505.22,Resellable
RT52187,TX212584,2023-08-03,Defective,865.47,Damaged
RT52188,TX234980,2024-04-14,Defective,5143.01,Resellable
RT52189,TX242982,2024-08-02,Not as Described,4663.58,Resellable
RT52190,TX252778,2024-11-16,Changed Mind,5387.25,Damaged
RT52191,TX203177,2023-03-10,Size Issue,2074.11,Damaged
RT52192,TX211520,2023-07-08,Defective,2310.91,Resellable
RT52193,TX206851,2023-04-23,Changed Mind,12888.95,Damaged
RT52194,TX233448,2024-03-16,Not as Described,4935.02,Damaged
RT52195,TX246110,2024-09-15,Size Issue,2522.6,Damaged
RT52196,TX249524,2024-10-31,Changed Mind,4071.72,Scrap
RT52197,TX230065,2024-02-15,Size Issue,8677.42,Resellable
RT52198,TX219233,2023-10-29,Not as Described,3812.86,Scrap
RT52199,TX222002,2023-11-08,Size Issue,18831.71,Resellable
RT52200,TX228578,2024-01-22,Defective,2958.77,Resellable
RT52201,TX207028,2023-04-25,Changed Mind,5851.8,Damaged
RT52202,TX221817,2023-11-28,Changed Mind,1032.65,Damaged
RT52203,TX237769,2024-05-29,Size Issue,1919.5,Resellable
RT52204,TX229156,2024-02-03,Changed Mind,1328.6,Resellable
RT52205,TX226786,2024-01-14,Damaged,826.64,Resellable
RT52206,TX259093,2025-01-08,Changed Mind,59137.74,Resellable
RT52207,TX229809,2024-02-08,Late Delivery,52796.4,Resellable
RT52208,TX204059,2023-03-07,Size Issue,9327.77,Resellable
RT52209,TX258902,2025-01-15,Late Delivery,1574.62,Resellable
RT52210,TX215256,2023-09-21,Size Issue,9578.18,Resellable
RT52211,TX256912,2024-12-23,Damaged,2624.34,Scrap
RT52212,TX201451,2023-01-29,Not as Described,5100.32,Resellable
RT52213,TX209729,2023-06-25,Not as Described,2543.46,Scrap
RT52214,TX253364,2024-11-20,Damaged,2703.03,Damaged
RT52215,TX213816,2023-08-22,Late Delivery,2604.24,Resellable
RT52216,TX228676,2024-01-08,Damaged,335898.34,Damaged
RT52217,TX245882,2024-09-09,Damaged,384964.63,Damaged
RT52218,TX227825,2023-12-29,Size Issue,901.67,Resellable
RT52219,TX207289,2023-05-11,Size Issue,765.5,Damaged
RT52220,TX253409,2024-11-09,Damaged,5867.35,Damaged
RT52221,TX259075,2024-12-25,Late Delivery,1425.1,Damaged
RT52222,TX240169,2024-07-01,Size Issue,2161.1,Resellable
RT52223,TX221867,2023-11-17,Defective,3167.98,Resellable
RT52224,TX209514,2023-06-15,Late Delivery,3008.91,Resellable
RT52225,TX252513,2024-11-08,Late Delivery,1296.96,Scrap
RT52226,TX204947,2023-03-25,Changed Mind,879.49,Resellable
RT52227,TX201562,2023-02-16,Not as Described,15752.83,Resellable
RT52228,TX221978,2023-11-30,Late Delivery,10203.18,Resellable
RT52229,TX229406,2024-01-24,Changed Mind,14217.04,Resellable
RT52230,TX202374,2023-02-28,Changed Mind,8677.42,Damaged
RT52231,TX232218,2024-03-06,Not as Described,2421.26,Damaged
RT52232,TX211816,2023-08-05,Not as Described,4651.05,Resellable
RT52233,TX236906,2024-05-02,Damaged,5984.28,Resellable
RT52234,TX236748,2024-05-02,Size Issue,1741.74,Resellable
RT52235,TX201825,2023-02-22,Size Issue,2049.36,Resellable
RT52236,TX203561,2023-03-10,Damaged,6932.17,Damaged
RT52237,TX213288,2023-08-17,Changed Mind,2675.64,Damaged
RT52238,TX235853,2024-04-18,Defective,2015.63,Damaged
RT52239,TX226162,2023-12-11,Defective,45426.3,Scrap
RT52240,TX233033,2024-03-18,Changed Mind,8745.41,Resellable
RT52241,TX224479,2023-12-09,Damaged,25336.36,Resellable
RT52242,TX237234,2024-05-23,Changed Mind,13747.05,Resellable
RT52243,TX205032,2023-04-04,Not as Described,126090.19,Damaged
RT52244,TX254496,2024-11-29,Changed Mind,14226.88,Damaged
RT52245,TX200961,2023-01-23,Size Issue,747.57,Resellable
RT52246,TX231375,2024-02-29,Size Issue,22724.36,Resellable
RT52247,TX242251,2024-07-31,Damaged,159551.71,Damaged
RT52248,TX249634,2024-10-23,Damaged,725.36,Damaged
RT52249,TX217640,2023-10-13,Defective,1209.38,Damaged
RT52250,TX257978,2025-01-04,Size Issue,5287.8,Resellable
RT52251,TX239076,2024-06-14,Late Delivery,898.39,Resellable
RT52252,TX205590,2023-04-04,Not as Described,3455.1,Resellable
RT52253,TX252219,2024-11-14,Late Delivery,483.15,Resellable
RT52254,TX236941,2024-05-14,Size Issue,13298.43,Resellable
RT52255,TX209641,2023-06-25,Damaged,353.22,Resellable
RT52256,TX228988,2024-01-09,Size Issue,208719.97,Resellable
RT52257,TX241248,2024-07-23,Changed Mind,2993.85,Resellable
RT52258,TX257565,2025-01-02,Damaged,5875.33,Resellable
RT52259,TX210409,2023-07-10,Size Issue,148462.67,Resellable
RT52260,TX223280,2023-11-22,Damaged,53297.14,Resellable
RT52261,TX225508,2023-12-29,Damaged,961.63,Resellable
RT52262,TX209838,2023-06-30,Size Issue,7433.45,Resellable
RT52263,TX245545,2024-09-08,Size Issue,2573.85,Resellable
RT52264,TX237021,2024-05-22,Damaged,934.81,Damaged
RT52265,TX224728,2023-12-21,Not as Described,21911.7,Damaged
RT52266,TX227582,2024-01-03,Changed Mind,4273.6,Resellable
RT52267,TX218697,2023-11-05,Changed Mind,961.63,Resellable
RT52268,TX244948,2024-09-17,Size Issue,1593.77,Scrap
RT52269,TX248546,2024-10-18,Damaged,4931.77,Resellable
RT52270,TX246678,2024-10-09,Changed Mind,1588.69,Resellable
RT52271,TX214495,2023-09-06,Changed Mind,3657.97,Damaged
RT52272,TX201665,2023-02-12,Damaged,1811.72,Scrap
RT52273,TX248633,2024-10-11,Changed Mind,2745.02,Resellable
RT52274,TX228502,2024-01-21,Damaged,10992.94,Damaged
RT52275,TX205966,2023-04-05,Size Issue,6742.72,Scrap
RT52276,TX219726,2023-10-30,Size Issue,4460.8,Resellable
RT52277,TX258159,2025-01-08,Changed Mind,1658.76,Resellable
RT52278,TX229438,2024-02-02,Changed Mind,6896.5,Damaged
RT52279,TX202630,2023-02-15,Not as Described,7160.53,Resellable
RT52280,TX240137,2024-06-13,Size Issue,4097.72,Damaged
RT52281,TX238350,2024-06-04,Changed Mind,4655.23,Damaged
RT52282,TX226278,2023-12-26,Not as Described,2304.42,Resellable
RT52283,TX211289,2023-07-27,Late Delivery,24439.21,Resellable
RT52284,TX245250,2024-08-28,Not as Described,8677.42,Resellable
RT52285,TX250150,2024-10-24,Not as Described,4813.92,Damaged
RT52286,TX222174,2023-12-05,Defective,23935.73,Resellable
RT52287,TX229826,2024-02-03,Defective,11088.06,Damaged
RT52288,TX221751,2023-11-21,Late Delivery,29658.19,Resellable
RT52289,TX208195,2023-05-24,Size Issue,2337.96,Scrap
RT52290,TX245602,2024-09-05,Size Issue,1811.55,Resellable
RT52291,TX227187,2024-01-11,Size Issue,10794.15,Resellable
RT52292,TX225757,2023-12-12,Size Issue,859.4,Damaged
RT52293,TX207477,2023-04-29,Changed Mind,11406.49,Resellable
RT52294,TX253289,2024-11-07,Size Issue,59137.74,Resellable
RT52295,TX245351,2024-09-08,Damaged,48825.24,Scrap
RT52296,TX232310,2024-03-15,Changed Mind,4889.88,Resellable
RT52297,TX247528,2024-09-26,Changed Mind,46912.8,Scrap
RT52298,TX206006,2023-04-18,Damaged,38603.38,Resellable
RT52299,TX217031,2023-10-15,Late Delivery,7132.77,Resellable
RT52300,TX201927,2023-02-09,Not as Described,4245.14,Resellable
RT52301,TX230294,2024-01-31,Changed Mind,1537.11,Scrap
RT52302,TX250302,2024-11-12,Size Issue,1328.6,Resellable
RT52303,TX251478,2024-11-04,Not as Described,2605.81,Resellable
RT52304,TX253254,2024-12-02,Changed Mind,834.7,Resellable
RT52305,TX235291,2024-04-30,Not as Described,150896.84,Resellable
RT52306,TX226536,2023-12-24,Changed Mind,28175.28,Resellable
RT52307,TX257182,2024-12-19,Changed Mind,8700.26,Resellable
RT52308,TX236049,2024-05-03,Late Delivery,7132.77,Resellable
RT52309,TX211844,2023-07-22,Size Issue,872.57,Resellable
RT52310,TX259086,2025-01-17,Size Issue,5595.58,Scrap
RT52311,TX201302,2023-02-19,Size Issue,4405.02,Damaged
RT52312,TX258384,2025-01-01,Changed Mind,7032.72,Resellable
RT52313,TX202626,2023-02-20,Late Delivery,35352.92,Scrap
RT52314,TX260251,2025-01-14,Defective,15752.83,Scrap
RT52315,TX205532,2023-04-14,Changed Mind,872.57,Resellable
RT52316,TX238582,2024-05-27,Damaged,15634.41,Resellable
RT52317,TX250369,2024-11-05,Damaged,1106.8,Resellable
RT52318,TX242573,2024-08-07,Changed Mind,9293.17,Scrap
RT52319,TX246836,2024-10-12,Late Delivery,3022.57,Resellable
RT52320,TX252681,2024-11-06,Size Issue,62343.07,Damaged
RT52321,TX254052,2024-11-17,Damaged,1912.71,Resellable
RT52322,TX204863,2023-04-15,Defective,3688.85,Damaged
RT52323,TX253807,2024-11-26,Changed Mind,9505.22,Resellable
RT52324,TX251113,2024-11-01,Late Delivery,246.33,Resellable
RT52325,TX204988,2023-04-06,Late Delivery,189023.84,Resellable
RT52326,TX245524,2024-09-09,Size Issue,71806.7,Damaged
RT52327,TX232094,2024-02-25,Size Issue,10596.07,Resellable
RT52328,TX230429,2024-02-01,Defective,5853.89,Resellable
RT52329,TX204519,2023-03-18,Late Delivery,2754.57,Damaged
RT52330,TX207206,2023-05-13,Size Issue,3422.78,Resellable
RT52331,TX251487,2024-11-09,Changed Mind,13167.02,Scrap
RT52332,TX207083,2023-04-23,Changed Mind,620.02,Resellable
RT52333,TX247791,2024-10-20,Late Delivery,7664.68,Resellable
RT52334,TX232087,2024-02-26,Not as Described,1344.97,Resellable
RT52335,TX255475,2024-11-25,Size Issue,135486.27,Resellable
RT52336,TX209566,2023-06-20,Changed Mind,12637.17,Damaged
RT52337,TX251804,2024-11-04,Size Issue,1755.48,Resellable
RT52338,TX234038,2024-03-29,Changed Mind,23035.51,Damaged
RT52339,TX243297,2024-08-31,Changed Mind,71965.12,Damaged
RT52340,TX255605,2024-11-27,Not as Described,5266.32,Damaged
RT52341,TX209383,2023-06-24,Not as Described,2583.55,Resellable
RT52342,TX231317,2024-03-05,Size Issue,32015.2,Resellable
RT52343,TX226839,2024-01-13,Changed Mind,853.36,Resellable
RT52344,TX245649,2024-09-19,Damaged,1373.26,Damaged
RT52345,TX216412,2023-10-01,Changed Mind,9647.28,Damaged
RT52346,TX259648,2025-01-08,Size Issue,14855.72,Resellable
RT52347,TX245353,2024-08-29,Size Issue,4463.21,Resellable
RT52348,TX212146,2023-07-22,Not as Described,3884.68,Resellable
RT52349,TX250521,2024-11-02,Not as Described,22438.47,Damaged
RT52350,TX218885,2023-10-23,Changed Mind,1243.28,Damaged
RT52351,TX257683,2024-12-18,Defective,51566.33,Resellable
RT52352,TX238492,2024-06-10,Size Issue,5464.9,Damaged
RT52353,TX230179,2024-02-22,Size Issue,3221.12,Resellable
RT52354,TX218354,2023-10-27,Defective,2981.69,Resellable
RT52355,TX212891,2023-08-03,Size Issue,10535.58,Resellable
RT52356,TX248752,2024-10-31,Damaged,9820.66,Damaged
RT52357,TX250704,2024-10-20,Size Issue,20333.86,Resellable
RT52358,TX259614,2025-01-07,Changed Mind,4463.21,Resellable
RT52359,TX253514,2024-11-09,Changed Mind,1319.99,Resellable
RT52360,TX243677,2024-08-14,Size Issue,2554.72,Resellable
RT52361,TX259007,2025-01-02,Damaged,42027.29,Resellable
RT52362,TX221902,2023-11-10,Size Issue,1344.97,Resellable
RT52363,TX255709,2024-11-22,Changed Mind,207490.01,Damaged
RT52364,TX253978,2024-11-16,Damaged,134258.24,Resellable
RT52365,TX205173,2023-03-28,Not as Described,2427.75,Resellable
RT52366,TX229520,2024-02-10,Late Delivery,7593.59,Resellable
RT52367,TX249148,2024-10-22,Size Issue,5302.16,Resellable
RT52368,TX204913,2023-04-04,Size Issue,2161.1,Resellable
RT52369,TX254564,2024-12-09,Not as Described,1502.78,Resellable
RT52370,TX257526,2024-12-08,Size Issue,11568.26,Resellable
RT52371,TX229018,2024-02-03,Size Issue,35352.92,Resellable
RT52372,TX209351,2023-06-13,Changed Mind,246.33,Resellable
RT52373,TX233251,2024-04-04,Not as Described,3843.17,Resellable
RT52374,TX235799,2024-05-10,Changed Mind,958.59,Resellable
RT52375,TX253363,2024-11-16,Size Issue,10794.15,Resellable
RT52376,TX202485,2023-02-20,Late Delivery,178.2,Resellable
RT52377,TX253177,2024-11-10,Changed Mind,25976.29,Damaged
RT52378,TX224110,2023-12-04,Size Issue,1574.42,Resellable
RT52379,TX252978,2024-11-11,Defective,1515.29,Resellable
RT52380,TX228922,2024-01-22,Changed Mind,6343.87,Resellable
RT52381,TX224385,2023-12-17,Not as Described,3478.02,Damaged
RT52382,TX246659,2024-09-25,Defective,6107.32,Damaged
RT52383,TX258078,2024-12-14,Changed Mind,7025.23,Damaged
RT52384,TX201731,2023-02-18,Size Issue,1873.84,Resellable
RT52385,TX212509,2023-07-25,Size Issue,1921.36,Resellable
RT52386,TX239626,2024-06-04,Changed Mind,1942.7,Damaged
RT52387,TX249680,2024-11-09,Size Issue,1259.32,Resellable
RT52388,TX233209,2024-03-11,Not as Described,730.49,Resellable
RT52389,TX246237,2024-10-06,Changed Mind,5070.52,Resellable
RT52390,TX224764,2023-12-05,Changed Mind,13945.02,Resellable
RT52391,TX204653,2023-03-26,Changed Mind,10166.93,Damaged
RT52392,TX251243,2024-10-30,Changed Mind,24087.22,Damaged
RT52393,TX219103,2023-11-06,Size Issue,1191.52,Damaged
RT52394,TX220173,2023-11-01,Damaged,115608.92,Damaged
RT52395,TX216823,2023-10-02,Changed Mind,16844.87,Resellable
RT52396,TX218990,2023-10-31,Not as Described,141543.58,Scrap
RT52397,TX235807,2024-04-30,Size Issue,3283.8,Scrap
RT52398,TX254613,2024-12-11,Changed Mind,7049.38,Scrap
RT52399,TX204588,2023-03-19,Changed Mind,65543.07,Resellable
RT52400,TX226501,2024-01-09,Damaged,5575.51,Damaged
RT52401,TX254632,2024-11-21,Changed Mind,5588.84,Scrap
RT52402,TX203165,2023-03-11,Late Delivery,13912.77,Resellable
RT52403,TX212724,2023-07-28,Not as Described,14067.84,Resellable
RT52404,TX218663,2023-10-24,Defective,21416.18,Resellable
RT52405,TX206620,2023-05-09,Defective,141171.46,Resellable
RT52406,TX249386,2024-11-03,Damaged,1988.03,Resellable
RT52407,TX254343,2024-12-11,Changed Mind,5280.62,Scrap
RT52408,TX211152,2023-07-08,Late Delivery,13863.71,Resellable
RT52409,TX245221,2024-09-15,Changed Mind,10359.25,Damaged
RT52410,TX223632,2023-11-30,Size Issue,6848.46,Damaged
RT52411,TX222058,2023-11-23,Not as Described,10222.9,Damaged
RT52412,TX221331,2023-11-02,Changed Mind,4152.34,Resellable
RT52413,TX232642,2024-03-06,changed mind,2083.39,Scrap
RT52414,TX216532,2023-10-12,Size Issue,6074.05,Resellable
RT52415,TX221919,2023-11-15,Not as Described,50703.3,Resellable
RT52416,TX229521,2024-01-21,Size Issue,4974.03,Scrap
RT52417,TX218328,2023-10-10,Not as Described,1246.66,Resellable
RT52418,TX239422,2024-06-11,Not as Described,5545.04,Scrap
RT52419,TX250190,2024-10-30,Not as Described,62510.6,Damaged
RT52420,TX242976,2024-08-22,Size Issue,12507.53,Scrap
RT52421,TX218916,2023-11-08,Not as Described,12662.64,Scrap
RT52422,TX252573,2024-11-23,Changed Mind,3387.93,Resellable
RT52423,TX252697,2024-11-15,Late Delivery,4693.31,Resellable
RT52424,TX211862,2023-07-18,Size Issue,1105.25,Resellable
RT52425,TX233197,2024-03-14,Defective,8830.06,Damaged
RT52426,TX210827,2023-06-29,Late Delivery,6147.99,Resellable
RT52427,TX213855,2023-09-05,Damaged,77072.61,Resellable
RT52428,TX247482,2024-09-28,Not as Described,1521.04,Resellable
RT52429,TX204194,2023-04-01,Late Delivery,45936.55,Resellable
RT52430,TX258556,2024-12-30,Defective,503847.51,Damaged
RT52431,TX242185,2024-07-23,Late Delivery,540.82,Resellable
RT52432,TX240106,2024-06-22,Defective,1651.3,Resellable
RT52433,TX247055,2024-09-28,Changed Mind,14576.04,Resellable
RT52434,TX228152,2024-01-20,Size Issue,23408.13,Resellable
RT52435,TX251607,2024-10-30,Changed Mind,9139.53,Damaged
RT52436,TX203089,2023-03-08,Damaged,5875.33,Resellable
RT52437,TX218647,2023-11-07,Damaged,24026.13,Damaged
RT52438,TX216368,2023-09-25,Not as Described,2377.24,Resellable
RT52439,TX249498,2024-10-26,Not as Described,8631.78,Damaged
RT52440,TX253123,2024-11-16,Not as Described,80495.52,Damaged
RT52441,TX258053,2024-12-15,Defective,3148.3,Resellable
RT52442,TX219371,2023-11-13,Not as Described,7342.26,Resellable
RT52443,TX231569,2024-02-21,Size Issue,20517.24,Resellable
RT52444,TX238759,2024-05-31,Defective,27219.05,Resellable
RT52445,TX243573,2024-08-22,Size Issue,177.54,Resellable
RT52446,TX248821,2024-11-03,Size Issue,2139.52,Damaged
RT52447,TX226454,2023-12-20,Not as Described,21982.61,Scrap
RT52448,TX224437,2023-11-27,Size Issue,1259.81,Resellable
RT52449,TX251474,2024-11-17,Size Issue,46854.64,Resellable
RT52450,TX236639,2024-05-18,Defective,12771.75,Damaged
RT52451,TX217863,2023-10-17,Defective,116146.6,Resellable
RT52452,TX205998,2023-04-19,Not as Described,644.2,Damaged
RT52453,TX222412,2023-11-25,Changed Mind,11448.1,Resellable
RT52454,TX253171,2024-11-20,Not as Described,50310.04,Resellable
RT52455,TX218512,2023-10-27,Late Delivery,6254.05,Resellable
RT52456,TX220058,2023-10-27,Changed Mind,8695.04,Resellable
RT52457,TX214117,2023-09-10,Late Delivery,45426.3,Resellable
RT52458,TX241139,2024-07-21,Size Issue,13415.26,Resellable
RT52459,TX220356,2023-11-15,Late Delivery,4541.82,Damaged
RT52460,TX202457,2023-02-25,Not as Described,5042.12,Resellable
RT52461,TX229462,2024-02-09,Damaged,9358.26,Resellable
RT52462,TX209027,2023-06-14,Size Issue,18029.8,Scrap
RT52463,TX205596,2023-04-16,Defective,9229.08,Resellable
RT52464,TX201069,2023-02-06,Late Delivery,14852.69,Resellable
RT52465,TX241156,2024-07-22,Size Issue,38979.01,Scrap
RT52466,TX226242,2023-12-27,Size Issue,3422.78,Damaged
RT52467,TX235398,2024-04-14,Size Issue,15117.31,Resellable
RT52468,TX228427,2024-01-29,Size Issue,1953.08,Damaged
RT52469,TX249144,2024-11-06,Not as Described,256643.09,Scrap
RT52470,TX219099,2023-11-05,Defective,18268.87,Resellable
RT52471,TX202224,2023-02-10,Defective,4860.66,Resellable
RT52472,TX212346,2023-08-05,Damaged,1918.14,Resellable
RT52473,TX206937,2023-05-10,Changed Mind,8620.63,Resellable
RT52474,TX240300,2024-07-06,Late Delivery,1793.79,Resellable
RT52475,TX250301,2024-11-01,Size Issue,26100.33,Damaged
RT52476,TX214034,2023-09-11,Not as Described,107176.66,Resellable
RT52477,TX210117,2023-06-12,defective,9600.15,Damaged
RT52478,TX250776,2024-10-20,Late Delivery,149645.21,Damaged
RT52479,TX224836,2023-12-23,Changed Mind,19644.65,Resellable
RT52480,TX242491,2024-07-22,Size Issue,77064.86,Damaged
RT52481,TX250263,2024-10-31,Changed Mind,12394.09,Resellable
RT52482,TX253003,2024-11-17,Changed Mind,6826.78,Damaged
RT52483,TX227468,2023-12-31,Damaged,1988.03,Resellable
RT52484,TX242485,2024-07-31,Size Issue,8587.41,Resellable
RT52485,TX219686,2023-11-13,Late Delivery,11568.26,Resellable
RT52486,TX221643,2023-11-12,Size Issue,10190.84,Resellable
RT52487,TX216247,2023-09-19,Damaged,2810.57,Resellable
RT52488,TX208766,2023-06-04,Size Issue,1518.91,Resellable
RT52489,TX209792,2023-06-08,Not as Described,4368.68,Resellable
RT52490,TX256241,2024-12-23,Damaged,3232.45,Resellable
RT52491,TX203487,2023-03-10,Changed Mind,1057.28,Resellable
RT52492,TX221616,2023-11-25,Not as Described,3802.08,Damaged
RT52493,TX249698,2024-11-04,Damaged,146017.64,Scrap
RT52494,TX206368,2023-04-25,Changed Mind,1344.97,Resellable
RT52495,TX239883,2024-07-01,Late Delivery,1747.47,Resellable
RT52496,TX245549,2024-09-13,Size Issue,2792.66,Resellable
RT52497,TX248276,2024-10-19,Defective,335898.34,Resellable
RT52498,TX246833,2024-09-17,Changed Mind,1219.19,Resellable
RT52499,TX212347,2023-08-15,Damaged,110241.42,Resellable
RT52500,TX243707,2024-08-28,Late Delivery,8125.13,Scrap
RT52501,TX239493,2024-06-06,Size Issue,452.03,Damaged
RT52502,TX203621,2023-03-12,Changed Mind,1588.69,Damaged
RT52503,TX234911,2024-04-05,Changed Mind,331847.44,Resellable
RT52504,TX213274,2023-08-06,Changed Mind,879.49,Resellable
RT52505,TX238797,2024-05-28,Late Delivery,9022.44,Resellable
RT52506,TX239951,2024-06-19,Not as Described,9913.91,Resellable
RT52507,TX228392,2024-01-15,Damaged,8340.54,Damaged
RT52508,TX251631,2024-11-20,Defective,250.79,Resellable
RT52509,TX216840,2023-10-23,Size Issue,9663.36,Damaged
RT52510,TX254358,2024-11-19,Changed Mind,4649.27,Scrap
RT52511,TX237638,2024-05-17,Not as Described,1035.28,Resellable
RT52512,TX224314,2023-11-24,Changed Mind,1484.62,Resellable
RT52513,TX245480,2024-09-14,Changed Mind,3215.77,Resellable
RT52514,TX235632,2024-04-15,Size Issue,5268.5,Resellable
RT52515,TX244613,2024-09-12,size issue,54988.2,Scrap
RT52516,TX206926,2023-05-11,Damaged,10705.43,Resellable
RT52517,TX257849,2024-12-22,Size Issue,8128.82,Resellable
RT52518,TX239479,2024-06-13,Changed Mind,644.2,Resellable
RT52519,TX251934,2024-11-02,Damaged,1855.99,Damaged
RT52520,TX232839,2024-03-15,Damaged,28979.12,Resellable
RT52521,TX222472,2023-11-29,Damaged,1832.27,Resellable
RT52522,TX219211,2023-10-20,Not as Described,7617.7,Resellable
RT52523,TX210675,2023-06-23,Changed Mind,3407.63,Damaged
RT52524,TX258870,2025-01-15,Size Issue,11064.24,Damaged
RT52525,TX226026,2023-12-26,Changed Mind,2845.3,Resellable
RT52526,TX213838,2023-08-29,Size Issue,3749.06,Damaged
RT52527,TX239577,2024-06-29,Changed Mind,3925.54,Damaged
RT52528,TX230580,2024-02-03,Changed Mind,6505.22,Resellable
RT52529,TX243393,2024-08-15,Changed Mind,8194.32,Damaged
RT52530,TX238586,2024-05-24,Damaged,6195.67,Resellable
RT52531,TX258626,2024-12-18,Defective,2998.14,Resellable
RT52532,TX238057,2024-05-14,Changed Mind,14310.12,Resellable
RT52533,TX228216,2024-01-15,Not as Described,2995.79,Damaged
RT52534,TX205704,2023-04-18,Changed Mind,4269.58,Damaged
RT52535,TX254925,2024-12-15,Changed Mind,418144.03,Damaged
RT52536,TX230020,2024-01-26,Damaged,14121.33,Resellable
RT52537,TX242104,2024-08-06,Changed Mind,150.66,Resellable
RT52538,TX252761,2024-11-29,Damaged,43097.81,Resellable
RT52539,TX233502,2024-04-04,Size Issue,94511.92,Scrap
RT52540,TX213152,2023-08-17,Defective,2225.86,Resellable
RT52541,TX244474,2024-09-03,Changed Mind,1140.12,Scrap
RT52542,TX205055,2023-03-28,Not as Described,7191.35,Resellable
RT52543,TX246506,2024-10-06,Damaged,364.31,Resellable
RT52544,TX225168,2023-12-18,Size Issue,4855.96,Damaged
RT52545,TX238412,2024-05-22,Not as Described,4989.96,Resellable
RT52546,TX201173,2023-02-09,Late Delivery,8572.4,Resellable
RT52547,TX250127,2024-10-27,Size Issue,1602.96,Resellable
RT52548,TX210923,2023-07-20,Not as Described,729.44,Damaged
RT52549,TX237819,2024-05-15,Changed Mind,2258.38,Resellable
RT52550,TX219854,2023-11-08,Not as Described,904.06,Damaged
RT52551,TX204452,2023-03-30,Late Delivery,79419.39,Resellable
RT52552,TX260214,2025-01-09,Defective,141035.16,Resellable
RT52553,TX239473,2024-06-27,Damaged,173893.75,Resellable
RT52554,TX248770,2024-10-14,Size Issue,103949.61,Damaged
RT52555,TX205936,2023-04-07,Size Issue,5466.81,Resellable
RT52556,TX251921,2024-11-19,Changed Mind,29658.19,Resellable
RT52557,TX227620,2024-01-22,Damaged,4467.38,Resellable
RT52558,TX234999,2024-04-06,Changed Mind,2161.1,Resellable
RT52559,TX210705,2023-07-07,Changed Mind,11116.64,Scrap
RT52560,TX236160,2024-05-05,Size Issue,3622.46,Resellable
RT52561,TX216972,2023-10-12,Late Delivery,1664.31,Damaged
RT52562,TX250818,2024-11-09,Not as Described,62343.07,Resellable
RT52563,TX251628,2024-11-20,Changed Mind,16494.23,Damaged
RT52564,TX222780,2023-11-22,Size Issue,11957.66,Resellable
RT52565,TX224424,2023-12-05,Changed Mind,8838.59,Scrap
RT52566,TX205718,2023-04-24,Late Delivery,2703.03,Damaged
RT52567,TX232670,2024-03-19,Late Delivery,9786.52,Resellable
RT52568,TX259066,2025-01-12,Not as Described,4387.37,Resellable
RT52569,TX252075,2024-11-11,Not as Described,3566.36,Damaged
RT52570,TX213893,2023-08-27,Size Issue,7750.17,Resellable
RT52571,TX250331,2024-11-03,Changed Mind,6777.13,Resellable
RT52572,TX215775,2023-09-26,Damaged,92999.74,Resellable
RT52573,TX232588,2024-03-04,Changed Mind,5070.52,Resellable
RT52574,TX229113,2024-01-23,Changed Mind,110241.42,Resellable
RT52575,TX202447,2023-03-03,Size Issue,1105.25,Resellable
RT52576,TX254101,2024-11-20,Defective,19791.27,Resellable
RT52577,TX259810,2025-01-14,Size Issue,29741.73,Damaged
RT52578,TX216284,2023-09-22,Changed Mind,9647.28,Resellable
RT52579,TX209616,2023-06-14,Late Delivery,2070.56,Damaged
RT52580,TX242338,2024-07-30,Size Issue,1199.65,Damaged
RT52581,TX241087,2024-07-11,Changed Mind,2585.17,Resellable
RT52582,TX230356,2024-01-31,Not as Described,12592.67,Resellable
RT52583,TX227670,2024-01-20,Late Delivery,9144.1,Resellable
RT52584,TX238262,2024-06-01,Changed Mind,12297.91,Scrap
RT52585,TX225364,2023-12-25,Late Delivery,12215.21,Damaged
RT52586,TX242524,2024-08-13,size issue,160401.93,Resellable
RT52587,TX258323,2025-01-02,Damaged,26328.94,Damaged
RT52588,TX212565,2023-07-26,Defective,7207.42,Resellable
RT52589,TX217917,2023-10-18,Changed Mind,656.5,Damaged
RT52590,TX222742,2023-12-07,Changed Mind,4414.36,Damaged
RT52591,TX239519,2024-06-28,Damaged,1019.7,Resellable
RT52592,TX209604,2023-06-12,Not as Described,6828.66,Resellable
RT52593,TX204603,2023-04-04,Damaged,5002.19,Resellable
RT52594,TX202303,2023-03-05,Defective,684.47,Resellable
RT52595,TX202768,2023-03-07,Size Issue,763.63,Damaged
RT52596,TX245682,2024-09-27,Defective,3836.93,Damaged
RT52597,TX235932,2024-04-22,Changed Mind,2813.18,Damaged
RT52598,TX205612,2023-03-31,Changed Mind,2169.7,Resellable
RT52599,TX225491,2023-12-28,Changed Mind,11540.69,Resellable
RT52600,TX215089,2023-09-01,Changed Mind,8922.52,Scrap
RT52601,TX240603,2024-07-15,Size Issue,24747.04,Damaged
RT52602,TX208089,2023-06-03,Changed Mind,19491.38,Damaged
RT52603,TX238294,2024-05-29,Changed Mind,8075.41,Damaged
RT52604,TX242815,2024-08-07,Damaged,4049.34,Resellable
RT52605,TX214992,2023-09-05,Not as Described,39289.29,Damaged
RT52606,TX257945,2024-12-14,Not as Described,1869.62,Damaged
RT52607,TX202724,2023-02-15,Not as Described,8194.32,Damaged
RT52608,TX256697,2024-12-23,Defective,3400.38,Scrap
RT52609,TX237411,2024-05-22,Damaged,19584.78,Resellable
RT52610,TX212720,2023-08-18,Size Issue,4331.17,Resellable
RT52611,TX231603,2024-03-01,Damaged,4989.96,Resellable
RT52612,TX259580,2025-01-11,Changed Mind,41967.68,Damaged
RT52613,TX216921,2023-10-17,Damaged,246.33,Resellable
RT52614,TX244915,2024-09-08,Changed Mind,4456.76,Resellable
RT52615,TX208569,2023-05-28,Damaged,2161.1,Resellable
RT52616,TX212777,2023-08-20,Changed Mind,10215.83,Damaged
RT52617,TX201800,2023-02-16,Damaged,933.38,Resellable
RT52618,TX250161,2024-10-24,defective,3565.38,Resellable
RT52619,TX236829,2024-05-17,Not as Described,54783.58,Damaged
RT52620,TX208794,2023-05-29,Damaged,4939.46,Resellable
RT52621,TX229191,2024-01-18,Defective,845.6,Damaged
RT52622,TX208607,2023-05-28,Size Issue,179516.74,Damaged
RT52623,TX217835,2023-10-08,Late Delivery,4456.76,Resellable
RT52624,TX243196,2024-08-02,Damaged,62510.6,Resellable
RT52625,TX211283,2023-07-25,Changed Mind,13728.25,Damaged
RT52626,TX223533,2023-11-20,Size Issue,1965.91,Resellable
RT52627,TX208365,2023-05-15,Damaged,663.06,Resellable
RT52628,TX219700,2023-10-27,Changed Mind,10005.49,Resellable
RT52629,TX242495,2024-07-25,Damaged,1422.36,Resellable
RT52630,TX229341,2024-01-14,Changed Mind,8781.96,Resellable
RT52631,TX232697,2024-03-14,Size Issue,2674.06,Resellable
RT52632,TX220065,2023-10-26,Changed Mind,2276.02,Resellable
RT52633,TX215839,2023-10-08,Size Issue,4895.84,Damaged
RT52634,TX200710,2023-02-05,Not as Described,11064.24,Scrap
RT52635,TX219363,2023-10-22,Not as Described,4025.82,Resellable
RT52636,TX249251,2024-10-25,Changed Mind,22021.36,Scrap
RT52637,TX251822,2024-11-02,Not as Described,135672.1,Damaged
RT52638,TX206159,2023-04-18,Late Delivery,9244.26,Damaged
RT52639,TX224933,2023-12-03,Not as Described,21075.69,Scrap
RT52640,TX204873,2023-03-30,Size Issue,6759.51,Resellable
RT52641,TX250985,2024-10-28,Changed Mind,3160.35,Resellable
RT52642,TX202553,2023-03-11,Defective,1026.11,Damaged
RT52643,TX219518,2023-10-27,Changed Mind,2182.53,Resellable
RT52644,TX253119,2024-11-23,Not as Described,11974.69,Resellable
RT52645,TX219454,2023-10-29,Damaged,8426.82,Scrap
RT52646,TX200086,2023-01-23,Size Issue,6812.56,Resellable
RT52647,TX253418,2024-11-19,Defective,5637.45,Resellable
RT52648,TX217378,2023-10-30,Defective,6168.07,Damaged
RT52649,TX251955,2024-10-28,Damaged,9041.04,Resellable
RT52650,TX258106,2024-12-26,Not as Described,940.7,Scrap
RT52651,TX228025,2024-01-08,Size Issue,1393.33,Resellable
RT52652,TX218513,2023-10-13,Not as Described,1804.4,Scrap
RT52653,TX232829,2024-03-31,Size Issue,45841.52,Resellable
RT52654,TX210988,2023-07-07,Damaged,2906.5,Scrap
RT52655,TX232113,2024-03-02,Not as Described,6074.19,Resellable
RT52656,TX218384,2023-10-18,Late Delivery,1344.97,Resellable
RT52657,TX211687,2023-08-03,Damaged,110624.55,Resellable
RT52658,TX251266,2024-10-24,Changed Mind,5637.84,Resellable
RT52659,TX217623,2023-10-25,Damaged,4239.2,Resellable
RT52660,TX234930,2024-04-28,Changed Mind,2567.68,Resellable
RT52661,TX217096,2023-10-27,Late Delivery,5125.15,Resellable
RT52662,TX206505,2023-05-09,Changed Mind,12054.18,Damaged
RT52663,TX202002,2023-02-13,Size Issue,1780.42,Resellable
RT52664,TX201201,2023-01-24,Size Issue,4118.99,Resellable
RT52665,TX206468,2023-04-25,Changed Mind,540.82,Damaged
RT52666,TX253371,2024-11-26,Size Issue,2057.38,Resellable
RT52667,TX206142,2023-04-14,Size Issue,13779.24,Resellable
RT52668,TX212047,2023-07-30,Size Issue,12064.05,Resellable
RT52669,TX200445,2023-02-02,Damaged,52991.61,Damaged
RT52670,TX230704,2024-02-18,Changed Mind,12179.75,Scrap
RT52671,TX220887,2023-11-12,Not as Described,159922.48,Resellable
RT52672,TX251014,2024-11-01,Size Issue,4985.6,Damaged
RT52673,TX246660,2024-10-08,Changed Mind,26192.86,Damaged
RT52674,TX215779,2023-10-05,Changed Mind,36626.15,Damaged
RT52675,TX226031,2023-12-10,Size Issue,6616.67,Resellable
RT52676,TX224940,2023-12-09,Damaged,6931.62,Scrap
RT52677,TX207550,2023-05-23,Defective,1151.46,Resellable
RT52678,TX255082,2024-12-06,Changed Mind,23049.28,Resellable
RT52679,TX211881,2023-08-02,Not as Described,6104.85,Damaged
RT52680,TX212045,2023-07-23,Damaged,5517.95,Scrap
RT52681,TX237947,2024-06-04,Damaged,2501.09,Damaged
RT52682,TX248802,2024-10-09,Changed Mind,5140.63,Damaged
RT52683,TX203816,2023-03-17,Damaged,16737.51,Resellable
RT52684,TX237665,2024-05-25,Not as Described,3786.76,Scrap
RT52685,TX208589,2023-05-20,Changed Mind,11191.16,Resellable
RT52686,TX228544,2024-01-21,Defective,589749.04,Resellable
RT52687,TX221490,2023-11-03,Late Delivery,1361.12,Resellable
RT52688,TX213416,2023-08-16,Changed Mind,4520.98,Resellable
RT52689,TX248363,2024-10-28,Defective,6034.44,Damaged
RT52690,TX242030,2024-08-01,Damaged,10297.06,Damaged
RT52691,TX240551,2024-06-25,Not as Described,33571.05,Resellable
RT52692,TX204216,2023-03-28,Size Issue,3603.71,Resellable
RT52693,TX236143,2024-05-05,Damaged,14765.32,Resellable
RT52694,TX246824,2024-10-04,Changed Mind,8572.4,Resellable
RT52695,TX245498,2024-09-21,Changed Mind,52200.84,Resellable
RT52696,TX238857,2024-06-19,Late Delivery,2658.64,Damaged
RT52697,TX241033,2024-07-01,Size Issue,18540.43,Resellable
RT52698,TX260279,2025-01-02,Not as Described,5517.95,Resellable
RT52699,TX257790,2024-12-14,Not as Described,10297.48,Resellable
RT52700,TX256869,2024-12-15,Not as Described,1466.66,Resellable
RT52701,TX255321,2024-11-21,Defective,6681.08,Resellable
RT52702,TX212996,2023-08-12,Damaged,26692.37,Resellable
RT52703,TX235081,2024-04-17,Not as Described,12467.28,Resellable
RT52704,TX245053,2024-08-28,Not as Described,1175.87,Resellable
RT52705,TX238783,2024-06-08,Damaged,83260.93,Scrap
RT52706,TX257879,2025-01-06,Late Delivery,1001.64,Scrap
RT52707,TX220831,2023-11-22,Size Issue,116828.25,Resellable
RT52708,TX203289,2023-03-22,Changed Mind,816.43,Resellable
RT52709,TX248899,2024-11-04,Changed Mind,1541.08,Resellable
RT52710,TX247593,2024-09-27,Damaged,12673.88,Resellable
RT52711,TX205388,2023-03-28,Defective,6471.93,Resellable
RT52712,TX242496,2024-07-21,Size Issue,116467.67,Resellable
RT52713,TX259487,2025-01-01,Damaged,67506.48,Scrap
RT52714,TX226046,2024-01-01,Late Delivery,3885.4,Resellable
RT52715,TX243010,2024-08-11,Defective,169.29,Resellable
RT52716,TX220275,2023-10-28,Damaged,6864.1,Resellable
RT52717,TX245984,2024-10-01,Size Issue,1414.53,Damaged
RT52718,TX214814,2023-08-29,Size Issue,3037.82,Resellable
RT52719,TX234714,2024-04-08,Changed Mind,11389.76,Damaged
RT52720,TX259019,2024-12-30,Damaged,693.49,Resellable
RT52721,TX257054,2024-12-22,Not as Described,9718.9,Scrap
RT52722,TX227407,2024-01-20,Not as Described,6777.13,Damaged
RT52723,TX250179,2024-11-11,Size Issue,1270.95,Damaged
RT52724,TX233414,2024-04-02,Size Issue,12166.14,Resellable
RT52725,TX206950,2023-04-30,Damaged,99.86,Scrap
RT52726,TX209863,2023-06-24,Defective,4930.31,Damaged
RT52727,TX222502,2023-11-12,Late Delivery,2058.07,Resellable
RT52728,TX236124,2024-04-28,Damaged,9934.58,Scrap
RT52729,TX214110,2023-09-03,Size Issue,4455.01,Resellable
RT52730,TX251359,2024-10-31,Size Issue,1799.26,Damaged
RT52731,TX239279,2024-05-31,Size Issue,7283.84,Resellable
RT52732,TX226653,2024-01-03,Damaged,1458.88,Scrap
RT52733,TX220935,2023-11-12,Not as Described,1028.91,Scrap
RT52734,TX218956,2023-11-03,Not as Described,2133.98,Resellable
RT52735,TX200493,2023-01-27,Defective,2221.65,Resellable
RT52736,TX210576,2023-07-04,Size Issue,3576.82,Resellable
RT52737,TX220678,2023-10-28,Not as Described,353.22,Resellable
RT52738,TX231387,2024-02-15,Changed Mind,158838.78,Scrap
RT52739,TX255775,2024-12-19,Changed Mind,6049.14,Resellable
RT52740,TX251892,2024-10-28,Late Delivery,4059.92,Resellable
RT52741,TX213745,2023-09-04,Size Issue,8671.21,Resellable
RT52742,TX244046,2024-09-02,Damaged,3034.69,Resellable
RT52743,TX244612,2024-09-02,Size Issue,1962.77,Resellable
RT52744,TX250203,2024-10-21,Damaged,8189.6,Damaged
RT52745,TX226294,2023-12-29,Not as Described,105578.35,Damaged
RT52746,TX229362,2024-01-28,Not as Described,1248.69,Damaged
RT52747,TX243919,2024-08-31,Damaged,10491.92,Damaged
RT52748,TX227851,2024-01-18,Size Issue,2377.24,Resellable
RT52749,TX220710,2023-11-13,Not as Described,4460.8,Resellable
RT52750,TX255235,2024-12-14,Changed Mind,1169.29,Resellable
RT52751,TX211551,2023-07-15,Not as Described,2031.5,Resellable
RT52752,TX250504,2024-10-29,Not as Described,63208.13,Resellable
RT52753,TX208318,2023-05-16,Defective,1105.25,Resellable
RT52754,TX212382,2023-08-01,Changed Mind,110.96,Damaged
RT52755,TX257132,2024-12-14,Changed Mind,4974.52,Resellable
RT52756,TX200832,2023-02-04,Damaged,2616.84,Resellable
RT52757,TX222247,2023-11-13,Damaged,1353.76,Resellable
RT52758,TX257443,2024-12-12,Changed Mind,14664.17,Resellable
RT52759,TX233258,2024-03-20,Size Issue,1811.72,Damaged
RT52760,TX201416,2023-01-28,Defective,4091.83,Resellable
RT52761,TX257108,2024-12-09,Changed Mind,4505.29,Damaged
RT52762,TX255007,2024-11-19,Size Issue,2204.1,Resellable
RT52763,TX241295,2024-07-08,Not as Described,28859.33,Scrap
RT52764,TX208305,2023-05-10,Size Issue,813.6,Damaged
RT52765,TX204687,2023-04-10,Size Issue,7296.69,Resellable
RT52766,TX257910,2025-01-02,Changed Mind,28282.22,Resellable
RT52767,TX251167,2024-10-25,Changed Mind,8681.34,Resellable
RT52768,TX211227,2023-07-01,Damaged,5805.91,Resellable
RT52769,TX205084,2023-04-04,Changed Mind,2884.47,Damaged
RT52770,TX203767,2023-03-19,Damaged,9652.1,Resellable
RT52771,TX210330,2023-07-04,Late Delivery,766.89,Damaged
RT52772,TX240960,2024-07-07,Damaged,1746.61,Resellable
RT52773,TX221245,2023-11-27,Size Issue,4411.33,Resellable
RT52774,TX237582,2024-05-26,Not as Described,9517.82,Resellable
RT52775,TX208050,2023-05-26,Defective,10159.2,Resellable
RT52776,TX233476,2024-04-05,Size Issue,9213.54,Resellable
RT52777,TX235915,2024-04-21,Not as Described,35158.02,Damaged
RT52778,TX222106,2023-11-29,Size Issue,1519.67,Resellable
RT52779,TX233466,2024-04-03,Late Delivery,5070.52,Damaged
RT52780,TX208048,2023-05-31,Damaged,2946.0,Resellable
RT52781,TX206775,2023-04-20,Changed Mind,1874.53,Damaged
RT52782,TX227516,2024-01-15,Defective,1012.09,Damaged
RT52783,TX217701,2023-10-11,Damaged,3610.44,Resellable
RT52784,TX245584,2024-09-18,Changed Mind,7034.53,Damaged
RT52785,TX247670,2024-10-07,Size Issue,2258.62,Damaged
RT52786,TX220427,2023-11-02,Damaged,1449.38,Resellable
RT52787,TX236206,2024-05-08,Damaged,4526.31,Resellable
RT52788,TX234952,2024-04-04,Damaged,5368.76,Resellable
RT52789,TX243692,2024-08-08,Size Issue,2652.87,Resellable
RT52790,TX244656,2024-08-28,Changed Mind,2003.7,Resellable
RT52791,TX252512,2024-11-10,Size Issue,4985.24,Resellable
RT52792,TX249053,2024-10-25,Defective,2578.97,Resellable
RT52793,TX211076,2023-06-27,Late Delivery,1434.39,Damaged
RT52794,TX252950,2024-11-22,Damaged,302.94,Resellable
RT52795,TX212392,2023-08-02,Late Delivery,18458.16,Scrap
RT52796,TX202298,2023-02-17,Damaged,3989.52,Resellable
RT52797,TX219682,2023-11-12,Changed Mind,12013.07,Scrap
RT52798,TX237806,2024-06-05,Defective,17236.29,Resellable
RT52799,TX226499,2024-01-01,Defective,19646.0,Resellable
RT52800,TX258303,2024-12-19,Changed Mind,5754.43,Resellable
RT52801,TX247330,2024-09-29,Defective,18831.71,Resellable
RT52802,TX210741,2023-06-28,Changed Mind,9073.95,Damaged
RT52803,TX202962,2023-03-11,Defective,9073.95,Resellable
RT52804,TX223318,2023-12-14,Changed Mind,17655.78,Damaged
RT52805,TX201634,2023-02-15,Size Issue,964.96,Resellable
RT52806,TX219551,2023-11-15,Changed Mind,189401.22,Resellable
RT52807,TX240263,2024-06-15,Size Issue,4974.52,Resellable
RT52808,TX222872,2023-12-01,Changed Mind,820.35,Resellable
RT52809,TX235802,2024-05-10,Size Issue,5867.35,Resellable
RT52810,TX207979,2023-05-24,Defective,4989.96,Damaged
RT52811,TX254187,2024-12-07,Size Issue,5631.14,Damaged
RT52812,TX203295,2023-03-05,Size Issue,17438.34,Resellable
RT52813,TX256366,2024-11-30,Defective,983.52,Damaged
RT52814,TX238799,2024-05-29,Size Issue,3278.74,Damaged
RT52815,TX228747,2024-01-07,Defective,5229.26,Damaged
RT52816,TX230195,2024-02-05,Changed Mind,1959.45,Resellable
RT52817,TX230955,2024-02-23,Not as Described,1814.61,Scrap
RT52818,TX208324,2023-05-25,Not as Described,2396.53,Resellable
RT52819,TX248411,2024-10-25,Size Issue,40600.65,Resellable
RT52820,TX235222,2024-04-27,Damaged,27098.18,Scrap
RT52821,TX243187,2024-08-12,Damaged,45150.63,Resellable
RT52822,TX234191,2024-04-14,Damaged,11348.04,Resellable
RT52823,TX226039,2023-12-14,not as described,13752.2,Scrap
RT52824,TX232237,2024-03-09,Damaged,1199.65,Resellable
RT52825,TX230564,2024-02-28,Not as Described,27687.24,Damaged
RT52826,TX226628,2024-01-11,Changed Mind,18418.19,Resellable
RT52827,TX217765,2023-10-16,Size Issue,1811.72,Scrap
RT52828,TX205757,2023-04-28,Changed Mind,8620.63,Resellable
RT52829,TX230517,2024-02-01,Size Issue,2696.21,Damaged
RT52830,TX225087,2023-12-03,Late Delivery,4240.27,Damaged
RT52831,TX230379,2024-02-16,Changed Mind,4672.0,Resellable
RT52832,TX235971,2024-05-02,Changed Mind,7408.42,Resellable
RT52833,TX248136,2024-10-30,Defective,19388.47,Resellable
RT52834,TX247870,2024-10-08,Changed Mind,246.33,Damaged
RT52835,TX220257,2023-11-04,Late Delivery,1117.08,Resellable
RT52836,TX203773,2023-03-19,Not as Described,2330.81,Resellable
RT52837,TX234486,2024-04-03,Size Issue,2252.88,Resellable
RT52838,TX236771,2024-05-10,Late Delivery,47995.63,Resellable
RT52839,TX244777,2024-09-12,Damaged,6107.61,Resellable
RT52840,TX235191,2024-04-20,size issue,4653.48,Damaged
RT52841,TX221799,2023-11-13,Not as Described,2159.49,Resellable
RT52842,TX255718,2024-12-08,Changed Mind,5098.77,Resellable
RT52843,TX242294,2024-07-24,Not as Described,13556.1,Resellable
RT52844,TX260220,2025-01-04,Late Delivery,41034.48,Resellable
RT52845,TX250861,2024-11-07,Not as Described,775.1,Resellable
RT52846,TX257807,2024-12-16,Size Issue,12500.45,Resellable
RT52847,TX230871,2024-03-01,Size Issue,4097.72,Damaged
RT52848,TX231466,2024-02-13,Size Issue,8498.8,Resellable
RT52849,TX226204,2023-12-24,Changed Mind,7530.14,Damaged
RT52850,TX209592,2023-06-06,Size Issue,5248.0,Resellable
RT52851,TX208341,2023-05-16,Size Issue,1863.97,Damaged
RT52852,TX223024,2023-11-22,Not as Described,2657.2,Damaged
RT52853,TX258752,2025-01-07,Not as Described,3179.27,Damaged
RT52854,TX211949,2023-07-21,Changed Mind,14645.02,Resellable
RT52855,TX232378,2024-02-26,Size Issue,3601.97,Damaged
RT52856,TX208667,2023-06-02,Not as Described,18478.74,Damaged
RT52857,TX227173,2023-12-28,Changed Mind,1525.25,Resellable
RT52858,TX209185,2023-06-08,Changed Mind,15763.56,Resellable
RT52859,TX225604,2023-12-12,Damaged,5433.59,Scrap
RT52860,TX200591,2023-01-30,Not as Described,27825.54,Resellable
RT52861,TX238287,2024-05-31,Damaged,5621.14,Resellable
RT52862,TX235558,2024-04-10,Damaged,3963.81,Resellable
RT52863,TX227437,2023-12-30,Damaged,77072.61,Resellable
RT52864,TX224906,2023-12-11,Changed Mind,5974.32,Resellable
RT52865,TX218031,2023-11-03,Changed Mind,2293.84,Resellable
RT52866,TX244629,2024-09-12,Size Issue,17575.19,Resellable
RT52867,TX251195,2024-11-17,Not as Described,101614.7,Resellable
RT52868,TX252338,2024-11-05,Not as Described,1337.02,Scrap
RT52869,TX219001,2023-10-31,Size Issue,5083.72,Damaged
RT52870,TX252558,2024-11-27,Size Issue,7069.43,Resellable
RT52871,TX237058,2024-05-17,Not as Described,14814.91,Resellable
RT52872,TX221988,2023-11-22,Not as Described,1850.59,Resellable
RT52873,TX227827,2024-01-15,Changed Mind,898.39,Damaged
RT52874,TX225464,2023-12-25,Size Issue,5725.74,Damaged
RT52875,TX204086,2023-04-02,Changed Mind,72333.13,Resellable
RT52876,TX226094,2023-12-11,Changed Mind,9327.77,Damaged
RT52877,TX201795,2023-02-11,Not as Described,33585.27,Resellable
RT52878,TX213542,2023-08-20,Damaged,137445.0,Resellable
RT52879,TX221430,2023-11-19,Changed Mind,1301.14,Resellable
RT52880,TX242501,2024-07-22,changed mind,5675.6,Scrap
RT52881,TX202380,2023-02-14,Defective,483.39,Damaged
RT52882,TX206661,2023-05-10,Size Issue,6812.56,Resellable
RT52883,TX246908,2024-10-14,Size Issue,109347.94,Damaged
RT52884,TX242120,2024-07-21,Defective,1179.82,Scrap
RT52885,TX241782,2024-08-05,Late Delivery,9739.68,Resellable
RT52886,TX224034,2023-12-18,Changed Mind,1844.42,Damaged
RT52887,TX202752,2023-02-18,Not as Described,702.04,Resellable
RT52888,TX224208,2023-12-16,Changed Mind,16570.24,Resellable
RT52889,TX219381,2023-10-31,Damaged,5646.12,Scrap
RT52890,TX238558,2024-05-25,Changed Mind,25760.96,Resellable
RT52891,TX236554,2024-04-27,Not as Described,2829.06,Scrap
RT52892,TX201727,2023-02-17,Damaged,16755.78,Resellable
RT52893,TX205608,2023-04-17,Late Delivery,780.62,Resellable
RT52894,TX214705,2023-09-02,Defective,2326.56,Resellable
RT52895,TX240659,2024-07-07,Late Delivery,4379.68,Resellable
RT52896,TX247511,2024-10-22,Size Issue,4245.14,Scrap
RT52897,TX227280,2023-12-31,Damaged,2058.07,Scrap
RT52898,TX232413,2024-02-28,Defective,1105.25,Resellable
RT52899,TX254680,2024-11-23,Not as Described,110241.42,Resellable
RT52900,TX212639,2023-07-29,Damaged,1746.61,Resellable
RT52901,TX232538,2024-03-21,Changed Mind,5755.14,Resellable
RT52902,TX246069,2024-10-04,Changed Mind,1115.34,Resellable
RT52903,TX254236,2024-11-21,Changed Mind,16838.64,Damaged
RT52904,TX234532,2024-04-03,Not as Described,2263.39,Damaged
RT52905,TX252769,2024-12-01,Size Issue,82666.43,Resellable
RT52906,TX247981,2024-10-23,Size Issue,5196.4,Resellable
RT52907,TX241047,2024-07-07,Size Issue,8068.19,Damaged
RT52908,TX212197,2023-08-02,Late Delivery,7303.9,Resellable
RT52909,TX206928,2023-05-12,Size Issue,1028.91,Resellable
RT52910,TX238920,2024-06-07,Changed Mind,3034.08,Resellable
RT52911,TX257196,2024-12-03,Not as Described,50521.72,Resellable
RT52912,TX247338,2024-10-01,Not as Described,7641.25,Resellable
RT52913,TX219354,2023-11-10,Size Issue,160991.04,Resellable
RT52914,TX226585,2023-12-26,Not as Described,1855.99,Resellable
RT52915,TX257319,2024-12-11,Changed Mind,52796.4,Resellable
RT52916,TX221130,2023-11-02,Damaged,7061.78,Resellable
RT52917,TX238242,2024-05-19,Damaged,23410.42,Damaged
RT52918,TX222010,2023-11-12,Defective,4831.88,Damaged
RT52919,TX250911,2024-11-17,Size Issue,12320.07,Damaged
RT52920,TX214896,2023-09-19,Damaged,14370.84,Resellable
RT52921,TX234469,2024-04-02,Size Issue,3493.22,Resellable
RT52922,TX233917,2024-03-25,Damaged,164533.48,Resellable
RT52923,TX227515,2024-01-19,Damaged,9327.77,Resellable
RT52924,TX248418,2024-10-11,Size Issue,3900.64,Resellable
RT52925,TX250868,2024-10-27,Size Issue,9645.83,Resellable
RT52926,TX245450,2024-09-27,Damaged,3912.77,Scrap
RT52927,TX202137,2023-03-05,Size Issue,3002.12,Resellable
RT52928,TX205288,2023-04-06,Changed Mind,2161.1,Damaged
RT52929,TX248964,2024-10-31,Size Issue,113481.17,Scrap
RT52930,TX235541,2024-05-06,Changed Mind,10058.46,Damaged
RT52931,TX200373,2023-01-30,Defective,3538.1,Damaged
RT52932,TX230309,2024-02-17,Not as Described,9329.63,Resellable
RT52933,TX243252,2024-08-23,Not as Described,2836.14,Resellable
RT52934,TX208237,2023-05-16,Defective,3215.77,Damaged
RT52935,TX230769,2024-02-19,Damaged,122052.95,Resellable
RT52936,TX203440,2023-02-26,Size Issue,13549.09,Resellable
RT52937,TX202287,2023-02-07,Not as Described,2260.49,Resellable
RT52938,TX221974,2023-11-27,Not as Described,163.01,Damaged
RT52939,TX247372,2024-10-05,Damaged,12394.09,Resellable
RT52940,TX218102,2023-10-17,Defective,14514.77,Scrap
RT52941,TX211230,2023-07-05,Damaged,11712.35,Resellable
RT52942,TX228841,2024-02-04,Changed Mind,17336.75,Scrap
RT52943,TX239363,2024-06-14,Defective,14814.91,Resellable
RT52944,TX222792,2023-11-26,Size Issue,1845.57,Resellable
RT52945,TX226673,2023-12-15,Changed Mind,4331.32,Damaged
RT52946,TX228004,2024-01-19,Changed Mind,7283.84,Damaged
RT52947,TX230166,2024-02-01,Not as Described,6534.87,Scrap
RT52948,TX220907,2023-11-20,Late Delivery,20406.46,Resellable
RT52949,TX256410,2024-12-02,Not as Described,2060.67,Resellable
RT52950,TX232167,2024-02-25,Damaged,4663.58,Resellable
RT52951,TX259385,2025-01-18,Not as Described,1083.01,Resellable
RT52952,TX226559,2023-12-18,Defective,6471.93,Resellable
RT52953,TX218735,2023-10-25,Not as Described,918.49,Damaged
RT52954,TX224198,2023-12-08,Changed Mind,63763.88,Resellable
RT52955,TX203623,2023-03-16,Damaged,2529.67,Resellable
RT52956,TX242289,2024-08-09,Not as Described,320803.86,Resellable
RT52957,TX240487,2024-06-22,Defective,703.59,Resellable
RT52958,TX221349,2023-11-16,Size Issue,44487.28,Resellable
RT52959,TX259680,2024-12-28,Damaged,1694.65,Resellable
RT52960,TX233927,2024-04-15,Late Delivery,6592.18,Damaged
RT52961,TX252185,2024-11-24,Damaged,3913.0,Resellable
RT52962,TX257733,2024-12-09,Size Issue,819.23,Damaged
RT52963,TX211138,2023-07-17,Changed Mind,8224.43,Resellable
RT52964,TX223792,2023-12-05,Changed Mind,4470.56,Scrap
RT52965,TX250441,2024-11-12,Size Issue,5314.4,Resellable
RT52966,TX200653,2023-01-18,Damaged,,Resellable
RT52967,TX237970,2024-05-22,Changed Mind,1028.91,Resellable
RT52968,TX244310,2024-09-13,Damaged,4541.82,Scrap
RT52969,TX257615,2025-01-02,Damaged,10149.37,Resellable
RT52970,TX207947,2023-05-13,Size Issue,1994.76,Resellable
RT52971,TX210302,2023-06-21,Defective,13381.79,Scrap
RT52972,TX251254,2024-11-05,Late Delivery,11863.82,Resellable
RT52973,TX253660,2024-11-13,Size Issue,4074.63,Resellable
RT52974,TX248742,2024-10-13,Changed Mind,901.67,Damaged
RT52975,TX231447,2024-03-02,Size Issue,4893.26,Resellable
RT52976,TX220291,2023-10-30,Not as Described,1469.32,Resellable
RT52977,TX213079,2023-08-15,Changed Mind,13381.79,Scrap
RT52978,TX223271,2023-11-22,Changed Mind,1897.16,Resellable
RT52979,TX230441,2024-02-15,Size Issue,16450.92,Damaged
RT52980,TX209201,2023-06-20,Defective,7112.08,Damaged
RT52981,TX216775,2023-10-14,Not as Described,6072.56,Damaged
RT52982,TX255821,2024-12-14,Late Delivery,3709.3,Resellable
RT52983,TX216802,2023-09-26,Changed Mind,9981.07,Damaged
RT52984,TX208921,2023-06-03,Late Delivery,294.01,Damaged
RT52985,TX216239,2023-10-13,Defective,1449.55,Damaged
RT52986,TX207553,2023-05-22,Damaged,2300.2,Damaged
RT52987,TX218272,2023-10-13,Changed Mind,1944.46,Resellable
RT52988,TX232777,2024-03-14,Damaged,29328.34,Resellable
RT52989,TX217673,2023-10-08,Changed Mind,6167.67,Resellable
RT52990,TX226923,2023-12-31,Changed Mind,5100.32,Resellable
RT52991,TX227331,2024-01-03,Damaged,1710.97,Damaged
RT52992,TX218291,2023-10-21,Defective,1057.28,Damaged
RT52993,TX255905,2024-12-12,Defective,19294.56,Resellable
RT52994,TX233566,2024-03-16,Size Issue,3182.11,Resellable
RT52995,TX252319,2024-11-04,Size Issue,1660.12,Resellable
RT52996,TX249708,2024-10-20,Damaged,41241.15,Resellable
RT52997,TX233763,2024-04-05,Damaged,6233.64,Resellable
RT52998,TX233970,2024-03-27,Not as Described,416653.42,Scrap
RT52999,TX259710,2024-12-29,Size Issue,9913.91,Resellable
RT53000,TX248672,2024-10-11,Defective,4514.04,Damaged
RT53001,TX246361,2024-10-08,Size Issue,4989.96,Damaged
RT53002,TX254653,2024-11-23,Changed Mind,6583.51,Damaged
RT53003,TX241210,2024-07-03,Defective,2267.52,Resellable
RT53004,TX235564,2024-04-25,Size Issue,12013.09,Scrap
RT53005,TX227123,2024-01-04,Not as Described,8306.17,Resellable
RT53006,TX211848,2023-07-26,Not as Described,25691.67,Resellable
RT53007,TX256219,2024-12-13,Damaged,165362.13,Resellable
RT53008,TX226002,2023-12-22,Size Issue,429.43,Resellable
RT53009,TX228731,2024-01-15,Defective,851.57,Damaged
RT53010,TX253018,2024-11-21,Defective,2402.16,Resellable
RT53011,TX225315,2023-12-11,Size Issue,6630.7,Scrap
RT53012,TX247129,2024-10-12,Late Delivery,2267.52,Resellable
RT53013,TX220646,2023-11-01,Size Issue,83260.93,Resellable
RT53014,TX202841,2023-03-09,Changed Mind,4514.04,Resellable
RT53015,TX237764,2024-06-03,Late Delivery,1113.4,Resellable
RT53016,TX257499,2024-12-12,Changed Mind,246.33,Resellable
RT53017,TX239676,2024-07-01,Not as Described,7185.42,Resellable
RT53018,TX231090,2024-02-25,Size Issue,1783.84,Scrap
RT53019,TX222887,2023-12-04,Damaged,9327.77,Scrap
RT53020,TX222032,2023-12-02,Damaged,18970.42,Damaged
RT53021,TX242179,2024-08-03,Changed Mind,5805.91,Resellable
RT53022,TX245482,2024-09-16,Late Delivery,2561.94,Resellable
RT53023,TX201397,2023-01-29,Not as Described,3733.4,Scrap
RT53024,TX216507,2023-09-29,Size Issue,10155.03,Resellable
RT53025,TX248079,2024-10-18,Not as Described,6212.24,Resellable
RT53026,TX258312,2025-01-04,Size Issue,2049.36,Resellable
RT53027,TX216928,2023-10-22,Changed Mind,27116.8,Scrap
RT53028,TX242063,2024-07-13,Changed Mind,15900.63,Resellable
RT53029,TX249147,2024-10-10,Changed Mind,13039.9,Damaged
RT53030,TX258905,2024-12-21,Damaged,83260.93,Resellable
RT53031,TX248875,2024-10-08,Defective,46854.64,Resellable
RT53032,TX242008,2024-08-06,Size Issue,136278.9,Resellable
RT53033,TX233415,2024-03-28,Defective,10268.34,Resellable
RT53034,TX251321,2024-11-02,Damaged,145081.07,Scrap
RT53035,TX223671,2023-12-11,Changed Mind,2494.65,Scrap
RT53036,TX208939,2023-05-22,Size Issue,2177.17,Resellable
RT53037,TX249426,2024-11-05,Damaged,15425.72,Resellable
RT53038,TX202567,2023-02-17,Defective,44239.25,Scrap
RT53039,TX247709,2024-10-01,Damaged,5299.0,Damaged
RT53040,TX219313,2023-11-09,Size Issue,1253.55,Resellable
RT53041,TX239349,2024-06-06,Not as Described,935.43,Resellable
RT53042,TX234426,2024-04-11,Changed Mind,18312.92,Damaged
RT53043,TX222302,2023-11-26,Size Issue,1938.2,Resellable
RT53044,TX252524,2024-11-16,Late Delivery,547.57,Resellable
RT53045,TX234455,2024-03-26,Size Issue,2050.42,Resellable
RT53046,TX249117,2024-11-05,Defective,44239.25,Damaged
RT53047,TX209370,2023-05-28,Not as Described,1764.83,Damaged
RT53048,TX208588,2023-06-09,Size Issue,859.4,Damaged
RT53049,TX252019,2024-11-15,Size Issue,5856.18,Resellable
RT53050,TX246857,2024-09-30,Defective,6054.02,Resellable
RT53051,TX249730,2024-11-07,Not as Described,959.72,Resellable
RT53052,TX214777,2023-09-23,Late Delivery,6632.3,Resellable
RT53053,TX237795,2024-05-28,Changed Mind,8588.99,Resellable
RT53054,TX220726,2023-11-05,Late Delivery,2012.91,Resellable
RT53055,TX256915,2024-12-26,Size Issue,45426.3,Resellable
RT53056,TX215580,2023-09-12,Size Issue,9028.08,Resellable
RT53057,TX207137,2023-05-01,Size Issue,212895.86,Damaged
RT53058,TX200946,2023-01-30,Changed Mind,8067.86,Resellable
RT53059,TX258540,2024-12-23,Changed Mind,28082.6,Resellable
RT53060,TX212691,2023-08-19,Changed Mind,38612.36,Resellable
RT53061,TX233021,2024-03-08,Late Delivery,890.11,Resellable
RT53062,TX235397,2024-04-10,Not as Described,296160.26,Resellable
RT53063,TX238901,2024-06-08,Not as Described,9050.77,Resellable
RT53064,TX223006,2023-12-11,Changed Mind,7160.53,Damaged
RT53065,TX238070,2024-05-13,Late Delivery,12042.09,Damaged
RT53066,TX254459,2024-11-29,Damaged,5351.52,Resellable
RT53067,TX244201,2024-09-03,Late Delivery,890.11,Resellable
RT53068,TX221724,2023-11-12,Size Issue,6126.31,Resellable
RT53069,TX209956,2023-06-18,Changed Mind,2912.38,Damaged
RT53070,TX227033,2023-12-23,Size Issue,8336.42,Resellable
RT53071,TX210480,2023-07-08,Changed Mind,1512.77,Resellable
RT53072,TX227916,2024-01-09,Late Delivery,4576.08,Damaged
RT53073,TX218614,2023-11-09,Defective,21864.06,Resellable
RT53074,TX235664,2024-04-24,Late Delivery,492.66,Resellable
RT53075,TX202451,2023-03-02,Size Issue,21235.64,Damaged
RT53076,TX254620,2024-11-17,Late Delivery,4768.79,Damaged
RT53077,TX217009,2023-10-24,Size Issue,10156.54,Resellable
RT53078,TX208166,2023-05-16,Size Issue,13124.73,Resellable
RT53079,TX210940,2023-06-30,Changed Mind,4742.9,Damaged
RT53080,TX222491,2023-12-03,Size Issue,3625.11,Scrap
RT53081,TX251084,2024-10-29,Late Delivery,5170.61,Resellable
RT53082,TX208804,2023-06-13,Damaged,1928.2,Resellable
RT53083,TX242262,2024-07-28,Changed Mind,2817.21,Resellable
RT53084,TX211513,2023-08-01,Size Issue,25195.51,Damaged
RT53085,TX253130,2024-11-21,Not as Described,5637.84,Resellable
RT53086,TX204400,2023-04-03,Defective,29310.14,Damaged
RT53087,TX213466,2023-08-14,Not as Described,5308.91,Resellable
RT53088,TX228235,2024-01-17,Damaged,1574.15,Resellable
RT53089,TX219488,2023-11-15,Defective,3423.77,Damaged
RT53090,TX233195,2024-03-24,Damaged,15187.18,Damaged
RT53091,TX208225,2023-06-05,Damaged,1575.82,Damaged
RT53092,TX213685,2023-08-28,Changed Mind,743.13,Scrap
RT53093,TX246192,2024-10-07,Size Issue,3215.77,Resellable
RT53094,TX209660,2023-06-13,Size Issue,6753.56,Resellable
RT53095,TX219326,2023-11-14,Changed Mind,208719.97,Damaged
RT53096,TX226100,2023-12-18,Changed Mind,3802.08,Damaged
RT53097,TX219225,2023-10-27,Size Issue,13550.3,Resellable
RT53098,TX216934,2023-10-24,Not as Described,14037.39,Resellable
RT53099,TX236965,2024-05-19,Late Delivery,24788.18,Resellable
RT53100,TX224238,2023-12-15,Damaged,945.99,Damaged
RT53101,TX209164,2023-06-07,Late Delivery,5086.37,Damaged
RT53102,TX215326,2023-09-26,Changed Mind,18659.25,Damaged
RT53103,TX222804,2023-11-26,Size Issue,10472.06,Damaged
RT53104,TX203376,2023-03-21,Damaged,3478.02,Resellable
RT53105,TX240391,2024-06-26,Changed Mind,6976.97,Damaged
RT53106,TX218246,2023-11-05,Size Issue,9608.35,Damaged
RT53107,TX242042,2024-08-03,Size Issue,1014.98,Resellable
RT53108,TX244230,2024-08-23,Changed Mind,1070.59,Damaged
RT53109,TX223171,2023-11-24,Not as Described,123622.14,Damaged
RT53110,TX235805,2024-05-10,Size Issue,1443.99,Resellable
RT53111,TX251870,2024-11-10,Changed Mind,67506.48,Resellable
RT53112,TX223825,2023-11-30,Size Issue,136341.64,Resellable
RT53113,TX206599,2023-05-09,Damaged,529.22,Resellable
RT53114,TX207950,2023-05-05,Not as Described,2836.14,Resellable
RT53115,TX215401,2023-09-09,Changed Mind,13096.43,Damaged
RT53116,TX246367,2024-09-17,Defective,5150.12,Resellable
RT53117,TX201423,2023-01-29,Not as Described,1319.99,Resellable
RT53118,TX207095,2023-05-20,Damaged,2810.57,Resellable
RT53119,TX215980,2023-09-21,Not as Described,270972.54,Damaged
RT53120,TX252201,2024-11-06,Changed Mind,524.62,Resellable
RT53121,TX247703,2024-10-06,Not as Described,926.02,Resellable
RT53122,TX240096,2024-06-28,Changed Mind,2070.56,Resellable
RT53123,TX227859,2024-01-12,Changed Mind,109847.65,Damaged
RT53124,TX227110,2023-12-25,Damaged,14797.07,Damaged
RT53125,TX202122,2023-02-12,Changed Mind,44239.25,Resellable
RT53126,TX232558,2024-03-23,Size Issue,4096.26,Damaged
RT53127,TX226160,2024-01-03,Damaged,3814.36,Resellable
RT53128,TX258824,2025-01-08,Size Issue,4955.65,Resellable
RT53129,TX239800,2024-06-13,Defective,3230.36,Resellable
RT53130,TX241233,2024-07-26,Defective,7570.15,Resellable
RT53131,TX229555,2024-02-01,Damaged,4989.96,Damaged
RT53132,TX212260,2023-07-23,Damaged,2309.14,Damaged
RT53133,TX230415,2024-02-09,Defective,7164.56,Resellable
RT53134,TX252423,2024-11-09,Size Issue,8918.13,Resellable
RT53135,TX234142,2024-04-17,Damaged,109347.94,Resellable
RT53136,TX231188,2024-02-19,Not as Described,9517.82,Resellable
RT53137,TX228713,2024-01-06,Defective,4368.68,Damaged
RT53138,TX259291,2025-01-18,Size Issue,989.02,Resellable
RT53139,TX202531,2023-02-26,Size Issue,2074.11,Scrap
RT53140,TX254214,2024-11-13,Not as Described,483.39,Resellable
RT53141,TX252901,2024-11-11,Changed Mind,929.82,Resellable
RT53142,TX244954,2024-09-11,Changed Mind,3510.96,Damaged
RT53143,TX235640,2024-04-17,Not as Described,4563.45,Resellable
RT53144,TX226812,2024-01-03,size issue,149645.21,Damaged
RT53145,TX225867,2023-12-28,Not as Described,3400.39,Resellable
RT53146,TX209467,2023-05-31,Size Issue,167949.17,Resellable
RT53147,TX238226,2024-05-15,Changed Mind,3022.57,Scrap
RT53148,TX218136,2023-11-01,Not as Described,16489.41,Damaged
RT53149,TX241788,2024-07-27,Defective,8244.86,Resellable
RT53150,TX233813,2024-03-29,Changed Mind,121937.64,Resellable
RT53151,TX229336,2024-02-09,Damaged,1105.25,Resellable
RT53152,TX227424,2024-01-18,Late Delivery,1659.28,Resellable
RT53153,TX251751,2024-11-09,Size Issue,4987.25,Resellable
RT53154,TX209462,2023-06-17,Size Issue,8677.42,Damaged
RT53155,TX215278,2023-09-06,Defective,9080.76,Resellable
RT53156,TX218403,2023-10-19,Not as Described,7364.55,Resellable
RT53157,TX226297,2023-12-18,Damaged,560.03,Damaged
RT53158,TX237763,2024-06-04,Not as Described,8822.66,Resellable
RT53159,TX238628,2024-05-25,Not as Described,4706.33,Resellable
RT53160,TX217810,2023-10-24,Damaged,1179.2,Resellable
RT53161,TX241086,2024-07-24,Changed Mind,1653.28,Resellable
RT53162,TX246375,2024-09-11,Size Issue,8075.41,Resellable
RT53163,TX238572,2024-05-21,Damaged,9004.94,Resellable
RT53164,TX217842,2023-10-30,Not as Described,1247.67,Scrap
RT53165,TX245485,2024-09-07,Late Delivery,116446.89,Damaged
RT53166,TX204914,2023-03-19,Late Delivery,12464.54,Resellable
RT53167,TX224820,2023-12-01,Damaged,6373.36,Resellable
RT53168,TX210133,2023-06-28,Size Issue,14866.9,Resellable
RT53169,TX212775,2023-07-28,Changed Mind,12639.95,Damaged
RT53170,TX206687,2023-04-22,Changed Mind,1873.84,Resellable
RT53171,TX256667,2024-12-03,Not as Described,9854.28,Damaged
RT53172,TX215241,2023-09-14,Size Issue,17417.73,Resellable
RT53173,TX203750,2023-03-14,Not as Described,853.36,Resellable
RT53174,TX257885,2025-01-03,Size Issue,10011.61,Resellable
RT53175,TX230875,2024-02-16,Not as Described,24360.59,Resellable
RT53176,TX224379,2023-12-13,Late Delivery,2899.01,Resellable
RT53177,TX225522,2023-12-19,Damaged,7445.46,Resellable
RT53178,TX246405,2024-09-23,Not as Described,6027.09,Resellable
RT53179,TX258490,2025-01-04,Not as Described,1893.44,Resellable
RT53180,TX234680,2024-04-11,Not as Described,20408.92,Resellable
RT53181,TX222762,2023-11-23,Damaged,931.75,Scrap
RT53182,TX238720,2024-05-22,Damaged,11974.69,Resellable
RT53183,TX245170,2024-09-16,Damaged,3465.88,Scrap
RT53184,TX225239,2023-12-25,Size Issue,671796.68,Damaged
RT53185,TX219546,2023-10-27,Changed Mind,3017.36,Resellable
RT53186,TX238973,2024-06-16,Defective,1740.88,Resellable
RT53187,TX225585,2023-12-07,Size Issue,5036.02,Damaged
RT53188,TX201709,2023-01-29,Defective,364.31,Damaged
RT53189,TX227155,2024-01-09,Late Delivery,658.2,Resellable
RT53190,TX201763,2023-02-08,Not as Described,3771.7,Damaged
RT53191,TX251005,2024-10-21,Changed Mind,13521.93,Resellable
RT53192,TX214695,2023-09-07,Changed Mind,27494.1,Resellable
RT53193,TX203083,2023-02-22,Size Issue,10268.34,Resellable
RT53194,TX233684,2024-04-03,Defective,117667.08,Resellable
RT53195,TX240992,2024-07-22,Changed Mind,9578.18,Resellable
RT53196,TX249466,2024-10-22,Size Issue,5095.39,Resellable
RT53197,TX237309,2024-05-11,Size Issue,9600.15,Damaged
RT53198,TX256223,2024-12-23,Changed Mind,17347.58,Resellable
RT53199,TX254765,2024-12-02,Late Delivery,3818.98,Scrap
RT53200,TX213312,2023-09-02,Damaged,11473.94,Resellable
RT53201,TX235601,2024-04-20,Not as Described,61402.14,Scrap
RT53202,TX230740,2024-02-13,Not as Described,8128.09,Resellable
RT53203,TX247594,2024-10-04,Not as Described,12297.91,Resellable
RT53204,TX239899,2024-07-06,Late Delivery,11429.1,Resellable
RT53205,TX220834,2023-11-11,Not as Described,26398.2,Damaged
RT53206,TX218440,2023-10-18,Not as Described,28627.52,Resellable
RT53207,TX253899,2024-11-23,Changed Mind,17635.17,Damaged
RT53208,TX207148,2023-05-21,Late Delivery,1796.03,Damaged
RT53209,TX242683,2024-08-07,Changed Mind,4378.01,Resellable
RT53210,TX238267,2024-05-26,Changed Mind,7155.06,Resellable
RT53211,TX219916,2023-11-14,Size Issue,8991.91,Resellable
RT53212,TX227719,2024-01-04,Not as Described,558.38,Resellable
RT53213,TX216074,2023-10-11,Damaged,1230.25,Damaged
RT53214,TX219275,2023-11-12,Not as Described,1409.05,Resellable
RT53215,TX207910,2023-05-23,Size Issue,19267.98,Resellable
RT53216,TX225626,2023-12-21,Not as Described,6471.57,Damaged
RT53217,TX219474,2023-11-05,Not as Described,115163.33,Damaged
RT53218,TX256785,2024-12-18,Size Issue,7994.87,Resellable
RT53219,TX234786,2024-04-25,Not as Described,94511.92,Resellable
RT53220,TX243847,2024-08-14,Size Issue,1593.35,Resellable
RT53221,TX217112,2023-10-16,Late Delivery,1445.71,Resellable
RT53222,TX204980,2023-04-09,Size Issue,45716.4,Resellable
RT53223,TX256791,2024-12-19,Not as Described,4087.64,Damaged
RT53224,TX253625,2024-11-19,Changed Mind,13991.66,Resellable
RT53225,TX223520,2023-11-19,Changed Mind,3608.37,Damaged
RT53226,TX226270,2023-12-21,Not as Described,19390.15,Damaged
RT53227,TX236456,2024-04-27,Changed Mind,2676.35,Damaged
RT53228,TX249281,2024-10-24,Changed Mind,44239.25,Resellable
RT53229,TX225709,2023-12-13,Size Issue,103333.04,Damaged
RT53230,TX231598,2024-03-02,Not as Described,3164.69,Resellable
RT53231,TX235257,2024-04-16,Not as Described,3297.17,Scrap
RT53232,TX236138,2024-04-18,Late Delivery,927.71,Damaged
RT53233,TX207790,2023-05-30,Size Issue,9594.23,Resellable
RT53234,TX239471,2024-06-06,Changed Mind,11611.82,Damaged
RT53235,TX257490,2025-01-02,Changed Mind,10341.22,Scrap
RT53236,TX219720,2023-11-06,Not as Described,6343.87,Resellable
RT53237,TX201144,2023-01-31,Damaged,1760.85,Resellable
RT53238,TX212532,2023-08-16,Not as Described,14818.38,Scrap
RT53239,TX225701,2023-12-19,Changed Mind,81120.91,Resellable
RT53240,TX232209,2024-02-28,Not as Described,10297.06,Resellable
RT53241,TX259742,2025-01-05,Late Delivery,178.2,Resellable
RT53242,TX239691,2024-06-09,Not as Described,12488.6,Damaged
RT53243,TX228240,2024-01-10,Not as Described,5802.08,Resellable
RT53244,TX240877,2024-07-10,Late Delivery,1811.62,Scrap
RT53245,TX225381,2023-12-10,size issue,5300.34,Resellable
RT53246,TX213480,2023-08-14,Not as Described,2368.99,Damaged
RT53247,TX245562,2024-09-02,Damaged,10156.41,Damaged
RT53248,TX225703,2023-12-21,Damaged,13670.21,Damaged
RT53249,TX239230,2024-06-15,Changed Mind,918.49,Resellable
RT53250,TX253864,2024-11-18,Not as Described,400.32,Damaged
RT53251,TX203987,2023-03-12,Not as Described,3227.78,Resellable
RT53252,TX203406,2023-03-15,Damaged,9739.68,Resellable
RT53253,TX220693,2023-11-19,Size Issue,3422.78,Resellable
RT53254,TX244300,2024-08-27,Not as Described,3054.98,Resellable
RT53255,TX239229,2024-06-15,Changed Mind,9913.91,Resellable
RT53256,TX210697,2023-07-07,Late Delivery,5575.51,Resellable
RT53257,TX207647,2023-05-22,Size Issue,40626.16,Damaged
RT53258,TX239787,2024-06-28,Late Delivery,14310.12,Damaged
RT53259,TX252543,2024-11-10,Changed Mind,12389.63,Resellable
RT53260,TX259275,2025-01-08,Defective,14177.55,Resellable
RT53261,TX205706,2023-04-26,Late Delivery,7584.86,Resellable
RT53262,TX243960,2024-08-28,Late Delivery,,Resellable
RT53263,TX256207,2024-11-25,Changed Mind,110241.42,Resellable
RT53264,TX234752,2024-03-31,Size Issue,1660.62,Damaged
RT53265,TX231716,2024-03-04,Damaged,2441.57,Damaged
RT53266,TX252325,2024-11-12,Not as Described,793.37,Resellable
RT53267,TX246458,2024-09-12,Changed Mind,5851.8,Resellable
RT53268,TX236533,2024-04-27,Size Issue,3754.06,Damaged
RT53269,TX248598,2024-10-31,Damaged,213.17,Resellable
RT53270,TX223345,2023-12-07,Damaged,9213.16,Damaged
RT53271,TX223857,2023-12-02,Late Delivery,5539.16,Damaged
RT53272,TX231831,2024-03-15,Changed Mind,3346.25,Resellable
RT53273,TX213066,2023-08-15,Damaged,10575.59,Resellable
RT53274,TX225811,2023-12-08,Late Delivery,7267.87,Damaged
RT53275,TX245089,2024-09-22,Size Issue,5179.63,Resellable
RT53276,TX259686,2025-01-23,Changed Mind,1782.69,Damaged
RT53277,TX209940,2023-07-02,Size Issue,18343.39,Resellable
RT53278,TX252405,2024-11-03,Damaged,4419.52,Scrap
RT53279,TX222093,2023-11-28,Damaged,9973.82,Resellable
RT53280,TX218954,2023-10-30,Size Issue,11131.97,Resellable
RT53281,TX253952,2024-12-08,Defective,898.02,Resellable
RT53282,TX228351,2024-01-26,Defective,14450.98,Resellable
RT53283,TX233224,2024-03-11,Not as Described,5308.91,Resellable
RT53284,TX228283,2024-01-15,changed mind,5100.32,Resellable
RT53285,TX255144,2024-11-19,Changed Mind,817.39,Resellable
RT53286,TX226269,2023-12-18,Changed Mind,984.01,Damaged
RT53287,TX203694,2023-03-28,Changed Mind,1874.53,Scrap
RT53288,TX201736,2023-02-03,Size Issue,3454.75,Damaged
RT53289,TX239513,2024-06-21,Size Issue,4810.81,Damaged
RT53290,TX239235,2024-06-05,Damaged,81291.76,Damaged
RT53291,TX237777,2024-05-09,Late Delivery,1035.28,Resellable
RT53292,TX227452,2023-12-23,Defective,6632.75,Scrap
RT53293,TX214350,2023-09-12,Changed Mind,50703.3,Resellable
RT53294,TX258136,2025-01-04,Changed Mind,2161.1,Resellable
RT53295,TX246717,2024-10-05,Damaged,6426.81,Damaged
RT53296,TX200561,2023-01-27,Defective,2386.86,Damaged
RT53297,TX259738,2025-01-09,Size Issue,42423.5,Resellable
RT53298,TX208554,2023-05-14,Late Delivery,6800.76,Scrap
RT53299,TX221856,2023-11-21,Late Delivery,2343.49,Resellable
RT53300,TX230601,2024-02-28,Changed Mind,19898.25,Resellable
RT53301,TX233557,2024-03-24,Not as Described,2732.65,Resellable
RT53302,TX201739,2023-02-23,Not as Described,164533.48,Scrap
RT53303,TX239713,2024-07-02,Size Issue,149645.21,Resellable
RT53304,TX259030,2025-01-03,Size Issue,39485.3,Resellable
RT53305,TX219447,2023-10-26,Changed Mind,5853.89,Scrap
RT53306,TX200355,2023-01-08,Size Issue,3628.04,Damaged
RT53307,TX227586,2024-01-15,Changed Mind,5150.12,Scrap
RT53308,TX245030,2024-08-29,Size Issue,10575.35,Resellable
RT53309,TX237253,2024-05-25,Changed Mind,89786.32,Resellable
RT53310,TX200906,2023-02-07,Not as Described,2326.56,Damaged
RT53311,TX214025,2023-08-29,Damaged,3493.22,Resellable
RT53312,TX248046,2024-10-20,Changed Mind,5675.6,Resellable
RT53313,TX216813,2023-09-28,Size Issue,5015.19,Resellable
RT53314,TX231043,2024-02-27,Size Issue,7164.56,Resellable
RT53315,TX226945,2023-12-21,Damaged,9783.52,Damaged
RT53316,TX255981,2024-12-22,Size Issue,5911.34,Damaged
RT53317,TX205441,2023-04-07,Size Issue,89965.58,Scrap
RT53318,TX247922,2024-10-08,Size Issue,24296.2,Resellable
RT53319,TX244321,2024-08-22,Not as Described,9951.61,Resellable
RT53320,TX248748,2024-10-17,Damaged,10928.89,Damaged
RT53321,TX217067,2023-10-21,Changed Mind,11481.05,Damaged
RT53322,TX258096,2024-12-26,Changed Mind,25425.4,Resellable
RT53323,TX213598,2023-08-24,Late Delivery,8137.76,Damaged
RT53324,TX251570,2024-10-26,Late Delivery,109956.0,Resellable
RT53325,TX240552,2024-07-13,Defective,3648.83,Resellable
RT53326,TX219638,2023-10-20,Changed Mind,5921.96,Damaged
RT53327,TX231493,2024-02-25,Changed Mind,1764.83,Damaged
RT53328,TX223676,2023-12-02,Damaged,1638.26,Damaged
RT53329,TX259189,2024-12-22,Not as Described,3353.18,Resellable
RT53330,TX202506,2023-02-11,Not as Described,18356.15,Resellable
RT53331,TX204482,2023-03-14,Changed Mind,6181.04,Resellable
RT53332,TX215826,2023-09-16,Changed Mind,12297.91,Resellable
RT53333,TX218468,2023-11-02,Damaged,11436.17,Resellable
RT53334,TX257663,2025-01-04,Size Issue,9150.24,Damaged
RT53335,TX217417,2023-10-24,Damaged,3205.94,Damaged
RT53336,TX245098,2024-09-05,Changed Mind,6458.88,Damaged
RT53337,TX223835,2023-12-04,Damaged,3315.42,Damaged
RT53338,TX207820,2023-05-09,Damaged,8075.41,Damaged
RT53339,TX232324,2024-03-17,Size Issue,1081.63,Resellable
RT53340,TX253658,2024-11-25,Damaged,13747.96,Damaged
RT53341,TX242620,2024-08-02,Size Issue,5385.56,Resellable
RT53342,TX202411,2023-02-24,Not as Described,7891.37,Resellable
RT53343,TX219290,2023-11-14,Damaged,4414.36,Resellable
RT53344,TX203189,2023-03-06,Late Delivery,4505.29,Resellable
RT53345,TX216581,2023-10-04,Damaged,1610.33,Damaged
RT53346,TX226846,2024-01-01,Not as Described,6812.56,Resellable
RT53347,TX249048,2024-10-17,Damaged,2331.79,Damaged
RT53348,TX235090,2024-04-05,Size Issue,2369.46,Damaged
RT53349,TX256646,2024-12-12,Size Issue,820.35,Resellable
RT53350,TX246309,2024-09-26,Size Issue,14057.22,Resellable
RT53351,TX243311,2024-08-17,Not as Described,9140.77,Damaged
RT53352,TX245286,2024-08-31,Size Issue,1914.85,Resellable
RT53353,TX250650,2024-10-28,Size Issue,2946.0,Resellable
RT53354,TX239297,2024-06-18,Damaged,4311.35,Resellable
RT53355,TX248931,2024-10-25,Not as Described,17245.53,Resellable
RT53356,TX225865,2023-12-31,Damaged,9089.27,Damaged
RT53357,TX246638,2024-09-26,Size Issue,1414.53,Resellable
RT53358,TX233354,2024-03-28,Damaged,4573.22,Resellable
RT53359,TX252878,2024-11-21,Late Delivery,17265.42,Resellable
RT53360,TX236374,2024-05-01,Changed Mind,2529.67,Scrap
RT53361,TX246731,2024-10-05,Changed Mind,1707.9,Resellable
RT53362,TX228504,2024-01-11,Damaged,4565.02,Damaged
RT53363,TX202430,2023-03-02,Size Issue,2326.56,Resellable
RT53364,TX247456,2024-09-24,damaged,718.71,Scrap
RT53365,TX238971,2024-05-28,Changed Mind,4037.55,Damaged
RT53366,TX232179,2024-03-15,Changed Mind,13863.24,Damaged
RT53367,TX247046,2024-09-28,Size Issue,2792.49,Resellable
RT53368,TX206737,2023-04-20,Changed Mind,5299.0,Resellable
RT53369,TX226303,2023-12-14,Defective,1929.92,Resellable
RT53370,TX256254,2024-12-08,Not as Described,5334.66,Resellable
RT53371,TX230394,2024-02-20,Not as Described,1831.13,Scrap
RT53372,TX232253,2024-03-11,Damaged,5755.14,Resellable
RT53373,TX241283,2024-07-21,Changed Mind,18179.49,Resellable
RT53374,TX207706,2023-05-20,Size Issue,12291.59,Resellable
RT53375,TX233564,2024-03-28,Size Issue,1514.08,Resellable
RT53376,TX217300,2023-10-14,Not as Described,7909.52,Resellable
RT53377,TX257983,2024-12-25,Changed Mind,8166.56,Resellable
RT53378,TX240505,2024-07-08,Damaged,8946.1,Resellable
RT53379,TX214006,2023-08-29,Changed Mind,132738.98,Resellable
RT53380,TX248302,2024-10-20,Late Delivery,28752.01,Resellable
RT53381,TX200229,2023-01-05,Changed Mind,1907.18,Resellable
RT53382,TX252270,2024-11-10,Late Delivery,6027.09,Resellable
RT53383,TX249932,2024-11-02,Damaged,14226.88,Damaged
RT53384,TX234987,2024-04-02,Late Delivery,9666.96,Resellable
RT53385,TX252155,2024-11-02,Damaged,1780.22,Resellable
RT53386,TX253745,2024-11-24,Not as Described,1537.02,Resellable
RT53387,TX235780,2024-05-08,Changed Mind,902.2,Resellable
RT53388,TX218759,2023-10-19,Changed Mind,9140.89,Damaged
RT53389,TX246737,2024-10-07,Changed Mind,10341.3,Resellable
RT53390,TX254213,2024-11-21,Late Delivery,8200.21,Resellable
RT53391,TX235241,2024-04-16,Changed Mind,1344.97,Resellable
RT53392,TX258097,2024-12-15,late delivery,63208.13,Resellable
RT53393,TX229146,2024-01-18,Late Delivery,5435.16,Resellable
RT53394,TX238483,2024-06-16,Not as Described,11348.04,Damaged
RT53395,TX250031,2024-10-20,Not as Described,1956.5,Resellable
RT53396,TX249545,2024-10-21,Damaged,3848.65,Resellable
RT53397,TX232123,2024-03-16,Changed Mind,11660.83,Scrap
RT53398,TX243265,2024-08-29,Changed Mind,2535.49,Resellable
RT53399,TX255001,2024-11-19,Defective,7185.42,Resellable
RT53400,TX256522,2024-12-04,Size Issue,5539.16,Resellable
RT50606,TX209104,2023-06-14,Defective,22181.18,Resellable
RT53360,TX236374,2024-05-01,Changed Mind,2529.67,Scrap
RT52441,TX258053,2024-12-15,Defective,3148.3,Resellable
RT51662,TX245640,2024-09-11,Changed Mind,3388.56,Resellable
RT53313,TX216813,2023-09-28,Size Issue,5015.19,Resellable
RT52362,TX221902,2023-11-10,Size Issue,1344.97,Resellable
RT52913,TX219354,2023-11-10,Size Issue,160991.04,Resellable
RT52690,TX242030,2024-08-01,Damaged,10297.06,Damaged
RT52810,TX207979,2023-05-24,Defective,4989.96,Damaged
RT51906,TX254725,2024-11-22,Size Issue,13542.12,Resellable
RT52947,TX230166,2024-02-01,Not as Described,6534.87,Scrap
RT50599,TX219754,2023-10-27,Changed Mind,2825.89,Resellable
RT50256,TX209907,2023-06-16,Size Issue,1690.55,Resellable
RT52269,TX248546,2024-10-18,Damaged,4931.77,Resellable
RT53293,TX214350,2023-09-12,Changed Mind,50703.3,Resellable
